{"val_acc": [0.10445468509984639, 0.08602150537634409, 0.0967741935483871, 0.08602150537634409, 0.31490015360983103, 0.5791090629800307, 0.8064516129032258, 0.8709677419354839, 0.8771121351766513, 0.9201228878648233], "val_loss": [2.401525175644576, 2.3987717014148924, 2.400514080480564, 2.402391616552154, 1.8382633646573026, 1.2026050432236648, 0.569672541927112, 0.41447458096402784, 0.38037395491230835, 0.25200833649057797], "train_loss": [2.4132854447180607, 2.402196157878409, 2.40173851990904, 2.4038532324940936, 2.189113529766629, 1.4973321123051975, 0.912361088623712, 0.5094814137650681, 0.36145264959393, 0.27837168340501106], "test_correct_in_batch": [4.0, 4.0, 3.0, 3.0, 4.0, 4.0, 2.0, 3.0, 3.0, 4.0, 4.0, 4.0, 2.0, 4.0, 4.0, 3.0, 3.0, 4.0, 3.0, 3.0, 4.0, 3.0, 3.0, 4.0, 4.0, 4.0, 4.0, 3.0, 4.0, 4.0, 3.0, 4.0, 4.0, 4.0, 4.0, 4.0, 4.0, 4.0, 3.0, 3.0, 3.0, 4.0, 2.0, 4.0, 3.0, 4.0, 4.0, 3.0, 3.0, 3.0, 3.0, 1.0, 4.0, 2.0, 4.0, 4.0, 4.0, 4.0, 4.0, 4.0, 4.0, 4.0, 4.0, 4.0, 2.0, 3.0, 4.0, 3.0, 4.0, 3.0, 3.0, 4.0, 4.0, 4.0, 4.0, 4.0, 4.0, 4.0, 4.0, 4.0, 4.0, 3.0, 4.0, 3.0, 4.0, 3.0, 4.0, 4.0, 4.0, 4.0, 4.0, 4.0, 3.0, 4.0, 4.0, 4.0, 4.0, 2.0, 4.0, 3.0, 3.0, 4.0, 4.0, 3.0, 4.0, 4.0, 4.0, 4.0, 4.0, 4.0, 4.0, 4.0, 4.0, 3.0, 4.0, 3.0, 3.0, 4.0, 4.0, 3.0, 4.0, 3.0, 3.0, 3.0, 3.0, 3.0, 4.0, 4.0, 3.0, 3.0, 4.0, 4.0, 4.0, 3.0, 4.0, 4.0, 4.0, 3.0, 4.0, 3.0, 4.0, 4.0, 3.0, 4.0, 4.0, 4.0, 3.0, 4.0, 4.0, 4.0, 4.0, 4.0, 4.0, 4.0, 4.0, 4.0, 4.0, 3.0, 2.0, 4.0, 4.0, 4.0, 3.0], "test_losses": [0.08893042057752609, 0.13224278390407562, 0.6355509757995605, 0.46535608172416687, 0.0019275692757219076, 0.15714338421821594, 1.4524585008621216, 1.881695032119751, 1.3344082832336426, 0.09677744656801224, 0.02333538606762886, 0.02125728130340576, 1.0151780843734741, 0.00884899590164423, 0.015335755422711372, 1.689717173576355, 0.8418144583702087, 0.23538212478160858, 1.215351939201355, 0.4536784887313843, 0.24527454376220703, 0.25510790944099426, 0.7707070112228394, 0.159493088722229, 0.11396900564432144, 0.002380270743742585, 0.008695865981280804, 0.7034710049629211, 0.0014015015913173556, 0.0057767597027122974, 0.5577148795127869, 0.11477639526128769, 0.025250496342778206, 0.000520586094353348, 0.0028859081212431192, 0.055149372667074203, 0.019749881699681282, 0.015086567960679531, 0.5871925950050354, 0.27782920002937317, 1.1467878818511963, 0.010009084828197956, 0.9257984161376953, 0.004700855817645788, 0.4544917345046997, 0.06779401749372482, 0.09723151475191116, 0.4186617136001587, 0.41441720724105835, 0.6999605298042297, 0.9572386741638184, 2.413816213607788, 0.026468023657798767, 0.5451304316520691, 0.3276192247867584, 0.0023728664964437485, 0.0011676425347104669, 0.004055520985275507, 0.05992622300982475, 0.05221917852759361, 0.13389280438423157, 0.027831830084323883, 0.029151394963264465, 0.20843523740768433, 0.45911234617233276, 0.3060472905635834, 0.07323835045099258, 0.9724017977714539, 0.35645967721939087, 0.6052740812301636, 0.6456181406974792, 0.17778454720973969, 0.10183406621217728, 0.1467704474925995, 0.004225570242851973, 0.04312901943922043, 0.01100506167858839, 0.001258160569705069, 0.18743066489696503, 0.14909851551055908, 0.11638318002223969, 0.7067182064056396, 0.008715273812413216, 0.31855103373527527, 0.11401737481355667, 0.596437931060791, 0.0016538233030587435, 0.0175766684114933, 0.036910079419612885, 0.14090821146965027, 0.0007824833737686276, 0.030501460656523705, 1.0242693424224854, 0.1598982959985733, 0.0026388440746814013, 0.019625190645456314, 0.1354973167181015, 2.343869209289551, 0.009749703109264374, 0.3499200940132141, 1.070778250694275, 0.047026313841342926, 0.01045365072786808, 1.0560493469238281, 0.09264060109853745, 0.1863875389099121, 0.0157549399882555, 0.05733344703912735, 0.026003552600741386, 0.005468408111482859, 0.001158377854153514, 0.18680819869041443, 0.008496720343828201, 0.41011255979537964, 0.13322614133358002, 0.4003660976886749, 0.9094771146774292, 0.011002401821315289, 0.09117039293050766, 0.6822363138198853, 0.11233384162187576, 0.46293213963508606, 0.6321508288383484, 0.44511091709136963, 1.0494574308395386, 0.43993863463401794, 0.0790320485830307, 0.21954119205474854, 0.6142079830169678, 0.7519769072532654, 0.07518383115530014, 0.020530832931399345, 0.0026247825007885695, 0.8075459003448486, 0.06162683665752411, 0.05009624361991882, 0.0022107663098722696, 0.9499295353889465, 0.14313410222530365, 0.5184175372123718, 0.005579435732215643, 0.23352348804473877, 0.6999917030334473, 0.10716862976551056, 0.012731638737022877, 0.39049166440963745, 1.1086663007736206, 0.16444586217403412, 0.025165705010294914, 0.04272029921412468, 0.022012410685420036, 0.007368977181613445, 0.3173540532588959, 0.06536153703927994, 0.33971133828163147, 0.06602202355861664, 0.013749652542173862, 0.40913620591163635, 0.5564812421798706, 0.02108857035636902, 0.0024093748070299625, 0.009510865435004234, 0.25338631868362427], "test_loss": 0.32397130460434087, "test_batch_lens": [4, 4, 4, 4, 4, 4, 4, 4, 4, 4, 4, 4, 4, 4, 4, 4, 4, 4, 4, 4, 4, 4, 4, 4, 4, 4, 4, 4, 4, 4, 4, 4, 4, 4, 4, 4, 4, 4, 4, 4, 4, 4, 4, 4, 4, 4, 4, 4, 4, 4, 4, 4, 4, 4, 4, 4, 4, 4, 4, 4, 4, 4, 4, 4, 4, 4, 4, 4, 4, 4, 4, 4, 4, 4, 4, 4, 4, 4, 4, 4, 4, 4, 4, 4, 4, 4, 4, 4, 4, 4, 4, 4, 4, 4, 4, 4, 4, 4, 4, 4, 4, 4, 4, 4, 4, 4, 4, 4, 4, 4, 4, 4, 4, 4, 4, 4, 4, 4, 4, 4, 4, 4, 4, 4, 4, 4, 4, 4, 4, 4, 4, 4, 4, 4, 4, 4, 4, 4, 4, 4, 4, 4, 4, 4, 4, 4, 4, 4, 4, 4, 4, 4, 4, 4, 4, 4, 4, 4, 4, 4, 4, 4, 3], "test_accuracy": 0.9001536098310292, "predictions": [7, 4, 1, 10, 7, 1, 8, 8, 0, 3, 4, 7, 1, 9, 3, 1, 9, 6, 4, 9, 8, 10, 1, 4, 6, 2, 5, 6, 6, 8, 2, 0, 1, 3, 6, 3, 10, 5, 5, 0, 10, 3, 2, 10, 7, 8, 4, 3, 8, 8, 1, 4, 3, 4, 6, 1, 1, 9, 1, 10, 10, 6, 6, 6, 5, 3, 8, 5, 8, 1, 3, 1, 4, 3, 1, 8, 6, 6, 9, 2, 3, 1, 3, 1, 5, 5, 1, 0, 0, 5, 9, 10, 10, 7, 1, 5, 1, 8, 2, 7, 5, 1, 10, 6, 10, 8, 3, 9, 10, 4, 7, 4, 0, 3, 7, 6, 0, 8, 0, 0, 4, 8, 0, 6, 5, 1, 7, 9, 6, 7, 4, 0, 10, 10, 7, 9, 4, 1, 9, 0, 10, 3, 3, 9, 4, 7, 4, 7, 2, 10, 2, 4, 10, 2, 1, 0, 10, 4, 4, 7, 8, 9, 8, 4, 2, 3, 10, 5, 6, 0, 4, 0, 10, 7, 6, 8, 3, 8, 1, 2, 6, 3, 5, 3, 9, 3, 4, 8, 1, 2, 0, 2, 0, 9, 9, 6, 3, 3, 5, 9, 9, 1, 6, 1, 4, 6, 9, 6, 3, 9, 5, 6, 6, 5, 4, 4, 2, 10, 8, 4, 7, 3, 0, 6, 7, 0, 5, 7, 1, 0, 1, 6, 3, 7, 7, 2, 10, 4, 3, 10, 9, 4, 3, 3, 1, 7, 8, 5, 2, 4, 10, 1, 1, 2, 3, 10, 6, 9, 4, 1, 3, 2, 7, 1, 5, 1, 8, 1, 3, 7, 3, 10, 3, 5, 2, 2, 7, 6, 9, 7, 3, 8, 8, 10, 2, 4, 2, 5, 5, 3, 8, 0, 8, 6, 0, 1, 2, 7, 3, 2, 4, 10, 8, 6, 6, 0, 2, 7, 10, 1, 7, 6, 9, 2, 5, 2, 0, 9, 4, 3, 2, 6, 7, 9, 8, 8, 8, 5, 2, 9, 4, 1, 3, 8, 4, 7, 1, 2, 7, 2, 5, 0, 4, 10, 5, 0, 5, 7, 3, 6, 4, 6, 4, 9, 5, 1, 8, 3, 7, 7, 4, 4, 6, 10, 8, 9, 8, 5, 6, 9, 4, 0, 5, 0, 9, 10, 5, 0, 3, 7, 3, 1, 8, 2, 2, 4, 4, 9, 3, 7, 5, 6, 9, 4, 0, 0, 5, 6, 7, 9, 7, 7, 9, 9, 1, 10, 10, 5, 5, 7, 3, 3, 5, 10, 4, 7, 2, 3, 1, 1, 0, 5, 4, 1, 2, 0, 1, 8, 8, 4, 8, 3, 8, 0, 3, 2, 2, 3, 7, 10, 10, 4, 10, 6, 6, 5, 0, 9, 8, 2, 1, 9, 4, 5, 9, 9, 1, 3, 5, 7, 9, 10, 3, 8, 1, 6, 3, 4, 2, 4, 10, 1, 1, 2, 8, 2, 4, 8, 2, 8, 9, 9, 0, 7, 6, 9, 3, 0, 6, 8, 6, 9, 3, 0, 2, 4, 8, 0, 1, 3, 4, 6, 3, 4, 6, 3, 3, 5, 0, 1, 7, 10, 4, 10, 6, 5, 5, 7, 5, 3, 4, 5, 0, 4, 5, 4, 9, 5, 9, 7, 7, 2, 0, 2, 5, 3, 2, 9, 1, 8, 9, 1, 8, 8, 2, 0, 9, 7, 6, 7, 6, 9, 0, 10, 8, 8, 9, 1, 7, 3, 2, 7, 9, 6, 7, 8, 9, 0, 8, 2, 2, 5, 2, 10, 8, 7, 9, 6, 8, 6, 6, 4, 7, 9, 7, 1, 4, 9, 3, 3, 7, 4, 1, 7, 5, 4, 0, 7, 8, 0, 7, 4, 5, 5, 4, 8, 6, 6, 1, 5, 3, 0, 1, 4, 7, 1, 9, 4, 6, 6, 10, 7, 1, 0, 3, 9, 1, 4, 3, 2, 7, 8, 9, 4, 4, 1, 2, 3, 7, 8, 6, 8, 1, 7, 4, 0, 2, 0, 8, 6, 7],