{"val_acc": [0.2995391705069124, 0.34101382488479265, 0.47465437788018433, 0.5023041474654378, 0.5161290322580645, 0.5468509984639017, 0.5207373271889401, 0.5944700460829493, 0.5990783410138248, 0.631336405529954], "val_loss": [1.9918478785848326, 1.8292335571686915, 1.5311999015647209, 1.4913671236096715, 1.4236911644964863, 1.3253197935095593, 1.37652415393686, 1.2130124734406091, 1.1846727546921536, 1.1321358422925867], "train_loss": [2.184699072617407, 1.9049593959011515, 1.714118183152884, 1.524160372790871, 1.4294137215048812, 1.3495550059975494, 1.275897576625838, 1.2305234814857808, 1.1604609133578452, 1.1525407289489755], "test_correct_in_batch": [4.0, 1.0, 2.0, 2.0, 3.0, 3.0, 1.0, 1.0, 3.0, 4.0, 3.0, 3.0, 2.0, 2.0, 3.0, 4.0, 3.0, 2.0, 0.0, 1.0, 1.0, 3.0, 2.0, 3.0, 2.0, 4.0, 1.0, 3.0, 1.0, 2.0, 1.0, 3.0, 3.0, 3.0, 2.0, 3.0, 3.0, 3.0, 3.0, 4.0, 1.0, 2.0, 4.0, 1.0, 2.0, 3.0, 2.0, 1.0, 1.0, 1.0, 3.0, 0.0, 1.0, 3.0, 2.0, 3.0, 2.0, 4.0, 3.0, 3.0, 2.0, 3.0, 3.0, 2.0, 2.0, 1.0, 2.0, 2.0, 3.0, 3.0, 0.0, 2.0, 2.0, 2.0, 3.0, 2.0, 3.0, 2.0, 3.0, 1.0, 2.0, 2.0, 3.0, 0.0, 2.0, 2.0, 2.0, 3.0, 3.0, 1.0, 2.0, 2.0, 1.0, 4.0, 4.0, 0.0, 3.0, 0.0, 2.0, 3.0, 2.0, 3.0, 3.0, 3.0, 1.0, 1.0, 2.0, 1.0, 4.0, 3.0, 3.0, 2.0, 3.0, 2.0, 3.0, 4.0, 1.0, 3.0, 2.0, 2.0, 3.0, 1.0, 3.0, 2.0, 2.0, 3.0, 1.0, 2.0, 3.0, 3.0, 2.0, 3.0, 3.0, 3.0, 1.0, 1.0, 3.0, 3.0, 2.0, 2.0, 1.0, 2.0, 1.0, 2.0, 3.0, 1.0, 1.0, 3.0, 2.0, 3.0, 1.0, 2.0, 2.0, 4.0, 2.0, 3.0, 3.0, 2.0, 2.0, 2.0, 3.0, 3.0, 2.0], "test_losses": [0.25288307666778564, 1.5051072835922241, 1.2981083393096924, 1.5163823366165161, 0.6915678977966309, 0.5481449365615845, 2.6347572803497314, 2.112534999847412, 1.3645620346069336, 0.16051910817623138, 0.7115129828453064, 0.6191037893295288, 1.295129418373108, 0.7770476937294006, 0.9249403476715088, 0.7656840085983276, 1.0359946489334106, 1.5384560823440552, 2.969740152359009, 1.6600666046142578, 1.6968698501586914, 1.0125316381454468, 1.3976356983184814, 0.3275660276412964, 1.3826836347579956, 0.2724117040634155, 1.1353371143341064, 0.9943151473999023, 1.627539038658142, 2.0109708309173584, 2.603503704071045, 1.2662261724472046, 0.5643183588981628, 0.8589866161346436, 0.9737483263015747, 0.9059345722198486, 0.6929506659507751, 1.2329671382904053, 0.6363478302955627, 0.21508929133415222, 1.9133038520812988, 1.3532851934432983, 0.7999335527420044, 1.850159764289856, 1.4112094640731812, 0.5037754774093628, 0.9577963948249817, 1.296890377998352, 2.10520076751709, 2.0948266983032227, 1.4255847930908203, 2.9123926162719727, 1.3224058151245117, 1.5641043186187744, 1.1284527778625488, 0.7209698557853699, 1.20621657371521, 0.4647030532360077, 0.8439663648605347, 0.8728345036506653, 0.9876099824905396, 0.5986168384552002, 0.5239859223365784, 1.3163769245147705, 1.6592425107955933, 1.8935596942901611, 0.7476868629455566, 1.72343111038208, 1.1017509698867798, 1.15422785282135, 3.150221586227417, 1.0843195915222168, 1.5394335985183716, 1.6509544849395752, 0.630247175693512, 1.0199754238128662, 1.3510181903839111, 0.7673118114471436, 1.2421321868896484, 1.4534296989440918, 1.7556167840957642, 1.4360355138778687, 0.5867712497711182, 2.040515184402466, 2.0919690132141113, 1.106365442276001, 1.048709511756897, 1.5768733024597168, 0.9344533681869507, 1.7810641527175903, 1.445413589477539, 1.3861850500106812, 1.9890742301940918, 0.7896336913108826, 0.43737560510635376, 1.9545824527740479, 1.5017821788787842, 2.4634904861450195, 1.1218341588974, 0.8014507293701172, 2.092052936553955, 0.4986359477043152, 1.3099470138549805, 0.6858048439025879, 1.1001728773117065, 2.0135445594787598, 1.1680467128753662, 1.4603585004806519, 0.454964280128479, 0.6305955052375793, 0.9181413054466248, 1.183593988418579, 0.932195782661438, 2.0833208560943604, 0.7530956268310547, 0.362871915102005, 1.3403847217559814, 0.9148731231689453, 1.0618207454681396, 1.541269063949585, 1.1695871353149414, 2.004350423812866, 0.6551861763000488, 0.9125667214393616, 1.5370291471481323, 0.8096598982810974, 2.049187421798706, 2.305595636367798, 0.8341783285140991, 0.7086833715438843, 1.7223376035690308, 0.5377773642539978, 0.6900383830070496, 1.3034920692443848, 1.882962703704834, 2.2632884979248047, 0.7245427370071411, 1.0093610286712646, 1.4440621137619019, 2.667245626449585, 2.4516706466674805, 1.2576490640640259, 2.788372039794922, 1.1839287281036377, 0.9087120294570923, 1.7519817352294922, 1.999556541442871, 1.265890121459961, 1.6763832569122314, 0.721800684928894, 2.2501027584075928, 1.9477959871292114, 1.0379493236541748, 0.4811681807041168, 2.176349639892578, 0.7089362740516663, 0.6667079925537109, 1.1084753274917603, 2.353257417678833, 0.9866205453872681, 0.6805763244628906, 0.8497384786605835, 0.8013815879821777], "test_loss": 1.2795996569965515, "test_batch_lens": [4, 4, 4, 4, 4, 4, 4, 4, 4, 4, 4, 4, 4, 4, 4, 4, 4, 4, 4, 4, 4, 4, 4, 4, 4, 4, 4, 4, 4, 4, 4, 4, 4, 4, 4, 4, 4, 4, 4, 4, 4, 4, 4, 4, 4, 4, 4, 4, 4, 4, 4, 4, 4, 4, 4, 4, 4, 4, 4, 4, 4, 4, 4, 4, 4, 4, 4, 4, 4, 4, 4, 4, 4, 4, 4, 4, 4, 4, 4, 4, 4, 4, 4, 4, 4, 4, 4, 4, 4, 4, 4, 4, 4, 4, 4, 4, 4, 4, 4, 4, 4, 4, 4, 4, 4, 4, 4, 4, 4, 4, 4, 4, 4, 4, 4, 4, 4, 4, 4, 4, 4, 4, 4, 4, 4, 4, 4, 4, 4, 4, 4, 4, 4, 4, 4, 4, 4, 4, 4, 4, 4, 4, 4, 4, 4, 4, 4, 4, 4, 4, 4, 4, 4, 4, 4, 4, 4, 4, 4, 4, 4, 4, 3], "test_accuracy": 0.5637480798771122, "predictions": [7, 4, 1, 10, 7, 9, 10, 5, 1, 3, 4, 7, 1, 9, 0, 7, 9, 6, 4, 2, 8, 10, 0, 4, 3, 1, 5, 6, 2, 10, 2, 0, 1, 3, 6, 3, 10, 5, 5, 0, 10, 3, 1, 10, 7, 3, 4, 3, 3, 1, 2, 4, 1, 9, 6, 1, 1, 0, 1, 10, 10, 6, 1, 6, 5, 9, 8, 5, 5, 1, 1, 1, 5, 1, 5, 5, 6, 3, 4, 9, 1, 1, 1, 7, 5, 5, 1, 1, 0, 7, 9, 2, 10, 7, 0, 5, 1, 5, 4, 7, 5, 1, 10, 6, 2, 1, 1, 9, 10, 4, 7, 2, 10, 1, 7, 8, 0, 10, 0, 5, 4, 1, 1, 0, 5, 1, 7, 2, 6, 7, 4, 5, 10, 10, 9, 9, 4, 3, 9, 1, 10, 3, 3, 7, 9, 7, 4, 7, 2, 10, 7, 4, 10, 10, 3, 0, 10, 5, 4, 7, 4, 9, 3, 9, 10, 9, 10, 5, 8, 0, 9, 0, 2, 7, 2, 10, 8, 3, 1, 2, 6, 1, 5, 3, 9, 1, 4, 10, 1, 2, 5, 4, 1, 9, 7, 5, 3, 5, 0, 9, 9, 1, 6, 1, 7, 0, 0, 1, 1, 5, 5, 1, 5, 5, 4, 5, 6, 10, 9, 4, 7, 3, 0, 9, 7, 9, 5, 9, 1, 0, 1, 6, 1, 7, 7, 2, 10, 4, 0, 10, 7, 9, 3, 3, 1, 7, 6, 5, 6, 4, 10, 1, 3, 3, 3, 10, 7, 9, 0, 3, 8, 1, 7, 0, 5, 3, 0, 1, 7, 7, 9, 10, 3, 5, 5, 2, 7, 7, 9, 7, 9, 1, 4, 3, 9, 4, 3, 5, 5, 1, 5, 0, 9, 1, 0, 1, 2, 7, 3, 10, 4, 10, 1, 2, 4, 0, 2, 7, 10, 1, 9, 2, 4, 2, 5, 2, 9, 7, 9, 3, 2, 6, 4, 7, 1, 2, 7, 5, 2, 4, 4, 1, 3, 1, 10, 9, 1, 3, 2, 2, 5, 1, 0, 10, 9, 1, 5, 7, 3, 6, 5, 6, 9, 9, 5, 1, 0, 3, 9, 9, 9, 10, 6, 10, 2, 9, 10, 5, 2, 9, 4, 9, 5, 0, 9, 10, 5, 0, 3, 7, 1, 9, 6, 4, 3, 4, 4, 9, 1, 0, 0, 2, 9, 4, 1, 2, 5, 6, 5, 9, 0, 7, 8, 9, 1, 2, 10, 5, 5, 7, 9, 3, 5, 10, 4, 7, 2, 1, 0, 3, 0, 9, 5, 9, 2, 0, 3, 7, 7, 7, 5, 3, 8, 0, 3, 2, 2, 1, 7, 10, 10, 1, 10, 6, 6, 5, 3, 10, 7, 2, 1, 9, 5, 5, 5, 9, 9, 3, 5, 7, 9, 10, 1, 8, 3, 6, 0, 4, 10, 4, 10, 1, 1, 2, 7, 4, 4, 9, 2, 8, 4, 9, 0, 7, 9, 4, 7, 0, 10, 8, 6, 9, 1, 7, 10, 4, 2, 0, 1, 1, 9, 6, 1, 4, 7, 1, 1, 5, 1, 7, 7, 10, 1, 10, 2, 5, 5, 9, 5, 1, 5, 5, 7, 4, 5, 4, 4, 5, 9, 7, 7, 10, 0, 2, 5, 3, 2, 2, 0, 3, 6, 1, 5, 9, 4, 0, 9, 7, 6, 10, 6, 9, 0, 10, 10, 0, 3, 9, 7, 3, 9, 0, 9, 10, 9, 8, 5, 0, 0, 2, 3, 6, 10, 10, 4, 7, 9, 6, 10, 6, 6, 7, 3, 5, 7, 9, 10, 4, 3, 3, 7, 9, 0, 7, 5, 9, 0, 7, 8, 5, 9, 9, 6, 5, 4, 2, 5, 6, 1, 9, 3, 5, 1, 4, 7, 1, 9, 5, 2, 6, 10, 7, 3, 0, 3, 9, 0, 4, 1, 3, 7, 8, 1, 9, 1, 0, 2, 3, 9, 6, 6, 0, 1, 7, 4, 0, 2, 1, 1, 6, 7],