{"val_acc": [0.10445468509984639, 0.0967741935483871, 0.0967741935483871, 0.0706605222734255, 0.07987711213517665, 0.07987711213517665, 0.08602150537634409, 0.08602150537634409, 0.10445468509984639, 0.12749615975422426], "val_loss": [2.4000599194158077, 2.398026296697511, 2.400207440545954, 2.4005436151305592, 2.400552215751695, 2.399529174792986, 2.3988976771114796, 2.398161449315358, 2.39884341713841, 2.3961612373773304], "train_loss": [2.3996488242999443, 2.3987132837068326, 2.398564727891719, 2.398429110995475, 2.398497030194364, 2.3985007924064017, 2.3984284027917178, 2.3984766355600535, 2.398406587164179, 2.3987661111291243], "test_correct_in_batch": [1.0, 1.0, 1.0, 0.0, 0.0, 0.0, 0.0, 0.0, 0.0, 0.0, 0.0, 1.0, 0.0, 0.0, 0.0, 0.0, 0.0, 0.0, 0.0, 0.0, 0.0, 0.0, 0.0, 1.0, 1.0, 0.0, 0.0, 1.0, 1.0, 0.0, 1.0, 1.0, 1.0, 1.0, 0.0, 0.0, 2.0, 0.0, 0.0, 1.0, 0.0, 0.0, 0.0, 1.0, 0.0, 0.0, 0.0, 0.0, 0.0, 0.0, 0.0, 0.0, 0.0, 0.0, 0.0, 1.0, 2.0, 0.0, 2.0, 0.0, 0.0, 1.0, 0.0, 0.0, 0.0, 1.0, 0.0, 1.0, 0.0, 2.0, 0.0, 0.0, 0.0, 0.0, 1.0, 0.0, 1.0, 1.0, 0.0, 0.0, 1.0, 0.0, 0.0, 1.0, 1.0, 1.0, 1.0, 0.0, 0.0, 2.0, 0.0, 0.0, 1.0, 0.0, 1.0, 0.0, 0.0, 1.0, 0.0, 0.0, 2.0, 0.0, 1.0, 1.0, 0.0, 0.0, 0.0, 0.0, 0.0, 1.0, 0.0, 0.0, 0.0, 0.0, 1.0, 0.0, 0.0, 0.0, 0.0, 0.0, 1.0, 0.0, 0.0, 1.0, 0.0, 0.0, 0.0, 1.0, 0.0, 1.0, 0.0, 0.0, 2.0, 0.0, 0.0, 0.0, 1.0, 0.0, 0.0, 1.0, 1.0, 1.0, 0.0, 1.0, 0.0, 1.0, 1.0, 1.0, 1.0, 1.0, 1.0, 0.0, 0.0, 1.0, 0.0, 1.0, 0.0, 1.0, 0.0, 1.0, 1.0, 0.0, 1.0], "test_losses": [2.3921751976013184, 2.383711099624634, 2.386340379714966, 2.392789840698242, 2.407200813293457, 2.400053024291992, 2.418483018875122, 2.402043342590332, 2.40861177444458, 2.4040162563323975, 2.4004454612731934, 2.3938961029052734, 2.4003543853759766, 2.4151504039764404, 2.3935365676879883, 2.421643018722534, 2.408904790878296, 2.3966991901397705, 2.3966991901397705, 2.4006097316741943, 2.401787281036377, 2.403160572052002, 2.396143913269043, 2.3928418159484863, 2.3808107376098633, 2.414074182510376, 2.39858078956604, 2.3921749591827393, 2.3996639251708984, 2.384164333343506, 2.4021623134613037, 2.3880770206451416, 2.3996946811676025, 2.3889596462249756, 2.3928205966949463, 2.4036688804626465, 2.3860487937927246, 2.394230842590332, 2.3958117961883545, 2.3979389667510986, 2.3994548320770264, 2.402886152267456, 2.3852121829986572, 2.400388479232788, 2.386221408843994, 2.4208836555480957, 2.4003543853759766, 2.3883872032165527, 2.3862600326538086, 2.401043176651001, 2.404965400695801, 2.406893014907837, 2.4143757820129395, 2.4053573608398438, 2.3971309661865234, 2.3996639251708984, 2.37912917137146, 2.4024975299835205, 2.3779988288879395, 2.4084644317626953, 2.405442476272583, 2.3894968032836914, 2.397152900695801, 2.3971219062805176, 2.4143757820129395, 2.3921444416046143, 2.3973968029022217, 2.392122268676758, 2.3966407775878906, 2.37947940826416, 2.408266544342041, 2.3966715335845947, 2.3999733924865723, 2.4024758338928223, 2.382976531982422, 2.4133856296539307, 2.3916754722595215, 2.4004106521606445, 2.3901329040527344, 2.3978867530822754, 2.392723560333252, 2.3977162837982178, 2.392388105392456, 2.3888299465179443, 2.377910614013672, 2.390352249145508, 2.3927929401397705, 2.4284827709198, 2.401073932647705, 2.38089919090271, 2.418504238128662, 2.395933151245117, 2.3996946811676025, 2.396810531616211, 2.3920953273773193, 2.3937768936157227, 2.39748477935791, 2.3859376907348633, 2.3903310298919678, 2.407867670059204, 2.3877453804016113, 2.4040651321411133, 2.399651050567627, 2.3914003372192383, 2.393799066543579, 2.4000260829925537, 2.386221170425415, 2.4017741680145264, 2.391287326812744, 2.3892221450805664, 2.4167304039001465, 2.4068198204040527, 2.3872692584991455, 2.3930935859680176, 2.394584894180298, 2.393514394760132, 2.41003155708313, 2.3971526622772217, 2.385788917541504, 2.399571657180786, 2.3783819675445557, 2.3981337547302246, 2.400601625442505, 2.391003370285034, 2.3992977142333984, 2.4137086868286133, 2.4208834171295166, 2.3845882415771484, 2.402916669845581, 2.395282506942749, 2.405123233795166, 2.4068379402160645, 2.371490955352783, 2.3964061737060547, 2.3872690200805664, 2.390169382095337, 2.376901388168335, 2.415436267852783, 2.392444610595703, 2.393918037414551, 2.392723321914673, 2.3798017501831055, 2.3977980613708496, 2.38413405418396, 2.416856050491333, 2.400742530822754, 2.387388229370117, 2.39898419380188, 2.394615650177002, 2.378753900527954, 2.4003796577453613, 2.4233946800231934, 2.3999953269958496, 2.3888518810272217, 2.4219748973846436, 2.3845884799957275, 2.400376319885254, 2.392122507095337, 2.391378879547119, 2.3858771324157715, 2.3970654010772705, 2.388850450515747, 2.3988687992095947], "test_loss": 2.397096000566073, "test_batch_lens": [4, 4, 4, 4, 4, 4, 4, 4, 4, 4, 4, 4, 4, 4, 4, 4, 4, 4, 4, 4, 4, 4, 4, 4, 4, 4, 4, 4, 4, 4, 4, 4, 4, 4, 4, 4, 4, 4, 4, 4, 4, 4, 4, 4, 4, 4, 4, 4, 4, 4, 4, 4, 4, 4, 4, 4, 4, 4, 4, 4, 4, 4, 4, 4, 4, 4, 4, 4, 4, 4, 4, 4, 4, 4, 4, 4, 4, 4, 4, 4, 4, 4, 4, 4, 4, 4, 4, 4, 4, 4, 4, 4, 4, 4, 4, 4, 4, 4, 4, 4, 4, 4, 4, 4, 4, 4, 4, 4, 4, 4, 4, 4, 4, 4, 4, 4, 4, 4, 4, 4, 4, 4, 4, 4, 4, 4, 4, 4, 4, 4, 4, 4, 4, 4, 4, 4, 4, 4, 4, 4, 4, 4, 4, 4, 4, 4, 4, 4, 4, 4, 4, 4, 4, 4, 4, 4, 4, 4, 4, 4, 4, 4, 3], "test_accuracy": 0.10445468509984639, "predictions": [7, 7, 7, 7, 7, 7, 7, 7, 7, 7, 7, 7, 7, 7, 7, 7, 7, 7, 7, 7, 7, 7, 7, 7, 7, 7, 7, 7, 7, 7, 7, 7, 7, 7, 7, 7, 7, 7, 7, 7, 7, 7, 7, 7, 7, 7, 7, 7, 7, 7, 7, 7, 7, 7, 7, 7, 7, 7, 7, 7, 7, 7, 7, 7, 7, 7, 7, 7, 7, 7, 7, 7, 7, 7, 7, 7, 7, 7, 7, 7, 7, 7, 7, 7, 7, 7, 7, 7, 7, 7, 7, 7, 7, 7, 7, 7, 7, 7, 7, 7, 7, 7, 7, 7, 7, 7, 7, 7, 7, 7, 7, 7, 7, 7, 7, 7, 7, 7, 7, 7, 7, 7, 7, 7, 7, 7, 7, 7, 7, 7, 7, 7, 7, 7, 7, 7, 7, 7, 7, 7, 7, 7, 7, 7, 7, 7, 7, 7, 7, 7, 7, 7, 7, 7, 7, 7, 7, 7, 7, 7, 7, 7, 7, 7, 7, 7, 7, 7, 7, 7, 7, 7, 7, 7, 7, 7, 7, 7, 7, 7, 7, 7, 7, 7, 7, 7, 7, 7, 7, 7, 7, 7, 7, 7, 7, 7, 7, 7, 7, 7, 7, 7, 7, 7, 7, 7, 7, 7, 7, 7, 7, 7, 7, 7, 7, 7, 7, 7, 7, 7, 7, 7, 7, 7, 7, 7, 7, 7, 7, 7, 7, 7, 7, 7, 7, 7, 7, 7, 7, 7, 7, 7, 7, 7, 7, 7, 7, 7, 7, 7, 7, 7, 7, 7, 7, 7, 7, 7, 7, 7, 7, 7, 7, 7, 7, 7, 7, 7, 7, 7, 7, 7, 7, 7, 7, 7, 7, 7, 7, 7, 7, 7, 7, 7, 7, 7, 7, 7, 7, 7, 7, 7, 7, 7, 7, 7, 7, 7, 7, 7, 7, 7, 7, 7, 7, 7, 7, 7, 7, 7, 7, 7, 7, 7, 7, 7, 7, 7, 7, 7, 7, 7, 7, 7, 7, 7, 7, 7, 7, 7, 7, 7, 7, 7, 7, 7, 7, 7, 7, 7, 7, 7, 7, 7, 7, 7, 7, 7, 7, 7, 7, 7, 7, 7, 7, 7, 7, 7, 7, 7, 7, 7, 7, 7, 7, 7, 7, 7, 7, 7, 7, 7, 7, 7, 7, 7, 7, 7, 7, 7, 7, 7, 7, 7, 7, 7, 7, 7, 7, 7, 7, 7, 7, 7, 7, 7, 7, 7, 7, 7, 7, 7, 7, 7, 7, 7, 7, 7, 7, 7, 7, 7, 7, 7, 7, 7, 7, 7, 7, 7, 7, 7, 7, 7, 7, 7, 7, 7, 7, 7, 7, 7, 7, 7, 7, 7, 7, 7, 7, 7, 7, 7, 7, 7, 7, 7, 7, 7, 7, 7, 7, 7, 7, 7, 7, 7, 7, 7, 7, 7, 7, 7, 7, 7, 7, 7, 7, 7, 7, 7, 7, 7, 7, 7, 7, 7, 7, 7, 7, 7, 7, 7, 7, 7, 7, 7, 7, 7, 7, 7, 7, 7, 7, 7, 7, 7, 7, 7, 7, 7, 7, 7, 7, 7, 7, 7, 7, 7, 7, 7, 7, 7, 7, 7, 7, 7, 7, 7, 7, 7, 7, 7, 7, 7, 7, 7, 7, 7, 7, 7, 7, 7, 7, 7, 7, 7, 7, 7, 7, 7, 7, 7, 7, 7, 7, 7, 7, 7, 7, 7, 7, 7, 7, 7, 7, 7, 7, 7, 7, 7, 7, 7, 7, 7, 7, 7, 7, 7, 7, 7, 7, 7, 7, 7, 7, 7, 7, 7, 7, 7, 7, 7, 7, 7, 7, 7, 7, 7, 7, 7, 7, 7, 7, 7, 7, 7, 7, 7, 7, 7, 7, 7, 7, 7, 7, 7, 7, 7, 7, 7, 7, 7, 7, 7, 7, 7, 7, 7, 7, 7, 7, 7, 7, 7, 7, 7, 7, 7, 7, 7, 7, 7, 7, 7, 7, 7, 7, 7, 7, 7, 7, 7, 7, 7, 7, 7, 7, 7, 7, 7, 7],