{"val_acc": [0.6298003072196621, 0.7096774193548387, 0.7619047619047619, 0.7603686635944701, 0.804915514592934, 0.8095238095238095, 0.8033794162826421, 0.8387096774193549, 0.8556067588325653, 0.8448540706605223], "val_loss": [1.0382395881725235, 0.8524530404733003, 0.7057782043160105, 0.6851593707145357, 0.5635329748109623, 0.5450744336539525, 0.5737322978961047, 0.48031218512772234, 0.46892694352148956, 0.47359956220646554], "train_loss": [1.4521674960345892, 0.9511856791008332, 0.8028153308750184, 0.7100195094159694, 0.6384767056166577, 0.5782485133443324, 0.5363458483243398, 0.510196589347272, 0.49224799306622474, 0.4588277341210659], "test_correct_in_batch": [4.0, 3.0, 3.0, 2.0, 3.0, 4.0, 3.0, 2.0, 3.0, 4.0, 4.0, 4.0, 2.0, 4.0, 4.0, 4.0, 2.0, 2.0, 2.0, 2.0, 3.0, 4.0, 2.0, 4.0, 4.0, 3.0, 4.0, 2.0, 3.0, 4.0, 2.0, 3.0, 4.0, 4.0, 4.0, 4.0, 4.0, 3.0, 4.0, 4.0, 3.0, 4.0, 2.0, 3.0, 4.0, 4.0, 3.0, 4.0, 4.0, 3.0, 3.0, 2.0, 4.0, 3.0, 2.0, 4.0, 3.0, 4.0, 4.0, 4.0, 4.0, 4.0, 3.0, 4.0, 4.0, 4.0, 4.0, 3.0, 3.0, 3.0, 2.0, 4.0, 3.0, 3.0, 4.0, 4.0, 4.0, 4.0, 3.0, 3.0, 3.0, 2.0, 3.0, 3.0, 3.0, 3.0, 3.0, 3.0, 3.0, 3.0, 4.0, 3.0, 1.0, 4.0, 4.0, 3.0, 3.0, 3.0, 3.0, 3.0, 3.0, 3.0, 3.0, 4.0, 3.0, 3.0, 3.0, 3.0, 4.0, 4.0, 4.0, 3.0, 4.0, 4.0, 3.0, 4.0, 2.0, 4.0, 4.0, 4.0, 4.0, 3.0, 3.0, 4.0, 2.0, 4.0, 4.0, 2.0, 3.0, 4.0, 3.0, 4.0, 4.0, 4.0, 4.0, 3.0, 4.0, 4.0, 3.0, 3.0, 4.0, 2.0, 4.0, 4.0, 4.0, 3.0, 4.0, 4.0, 4.0, 4.0, 4.0, 3.0, 4.0, 4.0, 4.0, 4.0, 4.0, 3.0, 4.0, 4.0, 4.0, 4.0, 3.0], "test_losses": [0.008962493389844894, 0.9676207900047302, 1.4263490438461304, 0.9572840332984924, 0.5690383911132812, 0.1609930694103241, 0.5530703067779541, 1.3087115287780762, 0.5912569165229797, 0.04363640397787094, 0.21435803174972534, 0.3117035925388336, 1.5393126010894775, 0.05400443822145462, 0.10883928835391998, 0.353456974029541, 0.6577500104904175, 1.1758601665496826, 1.7175829410552979, 0.9682198762893677, 0.4743894338607788, 0.21506011486053467, 1.4114069938659668, 0.18425865471363068, 0.34487947821617126, 1.0107533931732178, 0.06034129858016968, 0.9360159635543823, 0.3603147268295288, 0.20341110229492188, 2.431245803833008, 0.6810439229011536, 0.02602839097380638, 0.09224395453929901, 0.1105617880821228, 0.38998934626579285, 0.02500106766819954, 0.6816683411598206, 0.1454990953207016, 0.043131668120622635, 0.33414900302886963, 0.17368945479393005, 1.204392433166504, 0.41459766030311584, 0.18066415190696716, 0.011504310183227062, 0.8913235664367676, 0.10326356440782547, 0.5843102931976318, 1.1063684225082397, 0.9408076405525208, 1.5354862213134766, 0.09333271533250809, 0.5173441767692566, 0.9784392714500427, 0.027203287929296494, 0.3176814615726471, 0.04329279437661171, 0.045165836811065674, 0.07361941039562225, 0.15382160246372223, 0.024760641157627106, 0.43538689613342285, 0.02400592900812626, 0.10448579490184784, 0.45948028564453125, 0.10411838442087173, 0.7325149774551392, 0.7286062836647034, 0.6773402690887451, 1.2457470893859863, 0.07720721513032913, 0.4695136249065399, 0.7088506817817688, 0.04427444562315941, 0.17522838711738586, 0.026459986343979836, 0.017107032239437103, 0.4100424647331238, 0.5396347641944885, 0.42869141697883606, 0.6138719320297241, 1.0250093936920166, 0.880378782749176, 0.7063756585121155, 1.0829025506973267, 0.3080891966819763, 0.4906594753265381, 0.39210057258605957, 1.3519705533981323, 0.2230997234582901, 1.1030386686325073, 1.3473373651504517, 0.11419647186994553, 0.05607219412922859, 0.7355707287788391, 0.5853309631347656, 0.7836512923240662, 0.34939438104629517, 0.33783677220344543, 1.3390644788742065, 0.6984987854957581, 0.5301955342292786, 0.04247340187430382, 0.25543391704559326, 0.489829957485199, 0.33276987075805664, 1.0193969011306763, 0.24848657846450806, 0.00679201353341341, 0.15786418318748474, 0.936393141746521, 0.20998543500900269, 0.04687337949872017, 0.36093905568122864, 0.16352607309818268, 1.4102463722229004, 0.017097242176532745, 0.08619910478591919, 0.36859071254730225, 0.059393517673015594, 0.9012272953987122, 0.5296891331672668, 0.04824648052453995, 1.3468313217163086, 0.2143833339214325, 0.07350815087556839, 1.3234988451004028, 0.6799713373184204, 0.44524145126342773, 0.484897255897522, 0.10827438533306122, 0.01649312488734722, 0.21184836328029633, 0.4205852746963501, 0.4899318814277649, 0.07061644643545151, 0.13767826557159424, 0.2695811688899994, 1.3347753286361694, 0.07062496244907379, 1.5223020315170288, 0.21789716184139252, 0.15161220729351044, 0.07643014937639236, 0.6514018177986145, 0.35976266860961914, 0.09762702882289886, 0.3685148358345032, 0.0615261048078537, 0.2568294405937195, 0.5735204219818115, 0.16588518023490906, 0.21392130851745605, 0.3730074465274811, 0.12250576913356781, 0.17784857749938965, 0.37860170006752014, 0.25277799367904663, 0.22982743382453918, 0.01872093603014946, 0.021457567811012268, 0.3201269209384918], "test_loss": 0.47690867562921135, "test_batch_lens": [4, 4, 4, 4, 4, 4, 4, 4, 4, 4, 4, 4, 4, 4, 4, 4, 4, 4, 4, 4, 4, 4, 4, 4, 4, 4, 4, 4, 4, 4, 4, 4, 4, 4, 4, 4, 4, 4, 4, 4, 4, 4, 4, 4, 4, 4, 4, 4, 4, 4, 4, 4, 4, 4, 4, 4, 4, 4, 4, 4, 4, 4, 4, 4, 4, 4, 4, 4, 4, 4, 4, 4, 4, 4, 4, 4, 4, 4, 4, 4, 4, 4, 4, 4, 4, 4, 4, 4, 4, 4, 4, 4, 4, 4, 4, 4, 4, 4, 4, 4, 4, 4, 4, 4, 4, 4, 4, 4, 4, 4, 4, 4, 4, 4, 4, 4, 4, 4, 4, 4, 4, 4, 4, 4, 4, 4, 4, 4, 4, 4, 4, 4, 4, 4, 4, 4, 4, 4, 4, 4, 4, 4, 4, 4, 4, 4, 4, 4, 4, 4, 4, 4, 4, 4, 4, 4, 4, 4, 4, 4, 4, 4, 3], "test_accuracy": 0.8463901689708141, "predictions": [7, 4, 1, 10, 7, 1, 8, 5, 0, 3, 4, 7, 1, 9, 8, 7, 9, 6, 4, 4, 8, 10, 1, 4, 6, 8, 5, 6, 6, 10, 2, 0, 1, 1, 6, 3, 10, 5, 5, 0, 10, 3, 2, 10, 7, 8, 4, 3, 3, 7, 8, 4, 3, 4, 6, 1, 1, 9, 1, 10, 10, 6, 1, 6, 5, 9, 10, 5, 8, 0, 2, 1, 5, 3, 0, 8, 2, 0, 9, 2, 3, 1, 2, 1, 5, 5, 1, 8, 7, 4, 9, 2, 10, 7, 1, 5, 1, 8, 2, 7, 5, 0, 10, 6, 10, 8, 3, 9, 10, 9, 7, 5, 0, 3, 7, 8, 0, 8, 0, 0, 4, 8, 5, 2, 5, 1, 7, 6, 6, 7, 4, 0, 10, 10, 7, 9, 4, 1, 9, 0, 10, 3, 3, 9, 4, 7, 4, 7, 2, 10, 7, 4, 10, 10, 1, 0, 10, 5, 4, 7, 9, 9, 10, 4, 2, 3, 10, 5, 8, 0, 5, 8, 10, 7, 6, 6, 0, 8, 1, 2, 6, 3, 5, 3, 4, 3, 4, 8, 3, 2, 0, 2, 0, 9, 9, 8, 2, 3, 5, 9, 4, 1, 6, 1, 4, 5, 4, 2, 3, 9, 5, 6, 8, 5, 4, 5, 10, 10, 7, 4, 7, 3, 0, 6, 7, 1, 5, 7, 1, 0, 1, 6, 3, 7, 7, 2, 10, 4, 3, 10, 9, 4, 3, 3, 1, 7, 8, 5, 2, 5, 10, 1, 1, 2, 3, 10, 6, 9, 5, 3, 3, 10, 7, 1, 5, 1, 8, 1, 1, 7, 3, 10, 3, 5, 7, 2, 7, 5, 9, 7, 9, 8, 5, 10, 2, 4, 2, 5, 5, 2, 8, 0, 2, 6, 0, 1, 2, 7, 3, 2, 4, 10, 8, 6, 6, 0, 2, 7, 10, 1, 7, 6, 4, 2, 5, 2, 0, 9, 4, 2, 10, 6, 7, 9, 8, 9, 8, 5, 2, 9, 4, 9, 1, 3, 4, 7, 1, 2, 9, 2, 5, 0, 9, 10, 5, 3, 5, 7, 3, 6, 9, 6, 4, 7, 5, 1, 8, 3, 0, 7, 4, 4, 6, 10, 8, 9, 10, 5, 2, 9, 4, 1, 5, 0, 9, 10, 5, 0, 3, 7, 3, 1, 10, 2, 2, 2, 4, 9, 3, 7, 5, 9, 9, 5, 0, 0, 5, 6, 4, 9, 7, 7, 10, 9, 1, 10, 10, 4, 5, 7, 10, 3, 5, 10, 9, 7, 2, 3, 0, 1, 0, 5, 4, 0, 2, 0, 1, 7, 8, 4, 7, 3, 8, 0, 3, 2, 2, 3, 7, 10, 10, 4, 10, 6, 6, 5, 0, 10, 8, 2, 1, 9, 9, 5, 9, 9, 1, 8, 5, 7, 9, 10, 1, 8, 0, 6, 3, 4, 2, 4, 10, 1, 1, 2, 8, 2, 4, 8, 2, 5, 9, 9, 0, 7, 6, 9, 5, 0, 2, 5, 6, 9, 3, 7, 2, 4, 10, 0, 8, 3, 9, 6, 3, 4, 6, 3, 3, 5, 1, 7, 7, 10, 4, 10, 8, 5, 5, 7, 5, 1, 4, 5, 8, 4, 5, 4, 9, 5, 9, 7, 7, 2, 0, 2, 4, 3, 2, 9, 1, 8, 9, 1, 8, 0, 2, 0, 9, 7, 6, 9, 6, 9, 0, 10, 8, 0, 10, 1, 7, 3, 2, 7, 9, 6, 2, 2, 9, 0, 8, 2, 10, 5, 2, 10, 8, 7, 9, 6, 8, 6, 6, 10, 7, 9, 7, 8, 4, 9, 3, 3, 7, 4, 1, 7, 5, 4, 0, 7, 8, 0, 7, 4, 5, 5, 4, 8, 5, 6, 1, 5, 3, 0, 1, 4, 7, 1, 9, 4, 6, 6, 10, 7, 1, 0, 3, 9, 1, 4, 3, 10, 7, 6, 9, 9, 4, 0, 2, 3, 7, 8, 6, 8, 1, 7, 4, 0, 2, 0, 8, 6, 7],