{"val_acc": [0.9001536098310292, 0.9047619047619048, 0.901689708141321, 0.9155145929339478, 0.9201228878648233], "val_loss": [0.35125709243584424, 0.2878647295727462, 0.31905774711174145, 0.24536551739622456, 0.23637979775258533], "train_loss": [0.7666274698163548, 0.39867589043179963, 0.3112487620377029, 0.25725051252448955, 0.22300258267918788], "test_correct_in_batch": [4.0, 4.0, 4.0, 3.0, 4.0, 4.0, 4.0, 4.0, 3.0, 4.0, 4.0, 4.0, 3.0, 4.0, 3.0, 3.0, 3.0, 4.0, 4.0, 4.0, 4.0, 4.0, 4.0, 4.0, 4.0, 4.0, 4.0, 3.0, 3.0, 4.0, 1.0, 4.0, 4.0, 4.0, 4.0, 4.0, 4.0, 4.0, 4.0, 4.0, 4.0, 4.0, 3.0, 4.0, 4.0, 4.0, 4.0, 4.0, 4.0, 3.0, 3.0, 2.0, 4.0, 4.0, 4.0, 4.0, 4.0, 4.0, 4.0, 4.0, 4.0, 4.0, 4.0, 4.0, 4.0, 4.0, 4.0, 2.0, 3.0, 4.0, 3.0, 4.0, 4.0, 4.0, 4.0, 4.0, 4.0, 4.0, 2.0, 4.0, 4.0, 3.0, 4.0, 3.0, 4.0, 3.0, 4.0, 3.0, 4.0, 3.0, 4.0, 4.0, 3.0, 4.0, 4.0, 4.0, 4.0, 1.0, 4.0, 4.0, 3.0, 4.0, 4.0, 4.0, 4.0, 4.0, 4.0, 4.0, 4.0, 4.0, 4.0, 3.0, 4.0, 4.0, 4.0, 4.0, 2.0, 4.0, 4.0, 3.0, 4.0, 3.0, 4.0, 4.0, 3.0, 4.0, 3.0, 3.0, 4.0, 3.0, 4.0, 4.0, 4.0, 4.0, 4.0, 4.0, 4.0, 4.0, 4.0, 2.0, 3.0, 4.0, 4.0, 4.0, 4.0, 3.0, 3.0, 4.0, 4.0, 4.0, 4.0, 4.0, 4.0, 4.0, 3.0, 4.0, 4.0, 3.0, 4.0, 4.0, 4.0, 4.0, 3.0], "test_losses": [0.0007568463333882391, 0.02457440458238125, 0.059597477316856384, 0.6969232559204102, 0.028909051790833473, 0.0008908425224944949, 0.24337148666381836, 0.14325422048568726, 0.8931052088737488, 0.002668846631422639, 0.03106338158249855, 0.035709936171770096, 1.7413687705993652, 0.2102491855621338, 0.46479371190071106, 0.973812460899353, 0.9250925779342651, 0.11321119219064713, 0.05194475129246712, 0.06402342021465302, 0.01467779278755188, 0.02807202748954296, 0.385182648897171, 0.000263386667938903, 0.016352543607354164, 0.0013754417886957526, 0.003321107942610979, 0.7489501237869263, 1.0455107688903809, 0.0007395172142423689, 2.787588119506836, 0.002856483682990074, 0.004502298776060343, 6.400908750947565e-05, 0.08905338495969772, 0.00024330124142579734, 0.07425564527511597, 0.0006153180147521198, 5.647231955663301e-05, 0.011451488360762596, 0.014427149668335915, 0.00023368935217149556, 0.8767706155776978, 0.0023077274672687054, 0.015611879527568817, 5.6917833717307076e-05, 0.06543377786874771, 0.11693521589040756, 0.17856580018997192, 0.19092604517936707, 0.8576710820198059, 1.2131805419921875, 0.037649620324373245, 0.013284755870699883, 0.03667303919792175, 0.0009048552019521594, 0.0008336553582921624, 0.04147583991289139, 0.00259265024214983, 0.24140286445617676, 0.06479986011981964, 0.046499691903591156, 0.26713889837265015, 0.00012866148608736694, 0.03554723411798477, 0.12967155873775482, 0.0042664408683776855, 0.9460957646369934, 1.2790403366088867, 0.11586697399616241, 1.2378774881362915, 0.0010679407278075814, 0.015994250774383545, 0.05820474028587341, 0.00418874341994524, 0.08731850236654282, 0.012509901076555252, 0.016436923295259476, 0.9470708966255188, 0.022489216178655624, 0.014810256659984589, 0.7430650591850281, 0.08057775348424911, 0.24495628476142883, 0.1844509094953537, 0.6162875294685364, 0.15763838589191437, 0.2111121118068695, 0.04075032100081444, 1.0269256830215454, 0.0680600255727768, 0.013735652901232243, 1.2276607751846313, 0.09469490498304367, 0.00029933874611742795, 0.044204290956258774, 0.028233787044882774, 2.419069290161133, 0.009026799350976944, 0.1676192730665207, 0.9216564297676086, 0.0043153343722224236, 0.0008757201721891761, 0.12161865085363388, 0.18303099274635315, 0.009721624664962292, 0.002888281363993883, 0.2175987958908081, 0.026739688590168953, 0.04488370940089226, 0.004160228185355663, 1.2606115341186523, 0.0035012261942029, 0.0025752331130206585, 0.059417277574539185, 0.04938076063990593, 1.0540568828582764, 0.004355767276138067, 0.05063294619321823, 0.4740476608276367, 0.10301408171653748, 1.1598924398422241, 0.06319724023342133, 0.07050125300884247, 0.5190818309783936, 0.10739563405513763, 0.4165433645248413, 0.4274523854255676, 0.04205193743109703, 1.3565888404846191, 0.06821154057979584, 0.0026657474227249622, 0.0023296389263123274, 0.08321454375982285, 0.2136775106191635, 0.11620786786079407, 0.0008022671681828797, 0.36350372433662415, 0.026850232854485512, 1.3402371406555176, 0.5270606875419617, 0.050293490290641785, 0.008431753143668175, 0.0058857896365225315, 0.005321620963513851, 0.9983291029930115, 0.5766971111297607, 0.16310231387615204, 0.12852485477924347, 0.00206328509375453, 0.01243537850677967, 0.03767858445644379, 0.00089728191960603, 0.1406603306531906, 1.0031754970550537, 0.06614801287651062, 0.042797401547431946, 0.5807557702064514, 0.004875876475125551, 0.12924033403396606, 0.018088480457663536, 0.005371370818465948, 0.07936838269233704], "test_loss": 0.27042621943074424, "test_batch_lens": [4, 4, 4, 4, 4, 4, 4, 4, 4, 4, 4, 4, 4, 4, 4, 4, 4, 4, 4, 4, 4, 4, 4, 4, 4, 4, 4, 4, 4, 4, 4, 4, 4, 4, 4, 4, 4, 4, 4, 4, 4, 4, 4, 4, 4, 4, 4, 4, 4, 4, 4, 4, 4, 4, 4, 4, 4, 4, 4, 4, 4, 4, 4, 4, 4, 4, 4, 4, 4, 4, 4, 4, 4, 4, 4, 4, 4, 4, 4, 4, 4, 4, 4, 4, 4, 4, 4, 4, 4, 4, 4, 4, 4, 4, 4, 4, 4, 4, 4, 4, 4, 4, 4, 4, 4, 4, 4, 4, 4, 4, 4, 4, 4, 4, 4, 4, 4, 4, 4, 4, 4, 4, 4, 4, 4, 4, 4, 4, 4, 4, 4, 4, 4, 4, 4, 4, 4, 4, 4, 4, 4, 4, 4, 4, 4, 4, 4, 4, 4, 4, 4, 4, 4, 4, 4, 4, 4, 4, 4, 4, 4, 4, 3], "test_accuracy": 0.9262672811059908, "predictions": [7, 4, 1, 10, 7, 1, 8, 8, 0, 8, 4, 7, 1, 9, 8, 0, 9, 6, 4, 9, 8, 10, 1, 4, 6, 8, 8, 6, 6, 8, 2, 1, 1, 3, 6, 3, 10, 5, 5, 0, 10, 3, 2, 10, 7, 8, 4, 3, 3, 8, 3, 4, 3, 4, 6, 1, 1, 2, 1, 10, 10, 6, 7, 6, 5, 3, 8, 5, 8, 1, 3, 1, 1, 3, 1, 8, 6, 8, 9, 2, 3, 1, 3, 1, 5, 5, 1, 8, 0, 4, 9, 10, 10, 7, 1, 5, 1, 8, 2, 7, 5, 1, 10, 6, 10, 8, 3, 9, 10, 4, 7, 3, 0, 3, 7, 8, 0, 8, 0, 0, 4, 3, 0, 8, 5, 1, 7, 9, 6, 7, 4, 0, 10, 10, 7, 9, 4, 1, 9, 0, 10, 3, 3, 9, 4, 7, 4, 7, 2, 10, 2, 4, 10, 10, 1, 0, 10, 5, 4, 7, 8, 9, 10, 4, 2, 3, 10, 5, 8, 0, 3, 0, 10, 7, 6, 8, 0, 8, 1, 2, 6, 3, 5, 3, 9, 3, 4, 8, 3, 2, 0, 2, 0, 9, 9, 8, 3, 3, 5, 9, 4, 1, 6, 1, 4, 1, 9, 8, 3, 9, 5, 6, 2, 5, 4, 5, 2, 10, 8, 4, 7, 3, 0, 6, 7, 0, 5, 7, 1, 0, 1, 6, 3, 7, 7, 2, 10, 4, 3, 10, 9, 4, 3, 3, 1, 7, 8, 5, 2, 4, 10, 1, 1, 2, 3, 10, 6, 9, 5, 3, 3, 10, 7, 1, 5, 1, 8, 1, 3, 3, 3, 10, 3, 5, 10, 2, 7, 3, 9, 7, 3, 8, 8, 10, 2, 4, 2, 5, 5, 3, 8, 0, 8, 6, 0, 1, 2, 7, 3, 2, 4, 10, 8, 6, 6, 0, 2, 7, 10, 1, 7, 6, 4, 7, 5, 2, 0, 9, 4, 3, 2, 6, 7, 9, 3, 8, 8, 5, 2, 9, 4, 1, 3, 8, 4, 7, 1, 2, 7, 2, 5, 0, 9, 10, 5, 0, 5, 7, 3, 6, 9, 6, 4, 9, 5, 1, 8, 3, 0, 7, 4, 4, 6, 10, 8, 9, 8, 5, 6, 9, 4, 0, 5, 0, 9, 10, 5, 0, 3, 7, 3, 1, 8, 2, 2, 4, 4, 9, 3, 0, 5, 3, 9, 4, 0, 0, 5, 6, 9, 9, 7, 7, 8, 9, 1, 10, 10, 5, 5, 7, 3, 3, 5, 10, 9, 7, 2, 3, 1, 1, 0, 5, 4, 1, 2, 0, 1, 8, 8, 4, 8, 3, 8, 0, 3, 2, 2, 3, 7, 10, 10, 4, 10, 6, 6, 5, 0, 5, 8, 2, 1, 9, 9, 5, 9, 9, 1, 3, 5, 7, 9, 10, 1, 8, 8, 6, 3, 3, 2, 4, 10, 1, 1, 2, 8, 2, 4, 8, 2, 8, 9, 9, 0, 7, 6, 9, 3, 0, 2, 8, 6, 9, 3, 7, 2, 4, 8, 0, 1, 3, 9, 6, 3, 4, 8, 3, 3, 5, 3, 1, 7, 10, 4, 10, 2, 5, 5, 7, 5, 3, 4, 5, 0, 4, 5, 4, 9, 5, 9, 7, 7, 2, 0, 2, 4, 3, 2, 9, 1, 8, 9, 1, 8, 8, 2, 0, 9, 7, 6, 9, 6, 9, 0, 10, 8, 8, 8, 3, 7, 3, 2, 7, 9, 8, 7, 8, 9, 0, 8, 2, 10, 5, 2, 10, 8, 7, 9, 6, 8, 6, 6, 3, 7, 9, 7, 3, 4, 9, 3, 3, 7, 4, 1, 7, 5, 4, 0, 7, 8, 0, 7, 4, 5, 5, 4, 8, 6, 6, 1, 5, 3, 0, 1, 4, 7, 1, 9, 4, 6, 2, 10, 7, 1, 0, 3, 9, 1, 4, 3, 3, 7, 8, 9, 9, 4, 0, 2, 3, 7, 8, 6, 8, 1, 7, 4, 0, 2, 0, 8, 6, 7],