{"val_acc": [0.48847926267281105, 0.7219662058371735, 0.7649769585253456, 0.7864823348694316, 0.7972350230414746, 0.8202764976958525, 0.8433179723502304, 0.8786482334869432, 0.8678955453149002, 0.8556067588325653], "val_loss": [1.3678238453126392, 0.7973302949585614, 0.6825527198201308, 0.6319774154322279, 0.5958980633791513, 0.5163039825342458, 0.4691620856820623, 0.4074829369554856, 0.3895023605112055, 0.4121260378778301], "train_loss": [1.7810227666197713, 1.118721967754807, 0.7850664738112291, 0.6586853745756982, 0.5841011394104144, 0.5404493045002368, 0.502800704325756, 0.47778652449353265, 0.4594771561790643, 0.45072471802849945], "test_correct_in_batch": [4.0, 4.0, 3.0, 2.0, 4.0, 4.0, 3.0, 1.0, 3.0, 4.0, 4.0, 4.0, 2.0, 2.0, 4.0, 3.0, 3.0, 3.0, 3.0, 4.0, 2.0, 4.0, 1.0, 3.0, 4.0, 3.0, 4.0, 3.0, 3.0, 4.0, 2.0, 4.0, 4.0, 4.0, 4.0, 4.0, 4.0, 3.0, 4.0, 4.0, 4.0, 4.0, 4.0, 4.0, 3.0, 4.0, 4.0, 4.0, 4.0, 4.0, 3.0, 1.0, 3.0, 3.0, 3.0, 4.0, 4.0, 4.0, 4.0, 4.0, 4.0, 4.0, 4.0, 4.0, 3.0, 3.0, 4.0, 3.0, 3.0, 3.0, 2.0, 4.0, 4.0, 3.0, 4.0, 3.0, 4.0, 4.0, 2.0, 4.0, 4.0, 3.0, 3.0, 3.0, 3.0, 3.0, 4.0, 4.0, 4.0, 2.0, 3.0, 2.0, 3.0, 4.0, 4.0, 2.0, 2.0, 3.0, 4.0, 4.0, 2.0, 4.0, 4.0, 4.0, 3.0, 3.0, 4.0, 4.0, 4.0, 4.0, 3.0, 3.0, 4.0, 4.0, 4.0, 4.0, 2.0, 4.0, 4.0, 3.0, 3.0, 3.0, 4.0, 4.0, 3.0, 2.0, 2.0, 3.0, 2.0, 3.0, 4.0, 4.0, 4.0, 4.0, 3.0, 3.0, 4.0, 3.0, 4.0, 2.0, 4.0, 3.0, 3.0, 4.0, 4.0, 2.0, 3.0, 4.0, 2.0, 4.0, 4.0, 3.0, 4.0, 4.0, 3.0, 4.0, 4.0, 4.0, 2.0, 3.0, 4.0, 4.0, 2.0], "test_losses": [0.012848665937781334, 0.11972126364707947, 0.7794077396392822, 1.0629335641860962, 0.08470077812671661, 0.2394881248474121, 1.4932372570037842, 2.477712869644165, 0.6523616313934326, 0.04691265523433685, 0.08724122494459152, 0.18244753777980804, 2.3218576908111572, 0.5225265026092529, 0.0753747820854187, 0.8296224474906921, 0.6174863576889038, 0.6106025576591492, 0.9137108325958252, 0.26626405119895935, 0.6510342359542847, 0.0832538977265358, 1.3110227584838867, 0.25105565786361694, 0.13399681448936462, 0.44434821605682373, 0.08775152266025543, 0.6845433712005615, 0.6581623554229736, 0.11504089832305908, 2.1091108322143555, 0.21227240562438965, 0.07162037491798401, 0.1026897132396698, 0.09000441431999207, 0.06687182188034058, 0.11527872830629349, 0.2355070859193802, 0.026685724034905434, 0.26174330711364746, 0.3001960813999176, 0.10208649933338165, 0.6926723718643188, 0.058225810527801514, 0.6173170804977417, 0.03102467954158783, 0.17758402228355408, 0.10009448230266571, 0.06385242938995361, 0.23424121737480164, 1.1571131944656372, 1.9560151100158691, 0.4780707061290741, 0.510693371295929, 0.6413249373435974, 0.03536827862262726, 0.01497636828571558, 0.07345887273550034, 0.18025003373622894, 0.08663959801197052, 0.07131793349981308, 0.08018314838409424, 0.16690988838672638, 0.14938724040985107, 0.5108182430267334, 0.6350354552268982, 0.23344552516937256, 0.5979761481285095, 0.7210075259208679, 0.6624658107757568, 1.1729919910430908, 0.16513240337371826, 0.2227887362241745, 0.7111013531684875, 0.052667804062366486, 0.8295199871063232, 0.23818281292915344, 0.015844743698835373, 0.576858639717102, 0.2781825065612793, 0.07908186316490173, 0.427934855222702, 0.6630422472953796, 0.876513659954071, 0.5129811763763428, 0.7859875559806824, 0.29319238662719727, 0.14247886836528778, 0.053038425743579865, 1.661322832107544, 0.3399116098880768, 0.7001081109046936, 1.222163438796997, 0.19795911014080048, 0.02794497273862362, 0.8746872544288635, 1.2669627666473389, 1.6839076280593872, 0.11128588020801544, 0.041288357228040695, 1.7315430641174316, 0.1869291514158249, 0.2166065275669098, 0.23559996485710144, 0.6503458023071289, 0.3740282356739044, 0.17788180708885193, 0.1027393490076065, 0.2129148244857788, 0.03468278795480728, 0.19202175736427307, 1.0763347148895264, 0.2731083333492279, 0.028301414102315903, 0.25023022294044495, 0.07280808687210083, 1.0232268571853638, 0.37633413076400757, 0.07085975259542465, 0.6498996019363403, 0.27452972531318665, 1.2521061897277832, 0.13491873443126678, 0.08033391088247299, 1.1162819862365723, 1.0116075277328491, 1.6119985580444336, 0.3207167685031891, 0.9395734667778015, 0.48658883571624756, 0.2245480716228485, 0.051212605088949203, 0.5409610271453857, 0.1928960084915161, 0.6122260093688965, 0.5484856367111206, 0.006583353038877249, 0.7196735143661499, 0.30575186014175415, 0.9736676812171936, 0.14039643108844757, 0.8735908269882202, 0.6294931173324585, 0.046583667397499084, 0.09015429019927979, 0.9401096701622009, 0.6000070571899414, 0.429623007774353, 1.2238247394561768, 0.04765446484088898, 0.22905436158180237, 0.348579466342926, 0.028979064896702766, 0.04679179564118385, 0.8699369430541992, 0.2343563735485077, 0.22968651354312897, 0.21576209366321564, 1.1514177322387695, 0.8333740830421448, 0.02320820651948452, 0.09540083259344101, 0.38596001267433167], "test_loss": 0.47686056025109136, "test_batch_lens": [4, 4, 4, 4, 4, 4, 4, 4, 4, 4, 4, 4, 4, 4, 4, 4, 4, 4, 4, 4, 4, 4, 4, 4, 4, 4, 4, 4, 4, 4, 4, 4, 4, 4, 4, 4, 4, 4, 4, 4, 4, 4, 4, 4, 4, 4, 4, 4, 4, 4, 4, 4, 4, 4, 4, 4, 4, 4, 4, 4, 4, 4, 4, 4, 4, 4, 4, 4, 4, 4, 4, 4, 4, 4, 4, 4, 4, 4, 4, 4, 4, 4, 4, 4, 4, 4, 4, 4, 4, 4, 4, 4, 4, 4, 4, 4, 4, 4, 4, 4, 4, 4, 4, 4, 4, 4, 4, 4, 4, 4, 4, 4, 4, 4, 4, 4, 4, 4, 4, 4, 4, 4, 4, 4, 4, 4, 4, 4, 4, 4, 4, 4, 4, 4, 4, 4, 4, 4, 4, 4, 4, 4, 4, 4, 4, 4, 4, 4, 4, 4, 4, 4, 4, 4, 4, 4, 4, 4, 4, 4, 4, 4, 3], "test_accuracy": 0.8448540706605223, "predictions": [7, 4, 1, 10, 7, 1, 8, 8, 0, 3, 4, 7, 1, 9, 0, 1, 9, 6, 4, 9, 8, 10, 1, 4, 6, 8, 9, 6, 2, 10, 8, 1, 1, 6, 6, 3, 10, 5, 5, 0, 10, 3, 2, 10, 7, 8, 4, 3, 8, 8, 8, 4, 3, 9, 6, 0, 1, 9, 1, 10, 10, 6, 8, 6, 5, 9, 8, 5, 8, 0, 3, 1, 8, 3, 1, 8, 6, 8, 9, 2, 3, 1, 1, 0, 5, 5, 1, 8, 8, 8, 9, 2, 10, 7, 0, 5, 1, 8, 2, 7, 5, 0, 10, 6, 10, 8, 3, 9, 10, 4, 7, 9, 0, 3, 7, 4, 0, 8, 0, 0, 4, 3, 5, 6, 5, 1, 7, 9, 6, 7, 4, 0, 10, 10, 7, 9, 4, 1, 9, 0, 10, 3, 3, 9, 4, 7, 4, 7, 2, 10, 8, 4, 10, 10, 1, 0, 10, 5, 4, 7, 8, 9, 10, 4, 2, 3, 10, 5, 8, 0, 9, 0, 10, 7, 6, 8, 8, 8, 1, 2, 6, 3, 5, 3, 9, 3, 4, 8, 3, 2, 0, 2, 0, 9, 9, 8, 1, 3, 5, 9, 9, 1, 6, 1, 4, 0, 9, 0, 3, 9, 5, 2, 8, 5, 4, 5, 6, 10, 8, 4, 7, 3, 0, 6, 7, 0, 5, 7, 1, 0, 1, 6, 3, 7, 7, 2, 10, 4, 3, 10, 9, 4, 3, 3, 1, 7, 8, 5, 2, 4, 10, 1, 1, 2, 3, 10, 6, 9, 9, 3, 3, 10, 7, 0, 5, 1, 8, 1, 3, 7, 3, 10, 3, 5, 9, 2, 7, 9, 9, 7, 9, 8, 5, 10, 2, 4, 2, 5, 5, 3, 8, 0, 8, 2, 0, 1, 2, 7, 3, 2, 4, 10, 3, 6, 6, 0, 2, 7, 10, 1, 7, 6, 9, 2, 8, 3, 0, 9, 4, 3, 2, 6, 7, 9, 1, 2, 8, 5, 2, 9, 4, 4, 3, 8, 4, 7, 1, 10, 7, 2, 5, 0, 8, 10, 5, 0, 5, 7, 3, 6, 4, 6, 4, 9, 5, 1, 0, 3, 7, 4, 4, 9, 6, 10, 4, 9, 10, 5, 6, 9, 4, 0, 5, 0, 9, 10, 5, 0, 3, 7, 3, 0, 10, 2, 10, 4, 4, 7, 3, 7, 0, 9, 9, 4, 0, 0, 5, 6, 9, 9, 7, 0, 2, 9, 1, 10, 10, 5, 5, 7, 3, 3, 5, 10, 9, 7, 2, 3, 1, 3, 0, 5, 5, 1, 2, 0, 1, 8, 8, 4, 8, 3, 8, 0, 3, 2, 2, 3, 7, 10, 10, 4, 10, 8, 6, 5, 0, 10, 8, 2, 1, 9, 9, 5, 9, 9, 1, 3, 5, 7, 9, 10, 1, 8, 0, 6, 3, 1, 2, 4, 10, 1, 1, 2, 8, 2, 4, 8, 2, 8, 4, 9, 0, 7, 6, 9, 0, 0, 2, 8, 6, 9, 3, 7, 2, 4, 10, 0, 1, 3, 1, 6, 8, 4, 10, 3, 1, 5, 0, 7, 7, 10, 9, 10, 8, 5, 5, 7, 5, 3, 4, 5, 0, 4, 5, 4, 9, 5, 9, 7, 7, 2, 0, 2, 4, 3, 2, 6, 1, 8, 9, 1, 8, 0, 2, 0, 9, 7, 6, 4, 6, 9, 0, 10, 8, 8, 10, 1, 9, 3, 2, 7, 9, 6, 8, 8, 9, 0, 8, 2, 10, 8, 2, 10, 8, 7, 9, 6, 8, 6, 6, 9, 7, 4, 7, 4, 4, 9, 3, 3, 7, 4, 1, 0, 5, 2, 0, 7, 8, 0, 7, 4, 5, 5, 4, 8, 2, 6, 1, 5, 3, 0, 1, 4, 7, 1, 9, 4, 6, 2, 10, 7, 1, 0, 3, 9, 1, 4, 3, 10, 7, 8, 9, 9, 1, 8, 2, 3, 0, 8, 6, 8, 1, 7, 4, 0, 2, 0, 1, 6, 7],