{"val_acc": [0.29493087557603687, 0.6543778801843319, 0.8632872503840245, 0.8924731182795699, 0.8970814132104454, 0.9324116743471582, 0.9247311827956989, 0.9278033794162827, 0.9278033794162827, 0.9231950844854071], "val_loss": [1.9452477975125693, 1.0539815655789493, 0.4287057114490794, 0.3272359271053842, 0.3280401372754635, 0.22678772550529053, 0.2803156787293543, 0.241192270483504, 0.2309134115856548, 0.26423644168769816], "train_loss": [2.3229624564425713, 1.5439554258340469, 0.6874221972094559, 0.3901955673418182, 0.2991640577966728, 0.2470997530503408, 0.21065180351726695, 0.17663021404834453, 0.15459802971559578, 0.13062793815922027], "test_correct_in_batch": [4.0, 4.0, 3.0, 1.0, 4.0, 4.0, 3.0, 2.0, 3.0, 4.0, 4.0, 4.0, 3.0, 4.0, 4.0, 3.0, 4.0, 4.0, 3.0, 3.0, 3.0, 4.0, 3.0, 4.0, 4.0, 4.0, 4.0, 3.0, 4.0, 4.0, 3.0, 4.0, 4.0, 4.0, 4.0, 4.0, 4.0, 4.0, 4.0, 4.0, 4.0, 4.0, 3.0, 4.0, 4.0, 4.0, 3.0, 2.0, 4.0, 3.0, 3.0, 1.0, 4.0, 4.0, 4.0, 4.0, 4.0, 4.0, 4.0, 4.0, 4.0, 4.0, 4.0, 4.0, 3.0, 4.0, 4.0, 3.0, 4.0, 3.0, 3.0, 4.0, 4.0, 3.0, 4.0, 4.0, 4.0, 4.0, 3.0, 4.0, 3.0, 4.0, 4.0, 4.0, 3.0, 3.0, 4.0, 4.0, 4.0, 3.0, 4.0, 4.0, 3.0, 4.0, 4.0, 4.0, 4.0, 2.0, 4.0, 3.0, 3.0, 4.0, 4.0, 3.0, 4.0, 4.0, 4.0, 4.0, 4.0, 4.0, 4.0, 4.0, 4.0, 3.0, 4.0, 4.0, 3.0, 4.0, 4.0, 3.0, 4.0, 2.0, 3.0, 4.0, 3.0, 4.0, 3.0, 4.0, 4.0, 3.0, 4.0, 3.0, 4.0, 2.0, 4.0, 4.0, 4.0, 3.0, 4.0, 3.0, 4.0, 4.0, 3.0, 4.0, 4.0, 3.0, 3.0, 4.0, 4.0, 4.0, 4.0, 4.0, 3.0, 4.0, 3.0, 4.0, 4.0, 3.0, 4.0, 4.0, 4.0, 4.0, 3.0], "test_losses": [0.0005990543286316097, 0.004190520849078894, 0.4049379527568817, 1.1062953472137451, 0.023135583847761154, 0.00035632189246825874, 0.66996830701828, 1.3300598859786987, 1.0786986351013184, 0.0005815393524244428, 0.0009595787269063294, 0.005804917309433222, 0.514695405960083, 0.007877159863710403, 0.002289423020556569, 1.5965328216552734, 0.3303988575935364, 0.21128104627132416, 1.293126106262207, 0.2747041881084442, 0.8785304427146912, 0.09176462143659592, 0.3547665774822235, 0.00030448244069702923, 0.010501178912818432, 0.00018414708029013127, 0.0010353655088692904, 0.5862791538238525, 0.005433592014014721, 0.00033739631180651486, 0.4054471552371979, 0.0006627981783822179, 0.0026678803842514753, 0.00016490860434714705, 0.0003696947533171624, 0.002342034364119172, 0.01592850312590599, 0.049316391348838806, 0.00517131807282567, 0.0856289193034172, 0.20021267235279083, 0.001876337337307632, 0.9262464642524719, 0.00033680687192827463, 0.014552528038620949, 0.001673787017352879, 0.3675500154495239, 2.6712565422058105, 0.0817340761423111, 0.2279427945613861, 1.5605887174606323, 2.7774746417999268, 0.18898828327655792, 0.18118372559547424, 0.16018468141555786, 0.00018848179024644196, 0.04076780378818512, 0.010117581114172935, 0.004944997373968363, 0.012835697270929813, 0.020104410126805305, 0.06770623475313187, 0.014773217029869556, 0.00043970695696771145, 1.1695793867111206, 0.003259185701608658, 0.00021842157002538443, 0.5080305933952332, 0.07555858790874481, 1.0249052047729492, 1.271911382675171, 0.0006347579183056951, 0.047920241951942444, 0.539397120475769, 8.352875738637522e-05, 0.005666263867169619, 0.00034294003853574395, 9.320533717982471e-05, 0.5638381838798523, 0.014844988472759724, 0.7908554077148438, 0.0009674569009803236, 0.0023746928200125694, 0.018706219270825386, 0.302467405796051, 0.3908352255821228, 0.0010910157579928637, 0.001327725127339363, 0.005778646096587181, 0.3870323598384857, 0.005691598169505596, 0.005424116738140583, 0.4203227758407593, 0.04825399070978165, 0.002088141394779086, 0.014170831069350243, 0.008780539967119694, 2.1647090911865234, 0.0005339150666259229, 0.6239864826202393, 0.7400805950164795, 0.026320837438106537, 0.00015003352018538862, 1.6223222017288208, 0.0066921706311404705, 0.0009418736444786191, 0.0005840047379024327, 0.003323361976072192, 0.014007333666086197, 0.03420758619904518, 0.0005340464995242655, 0.02406761795282364, 0.22537586092948914, 0.3057584762573242, 0.016284899786114693, 0.0008898674859665334, 0.3286426365375519, 0.036185503005981445, 0.0008548774057999253, 1.3766827583312988, 0.1114586740732193, 1.32308828830719, 0.4044540524482727, 0.24614182114601135, 1.434070110321045, 0.105623759329319, 1.5206656455993652, 0.13565947115421295, 0.00831890944391489, 0.29797178506851196, 0.023983832448720932, 0.21401472389698029, 0.0014521676348522305, 1.6465646028518677, 0.002851968863978982, 0.045970138162374496, 0.0007258867844939232, 0.8193610906600952, 0.005700340960174799, 0.6566711664199829, 0.08634081482887268, 0.13816195726394653, 2.7393457889556885, 0.0008915661601349711, 0.0018426977330818772, 0.42939597368240356, 1.3204177618026733, 0.0009038904681801796, 0.007723853923380375, 0.006089737638831139, 0.016225121915340424, 0.0030145919881761074, 0.8435038924217224, 0.0011783028021454811, 1.239984393119812, 0.06455299258232117, 0.005307199899107218, 0.9048154354095459, 0.16167202591896057, 0.0001042103031068109, 5.230138776823878e-05, 0.0003997946041636169, 0.011703922413289547], "test_loss": 0.32552744941619877, "test_batch_lens": [4, 4, 4, 4, 4, 4, 4, 4, 4, 4, 4, 4, 4, 4, 4, 4, 4, 4, 4, 4, 4, 4, 4, 4, 4, 4, 4, 4, 4, 4, 4, 4, 4, 4, 4, 4, 4, 4, 4, 4, 4, 4, 4, 4, 4, 4, 4, 4, 4, 4, 4, 4, 4, 4, 4, 4, 4, 4, 4, 4, 4, 4, 4, 4, 4, 4, 4, 4, 4, 4, 4, 4, 4, 4, 4, 4, 4, 4, 4, 4, 4, 4, 4, 4, 4, 4, 4, 4, 4, 4, 4, 4, 4, 4, 4, 4, 4, 4, 4, 4, 4, 4, 4, 4, 4, 4, 4, 4, 4, 4, 4, 4, 4, 4, 4, 4, 4, 4, 4, 4, 4, 4, 4, 4, 4, 4, 4, 4, 4, 4, 4, 4, 4, 4, 4, 4, 4, 4, 4, 4, 4, 4, 4, 4, 4, 4, 4, 4, 4, 4, 4, 4, 4, 4, 4, 4, 4, 4, 4, 4, 4, 4, 3], "test_accuracy": 0.9062980030721967, "predictions": [7, 4, 1, 10, 7, 1, 8, 8, 0, 3, 4, 7, 1, 4, 8, 1, 9, 6, 4, 9, 8, 10, 1, 4, 6, 1, 8, 6, 6, 8, 8, 0, 1, 1, 6, 3, 10, 5, 5, 0, 10, 3, 2, 10, 7, 8, 4, 3, 3, 8, 1, 4, 3, 4, 6, 1, 1, 9, 1, 10, 10, 6, 6, 6, 5, 5, 8, 5, 8, 1, 3, 1, 5, 3, 1, 8, 6, 8, 9, 1, 3, 1, 1, 1, 5, 5, 1, 8, 0, 5, 9, 10, 10, 7, 1, 5, 1, 8, 2, 7, 5, 1, 10, 6, 10, 8, 3, 9, 10, 4, 7, 7, 0, 3, 7, 6, 0, 8, 0, 0, 4, 3, 7, 6, 5, 1, 7, 9, 6, 7, 4, 0, 10, 10, 7, 9, 4, 1, 9, 0, 10, 3, 3, 9, 4, 7, 4, 7, 2, 10, 2, 4, 10, 10, 1, 0, 10, 5, 4, 7, 8, 9, 10, 4, 2, 3, 10, 5, 8, 0, 7, 0, 10, 7, 6, 8, 0, 8, 1, 2, 6, 3, 5, 3, 9, 10, 4, 8, 1, 2, 3, 2, 0, 9, 9, 8, 3, 3, 5, 9, 4, 1, 6, 1, 4, 5, 9, 9, 3, 9, 5, 6, 2, 5, 4, 5, 2, 10, 8, 4, 7, 3, 0, 6, 7, 0, 5, 7, 1, 0, 1, 6, 3, 7, 7, 2, 10, 4, 3, 10, 9, 4, 3, 3, 1, 7, 8, 5, 2, 4, 10, 1, 1, 2, 3, 10, 6, 9, 5, 1, 3, 10, 7, 1, 5, 1, 8, 1, 5, 7, 3, 10, 3, 5, 2, 2, 7, 1, 9, 7, 1, 8, 8, 10, 2, 4, 2, 5, 5, 3, 8, 0, 8, 6, 1, 1, 2, 7, 3, 2, 4, 10, 8, 6, 6, 0, 2, 7, 10, 1, 7, 6, 4, 2, 5, 2, 0, 9, 4, 3, 9, 6, 7, 9, 1, 8, 8, 5, 2, 9, 4, 1, 1, 8, 4, 7, 1, 8, 7, 2, 5, 0, 4, 10, 5, 0, 5, 7, 3, 6, 4, 6, 4, 9, 5, 1, 8, 3, 7, 8, 4, 4, 6, 10, 8, 9, 8, 5, 6, 7, 4, 8, 5, 0, 9, 10, 5, 0, 3, 7, 3, 1, 8, 2, 2, 4, 4, 9, 3, 7, 1, 7, 9, 4, 0, 0, 5, 6, 7, 9, 7, 7, 8, 9, 1, 10, 10, 5, 5, 7, 3, 3, 5, 10, 4, 7, 2, 3, 1, 1, 0, 5, 4, 1, 2, 0, 1, 8, 8, 4, 8, 3, 8, 0, 3, 2, 2, 3, 7, 10, 10, 4, 10, 6, 6, 5, 0, 9, 8, 2, 1, 9, 4, 5, 9, 9, 1, 3, 5, 7, 9, 10, 1, 8, 1, 6, 3, 4, 2, 4, 10, 1, 1, 2, 8, 2, 4, 8, 2, 0, 9, 9, 0, 7, 6, 4, 3, 0, 2, 1, 6, 9, 3, 7, 2, 4, 10, 0, 1, 3, 9, 6, 3, 4, 6, 3, 1, 5, 0, 1, 7, 10, 4, 10, 2, 5, 5, 7, 5, 3, 4, 5, 0, 4, 5, 4, 4, 5, 9, 7, 7, 2, 1, 2, 5, 3, 2, 9, 1, 8, 9, 1, 8, 8, 2, 0, 9, 7, 6, 1, 6, 9, 0, 10, 8, 8, 5, 1, 7, 3, 2, 7, 9, 6, 7, 8, 9, 0, 8, 2, 7, 5, 2, 10, 8, 7, 9, 6, 8, 6, 6, 9, 7, 9, 7, 1, 4, 9, 3, 3, 7, 4, 1, 7, 5, 4, 0, 7, 8, 0, 7, 4, 5, 5, 4, 8, 6, 6, 1, 5, 8, 0, 1, 4, 7, 1, 9, 4, 6, 9, 10, 7, 1, 0, 3, 9, 1, 4, 3, 8, 7, 8, 9, 9, 4, 0, 2, 3, 7, 8, 6, 8, 1, 7, 4, 0, 2, 0, 8, 6, 7],