{"val_acc": [0.5176651305683564, 0.65284178187404, 0.6436251920122887, 0.695852534562212, 0.674347158218126, 0.7357910906298003, 0.7511520737327189, 0.7465437788018433, 0.7572964669738863, 0.7634408602150538], "val_loss": [1.4054354307201742, 1.0705390280009779, 0.986684140572153, 0.9210294110506224, 0.935592283111957, 0.7769368547557688, 0.758930264132246, 0.722700204331702, 0.6716723823819903, 0.6455050514256753], "train_loss": [1.8538884133779696, 1.2063467017303733, 1.0346279678004038, 0.9108362267954726, 0.8310541804557471, 0.7545973100972393, 0.6922316047025346, 0.6474017167373732, 0.5956121196915815, 0.5610058619499364], "test_correct_in_batch": [4.0, 2.0, 3.0, 3.0, 3.0, 3.0, 2.0, 3.0, 2.0, 3.0, 4.0, 4.0, 3.0, 3.0, 4.0, 3.0, 3.0, 3.0, 2.0, 2.0, 3.0, 3.0, 2.0, 4.0, 4.0, 4.0, 3.0, 3.0, 3.0, 4.0, 1.0, 3.0, 4.0, 4.0, 3.0, 4.0, 3.0, 4.0, 4.0, 4.0, 3.0, 2.0, 2.0, 4.0, 3.0, 4.0, 4.0, 3.0, 4.0, 2.0, 4.0, 1.0, 2.0, 4.0, 4.0, 3.0, 3.0, 4.0, 3.0, 1.0, 3.0, 3.0, 4.0, 4.0, 3.0, 3.0, 3.0, 3.0, 3.0, 3.0, 2.0, 3.0, 3.0, 3.0, 4.0, 3.0, 4.0, 4.0, 2.0, 2.0, 4.0, 1.0, 4.0, 2.0, 2.0, 3.0, 2.0, 3.0, 3.0, 3.0, 3.0, 4.0, 2.0, 4.0, 4.0, 2.0, 4.0, 2.0, 1.0, 4.0, 4.0, 3.0, 4.0, 4.0, 2.0, 2.0, 2.0, 3.0, 4.0, 4.0, 4.0, 3.0, 4.0, 2.0, 2.0, 3.0, 2.0, 4.0, 4.0, 2.0, 2.0, 2.0, 3.0, 4.0, 3.0, 4.0, 3.0, 2.0, 2.0, 4.0, 2.0, 3.0, 4.0, 3.0, 2.0, 2.0, 3.0, 4.0, 3.0, 3.0, 4.0, 3.0, 2.0, 4.0, 4.0, 2.0, 2.0, 4.0, 3.0, 4.0, 2.0, 4.0, 4.0, 4.0, 2.0, 3.0, 4.0, 4.0, 3.0, 4.0, 4.0, 3.0, 3.0], "test_losses": [0.007232021540403366, 0.8326106071472168, 0.7059853076934814, 2.0230772495269775, 0.6563478708267212, 0.34872859716415405, 1.4387640953063965, 0.40145930647850037, 1.0395376682281494, 0.3069729506969452, 0.3630407452583313, 0.06718915700912476, 1.1928043365478516, 0.5905764698982239, 0.20060580968856812, 0.697685718536377, 0.6944337487220764, 1.2454423904418945, 1.4879989624023438, 1.1615135669708252, 0.8552859425544739, 0.7846012115478516, 1.516402006149292, 0.03976959362626076, 0.09200312942266464, 0.18573467433452606, 0.5923968553543091, 0.6825755834579468, 0.849449872970581, 0.266021728515625, 1.9307664632797241, 0.3771882951259613, 0.09275885671377182, 0.14260989427566528, 1.2168000936508179, 0.2505068778991699, 0.24931517243385315, 0.10666125267744064, 0.15698254108428955, 0.026265496388077736, 0.42910975217819214, 0.7400468587875366, 0.9276301264762878, 0.10803621262311935, 0.503951370716095, 0.12199776619672775, 0.11713236570358276, 1.2543144226074219, 0.3113452196121216, 1.042414665222168, 0.27301883697509766, 3.501467704772949, 1.1099979877471924, 0.530332088470459, 0.11942682415246964, 0.40382954478263855, 0.7841046452522278, 0.20499634742736816, 0.670217752456665, 1.2897440195083618, 0.3338524103164673, 1.4484260082244873, 0.21086885035037994, 0.24563616514205933, 0.458318829536438, 0.8310068249702454, 0.6311115622520447, 1.2450971603393555, 0.7125440239906311, 0.8654846549034119, 1.6215755939483643, 0.4418463110923767, 0.543664813041687, 1.499656319618225, 0.017047595232725143, 0.7558761239051819, 0.0881253033876419, 0.02880110964179039, 2.314816951751709, 2.051835536956787, 0.1630689650774002, 1.706361174583435, 0.5346882343292236, 1.5019375085830688, 0.8461228609085083, 0.8262609243392944, 0.7295182347297668, 1.1100894212722778, 0.8134583830833435, 0.6263906955718994, 1.3460403680801392, 0.20110149681568146, 1.260368824005127, 0.17065325379371643, 0.18775978684425354, 1.097372055053711, 0.15935267508029938, 1.709275722503662, 0.9734734296798706, 0.2071225941181183, 0.439832478761673, 0.4389725923538208, 0.21994948387145996, 0.3616712689399719, 1.333194375038147, 1.490873098373413, 0.7163936495780945, 1.0484397411346436, 0.05564271658658981, 0.2818599045276642, 0.023268263787031174, 0.7735605239868164, 0.1856120377779007, 1.274925947189331, 1.1750178337097168, 0.5755823254585266, 1.8296682834625244, 0.01351173035800457, 0.03751053661108017, 1.6787753105163574, 1.0592000484466553, 1.3632420301437378, 0.4023453891277313, 0.030652955174446106, 1.4982503652572632, 0.21805322170257568, 0.9598185420036316, 1.1722476482391357, 1.2586356401443481, 0.1522960513830185, 1.5212271213531494, 0.3592909872531891, 0.1166648268699646, 1.286471962928772, 0.8911898732185364, 1.7479352951049805, 0.2699851393699646, 0.24547535181045532, 0.5920219421386719, 0.9156522750854492, 0.16344663500785828, 2.108112335205078, 1.7794500589370728, 0.027860745787620544, 0.22285085916519165, 1.7085537910461426, 1.365000605583191, 0.05589059740304947, 1.0158464908599854, 0.011703181080520153, 2.091376781463623, 0.09671522676944733, 0.18224409222602844, 0.11816470324993134, 1.0339601039886475, 0.5795774459838867, 0.3180549740791321, 0.33957913517951965, 1.1433775424957275, 0.22400972247123718, 0.08569587767124176, 0.5607486367225647, 0.0715077668428421], "test_loss": 0.7248703771059407, "test_batch_lens": [4, 4, 4, 4, 4, 4, 4, 4, 4, 4, 4, 4, 4, 4, 4, 4, 4, 4, 4, 4, 4, 4, 4, 4, 4, 4, 4, 4, 4, 4, 4, 4, 4, 4, 4, 4, 4, 4, 4, 4, 4, 4, 4, 4, 4, 4, 4, 4, 4, 4, 4, 4, 4, 4, 4, 4, 4, 4, 4, 4, 4, 4, 4, 4, 4, 4, 4, 4, 4, 4, 4, 4, 4, 4, 4, 4, 4, 4, 4, 4, 4, 4, 4, 4, 4, 4, 4, 4, 4, 4, 4, 4, 4, 4, 4, 4, 4, 4, 4, 4, 4, 4, 4, 4, 4, 4, 4, 4, 4, 4, 4, 4, 4, 4, 4, 4, 4, 4, 4, 4, 4, 4, 4, 4, 4, 4, 4, 4, 4, 4, 4, 4, 4, 4, 4, 4, 4, 4, 4, 4, 4, 4, 4, 4, 4, 4, 4, 4, 4, 4, 4, 4, 4, 4, 4, 4, 4, 4, 4, 4, 4, 4, 3], "test_accuracy": 0.7695852534562212, "predictions": [7, 4, 1, 10, 7, 1, 2, 5, 0, 2, 4, 7, 1, 9, 8, 0, 9, 6, 4, 6, 8, 10, 0, 4, 8, 8, 9, 6, 6, 8, 2, 0, 3, 3, 6, 3, 10, 5, 5, 1, 10, 3, 2, 10, 7, 8, 4, 3, 3, 8, 2, 4, 3, 7, 6, 1, 1, 9, 1, 10, 10, 6, 9, 6, 5, 9, 8, 5, 8, 1, 3, 3, 5, 3, 1, 6, 6, 2, 4, 2, 3, 1, 1, 1, 5, 5, 1, 3, 8, 9, 9, 10, 10, 7, 1, 5, 1, 8, 2, 7, 5, 1, 10, 6, 10, 9, 3, 9, 10, 4, 7, 9, 0, 3, 7, 8, 0, 8, 0, 0, 4, 0, 9, 8, 5, 1, 7, 3, 6, 7, 4, 0, 10, 10, 7, 9, 4, 3, 9, 0, 10, 3, 3, 9, 9, 7, 4, 7, 2, 10, 2, 4, 10, 10, 1, 0, 10, 5, 4, 7, 8, 1, 10, 4, 10, 9, 10, 5, 9, 0, 7, 0, 10, 7, 6, 8, 0, 8, 1, 6, 6, 3, 5, 3, 9, 3, 4, 8, 3, 4, 0, 2, 0, 9, 9, 8, 3, 1, 5, 9, 8, 1, 6, 1, 4, 0, 3, 5, 3, 3, 5, 1, 2, 5, 4, 5, 2, 10, 8, 4, 7, 1, 0, 6, 7, 0, 6, 7, 1, 0, 1, 6, 3, 7, 9, 2, 2, 9, 1, 10, 9, 9, 3, 3, 1, 7, 1, 5, 2, 4, 10, 1, 1, 2, 3, 10, 1, 9, 5, 3, 3, 8, 7, 1, 5, 1, 8, 8, 8, 7, 9, 10, 3, 5, 6, 2, 7, 4, 9, 7, 9, 1, 8, 10, 2, 4, 6, 5, 5, 3, 8, 2, 8, 9, 0, 1, 2, 7, 3, 2, 4, 10, 3, 6, 6, 0, 2, 7, 10, 1, 7, 6, 7, 2, 4, 2, 0, 9, 9, 2, 2, 6, 7, 9, 1, 2, 7, 8, 2, 9, 4, 1, 3, 1, 4, 7, 1, 3, 9, 2, 5, 0, 9, 10, 8, 0, 8, 7, 3, 6, 5, 6, 8, 9, 5, 1, 8, 3, 9, 7, 4, 2, 6, 10, 8, 9, 8, 5, 2, 9, 4, 0, 5, 0, 9, 10, 5, 0, 3, 7, 3, 8, 8, 4, 2, 4, 4, 9, 3, 9, 9, 10, 7, 9, 3, 0, 5, 6, 9, 9, 7, 7, 6, 9, 1, 10, 8, 5, 5, 7, 3, 3, 5, 10, 9, 7, 2, 3, 0, 3, 0, 5, 5, 9, 6, 0, 3, 8, 7, 4, 8, 3, 8, 0, 3, 2, 2, 3, 7, 10, 10, 4, 10, 6, 6, 5, 0, 2, 8, 2, 1, 9, 9, 5, 5, 2, 2, 0, 5, 7, 9, 10, 3, 8, 0, 6, 3, 4, 2, 4, 10, 1, 1, 2, 8, 2, 4, 3, 2, 8, 4, 7, 0, 7, 6, 5, 2, 1, 2, 6, 6, 9, 3, 7, 2, 4, 8, 0, 1, 3, 9, 6, 3, 4, 9, 3, 3, 5, 3, 1, 7, 2, 8, 10, 4, 5, 5, 7, 5, 1, 9, 5, 1, 4, 5, 4, 4, 5, 9, 7, 7, 2, 0, 6, 4, 3, 10, 9, 1, 6, 6, 1, 8, 5, 2, 0, 1, 7, 6, 9, 6, 9, 0, 10, 8, 0, 8, 1, 7, 3, 2, 7, 9, 6, 2, 8, 9, 0, 7, 2, 10, 6, 2, 10, 8, 7, 9, 6, 8, 6, 6, 9, 7, 4, 7, 9, 4, 4, 3, 3, 7, 4, 1, 7, 5, 2, 0, 7, 8, 0, 7, 9, 8, 5, 4, 8, 6, 6, 1, 5, 3, 0, 1, 4, 7, 1, 9, 5, 6, 8, 10, 8, 1, 0, 3, 9, 1, 4, 3, 10, 7, 8, 9, 4, 4, 0, 2, 3, 7, 8, 6, 8, 1, 7, 4, 9, 2, 0, 8, 6, 7],