{"val_acc": [0.42857142857142855, 0.5069124423963134, 0.5852534562211982, 0.6298003072196621, 0.6344086021505376, 0.7204301075268817, 0.7403993855606759, 0.7634408602150538, 0.7711213517665131, 0.7895545314900153], "val_loss": [1.6536713614602763, 1.3224600865248521, 1.1333682090501112, 1.0452134326968823, 1.0179118225179566, 0.7831393519953533, 0.7520189668606121, 0.6683982758457127, 0.6639854428715478, 0.6150107301051723], "train_loss": [1.9753530234584944, 1.4995696331859503, 1.216512943075945, 1.0724886470819466, 0.9492113731349321, 0.8539908820053035, 0.7731226591737461, 0.720709780139145, 0.6623780209892051, 0.6307808005020531], "test_correct_in_batch": [4.0, 3.0, 2.0, 2.0, 4.0, 4.0, 3.0, 3.0, 3.0, 4.0, 4.0, 3.0, 3.0, 4.0, 3.0, 3.0, 3.0, 2.0, 2.0, 2.0, 4.0, 3.0, 1.0, 3.0, 3.0, 3.0, 3.0, 2.0, 3.0, 4.0, 0.0, 4.0, 4.0, 4.0, 4.0, 3.0, 4.0, 4.0, 3.0, 4.0, 3.0, 4.0, 3.0, 4.0, 4.0, 4.0, 3.0, 3.0, 4.0, 2.0, 3.0, 1.0, 4.0, 2.0, 3.0, 4.0, 3.0, 3.0, 4.0, 3.0, 4.0, 4.0, 3.0, 4.0, 4.0, 3.0, 4.0, 3.0, 3.0, 3.0, 1.0, 4.0, 3.0, 3.0, 4.0, 4.0, 3.0, 3.0, 4.0, 4.0, 4.0, 3.0, 4.0, 2.0, 2.0, 3.0, 3.0, 3.0, 3.0, 2.0, 3.0, 3.0, 1.0, 4.0, 4.0, 3.0, 2.0, 1.0, 4.0, 4.0, 3.0, 3.0, 3.0, 4.0, 2.0, 3.0, 2.0, 2.0, 4.0, 4.0, 4.0, 3.0, 4.0, 4.0, 3.0, 4.0, 2.0, 4.0, 3.0, 3.0, 4.0, 3.0, 3.0, 3.0, 3.0, 3.0, 4.0, 3.0, 4.0, 2.0, 2.0, 3.0, 4.0, 3.0, 3.0, 2.0, 3.0, 2.0, 3.0, 3.0, 4.0, 3.0, 3.0, 4.0, 3.0, 3.0, 3.0, 4.0, 3.0, 4.0, 3.0, 4.0, 4.0, 4.0, 3.0, 3.0, 4.0, 3.0, 3.0, 3.0, 4.0, 3.0, 3.0], "test_losses": [0.042521994560956955, 0.4873107671737671, 1.253313422203064, 1.166709542274475, 0.03487240895628929, 0.06948045641183853, 1.4590656757354736, 0.5690768957138062, 0.6909818053245544, 0.10436783730983734, 0.253061443567276, 1.2329072952270508, 1.9727938175201416, 0.17046122252941132, 0.302377313375473, 0.9342747926712036, 0.5817626118659973, 1.5057494640350342, 1.0549781322479248, 0.7043720483779907, 0.3334771692752838, 0.3522641956806183, 1.5900852680206299, 0.23009294271469116, 0.4752568006515503, 0.8688344359397888, 0.4476102590560913, 0.8378557562828064, 0.7246919274330139, 0.40961647033691406, 2.815897226333618, 0.13864493370056152, 0.16555829346179962, 0.15849560499191284, 0.09364353865385056, 0.5201455950737, 0.1146848127245903, 0.14890719950199127, 0.2992667555809021, 0.15474246442317963, 0.5521628260612488, 0.04372907802462578, 1.0938010215759277, 0.08533445745706558, 0.2792133688926697, 0.04359012097120285, 0.31155848503112793, 0.8233997225761414, 0.2196158468723297, 1.1646075248718262, 1.4956270456314087, 1.9396655559539795, 0.1205684170126915, 0.9697519540786743, 0.3301887810230255, 0.3101167678833008, 0.3944834768772125, 0.4755665361881256, 0.07531516999006271, 0.6289302706718445, 0.11231089383363724, 0.176164448261261, 0.36545562744140625, 0.18744289875030518, 0.14536060392856598, 0.5092494487762451, 0.38126468658447266, 0.7208486795425415, 0.6378587484359741, 0.6108307838439941, 2.2978463172912598, 0.0621357336640358, 1.5307908058166504, 0.8203451633453369, 0.054448939859867096, 0.21370820701122284, 0.35127145051956177, 0.6315174102783203, 0.14299696683883667, 0.13829071819782257, 0.18415901064872742, 0.656944751739502, 0.12644444406032562, 1.5076310634613037, 0.8135417103767395, 1.258716344833374, 0.5354142189025879, 0.5872387290000916, 1.2227370738983154, 1.9307851791381836, 0.4175727665424347, 0.43659573793411255, 2.813992500305176, 0.10343900322914124, 0.23728065192699432, 0.7039867639541626, 0.7695229649543762, 2.1491549015045166, 0.18944182991981506, 0.1431465744972229, 1.1300249099731445, 0.45960336923599243, 0.8423429727554321, 0.19485355913639069, 0.7108350396156311, 0.516058087348938, 0.6729428768157959, 0.7384426593780518, 0.22457405924797058, 0.03095892071723938, 0.11520437896251678, 0.7495344877243042, 0.12808077037334442, 0.08543334156274796, 0.4166063666343689, 0.13183516263961792, 2.100430965423584, 0.053527411073446274, 0.5846929550170898, 0.7870692014694214, 0.1345939338207245, 1.0114179849624634, 0.3654724657535553, 0.35479503870010376, 0.7949620485305786, 0.5668883323669434, 0.10213024169206619, 0.6230481266975403, 0.12139682471752167, 1.2133548259735107, 0.9525103569030762, 0.8076214790344238, 0.12161686271429062, 0.8087068796157837, 1.337550163269043, 0.9469664692878723, 0.3846106231212616, 1.73613440990448, 0.7322089076042175, 0.8970601558685303, 0.024950020015239716, 0.5950428247451782, 0.9636468887329102, 0.12347203493118286, 0.5091732144355774, 0.545635461807251, 0.9355899691581726, 0.15078502893447876, 0.9912722110748291, 0.17404362559318542, 0.9682302474975586, 0.27682948112487793, 0.08403925597667694, 0.24615956842899323, 0.4380725026130676, 0.6417003870010376, 0.20811565220355988, 0.9399782419204712, 0.6006309986114502, 0.5465757250785828, 0.06502486020326614, 0.4588092863559723, 0.23625457286834717], "test_loss": 0.6080702543715758, "test_batch_lens": [4, 4, 4, 4, 4, 4, 4, 4, 4, 4, 4, 4, 4, 4, 4, 4, 4, 4, 4, 4, 4, 4, 4, 4, 4, 4, 4, 4, 4, 4, 4, 4, 4, 4, 4, 4, 4, 4, 4, 4, 4, 4, 4, 4, 4, 4, 4, 4, 4, 4, 4, 4, 4, 4, 4, 4, 4, 4, 4, 4, 4, 4, 4, 4, 4, 4, 4, 4, 4, 4, 4, 4, 4, 4, 4, 4, 4, 4, 4, 4, 4, 4, 4, 4, 4, 4, 4, 4, 4, 4, 4, 4, 4, 4, 4, 4, 4, 4, 4, 4, 4, 4, 4, 4, 4, 4, 4, 4, 4, 4, 4, 4, 4, 4, 4, 4, 4, 4, 4, 4, 4, 4, 4, 4, 4, 4, 4, 4, 4, 4, 4, 4, 4, 4, 4, 4, 4, 4, 4, 4, 4, 4, 4, 4, 4, 4, 4, 4, 4, 4, 4, 4, 4, 4, 4, 4, 4, 4, 4, 4, 4, 4, 3], "test_accuracy": 0.7926267281105991, "predictions": [7, 4, 1, 10, 7, 0, 8, 8, 1, 3, 4, 7, 1, 9, 8, 8, 9, 6, 4, 9, 8, 10, 1, 4, 6, 8, 4, 6, 6, 8, 2, 0, 0, 9, 6, 3, 10, 5, 5, 0, 10, 3, 2, 10, 7, 8, 1, 3, 3, 8, 3, 4, 3, 4, 6, 1, 1, 9, 0, 10, 10, 6, 9, 6, 5, 9, 8, 5, 8, 0, 3, 3, 4, 3, 0, 8, 8, 3, 9, 2, 3, 1, 3, 1, 5, 5, 1, 3, 3, 5, 9, 2, 10, 7, 0, 5, 0, 8, 2, 7, 5, 0, 10, 6, 8, 8, 3, 9, 10, 9, 7, 4, 0, 3, 7, 8, 0, 8, 0, 0, 9, 3, 1, 2, 5, 1, 7, 9, 6, 7, 4, 0, 10, 10, 7, 9, 4, 1, 9, 0, 10, 3, 0, 9, 4, 7, 4, 7, 2, 10, 2, 4, 10, 10, 3, 0, 10, 5, 4, 7, 9, 9, 10, 4, 2, 3, 10, 5, 8, 1, 9, 0, 10, 7, 6, 8, 0, 8, 1, 2, 6, 3, 5, 3, 9, 2, 4, 8, 3, 2, 7, 2, 0, 9, 9, 8, 3, 3, 9, 9, 9, 1, 6, 1, 4, 1, 9, 9, 3, 9, 5, 6, 6, 5, 4, 4, 2, 10, 0, 4, 7, 3, 0, 6, 7, 1, 5, 7, 0, 0, 1, 6, 3, 7, 7, 2, 10, 9, 3, 10, 9, 4, 3, 3, 1, 7, 8, 5, 2, 4, 10, 3, 1, 2, 3, 10, 6, 9, 5, 3, 3, 10, 7, 0, 5, 1, 8, 1, 8, 7, 2, 10, 3, 5, 9, 2, 7, 4, 9, 7, 4, 1, 3, 10, 2, 4, 2, 5, 5, 3, 8, 5, 5, 6, 0, 1, 2, 7, 3, 2, 4, 10, 8, 6, 6, 8, 2, 7, 10, 1, 1, 6, 9, 2, 5, 2, 0, 9, 4, 3, 2, 6, 7, 9, 1, 9, 8, 5, 2, 9, 4, 1, 3, 8, 2, 7, 1, 3, 9, 2, 5, 0, 9, 10, 5, 1, 5, 7, 3, 6, 9, 6, 9, 9, 5, 1, 0, 3, 9, 7, 4, 9, 6, 10, 8, 9, 10, 5, 2, 9, 4, 1, 5, 0, 9, 10, 5, 0, 3, 7, 3, 0, 8, 2, 10, 4, 4, 4, 3, 0, 0, 4, 9, 4, 0, 0, 5, 6, 9, 9, 7, 3, 6, 9, 1, 10, 10, 4, 5, 7, 0, 3, 5, 10, 9, 7, 2, 3, 0, 3, 3, 5, 4, 1, 6, 0, 3, 8, 8, 9, 7, 3, 8, 0, 3, 2, 2, 3, 7, 10, 10, 4, 10, 6, 6, 5, 1, 9, 8, 2, 1, 9, 9, 5, 9, 9, 1, 8, 5, 7, 9, 10, 1, 8, 3, 6, 3, 9, 2, 4, 10, 1, 1, 6, 8, 2, 4, 3, 2, 5, 9, 9, 0, 7, 6, 9, 9, 0, 2, 0, 6, 9, 0, 7, 2, 4, 2, 0, 1, 3, 4, 6, 3, 4, 6, 3, 3, 5, 0, 7, 7, 10, 4, 10, 2, 5, 5, 7, 4, 3, 9, 5, 8, 4, 5, 4, 4, 5, 9, 7, 7, 2, 0, 2, 2, 3, 2, 2, 1, 8, 9, 1, 6, 0, 2, 0, 1, 7, 5, 1, 6, 9, 0, 10, 8, 3, 4, 3, 7, 3, 2, 7, 9, 6, 7, 3, 9, 0, 8, 2, 1, 5, 2, 10, 8, 7, 1, 6, 8, 6, 6, 9, 7, 9, 7, 4, 4, 9, 3, 3, 7, 4, 1, 0, 5, 4, 0, 7, 8, 0, 8, 4, 5, 5, 4, 8, 6, 6, 1, 5, 3, 0, 1, 4, 7, 1, 9, 4, 6, 8, 10, 7, 1, 3, 3, 9, 1, 4, 3, 10, 7, 6, 9, 9, 8, 0, 2, 3, 1, 8, 6, 8, 1, 7, 4, 1, 2, 0, 8, 6, 7],