{"val_acc": [0.15053763440860216, 0.261136712749616, 0.37327188940092165, 0.4731182795698925, 0.5053763440860215, 0.5099846390168971, 0.5299539170506913, 0.5806451612903226, 0.5622119815668203, 0.5944700460829493], "val_loss": [2.2018572092056274, 2.00325307743681, 1.7437790515232672, 1.5175109949945673, 1.4590605928853977, 1.4152614658961267, 1.3035407353398258, 1.2705164940262133, 1.2572452210209852, 1.1777345618815875], "train_loss": [2.2966900174907168, 2.1009367449479743, 1.9302286180363963, 1.6909972243727516, 1.5356567885304606, 1.4284942223911277, 1.3474541354219363, 1.284881471321938, 1.2267588891157604, 1.1524821143728023], "test_correct_in_batch": [3.0, 3.0, 3.0, 0.0, 3.0, 2.0, 0.0, 2.0, 3.0, 4.0, 3.0, 4.0, 1.0, 3.0, 4.0, 3.0, 2.0, 1.0, 1.0, 2.0, 1.0, 2.0, 2.0, 3.0, 3.0, 3.0, 2.0, 3.0, 1.0, 2.0, 2.0, 4.0, 3.0, 4.0, 3.0, 2.0, 2.0, 3.0, 2.0, 3.0, 2.0, 2.0, 3.0, 4.0, 2.0, 3.0, 2.0, 3.0, 2.0, 1.0, 2.0, 1.0, 0.0, 1.0, 2.0, 4.0, 3.0, 3.0, 4.0, 2.0, 1.0, 3.0, 2.0, 3.0, 1.0, 1.0, 3.0, 2.0, 3.0, 3.0, 1.0, 2.0, 2.0, 1.0, 2.0, 3.0, 2.0, 2.0, 1.0, 0.0, 2.0, 2.0, 4.0, 2.0, 1.0, 3.0, 2.0, 2.0, 4.0, 0.0, 2.0, 3.0, 2.0, 2.0, 4.0, 2.0, 3.0, 2.0, 3.0, 3.0, 2.0, 3.0, 2.0, 2.0, 1.0, 2.0, 2.0, 2.0, 3.0, 2.0, 3.0, 3.0, 3.0, 3.0, 3.0, 3.0, 2.0, 3.0, 3.0, 2.0, 3.0, 3.0, 3.0, 3.0, 1.0, 1.0, 1.0, 2.0, 2.0, 4.0, 2.0, 3.0, 4.0, 2.0, 1.0, 2.0, 3.0, 3.0, 2.0, 3.0, 3.0, 1.0, 1.0, 2.0, 3.0, 3.0, 3.0, 2.0, 3.0, 3.0, 2.0, 2.0, 3.0, 4.0, 1.0, 2.0, 3.0, 3.0, 2.0, 2.0, 3.0, 3.0, 2.0], "test_losses": [0.35079461336135864, 0.9095059633255005, 0.8197277188301086, 1.834601879119873, 0.7140293121337891, 1.3640446662902832, 3.0637989044189453, 1.2373110055923462, 1.0716984272003174, 0.3605741858482361, 0.481805682182312, 0.18167224526405334, 2.6347463130950928, 0.44915539026260376, 0.4076876938343048, 0.8417907953262329, 1.4204801321029663, 1.6128811836242676, 2.1903090476989746, 1.8694285154342651, 1.9147071838378906, 1.7253310680389404, 1.77882719039917, 0.6966946125030518, 0.9485628008842468, 0.68044513463974, 0.870919406414032, 0.6589873433113098, 1.6202372312545776, 1.8656615018844604, 1.9638290405273438, 0.7223310470581055, 0.8448044061660767, 0.2412285953760147, 0.8065993785858154, 1.1430189609527588, 0.7432895302772522, 1.745607852935791, 1.555403709411621, 1.321517825126648, 1.4029678106307983, 1.6951031684875488, 1.3714392185211182, 0.22346633672714233, 1.2202054262161255, 0.6878213882446289, 1.2310676574707031, 0.8024437427520752, 1.1021409034729004, 2.260924816131592, 1.2921209335327148, 2.6684064865112305, 2.731846332550049, 2.1630358695983887, 1.0121301412582397, 0.17834681272506714, 0.981377899646759, 0.5339218378067017, 0.36457186937332153, 1.1609244346618652, 1.5463837385177612, 0.6963852643966675, 0.5679875016212463, 0.8860357403755188, 2.4761509895324707, 1.6275992393493652, 0.737778902053833, 1.5113123655319214, 1.1789848804473877, 0.8464112877845764, 1.9279729127883911, 0.8819499015808105, 1.7655543088912964, 2.096987724304199, 0.9236842393875122, 0.6051443219184875, 1.477879524230957, 0.6679871082305908, 1.325425386428833, 1.4839507341384888, 1.2169827222824097, 2.2257370948791504, 0.52663254737854, 1.4464845657348633, 1.9632439613342285, 1.027258038520813, 0.9891362190246582, 1.1336016654968262, 0.4543917775154114, 2.0935542583465576, 1.6258454322814941, 0.9139586091041565, 2.1909189224243164, 1.0958759784698486, 0.44737154245376587, 1.1790263652801514, 1.2832870483398438, 1.2341084480285645, 0.9078272581100464, 0.9187852144241333, 1.4703348875045776, 0.8091385960578918, 1.7907588481903076, 1.9040260314941406, 1.477973461151123, 1.540498971939087, 0.6515123844146729, 1.5312743186950684, 0.5309966206550598, 0.8859825134277344, 1.2125266790390015, 0.863423228263855, 1.3330684900283813, 1.2502093315124512, 0.7607207894325256, 0.5590811371803284, 1.3999334573745728, 0.6299401521682739, 0.8673821091651917, 1.0533725023269653, 0.8701276183128357, 0.9841561913490295, 0.8632956147193909, 0.5544007420539856, 1.4850480556488037, 1.6467152833938599, 2.4457523822784424, 2.428877353668213, 0.8830731511116028, 0.5188294649124146, 1.0757297277450562, 1.389197587966919, 0.634640097618103, 1.5993258953094482, 1.666366457939148, 1.5757803916931152, 0.7253018617630005, 0.6643103361129761, 1.4208977222442627, 1.0397063493728638, 0.7485429644584656, 2.4698619842529297, 2.035269260406494, 0.8066185712814331, 0.8173589110374451, 1.2730686664581299, 1.241013526916504, 1.0929787158966064, 0.7527127265930176, 0.6122732758522034, 1.4108893871307373, 2.104151487350464, 0.5959990620613098, 0.5266885757446289, 2.015615463256836, 1.0421173572540283, 0.747877836227417, 0.44191044569015503, 1.0236331224441528, 0.9601708650588989, 0.43874916434288025, 0.6172223091125488, 0.5267044305801392], "test_loss": 1.191098277462772, "test_batch_lens": [4, 4, 4, 4, 4, 4, 4, 4, 4, 4, 4, 4, 4, 4, 4, 4, 4, 4, 4, 4, 4, 4, 4, 4, 4, 4, 4, 4, 4, 4, 4, 4, 4, 4, 4, 4, 4, 4, 4, 4, 4, 4, 4, 4, 4, 4, 4, 4, 4, 4, 4, 4, 4, 4, 4, 4, 4, 4, 4, 4, 4, 4, 4, 4, 4, 4, 4, 4, 4, 4, 4, 4, 4, 4, 4, 4, 4, 4, 4, 4, 4, 4, 4, 4, 4, 4, 4, 4, 4, 4, 4, 4, 4, 4, 4, 4, 4, 4, 4, 4, 4, 4, 4, 4, 4, 4, 4, 4, 4, 4, 4, 4, 4, 4, 4, 4, 4, 4, 4, 4, 4, 4, 4, 4, 4, 4, 4, 4, 4, 4, 4, 4, 4, 4, 4, 4, 4, 4, 4, 4, 4, 4, 4, 4, 4, 4, 4, 4, 4, 4, 4, 4, 4, 4, 4, 4, 4, 4, 4, 4, 4, 4, 3], "test_accuracy": 0.5867895545314901, "predictions": [7, 4, 1, 2, 7, 1, 8, 5, 3, 8, 4, 7, 3, 4, 8, 9, 9, 6, 4, 2, 6, 10, 0, 4, 1, 1, 9, 1, 6, 10, 2, 0, 1, 9, 6, 1, 10, 5, 5, 0, 10, 2, 2, 10, 7, 8, 4, 3, 2, 1, 2, 4, 3, 4, 8, 1, 1, 9, 1, 10, 10, 6, 0, 6, 5, 9, 8, 8, 5, 0, 9, 1, 0, 3, 5, 0, 6, 2, 2, 2, 1, 0, 3, 9, 6, 5, 1, 0, 0, 5, 9, 2, 10, 7, 0, 5, 0, 8, 2, 7, 5, 0, 10, 6, 2, 8, 1, 9, 10, 4, 7, 9, 3, 9, 7, 2, 0, 10, 5, 0, 4, 9, 7, 8, 5, 1, 7, 9, 6, 7, 4, 5, 10, 10, 7, 9, 4, 1, 9, 1, 2, 3, 3, 7, 9, 7, 9, 7, 2, 10, 0, 4, 10, 3, 9, 0, 7, 5, 4, 7, 2, 2, 10, 4, 10, 9, 10, 5, 8, 0, 9, 8, 10, 7, 6, 8, 1, 1, 1, 2, 6, 1, 5, 3, 9, 1, 10, 8, 3, 2, 0, 6, 1, 9, 9, 5, 0, 0, 4, 9, 4, 0, 6, 1, 4, 0, 0, 9, 9, 1, 0, 9, 9, 5, 10, 9, 8, 10, 1, 4, 7, 3, 0, 6, 7, 9, 5, 7, 1, 9, 1, 6, 3, 7, 7, 2, 10, 9, 1, 10, 8, 9, 0, 3, 1, 7, 1, 5, 10, 2, 10, 1, 3, 2, 3, 10, 9, 4, 5, 1, 0, 4, 7, 0, 5, 1, 8, 8, 9, 7, 1, 10, 3, 5, 8, 2, 7, 9, 9, 7, 9, 0, 5, 10, 4, 4, 2, 0, 5, 8, 6, 0, 2, 9, 0, 3, 2, 9, 1, 2, 4, 10, 1, 6, 2, 0, 2, 8, 10, 0, 7, 2, 9, 10, 0, 10, 9, 7, 9, 10, 2, 9, 7, 7, 1, 2, 7, 5, 2, 9, 4, 1, 3, 1, 4, 7, 1, 3, 9, 4, 5, 0, 0, 10, 0, 1, 5, 7, 1, 6, 5, 6, 4, 9, 5, 1, 9, 0, 9, 9, 9, 10, 6, 10, 2, 9, 8, 5, 9, 9, 4, 0, 9, 0, 1, 10, 5, 0, 3, 7, 3, 1, 6, 4, 0, 4, 4, 9, 3, 9, 0, 9, 9, 4, 1, 0, 9, 6, 9, 9, 7, 9, 8, 9, 1, 10, 10, 4, 9, 7, 9, 3, 5, 10, 4, 4, 2, 1, 0, 9, 0, 5, 9, 9, 2, 0, 3, 7, 7, 4, 7, 3, 8, 0, 1, 2, 2, 1, 9, 10, 10, 1, 10, 6, 6, 5, 3, 9, 7, 2, 1, 9, 9, 5, 9, 2, 9, 3, 5, 7, 9, 10, 3, 8, 1, 6, 1, 2, 2, 4, 10, 3, 1, 2, 7, 2, 4, 9, 2, 8, 4, 9, 0, 7, 6, 9, 9, 0, 9, 8, 6, 9, 1, 7, 2, 4, 8, 0, 0, 1, 0, 6, 9, 9, 7, 9, 9, 5, 9, 7, 7, 10, 2, 10, 9, 5, 5, 7, 5, 1, 9, 5, 9, 4, 5, 4, 4, 5, 9, 7, 7, 2, 5, 2, 4, 9, 2, 8, 8, 6, 6, 1, 8, 9, 2, 0, 2, 7, 6, 9, 6, 2, 0, 10, 10, 9, 4, 9, 7, 3, 2, 7, 9, 2, 4, 6, 9, 7, 0, 2, 3, 6, 10, 10, 4, 7, 9, 8, 8, 6, 6, 2, 7, 9, 7, 9, 4, 9, 3, 3, 8, 9, 1, 7, 5, 2, 0, 7, 6, 0, 7, 9, 6, 5, 4, 2, 5, 6, 1, 5, 1, 0, 1, 4, 7, 1, 9, 5, 2, 2, 2, 7, 9, 0, 1, 9, 1, 4, 1, 10, 7, 8, 9, 4, 4, 9, 2, 3, 9, 6, 6, 8, 0, 7, 4, 1, 2, 0, 6, 6, 7],