{"val_acc": [0.06144393241167435, 0.06144393241167435, 0.0967741935483871, 0.10445468509984639, 0.08602150537634409, 0.0967741935483871, 0.08602150537634409, 0.0706605222734255, 0.0967741935483871, 0.0967741935483871], "val_loss": [2.40073653379101, 2.398549109148833, 2.395570665780752, 2.3976362190363596, 2.400745972533899, 2.3980644451328583, 2.3984977145867843, 2.4011009368428424, 2.3978725313408975, 2.3977475063932454], "train_loss": [2.3995656248863053, 2.3986976023384687, 2.398567156046412, 2.398509888843976, 2.398477624609876, 2.3985068894789063, 2.398422670765148, 2.398366516580947, 2.398464375018534, 2.3983072852672196], "test_correct_in_batch": [0.0, 0.0, 0.0, 0.0, 0.0, 0.0, 0.0, 0.0, 0.0, 2.0, 0.0, 0.0, 0.0, 0.0, 0.0, 0.0, 3.0, 0.0, 0.0, 0.0, 0.0, 2.0, 0.0, 1.0, 0.0, 1.0, 0.0, 0.0, 0.0, 0.0, 0.0, 1.0, 0.0, 0.0, 0.0, 0.0, 0.0, 0.0, 0.0, 1.0, 0.0, 1.0, 0.0, 0.0, 0.0, 1.0, 0.0, 0.0, 0.0, 1.0, 0.0, 0.0, 1.0, 2.0, 0.0, 0.0, 1.0, 0.0, 0.0, 0.0, 0.0, 1.0, 0.0, 0.0, 1.0, 0.0, 1.0, 0.0, 1.0, 0.0, 0.0, 1.0, 1.0, 0.0, 0.0, 0.0, 0.0, 0.0, 1.0, 0.0, 0.0, 1.0, 0.0, 0.0, 0.0, 1.0, 2.0, 0.0, 1.0, 0.0, 0.0, 1.0, 0.0, 1.0, 1.0, 0.0, 0.0, 0.0, 0.0, 1.0, 0.0, 1.0, 1.0, 1.0, 0.0, 1.0, 0.0, 0.0, 0.0, 0.0, 0.0, 1.0, 0.0, 1.0, 1.0, 0.0, 0.0, 0.0, 0.0, 1.0, 0.0, 0.0, 0.0, 0.0, 0.0, 0.0, 1.0, 0.0, 1.0, 2.0, 1.0, 2.0, 0.0, 0.0, 0.0, 0.0, 0.0, 0.0, 0.0, 0.0, 0.0, 0.0, 1.0, 0.0, 0.0, 0.0, 0.0, 0.0, 1.0, 0.0, 2.0, 0.0, 1.0, 0.0, 0.0, 0.0, 0.0, 0.0, 0.0, 0.0, 0.0, 0.0, 0.0], "test_losses": [2.4075417518615723, 2.4120635986328125, 2.4116618633270264, 2.4105682373046875, 2.413290500640869, 2.413665294647217, 2.3990960121154785, 2.400235891342163, 2.402000665664673, 2.3837714195251465, 2.3796160221099854, 2.4001989364624023, 2.4083588123321533, 2.4024226665496826, 2.4170072078704834, 2.3958797454833984, 2.3775601387023926, 2.4113917350769043, 2.4113917350769043, 2.398508310317993, 2.4008326530456543, 2.3936116695404053, 2.412841558456421, 2.3927958011627197, 2.401776075363159, 2.3912556171417236, 2.3989205360412598, 2.4075417518615723, 2.3909809589385986, 2.4171345233917236, 2.403094530105591, 2.4018125534057617, 2.4039981365203857, 2.3963756561279297, 2.4235854148864746, 2.3883614540100098, 2.407093048095703, 2.3893260955810547, 2.405130386352539, 2.3914902210235596, 2.411937713623047, 2.3743085861206055, 2.418267011642456, 2.393656015396118, 2.4088032245635986, 2.3733537197113037, 2.4083588123321533, 2.384192705154419, 2.4193997383117676, 2.397376537322998, 2.4142873287200928, 2.408780574798584, 2.3859493732452393, 2.3820183277130127, 2.399613618850708, 2.3909809589385986, 2.3907923698425293, 2.415191173553467, 2.3813297748565674, 2.392361879348755, 2.3977997303009033, 2.399775981903076, 2.4033775329589844, 2.390360116958618, 2.38594913482666, 2.394524335861206, 2.409663200378418, 2.3907604217529297, 2.3710012435913086, 2.393653631210327, 2.3997793197631836, 2.384018659591675, 2.3924801349639893, 2.4114272594451904, 2.3771655559539795, 2.4022376537323, 2.391252279281616, 2.3974199295043945, 2.383596658706665, 2.4092624187469482, 2.3923850059509277, 2.4058992862701416, 2.4123940467834473, 2.4145219326019287, 2.391488552093506, 2.3899354934692383, 2.3846280574798584, 2.3909952640533447, 2.4103939533233643, 2.3916172981262207, 2.404695987701416, 2.404171943664551, 2.4039981365203857, 2.3980953693389893, 2.386356830596924, 2.3973402976989746, 2.411088466644287, 2.401813507080078, 2.4207253456115723, 2.3985447883605957, 2.3965492248535156, 2.3919389247894287, 2.3748939037323, 2.39106822013855, 2.401104211807251, 2.4092612266540527, 2.4088032245635986, 2.4063222408294678, 2.3944802284240723, 2.3804728984832764, 2.3952574729919434, 2.397411823272705, 2.40993595123291, 2.4082446098327637, 2.389216899871826, 2.413243293762207, 2.3999643325805664, 2.4033775329589844, 2.3976118564605713, 2.394306182861328, 2.413276433944702, 2.399412155151367, 2.3985085487365723, 2.389911413192749, 2.397972583770752, 2.4006950855255127, 2.3733537197113037, 2.40598726272583, 2.3873260021209717, 2.3874881267547607, 2.4079558849334717, 2.3943424224853516, 2.393925189971924, 2.3969385623931885, 2.409935712814331, 2.4202234745025635, 2.4009523391723633, 2.4031686782836914, 2.408346652984619, 2.4039628505706787, 2.3923850059509277, 2.4112398624420166, 2.3848676681518555, 2.3910319805145264, 2.401132345199585, 2.4051308631896973, 2.412794589996338, 2.3896398544311523, 2.4022343158721924, 2.410107374191284, 2.3861827850341797, 2.4015543460845947, 2.3962440490722656, 2.418285846710205, 2.403590679168701, 2.40598726272583, 2.4121227264404297, 2.3907604217529297, 2.421858072280884, 2.387453079223633, 2.404400110244751, 2.4084014892578125, 2.396040678024292], "test_loss": 2.399462185023021, "test_batch_lens": [4, 4, 4, 4, 4, 4, 4, 4, 4, 4, 4, 4, 4, 4, 4, 4, 4, 4, 4, 4, 4, 4, 4, 4, 4, 4, 4, 4, 4, 4, 4, 4, 4, 4, 4, 4, 4, 4, 4, 4, 4, 4, 4, 4, 4, 4, 4, 4, 4, 4, 4, 4, 4, 4, 4, 4, 4, 4, 4, 4, 4, 4, 4, 4, 4, 4, 4, 4, 4, 4, 4, 4, 4, 4, 4, 4, 4, 4, 4, 4, 4, 4, 4, 4, 4, 4, 4, 4, 4, 4, 4, 4, 4, 4, 4, 4, 4, 4, 4, 4, 4, 4, 4, 4, 4, 4, 4, 4, 4, 4, 4, 4, 4, 4, 4, 4, 4, 4, 4, 4, 4, 4, 4, 4, 4, 4, 4, 4, 4, 4, 4, 4, 4, 4, 4, 4, 4, 4, 4, 4, 4, 4, 4, 4, 4, 4, 4, 4, 4, 4, 4, 4, 4, 4, 4, 4, 4, 4, 4, 4, 4, 4, 3], "test_accuracy": 0.08294930875576037, "predictions": [5, 5, 5, 5, 5, 5, 5, 5, 5, 5, 5, 5, 5, 5, 5, 5, 5, 5, 5, 5, 5, 5, 5, 5, 5, 5, 5, 5, 5, 5, 5, 5, 5, 5, 5, 5, 5, 5, 5, 5, 5, 5, 5, 5, 5, 5, 5, 5, 5, 5, 5, 5, 5, 5, 5, 5, 5, 5, 5, 5, 5, 5, 5, 5, 5, 5, 5, 5, 5, 5, 5, 5, 5, 5, 5, 5, 5, 5, 5, 5, 5, 5, 5, 5, 5, 5, 5, 5, 5, 5, 5, 5, 5, 5, 5, 5, 5, 5, 5, 5, 5, 5, 5, 5, 5, 5, 5, 5, 5, 5, 5, 5, 5, 5, 5, 5, 5, 5, 5, 5, 5, 5, 5, 5, 5, 5, 5, 5, 5, 5, 5, 5, 5, 5, 5, 5, 5, 5, 5, 5, 5, 5, 5, 5, 5, 5, 5, 5, 5, 5, 5, 5, 5, 5, 5, 5, 5, 5, 5, 5, 5, 5, 5, 5, 5, 5, 5, 5, 5, 5, 5, 5, 5, 5, 5, 5, 5, 5, 5, 5, 5, 5, 5, 5, 5, 5, 5, 5, 5, 5, 5, 5, 5, 5, 5, 5, 5, 5, 5, 5, 5, 5, 5, 5, 5, 5, 5, 5, 5, 5, 5, 5, 5, 5, 5, 5, 5, 5, 5, 5, 5, 5, 5, 5, 5, 5, 5, 5, 5, 5, 5, 5, 5, 5, 5, 5, 5, 5, 5, 5, 5, 5, 5, 5, 5, 5, 5, 5, 5, 5, 5, 5, 5, 5, 5, 5, 5, 5, 5, 5, 5, 5, 5, 5, 5, 5, 5, 5, 5, 5, 5, 5, 5, 5, 5, 5, 5, 5, 5, 5, 5, 5, 5, 5, 5, 5, 5, 5, 5, 5, 5, 5, 5, 5, 5, 5, 5, 5, 5, 5, 5, 5, 5, 5, 5, 5, 5, 5, 5, 5, 5, 5, 5, 5, 5, 5, 5, 5, 5, 5, 5, 5, 5, 5, 5, 5, 5, 5, 5, 5, 5, 5, 5, 5, 5, 5, 5, 5, 5, 5, 5, 5, 5, 5, 5, 5, 5, 5, 5, 5, 5, 5, 5, 5, 5, 5, 5, 5, 5, 5, 5, 5, 5, 5, 5, 5, 5, 5, 5, 5, 5, 5, 5, 5, 5, 5, 5, 5, 5, 5, 5, 5, 5, 5, 5, 5, 5, 5, 5, 5, 5, 5, 5, 5, 5, 5, 5, 5, 5, 5, 5, 5, 5, 5, 5, 5, 5, 5, 5, 5, 5, 5, 5, 5, 5, 5, 5, 5, 5, 5, 5, 5, 5, 5, 5, 5, 5, 5, 5, 5, 5, 5, 5, 5, 5, 5, 5, 5, 5, 5, 5, 5, 5, 5, 5, 5, 5, 5, 5, 5, 5, 5, 5, 5, 5, 5, 5, 5, 5, 5, 5, 5, 5, 5, 5, 5, 5, 5, 5, 5, 5, 5, 5, 5, 5, 5, 5, 5, 5, 5, 5, 5, 5, 5, 5, 5, 5, 5, 5, 5, 5, 5, 5, 5, 5, 5, 5, 5, 5, 5, 5, 5, 5, 5, 5, 5, 5, 5, 5, 5, 5, 5, 5, 5, 5, 5, 5, 5, 5, 5, 5, 5, 5, 5, 5, 5, 5, 5, 5, 5, 5, 5, 5, 5, 5, 5, 5, 5, 5, 5, 5, 5, 5, 5, 5, 5, 5, 5, 5, 5, 5, 5, 5, 5, 5, 5, 5, 5, 5, 5, 5, 5, 5, 5, 5, 5, 5, 5, 5, 5, 5, 5, 5, 5, 5, 5, 5, 5, 5, 5, 5, 5, 5, 5, 5, 5, 5, 5, 5, 5, 5, 5, 5, 5, 5, 5, 5, 5, 5, 5, 5, 5, 5, 5, 5, 5, 5, 5, 5, 5, 5, 5, 5, 5, 5, 5, 5, 5, 5, 5, 5, 5, 5, 5, 5, 5, 5, 5, 5, 5, 5, 5, 5, 5, 5, 5, 5, 5, 5, 5, 5, 5, 5, 5, 5, 5, 5, 5, 5, 5, 5],