{"val_acc": [0.7357910906298003, 0.7480798771121352, 0.7880184331797235, 0.8110599078341014, 0.8248847926267281, 0.8233486943164362, 0.837173579109063, 0.847926267281106, 0.8141321044546851, 0.8525345622119815], "val_loss": [0.8526709810173585, 0.7690280860552758, 0.6237954182858847, 0.534738306601766, 0.5275476085439187, 0.5081721001127564, 0.4879816163222711, 0.44333666679163697, 0.5397819637755172, 0.4299473748963749], "train_loss": [1.2760760944248744, 0.8029456268957615, 0.6965593769605971, 0.6238772367275962, 0.5577344429178405, 0.5424074325466302, 0.5145990849308582, 0.4938468002653704, 0.4779958615115047, 0.45164293346662615], "test_correct_in_batch": [4.0, 3.0, 3.0, 3.0, 4.0, 4.0, 3.0, 2.0, 3.0, 4.0, 3.0, 3.0, 3.0, 4.0, 4.0, 3.0, 3.0, 3.0, 2.0, 4.0, 3.0, 3.0, 3.0, 3.0, 3.0, 3.0, 4.0, 3.0, 3.0, 4.0, 3.0, 4.0, 4.0, 4.0, 4.0, 3.0, 4.0, 3.0, 4.0, 4.0, 3.0, 4.0, 2.0, 3.0, 4.0, 4.0, 4.0, 3.0, 3.0, 3.0, 3.0, 2.0, 4.0, 4.0, 2.0, 4.0, 3.0, 4.0, 4.0, 4.0, 4.0, 4.0, 3.0, 3.0, 3.0, 3.0, 4.0, 3.0, 3.0, 3.0, 2.0, 3.0, 3.0, 4.0, 4.0, 3.0, 4.0, 4.0, 3.0, 2.0, 3.0, 3.0, 4.0, 3.0, 3.0, 2.0, 4.0, 4.0, 4.0, 3.0, 3.0, 2.0, 1.0, 4.0, 4.0, 3.0, 4.0, 2.0, 3.0, 4.0, 2.0, 3.0, 4.0, 3.0, 3.0, 3.0, 3.0, 2.0, 4.0, 4.0, 4.0, 3.0, 3.0, 4.0, 3.0, 4.0, 2.0, 4.0, 4.0, 4.0, 4.0, 3.0, 4.0, 4.0, 2.0, 4.0, 3.0, 4.0, 3.0, 4.0, 3.0, 4.0, 4.0, 3.0, 3.0, 3.0, 4.0, 2.0, 2.0, 1.0, 4.0, 4.0, 3.0, 3.0, 3.0, 4.0, 3.0, 3.0, 4.0, 4.0, 2.0, 3.0, 4.0, 4.0, 3.0, 4.0, 4.0, 4.0, 3.0, 3.0, 4.0, 4.0, 3.0], "test_losses": [0.05065951123833656, 0.5639451146125793, 0.932497501373291, 0.7266831398010254, 0.04875423386693001, 0.03994808346033096, 0.8457644581794739, 1.6127793788909912, 0.8935215473175049, 0.008996283635497093, 0.33348411321640015, 0.312386155128479, 1.3856391906738281, 0.21934309601783752, 0.13153821229934692, 0.8840417265892029, 0.8382746577262878, 0.7220594882965088, 1.4584534168243408, 0.07311712205410004, 0.5400967597961426, 0.5009132623672485, 0.6185217499732971, 0.36739012598991394, 0.4711027145385742, 0.2533508539199829, 0.08590362966060638, 0.6207746267318726, 1.082840919494629, 0.23220102488994598, 1.4515960216522217, 0.2118453085422516, 0.07616940885782242, 0.03008435294032097, 0.03217853605747223, 0.3301386833190918, 0.079208143055439, 0.2987649142742157, 0.07188867032527924, 0.013578242622315884, 0.9825118780136108, 0.03215976804494858, 0.9377163648605347, 0.25322940945625305, 0.07444779574871063, 0.02760162018239498, 0.270282506942749, 0.744864821434021, 0.9872531294822693, 0.69206702709198, 0.6568644642829895, 1.421785593032837, 0.08488161861896515, 0.4491906762123108, 0.9754338264465332, 0.09400761872529984, 0.31739330291748047, 0.3376407027244568, 0.11631506681442261, 0.1988273411989212, 0.049200017005205154, 0.14106327295303345, 0.3494049906730652, 0.6708367466926575, 0.7323241233825684, 0.4917854070663452, 0.05600013956427574, 0.691744863986969, 0.872325599193573, 0.5853219628334045, 1.0158846378326416, 0.3284928500652313, 0.661574125289917, 0.370535671710968, 0.011158972978591919, 0.5664882063865662, 0.09685385227203369, 0.019238336011767387, 1.1732397079467773, 1.0466604232788086, 0.4128672778606415, 0.7363947033882141, 0.0999729335308075, 0.6461079120635986, 0.9727287888526917, 1.0148504972457886, 0.014045681804418564, 0.26091060042381287, 0.38015633821487427, 0.5953819751739502, 0.36650142073631287, 1.268216848373413, 1.9142194986343384, 0.2504082918167114, 0.01458180695772171, 0.39910560846328735, 0.33641180396080017, 1.7074322700500488, 0.6979866027832031, 0.04854869470000267, 1.2026875019073486, 0.6089023351669312, 0.10488741099834442, 1.3312478065490723, 0.4069812297821045, 0.5884780883789062, 0.41708236932754517, 1.9659315347671509, 0.1953117549419403, 0.0488089919090271, 0.09772823005914688, 1.4374648332595825, 0.7183670997619629, 0.03027382865548134, 0.39121028780937195, 0.02841872349381447, 1.0244425535202026, 0.022811178117990494, 0.31223657727241516, 0.11805102229118347, 0.19277527928352356, 0.6864056587219238, 0.32418093085289, 0.31316566467285156, 1.0042973756790161, 0.3988446295261383, 0.35137149691581726, 0.1497163027524948, 0.8913518190383911, 0.2447052001953125, 0.4415280520915985, 0.2171720713376999, 0.013956446200609207, 0.9792942404747009, 0.47194334864616394, 0.3430967330932617, 0.012211632914841175, 0.6624657511711121, 0.808544397354126, 1.8119721412658691, 0.0586593933403492, 0.3996131420135498, 1.067646861076355, 0.8411367535591125, 0.6633056998252869, 0.5562330484390259, 0.9950389266014099, 0.9666945338249207, 0.22974923253059387, 0.019983449950814247, 0.682056188583374, 0.2570212185382843, 0.12497665733098984, 0.11029524356126785, 0.695323646068573, 0.16190074384212494, 0.2694365382194519, 0.1384119987487793, 0.3627905249595642, 0.5932416915893555, 0.015157714486122131, 0.037695933133363724, 0.17111974954605103], "test_loss": 0.502820145978701, "test_batch_lens": [4, 4, 4, 4, 4, 4, 4, 4, 4, 4, 4, 4, 4, 4, 4, 4, 4, 4, 4, 4, 4, 4, 4, 4, 4, 4, 4, 4, 4, 4, 4, 4, 4, 4, 4, 4, 4, 4, 4, 4, 4, 4, 4, 4, 4, 4, 4, 4, 4, 4, 4, 4, 4, 4, 4, 4, 4, 4, 4, 4, 4, 4, 4, 4, 4, 4, 4, 4, 4, 4, 4, 4, 4, 4, 4, 4, 4, 4, 4, 4, 4, 4, 4, 4, 4, 4, 4, 4, 4, 4, 4, 4, 4, 4, 4, 4, 4, 4, 4, 4, 4, 4, 4, 4, 4, 4, 4, 4, 4, 4, 4, 4, 4, 4, 4, 4, 4, 4, 4, 4, 4, 4, 4, 4, 4, 4, 4, 4, 4, 4, 4, 4, 4, 4, 4, 4, 4, 4, 4, 4, 4, 4, 4, 4, 4, 4, 4, 4, 4, 4, 4, 4, 4, 4, 4, 4, 4, 4, 4, 4, 4, 4, 3], "test_accuracy": 0.8279569892473119, "predictions": [7, 4, 1, 10, 7, 1, 2, 8, 1, 8, 4, 7, 1, 9, 8, 0, 9, 6, 4, 9, 8, 10, 1, 4, 6, 8, 4, 6, 6, 10, 9, 1, 1, 10, 6, 3, 10, 5, 5, 0, 10, 3, 9, 10, 7, 8, 9, 3, 3, 8, 2, 4, 3, 4, 6, 1, 1, 9, 1, 10, 10, 6, 2, 6, 5, 4, 8, 5, 8, 0, 3, 1, 5, 3, 0, 8, 6, 8, 9, 2, 3, 1, 1, 1, 5, 5, 1, 3, 0, 4, 9, 2, 10, 7, 0, 5, 0, 8, 2, 7, 5, 0, 10, 6, 10, 8, 3, 9, 10, 4, 7, 4, 0, 3, 7, 8, 0, 8, 0, 0, 4, 3, 7, 6, 5, 1, 7, 9, 6, 7, 4, 0, 10, 10, 7, 9, 4, 1, 9, 0, 10, 3, 1, 9, 4, 7, 4, 7, 2, 10, 8, 4, 10, 10, 1, 0, 10, 5, 4, 7, 8, 4, 10, 4, 2, 3, 10, 5, 5, 0, 4, 0, 10, 7, 6, 10, 0, 8, 1, 2, 6, 3, 5, 3, 9, 3, 4, 8, 3, 2, 7, 2, 0, 4, 9, 8, 1, 8, 5, 9, 9, 1, 6, 1, 4, 8, 9, 8, 3, 9, 5, 6, 2, 5, 4, 5, 8, 10, 5, 4, 7, 3, 0, 6, 7, 1, 5, 7, 1, 0, 1, 6, 3, 7, 7, 2, 10, 4, 3, 10, 9, 4, 3, 3, 1, 7, 8, 5, 2, 4, 10, 0, 1, 2, 8, 10, 6, 9, 5, 1, 3, 4, 7, 1, 5, 1, 8, 1, 5, 7, 3, 10, 3, 5, 8, 2, 7, 4, 9, 7, 4, 1, 8, 10, 3, 4, 2, 5, 5, 3, 8, 8, 8, 6, 0, 1, 2, 7, 3, 2, 4, 10, 8, 8, 6, 0, 2, 7, 10, 1, 7, 6, 4, 2, 5, 2, 0, 4, 4, 0, 7, 6, 7, 9, 1, 8, 8, 6, 2, 9, 4, 1, 1, 1, 4, 7, 1, 2, 1, 2, 5, 1, 4, 10, 5, 0, 5, 7, 3, 6, 4, 6, 4, 9, 5, 1, 8, 3, 7, 9, 4, 8, 6, 10, 9, 9, 10, 5, 2, 9, 4, 1, 5, 0, 9, 10, 5, 0, 3, 7, 3, 0, 8, 2, 2, 4, 4, 9, 3, 7, 5, 4, 9, 5, 0, 0, 5, 6, 9, 9, 7, 7, 8, 2, 1, 10, 10, 4, 5, 7, 3, 3, 5, 10, 4, 7, 2, 3, 0, 1, 0, 5, 4, 0, 2, 0, 1, 7, 8, 9, 7, 3, 8, 0, 3, 2, 2, 3, 7, 10, 10, 4, 10, 6, 6, 5, 0, 10, 8, 2, 1, 4, 9, 5, 9, 9, 1, 10, 5, 7, 9, 10, 1, 8, 0, 6, 3, 4, 2, 4, 10, 1, 1, 2, 8, 2, 4, 8, 2, 5, 9, 9, 0, 7, 6, 9, 4, 0, 2, 8, 6, 9, 3, 7, 2, 4, 1, 0, 0, 3, 9, 6, 3, 4, 8, 3, 3, 5, 0, 1, 7, 10, 4, 10, 9, 5, 5, 7, 5, 1, 4, 5, 1, 4, 5, 4, 9, 5, 9, 7, 7, 2, 0, 2, 5, 3, 2, 8, 1, 8, 9, 1, 8, 0, 2, 0, 9, 7, 6, 4, 6, 1, 1, 10, 8, 1, 10, 1, 9, 10, 2, 7, 9, 6, 7, 8, 9, 0, 8, 2, 1, 5, 2, 10, 10, 7, 9, 6, 10, 6, 6, 4, 7, 9, 7, 4, 4, 9, 3, 3, 7, 5, 1, 7, 5, 4, 0, 7, 8, 0, 5, 4, 8, 5, 4, 6, 6, 6, 1, 5, 3, 0, 1, 4, 7, 1, 9, 5, 6, 6, 10, 7, 1, 0, 3, 9, 1, 4, 3, 10, 7, 8, 9, 9, 4, 8, 2, 3, 7, 6, 6, 8, 1, 7, 4, 0, 2, 0, 8, 6, 7],