{"val_acc": [0.717357910906298, 0.794162826420891, 0.7788018433179723, 0.8248847926267281, 0.8279569892473119, 0.82642089093702, 0.8141321044546851, 0.8540706605222734, 0.8356374807987711, 0.8079877112135176], "val_loss": [0.8471593938916464, 0.6185821214336559, 0.6356304344475452, 0.5019013668336203, 0.4848826194147757, 0.5115067925178475, 0.5694043373351951, 0.45076529499417617, 0.49757385101352186, 0.5692386766652823], "train_loss": [1.150043225087164, 0.7298182234852508, 0.6232610755210617, 0.5644426586076163, 0.5336163148111001, 0.506080320436459, 0.5013566062948558, 0.49417984708162566, 0.4668687101999135, 0.4542076319487862], "test_correct_in_batch": [4.0, 4.0, 3.0, 3.0, 4.0, 4.0, 1.0, 1.0, 3.0, 3.0, 4.0, 3.0, 1.0, 3.0, 4.0, 2.0, 3.0, 2.0, 2.0, 4.0, 3.0, 4.0, 2.0, 3.0, 4.0, 4.0, 4.0, 3.0, 3.0, 4.0, 2.0, 4.0, 4.0, 4.0, 4.0, 4.0, 4.0, 4.0, 3.0, 4.0, 4.0, 4.0, 2.0, 4.0, 2.0, 4.0, 4.0, 4.0, 4.0, 4.0, 3.0, 1.0, 3.0, 3.0, 4.0, 4.0, 4.0, 3.0, 4.0, 2.0, 3.0, 4.0, 3.0, 4.0, 3.0, 3.0, 3.0, 2.0, 3.0, 3.0, 4.0, 4.0, 4.0, 2.0, 4.0, 3.0, 3.0, 4.0, 3.0, 4.0, 3.0, 4.0, 4.0, 2.0, 3.0, 3.0, 2.0, 4.0, 4.0, 3.0, 4.0, 3.0, 2.0, 3.0, 4.0, 3.0, 4.0, 2.0, 4.0, 4.0, 1.0, 4.0, 4.0, 3.0, 2.0, 3.0, 3.0, 1.0, 4.0, 3.0, 2.0, 3.0, 4.0, 4.0, 4.0, 4.0, 2.0, 3.0, 4.0, 3.0, 3.0, 3.0, 3.0, 3.0, 3.0, 3.0, 3.0, 2.0, 4.0, 4.0, 3.0, 4.0, 4.0, 2.0, 4.0, 3.0, 4.0, 3.0, 4.0, 2.0, 4.0, 2.0, 2.0, 3.0, 4.0, 3.0, 3.0, 2.0, 3.0, 4.0, 1.0, 3.0, 4.0, 4.0, 2.0, 3.0, 4.0, 4.0, 2.0, 4.0, 4.0, 4.0, 2.0], "test_losses": [0.04838959127664566, 0.2581571936607361, 0.6648011207580566, 0.7453658580780029, 0.05406985059380531, 0.05054734647274017, 1.9474860429763794, 2.1166231632232666, 1.1333260536193848, 0.27292731404304504, 0.18533402681350708, 1.020092487335205, 1.9503180980682373, 0.4452158212661743, 0.041673820465803146, 1.3798091411590576, 0.818282961845398, 0.8895044326782227, 0.9489502906799316, 0.14949694275856018, 0.37372544407844543, 0.40502506494522095, 0.8311428427696228, 0.6146700382232666, 0.20793847739696503, 0.1843797117471695, 0.20712697505950928, 0.554333508014679, 0.6583106517791748, 0.16207318007946014, 1.16798996925354, 0.4010399878025055, 0.032077837735414505, 0.16027702391147614, 0.14462046325206757, 0.0810321718454361, 0.42734262347221375, 0.07597359269857407, 0.4825670123100281, 0.1579773724079132, 0.13275811076164246, 0.10010010004043579, 0.8572078347206116, 0.010763926431536674, 0.9704323410987854, 0.0404636412858963, 0.30063048005104065, 0.05228523164987564, 0.0975668653845787, 0.15302757918834686, 0.9779887199401855, 2.5490262508392334, 0.6084057688713074, 0.7789146900177002, 0.11518209427595139, 0.02858983352780342, 0.06196130812168121, 0.6788643002510071, 0.30015039443969727, 1.3434449434280396, 0.37021300196647644, 0.052290692925453186, 0.32605722546577454, 0.07799264788627625, 0.546536922454834, 1.1742405891418457, 0.5626357197761536, 0.9560501575469971, 0.9147731065750122, 0.8095839619636536, 0.6728255152702332, 0.046521253883838654, 0.2617030739784241, 1.3598333597183228, 0.058800749480724335, 0.377804160118103, 0.9747299551963806, 0.057167526334524155, 1.1027119159698486, 0.3399105668067932, 0.9774206876754761, 0.17820753157138824, 0.04022781178355217, 1.9541785717010498, 0.4034919738769531, 0.8562189340591431, 1.155080795288086, 0.12971419095993042, 0.18296261131763458, 1.061622142791748, 0.16421175003051758, 0.8456811904907227, 1.9417951107025146, 0.5657227039337158, 0.07238718867301941, 0.4701637327671051, 0.3496300280094147, 1.9864871501922607, 0.21656590700149536, 0.04083849489688873, 2.692209243774414, 0.21328450739383698, 0.019098538905382156, 0.4008093476295471, 0.7622890472412109, 0.7631561756134033, 0.6441311836242676, 1.5287336111068726, 0.20401796698570251, 0.6496435403823853, 0.665225625038147, 1.5491389036178589, 0.05550430342555046, 0.35778847336769104, 0.38938000798225403, 0.19331370294094086, 2.145730972290039, 0.4360833764076233, 0.04541991651058197, 1.4109206199645996, 0.8270977139472961, 0.579961359500885, 0.37339890003204346, 0.6435154676437378, 0.6153333187103271, 1.0759634971618652, 0.5180019736289978, 0.8112863898277283, 0.33111804723739624, 0.10933385044336319, 0.6860032677650452, 0.06161826103925705, 0.015389325097203255, 1.1221349239349365, 0.2733598053455353, 0.5153020024299622, 0.01561574824154377, 0.38306725025177, 0.13380925357341766, 1.8123056888580322, 0.10412446409463882, 1.0192233324050903, 1.3743736743927002, 0.21072977781295776, 0.04738590121269226, 0.6118097901344299, 1.0351017713546753, 1.24342942237854, 0.4717777669429779, 0.03190052881836891, 1.0669233798980713, 0.5618394017219543, 0.08954499661922455, 0.021581284701824188, 0.9447686672210693, 0.5669481158256531, 0.04705043137073517, 0.09560240805149078, 1.0097302198410034, 0.1899314820766449, 0.15452879667282104, 0.06252910196781158, 0.5308172106742859], "test_loss": 0.5813736047001521, "test_batch_lens": [4, 4, 4, 4, 4, 4, 4, 4, 4, 4, 4, 4, 4, 4, 4, 4, 4, 4, 4, 4, 4, 4, 4, 4, 4, 4, 4, 4, 4, 4, 4, 4, 4, 4, 4, 4, 4, 4, 4, 4, 4, 4, 4, 4, 4, 4, 4, 4, 4, 4, 4, 4, 4, 4, 4, 4, 4, 4, 4, 4, 4, 4, 4, 4, 4, 4, 4, 4, 4, 4, 4, 4, 4, 4, 4, 4, 4, 4, 4, 4, 4, 4, 4, 4, 4, 4, 4, 4, 4, 4, 4, 4, 4, 4, 4, 4, 4, 4, 4, 4, 4, 4, 4, 4, 4, 4, 4, 4, 4, 4, 4, 4, 4, 4, 4, 4, 4, 4, 4, 4, 4, 4, 4, 4, 4, 4, 4, 4, 4, 4, 4, 4, 4, 4, 4, 4, 4, 4, 4, 4, 4, 4, 4, 4, 4, 4, 4, 4, 4, 4, 4, 4, 4, 4, 4, 4, 4, 4, 4, 4, 4, 4, 3], "test_accuracy": 0.8033794162826421, "predictions": [7, 4, 1, 10, 7, 1, 8, 8, 0, 3, 4, 7, 1, 9, 0, 0, 9, 6, 4, 9, 8, 10, 1, 4, 8, 1, 9, 6, 6, 10, 8, 3, 1, 3, 6, 3, 10, 5, 5, 8, 10, 3, 2, 10, 7, 8, 9, 3, 2, 3, 2, 4, 3, 9, 6, 1, 1, 9, 1, 10, 2, 6, 8, 6, 5, 9, 8, 5, 8, 3, 0, 1, 0, 3, 8, 8, 6, 8, 9, 2, 3, 1, 1, 1, 5, 5, 1, 8, 3, 4, 9, 2, 10, 7, 0, 5, 1, 8, 2, 7, 5, 1, 10, 6, 10, 8, 3, 9, 10, 4, 7, 6, 0, 3, 7, 8, 0, 8, 0, 0, 4, 3, 7, 8, 5, 1, 7, 9, 6, 7, 4, 0, 10, 10, 7, 9, 4, 1, 9, 0, 10, 3, 3, 9, 4, 7, 4, 7, 2, 10, 2, 4, 2, 10, 1, 0, 10, 5, 4, 7, 8, 9, 10, 4, 2, 3, 10, 5, 8, 0, 6, 1, 10, 7, 6, 8, 0, 6, 0, 2, 6, 3, 5, 3, 9, 3, 4, 8, 3, 2, 0, 2, 0, 9, 9, 8, 1, 3, 5, 9, 9, 1, 6, 1, 4, 9, 9, 9, 3, 9, 5, 8, 4, 5, 4, 5, 2, 10, 8, 4, 7, 3, 0, 6, 7, 0, 5, 7, 1, 0, 3, 6, 3, 7, 7, 2, 10, 9, 1, 10, 9, 5, 3, 3, 1, 7, 8, 5, 2, 4, 10, 3, 1, 2, 3, 10, 8, 9, 5, 3, 3, 10, 7, 0, 5, 0, 8, 1, 1, 7, 2, 10, 3, 5, 1, 2, 7, 9, 9, 7, 6, 8, 8, 10, 2, 4, 2, 5, 5, 3, 8, 0, 2, 2, 0, 1, 2, 7, 3, 2, 9, 10, 8, 6, 6, 8, 2, 7, 10, 1, 7, 6, 4, 2, 5, 2, 0, 9, 4, 3, 6, 6, 7, 9, 1, 8, 8, 5, 2, 9, 4, 1, 3, 3, 4, 7, 1, 2, 9, 2, 5, 0, 1, 10, 5, 3, 8, 7, 3, 6, 4, 6, 4, 9, 5, 1, 8, 3, 0, 7, 4, 4, 6, 10, 8, 9, 2, 5, 6, 9, 4, 1, 5, 0, 8, 10, 5, 0, 3, 7, 3, 8, 8, 2, 2, 4, 4, 9, 3, 7, 8, 6, 9, 4, 0, 0, 5, 6, 9, 9, 7, 1, 8, 8, 1, 10, 10, 5, 5, 7, 3, 3, 5, 10, 9, 8, 2, 3, 0, 3, 3, 5, 4, 1, 2, 0, 3, 8, 3, 6, 1, 3, 8, 0, 3, 2, 2, 3, 8, 10, 10, 1, 10, 8, 6, 5, 0, 2, 8, 2, 1, 9, 9, 5, 9, 9, 1, 3, 5, 7, 9, 10, 1, 8, 3, 6, 3, 9, 2, 4, 10, 3, 1, 2, 8, 2, 4, 8, 2, 8, 5, 9, 0, 7, 6, 9, 6, 0, 2, 3, 6, 9, 3, 6, 2, 4, 10, 0, 1, 3, 1, 6, 3, 4, 9, 3, 3, 5, 1, 7, 7, 10, 4, 10, 2, 5, 5, 7, 5, 1, 9, 5, 0, 4, 5, 4, 9, 5, 9, 7, 7, 2, 0, 2, 5, 2, 2, 9, 1, 8, 5, 1, 8, 8, 2, 0, 9, 7, 6, 5, 6, 9, 0, 10, 8, 8, 2, 3, 7, 3, 2, 7, 9, 6, 8, 8, 5, 0, 3, 2, 3, 5, 10, 10, 8, 7, 9, 6, 8, 6, 6, 6, 7, 9, 7, 9, 4, 9, 3, 6, 7, 9, 1, 7, 5, 9, 0, 7, 8, 0, 1, 9, 8, 5, 4, 6, 6, 6, 1, 5, 3, 0, 1, 4, 7, 1, 9, 5, 6, 2, 10, 7, 1, 3, 3, 9, 1, 4, 3, 10, 7, 8, 9, 9, 8, 1, 2, 3, 7, 8, 6, 8, 1, 7, 4, 0, 2, 0, 9, 6, 7],