{"val_acc": [0.815668202764977, 0.9201228878648233, 0.9170506912442397, 0.9339477726574501, 0.9308755760368663, 0.9324116743471582, 0.9477726574500768, 0.9385560675883257, 0.9370199692780338, 0.956989247311828], "val_loss": [0.7021143265479913, 0.312435408585642, 0.25869392407943775, 0.20560352504181967, 0.22276455908299544, 0.22199612676395972, 0.16806007646709148, 0.20549354752335708, 0.1990755202075141, 0.16508409577135982], "train_loss": [1.6524814587138823, 0.5173032297791182, 0.2885541957185902, 0.2015666781758481, 0.15276937175904365, 0.14340076128126103, 0.11675924546795625, 0.12864426437044363, 0.09755298217071075, 0.07074982477891234], "test_correct_in_batch": [4.0, 3.0, 3.0, 3.0, 4.0, 4.0, 4.0, 4.0, 3.0, 4.0, 4.0, 4.0, 3.0, 4.0, 4.0, 3.0, 3.0, 4.0, 3.0, 3.0, 3.0, 4.0, 3.0, 4.0, 4.0, 4.0, 4.0, 3.0, 4.0, 4.0, 4.0, 4.0, 4.0, 4.0, 4.0, 4.0, 4.0, 4.0, 4.0, 4.0, 4.0, 4.0, 3.0, 4.0, 4.0, 4.0, 4.0, 4.0, 4.0, 3.0, 3.0, 2.0, 4.0, 4.0, 4.0, 4.0, 4.0, 4.0, 4.0, 3.0, 4.0, 4.0, 4.0, 4.0, 4.0, 4.0, 4.0, 3.0, 4.0, 3.0, 3.0, 4.0, 4.0, 3.0, 4.0, 4.0, 4.0, 4.0, 3.0, 4.0, 4.0, 4.0, 4.0, 4.0, 4.0, 4.0, 4.0, 4.0, 4.0, 4.0, 3.0, 4.0, 3.0, 3.0, 4.0, 4.0, 4.0, 2.0, 4.0, 3.0, 3.0, 4.0, 4.0, 3.0, 4.0, 4.0, 4.0, 4.0, 4.0, 4.0, 4.0, 3.0, 4.0, 3.0, 3.0, 4.0, 3.0, 4.0, 4.0, 4.0, 4.0, 3.0, 3.0, 4.0, 3.0, 4.0, 4.0, 3.0, 4.0, 4.0, 4.0, 3.0, 4.0, 4.0, 4.0, 4.0, 4.0, 3.0, 4.0, 3.0, 4.0, 4.0, 3.0, 4.0, 4.0, 2.0, 3.0, 4.0, 4.0, 4.0, 4.0, 4.0, 4.0, 3.0, 3.0, 4.0, 4.0, 4.0, 4.0, 4.0, 4.0, 4.0, 3.0], "test_losses": [0.0037347639445215464, 0.22231674194335938, 0.8114585876464844, 1.0132790803909302, 0.0005447051953524351, 0.01119866780936718, 0.17375822365283966, 0.09375577419996262, 0.8559845089912415, 0.00117422454059124, 0.003187132766470313, 0.0014221121091395617, 0.6143680810928345, 0.0015950826928019524, 0.00048493241774849594, 2.2489748001098633, 0.6424307823181152, 0.040096480399370193, 1.5288314819335938, 0.8820991516113281, 0.24372616410255432, 0.0009932770626619458, 0.4848385751247406, 0.01635255478322506, 0.0032397406175732613, 0.0009538767044432461, 0.010991784743964672, 0.6023848056793213, 0.0015706508420407772, 0.0027073139790445566, 0.04962963983416557, 0.0219692625105381, 0.0008969171904027462, 0.0001364537311019376, 0.05062912777066231, 0.0012424401938915253, 0.002209309721365571, 0.09892803430557251, 0.002563992515206337, 0.13729068636894226, 0.007882962003350258, 0.008316019549965858, 0.6664204597473145, 0.015128327533602715, 0.005531013943254948, 0.002728840336203575, 0.018668361008167267, 0.003980469424277544, 0.0028571777511388063, 0.37917736172676086, 1.7830427885055542, 1.0826218128204346, 0.013969678431749344, 0.030833598226308823, 0.02209475263953209, 0.0001976677740458399, 0.0003271948953624815, 0.0008229140657931566, 0.02295163832604885, 0.8441938757896423, 0.0028030727989971638, 0.08546844124794006, 0.0028839220758527517, 0.0013201460242271423, 0.014306501485407352, 0.1280113160610199, 0.0023392378352582455, 1.2198845148086548, 0.026184752583503723, 0.6078130006790161, 0.46603336930274963, 0.0044174715876579285, 0.021990682929754257, 1.4655147790908813, 0.003124518319964409, 0.0028333181980997324, 0.012315493077039719, 0.0006340036634355783, 0.5908028483390808, 0.012391806580126286, 0.006170503329485655, 0.18491080403327942, 0.007835464552044868, 0.0041582840494811535, 0.014274362474679947, 0.019003624096512794, 0.0028744745068252087, 0.02279459312558174, 0.0011905613355338573, 0.1613699048757553, 0.33277449011802673, 0.006587393116205931, 1.2107524871826172, 0.48121294379234314, 0.025732534006237984, 0.0040931846015155315, 0.010014311410486698, 2.4623594284057617, 0.005083809606730938, 0.31629058718681335, 1.376599907875061, 0.0005391779122874141, 0.0006429508794099092, 0.5626053810119629, 0.0012624692171812057, 0.0018346903380006552, 0.0035941172391176224, 0.004366164095699787, 0.00225657457485795, 0.0002429067244520411, 0.0001984920963877812, 0.619421124458313, 0.002252743113785982, 0.5286754369735718, 0.7986657023429871, 0.0015880896244198084, 0.34581151604652405, 0.0021972781978547573, 0.0034200139343738556, 0.01607813499867916, 0.027188558131456375, 0.5544992685317993, 1.3286041021347046, 0.001188117079436779, 1.509023904800415, 0.1514120250940323, 0.00110509037040174, 0.35565415024757385, 0.008771228604018688, 0.006930958479642868, 0.0005571850342676044, 0.4964059889316559, 0.0015948856016620994, 0.02528039738535881, 0.014853185974061489, 0.006160784512758255, 0.00022404437186196446, 0.3842570185661316, 0.0010030257981270552, 0.7301920652389526, 0.0008086244342848659, 0.007936215959489346, 0.7345475554466248, 0.00042969940113835037, 0.0017773582367226481, 0.6687955856323242, 0.9864354133605957, 0.010134131647646427, 0.004880303051322699, 0.0002583587192930281, 0.047594282776117325, 0.05907343700528145, 0.0013522983063012362, 0.5291907787322998, 1.8207437992095947, 0.0017787080723792315, 0.016070028766989708, 0.10438678413629532, 0.013057943433523178, 0.0009078700677491724, 0.00022109324345365167, 0.000470894476165995, 0.005779271945357323], "test_loss": 0.24932541762665414, "test_batch_lens": [4, 4, 4, 4, 4, 4, 4, 4, 4, 4, 4, 4, 4, 4, 4, 4, 4, 4, 4, 4, 4, 4, 4, 4, 4, 4, 4, 4, 4, 4, 4, 4, 4, 4, 4, 4, 4, 4, 4, 4, 4, 4, 4, 4, 4, 4, 4, 4, 4, 4, 4, 4, 4, 4, 4, 4, 4, 4, 4, 4, 4, 4, 4, 4, 4, 4, 4, 4, 4, 4, 4, 4, 4, 4, 4, 4, 4, 4, 4, 4, 4, 4, 4, 4, 4, 4, 4, 4, 4, 4, 4, 4, 4, 4, 4, 4, 4, 4, 4, 4, 4, 4, 4, 4, 4, 4, 4, 4, 4, 4, 4, 4, 4, 4, 4, 4, 4, 4, 4, 4, 4, 4, 4, 4, 4, 4, 4, 4, 4, 4, 4, 4, 4, 4, 4, 4, 4, 4, 4, 4, 4, 4, 4, 4, 4, 4, 4, 4, 4, 4, 4, 4, 4, 4, 4, 4, 4, 4, 4, 4, 4, 4, 3], "test_accuracy": 0.9262672811059908, "predictions": [7, 4, 1, 10, 7, 1, 8, 6, 0, 2, 4, 7, 1, 9, 3, 8, 9, 6, 4, 9, 8, 10, 1, 4, 6, 8, 8, 6, 6, 8, 2, 1, 1, 8, 6, 3, 10, 5, 5, 0, 10, 3, 2, 10, 7, 8, 4, 3, 3, 8, 2, 4, 3, 4, 6, 1, 1, 9, 1, 10, 10, 6, 2, 6, 5, 1, 8, 5, 8, 1, 3, 1, 8, 3, 1, 8, 6, 6, 9, 2, 3, 1, 1, 1, 5, 5, 1, 8, 0, 5, 9, 10, 10, 7, 1, 5, 1, 8, 2, 7, 5, 1, 10, 6, 10, 8, 3, 9, 10, 4, 7, 6, 0, 3, 7, 6, 0, 8, 0, 0, 4, 8, 7, 6, 5, 1, 7, 9, 6, 7, 4, 0, 10, 10, 7, 9, 4, 1, 9, 0, 10, 3, 3, 9, 4, 7, 4, 7, 2, 10, 2, 4, 10, 10, 1, 0, 10, 5, 4, 7, 8, 9, 10, 4, 2, 3, 10, 5, 8, 0, 6, 0, 10, 7, 6, 8, 0, 8, 1, 2, 6, 3, 5, 3, 9, 3, 4, 8, 3, 2, 0, 2, 0, 9, 9, 8, 3, 3, 5, 9, 4, 1, 6, 1, 4, 4, 9, 8, 3, 9, 5, 6, 2, 5, 4, 5, 2, 10, 8, 4, 7, 3, 0, 6, 7, 0, 5, 7, 1, 0, 1, 6, 3, 7, 7, 2, 10, 9, 3, 10, 9, 4, 3, 3, 1, 7, 8, 5, 2, 4, 10, 1, 1, 2, 3, 10, 6, 9, 5, 3, 3, 10, 7, 1, 5, 1, 8, 1, 1, 7, 3, 10, 3, 5, 2, 2, 7, 6, 9, 7, 4, 8, 8, 10, 2, 4, 2, 5, 5, 3, 8, 0, 6, 6, 0, 1, 2, 7, 3, 2, 4, 10, 8, 6, 6, 0, 2, 7, 10, 1, 7, 6, 4, 2, 5, 2, 0, 9, 4, 3, 2, 6, 7, 9, 1, 8, 8, 5, 2, 9, 4, 1, 1, 8, 4, 7, 1, 2, 7, 2, 5, 0, 7, 10, 5, 0, 5, 7, 3, 6, 4, 6, 4, 9, 5, 1, 8, 3, 7, 7, 4, 2, 6, 10, 8, 9, 8, 5, 6, 9, 4, 0, 5, 0, 2, 10, 5, 0, 3, 7, 3, 1, 8, 2, 2, 4, 4, 9, 3, 7, 5, 6, 9, 4, 0, 0, 5, 6, 9, 4, 7, 7, 8, 9, 1, 10, 10, 5, 5, 7, 3, 3, 5, 10, 9, 0, 2, 3, 1, 1, 0, 5, 4, 1, 2, 0, 1, 8, 8, 4, 8, 3, 8, 0, 3, 2, 2, 3, 7, 10, 10, 4, 10, 6, 6, 5, 0, 8, 8, 2, 1, 9, 9, 5, 9, 4, 1, 3, 5, 8, 9, 10, 1, 8, 1, 6, 3, 4, 2, 4, 10, 1, 1, 2, 8, 2, 4, 8, 2, 5, 9, 9, 0, 7, 6, 9, 10, 0, 2, 2, 6, 9, 3, 7, 2, 4, 2, 0, 1, 3, 9, 6, 3, 4, 6, 3, 3, 5, 3, 1, 7, 10, 4, 10, 2, 5, 5, 7, 5, 1, 4, 5, 0, 4, 5, 4, 4, 5, 9, 7, 7, 2, 0, 2, 4, 3, 2, 9, 1, 8, 9, 1, 8, 8, 2, 0, 9, 7, 6, 7, 6, 9, 0, 10, 8, 8, 8, 1, 7, 3, 2, 7, 9, 6, 7, 8, 9, 0, 8, 2, 4, 5, 2, 10, 8, 7, 9, 6, 8, 6, 6, 5, 7, 4, 7, 4, 4, 9, 3, 3, 7, 4, 1, 7, 5, 4, 0, 7, 8, 0, 7, 4, 5, 5, 4, 8, 6, 6, 1, 5, 3, 0, 1, 4, 7, 8, 9, 4, 6, 8, 10, 7, 1, 0, 3, 9, 1, 4, 3, 10, 7, 8, 9, 9, 4, 0, 2, 3, 7, 8, 6, 8, 1, 7, 4, 0, 2, 0, 8, 6, 7],