{"val_acc": [0.6159754224270353, 0.794162826420891, 0.8740399385560675, 0.9078341013824884, 0.9155145929339478, 0.9339477726574501, 0.9170506912442397, 0.9308755760368663, 0.9324116743471582, 0.9354838709677419], "val_loss": [1.7351084296688712, 1.009714858115085, 0.632501691214146, 0.4467142551588866, 0.36564300108723846, 0.293892524976489, 0.2906071048664169, 0.2480919779466888, 0.22904745108830782, 0.2200440074162889], "train_loss": [2.1170505805105737, 1.3523727094624218, 0.8017048277713494, 0.5297515038018545, 0.38578600048806916, 0.29774365073040726, 0.23247749794196895, 0.1876839753604627, 0.1505578903512072, 0.12276839330179473], "test_correct_in_batch": [4.0, 4.0, 4.0, 4.0, 4.0, 3.0, 2.0, 2.0, 3.0, 4.0, 4.0, 4.0, 3.0, 4.0, 4.0, 3.0, 3.0, 4.0, 3.0, 4.0, 3.0, 4.0, 3.0, 3.0, 4.0, 4.0, 3.0, 3.0, 3.0, 4.0, 3.0, 4.0, 4.0, 4.0, 3.0, 4.0, 4.0, 4.0, 4.0, 4.0, 4.0, 4.0, 4.0, 4.0, 4.0, 4.0, 3.0, 3.0, 4.0, 3.0, 4.0, 2.0, 4.0, 4.0, 4.0, 4.0, 4.0, 4.0, 4.0, 3.0, 4.0, 4.0, 4.0, 4.0, 4.0, 3.0, 4.0, 3.0, 3.0, 3.0, 3.0, 4.0, 4.0, 2.0, 4.0, 4.0, 4.0, 4.0, 3.0, 4.0, 3.0, 4.0, 4.0, 4.0, 4.0, 4.0, 4.0, 4.0, 4.0, 3.0, 3.0, 4.0, 2.0, 4.0, 4.0, 4.0, 4.0, 3.0, 3.0, 4.0, 2.0, 4.0, 4.0, 4.0, 4.0, 4.0, 4.0, 4.0, 4.0, 4.0, 4.0, 3.0, 4.0, 2.0, 4.0, 4.0, 3.0, 4.0, 4.0, 4.0, 3.0, 3.0, 4.0, 4.0, 2.0, 3.0, 4.0, 4.0, 4.0, 4.0, 4.0, 4.0, 3.0, 3.0, 4.0, 4.0, 4.0, 4.0, 4.0, 3.0, 4.0, 4.0, 4.0, 4.0, 4.0, 2.0, 4.0, 4.0, 3.0, 4.0, 4.0, 3.0, 4.0, 4.0, 4.0, 4.0, 4.0, 2.0, 4.0, 4.0, 4.0, 4.0, 3.0], "test_losses": [0.024990392848849297, 0.10944665223360062, 0.11900711804628372, 0.08647805452346802, 0.01747530698776245, 0.3886702060699463, 1.0811816453933716, 0.8451743721961975, 0.8414854407310486, 0.02708057127892971, 0.016312645748257637, 0.04325725883245468, 0.474016398191452, 0.06648334860801697, 0.050610799342393875, 1.2978191375732422, 1.0882351398468018, 0.08453907817602158, 1.1515823602676392, 0.05955059081315994, 0.5908180475234985, 0.05481542646884918, 0.40843239426612854, 0.5297102928161621, 0.07534570246934891, 0.040696337819099426, 0.23255011439323425, 0.5533084869384766, 0.7563323378562927, 0.04771628975868225, 1.6408087015151978, 0.04321800544857979, 0.025904150679707527, 0.018055837601423264, 0.7511205673217773, 0.027323845773935318, 0.056852489709854126, 0.03795377165079117, 0.02345486730337143, 0.035880401730537415, 0.10898242145776749, 0.022838765755295753, 0.48589861392974854, 0.16630016267299652, 0.048396848142147064, 0.014510450884699821, 0.36968663334846497, 0.4411914050579071, 0.03691192343831062, 0.601395308971405, 0.32052838802337646, 2.173799991607666, 0.027281733229756355, 0.28301337361335754, 0.08181854337453842, 0.018740396946668625, 0.03866128623485565, 0.020061660557985306, 0.11294563114643097, 0.3720434308052063, 0.042102113366127014, 0.05096757411956787, 0.07189510017633438, 0.134694904088974, 0.13849471509456635, 0.502991259098053, 0.03138886019587517, 0.334541380405426, 1.519205093383789, 0.5724572539329529, 1.1665436029434204, 0.01863701641559601, 0.05360063537955284, 0.6342130303382874, 0.04056568071246147, 0.27044805884361267, 0.025623265653848648, 0.01794413849711418, 0.9994479417800903, 0.07684077322483063, 0.5305074453353882, 0.25427699089050293, 0.0686255618929863, 0.08021366596221924, 0.025941304862499237, 0.10680221766233444, 0.09063304960727692, 0.17443953454494476, 0.09748801589012146, 0.9120290279388428, 0.3995865285396576, 0.12021373957395554, 0.6395159363746643, 0.054990004748106, 0.037688933312892914, 0.2757457494735718, 0.09651683270931244, 1.8483409881591797, 0.9627493619918823, 0.02467695251107216, 1.1963850259780884, 0.023520931601524353, 0.061351228505373, 0.07233425229787827, 0.07871318608522415, 0.050657518208026886, 0.023781903088092804, 0.02676079235970974, 0.113521508872509, 0.018439486622810364, 0.09318485110998154, 0.8070598840713501, 0.022702358663082123, 0.788711428642273, 0.12034828215837479, 0.09506174921989441, 0.679829478263855, 0.01876549981534481, 0.08492566645145416, 0.13446447253227234, 0.5567575097084045, 0.6546593308448792, 0.030338410288095474, 0.08089548349380493, 1.0120844841003418, 0.6246500015258789, 0.06049865484237671, 0.0374663881957531, 0.4193529486656189, 0.11664138734340668, 0.03678170591592789, 0.16711409389972687, 0.2457055002450943, 0.47526925802230835, 0.0562567412853241, 0.08951728045940399, 0.016160476952791214, 0.2126058042049408, 0.042248889803886414, 0.4768311679363251, 0.1239001676440239, 0.11709193885326385, 0.09930786490440369, 0.12116359174251556, 0.027582744136452675, 0.9468016624450684, 0.2676321566104889, 0.04476682096719742, 0.3655465841293335, 0.019333355128765106, 0.12268643826246262, 0.3273792564868927, 0.018121711909770966, 0.05186953395605087, 0.23151740431785583, 0.05839948728680611, 0.042598821222782135, 1.4346719980239868, 0.07722048461437225, 0.02432163432240486, 0.018639609217643738, 0.07030709832906723, 0.05859779193997383], "test_loss": 0.29241778511851113, "test_batch_lens": [4, 4, 4, 4, 4, 4, 4, 4, 4, 4, 4, 4, 4, 4, 4, 4, 4, 4, 4, 4, 4, 4, 4, 4, 4, 4, 4, 4, 4, 4, 4, 4, 4, 4, 4, 4, 4, 4, 4, 4, 4, 4, 4, 4, 4, 4, 4, 4, 4, 4, 4, 4, 4, 4, 4, 4, 4, 4, 4, 4, 4, 4, 4, 4, 4, 4, 4, 4, 4, 4, 4, 4, 4, 4, 4, 4, 4, 4, 4, 4, 4, 4, 4, 4, 4, 4, 4, 4, 4, 4, 4, 4, 4, 4, 4, 4, 4, 4, 4, 4, 4, 4, 4, 4, 4, 4, 4, 4, 4, 4, 4, 4, 4, 4, 4, 4, 4, 4, 4, 4, 4, 4, 4, 4, 4, 4, 4, 4, 4, 4, 4, 4, 4, 4, 4, 4, 4, 4, 4, 4, 4, 4, 4, 4, 4, 4, 4, 4, 4, 4, 4, 4, 4, 4, 4, 4, 4, 4, 4, 4, 4, 4, 3], "test_accuracy": 0.9093701996927803, "predictions": [7, 4, 1, 10, 7, 1, 8, 8, 0, 8, 4, 7, 1, 9, 3, 0, 9, 6, 4, 9, 8, 10, 0, 4, 6, 1, 5, 6, 6, 8, 8, 2, 1, 8, 6, 3, 10, 5, 5, 0, 10, 3, 2, 10, 7, 8, 4, 3, 3, 8, 8, 4, 3, 4, 6, 1, 1, 9, 1, 10, 10, 6, 9, 6, 5, 1, 8, 5, 8, 1, 3, 1, 0, 3, 1, 8, 6, 8, 9, 2, 3, 1, 1, 1, 5, 5, 1, 8, 0, 5, 9, 10, 10, 9, 1, 5, 1, 8, 2, 7, 5, 1, 10, 6, 10, 2, 3, 9, 10, 4, 7, 9, 0, 3, 7, 8, 0, 8, 0, 0, 4, 8, 1, 6, 5, 1, 7, 9, 6, 7, 4, 0, 10, 10, 7, 9, 4, 7, 9, 0, 10, 3, 3, 9, 4, 7, 4, 7, 2, 10, 2, 4, 10, 10, 1, 0, 10, 5, 4, 7, 8, 9, 10, 4, 2, 3, 10, 5, 8, 0, 9, 0, 10, 7, 6, 8, 0, 8, 1, 2, 6, 3, 5, 3, 9, 3, 4, 10, 0, 2, 0, 2, 0, 9, 9, 8, 1, 8, 5, 9, 8, 1, 6, 1, 4, 5, 9, 8, 3, 9, 5, 6, 2, 5, 4, 5, 2, 10, 8, 4, 7, 3, 0, 6, 7, 0, 5, 7, 1, 0, 1, 6, 3, 7, 7, 2, 10, 9, 3, 10, 9, 4, 3, 3, 1, 7, 8, 5, 2, 4, 10, 1, 1, 2, 3, 10, 6, 9, 5, 3, 3, 10, 7, 3, 5, 1, 8, 1, 1, 7, 3, 10, 3, 5, 0, 2, 7, 9, 9, 7, 5, 8, 8, 10, 2, 4, 2, 5, 5, 3, 8, 0, 5, 6, 3, 1, 2, 7, 3, 2, 4, 10, 8, 6, 6, 0, 2, 7, 10, 1, 7, 6, 4, 2, 5, 2, 0, 9, 4, 3, 9, 6, 7, 9, 1, 8, 8, 5, 2, 9, 4, 1, 1, 8, 4, 7, 1, 2, 7, 2, 5, 0, 7, 10, 5, 0, 5, 7, 3, 6, 4, 6, 4, 9, 5, 1, 8, 3, 8, 7, 4, 9, 6, 10, 8, 9, 8, 5, 2, 9, 4, 0, 5, 0, 9, 10, 5, 0, 3, 7, 3, 1, 8, 2, 2, 4, 4, 9, 3, 7, 5, 9, 7, 4, 0, 0, 5, 6, 9, 9, 7, 7, 1, 8, 1, 10, 10, 5, 5, 7, 3, 3, 5, 10, 9, 7, 2, 3, 1, 1, 0, 5, 4, 1, 2, 0, 1, 8, 8, 4, 8, 3, 8, 0, 3, 2, 2, 3, 7, 10, 10, 4, 10, 6, 6, 5, 0, 8, 8, 2, 1, 9, 4, 5, 9, 4, 1, 3, 5, 7, 9, 10, 1, 8, 1, 6, 3, 5, 2, 4, 10, 1, 1, 2, 8, 2, 4, 8, 2, 5, 4, 9, 0, 7, 6, 9, 9, 0, 2, 8, 6, 9, 3, 7, 2, 4, 2, 0, 3, 3, 4, 6, 3, 4, 6, 3, 3, 5, 0, 1, 7, 10, 4, 10, 2, 5, 5, 7, 5, 1, 4, 5, 0, 4, 5, 4, 9, 5, 5, 7, 7, 2, 0, 2, 5, 3, 2, 9, 1, 8, 9, 1, 8, 8, 2, 0, 9, 7, 6, 9, 6, 9, 0, 10, 8, 8, 5, 1, 7, 3, 2, 7, 9, 6, 7, 8, 9, 0, 8, 2, 10, 5, 2, 10, 8, 7, 9, 6, 8, 6, 6, 9, 7, 4, 7, 8, 4, 9, 3, 3, 7, 4, 1, 9, 5, 4, 0, 7, 8, 0, 7, 4, 5, 5, 4, 8, 8, 6, 1, 5, 3, 0, 1, 4, 7, 1, 9, 4, 6, 6, 10, 7, 1, 0, 3, 9, 1, 4, 3, 6, 7, 0, 9, 9, 4, 0, 2, 3, 7, 8, 6, 8, 1, 7, 4, 0, 2, 0, 8, 6, 7],