{"val_acc": [0.3870967741935484, 0.5453149001536098, 0.5852534562211982, 0.6159754224270353, 0.6113671274961597, 0.6298003072196621, 0.6605222734254992, 0.674347158218126, 0.6620583717357911, 0.6881720430107527], "val_loss": [1.771533168166693, 1.3768969795272394, 1.22340685110882, 1.1594016939355918, 1.1315862477922731, 1.0925035409492219, 1.0262132179152015, 1.0377778549410084, 0.9730424423890611, 0.9075993969807962], "train_loss": [2.0726950109554103, 1.5577954436101877, 1.3095945272409841, 1.188716212977871, 1.1002345536158864, 1.0359962990741405, 0.9801923762997894, 0.9347985876880373, 0.8931994358153211, 0.8518806182905364], "test_correct_in_batch": [4.0, 2.0, 2.0, 3.0, 4.0, 4.0, 1.0, 2.0, 3.0, 3.0, 4.0, 4.0, 1.0, 2.0, 3.0, 3.0, 3.0, 2.0, 1.0, 1.0, 2.0, 2.0, 2.0, 4.0, 2.0, 4.0, 2.0, 3.0, 2.0, 2.0, 2.0, 4.0, 4.0, 3.0, 3.0, 3.0, 3.0, 3.0, 3.0, 4.0, 3.0, 2.0, 2.0, 2.0, 3.0, 4.0, 3.0, 3.0, 1.0, 2.0, 3.0, 0.0, 2.0, 3.0, 3.0, 3.0, 3.0, 3.0, 3.0, 3.0, 2.0, 4.0, 3.0, 4.0, 2.0, 2.0, 3.0, 1.0, 3.0, 3.0, 1.0, 4.0, 3.0, 2.0, 4.0, 2.0, 3.0, 4.0, 2.0, 3.0, 3.0, 1.0, 4.0, 2.0, 2.0, 2.0, 3.0, 4.0, 4.0, 3.0, 2.0, 3.0, 1.0, 3.0, 4.0, 1.0, 4.0, 3.0, 2.0, 3.0, 1.0, 4.0, 3.0, 3.0, 2.0, 3.0, 2.0, 2.0, 2.0, 4.0, 3.0, 3.0, 2.0, 3.0, 3.0, 4.0, 2.0, 3.0, 4.0, 2.0, 3.0, 2.0, 3.0, 3.0, 3.0, 2.0, 3.0, 1.0, 3.0, 3.0, 3.0, 3.0, 3.0, 2.0, 3.0, 2.0, 3.0, 4.0, 1.0, 2.0, 4.0, 1.0, 1.0, 3.0, 1.0, 3.0, 1.0, 3.0, 3.0, 1.0, 3.0, 2.0, 3.0, 4.0, 3.0, 2.0, 3.0, 3.0, 3.0, 2.0, 4.0, 2.0, 2.0], "test_losses": [0.27590909600257874, 1.167206048965454, 1.3106366395950317, 1.3077105283737183, 0.3503756821155548, 0.1762685775756836, 2.5780513286590576, 1.3890209197998047, 0.5976630449295044, 0.5070163607597351, 0.14966502785682678, 0.18899166584014893, 3.742280960083008, 0.9772963523864746, 0.6936779618263245, 0.6874698996543884, 1.0111382007598877, 1.2368162870407104, 1.4652047157287598, 2.4676003456115723, 1.0280308723449707, 1.25242018699646, 1.2471270561218262, 0.1690402626991272, 0.6397060751914978, 0.16466796398162842, 0.6377942562103271, 0.9025937914848328, 1.6431632041931152, 1.4889936447143555, 2.840470552444458, 0.3692488670349121, 0.07552671432495117, 1.1403701305389404, 0.5071568489074707, 0.6891300678253174, 0.6155601739883423, 1.0438568592071533, 0.6574937105178833, 0.2764279246330261, 0.9302814602851868, 1.1032021045684814, 1.1349539756774902, 1.0924478769302368, 0.8219168186187744, 0.2773464322090149, 0.9581294059753418, 1.078256607055664, 1.5687130689620972, 1.581770658493042, 1.0658553838729858, 3.2856435775756836, 1.528751015663147, 0.9289471507072449, 0.7467616200447083, 0.669195294380188, 0.6143752932548523, 0.6589155197143555, 0.5372634530067444, 0.6576228141784668, 0.8990288376808167, 0.24938151240348816, 0.5865883231163025, 0.2279808521270752, 2.2536158561706543, 1.5082463026046753, 0.4925808310508728, 2.006246328353882, 0.9006882309913635, 0.9734340906143188, 2.432882785797119, 0.2284521758556366, 0.8002064228057861, 1.3161510229110718, 0.13877634704113007, 1.4940080642700195, 1.0018335580825806, 0.35787233710289, 2.1043758392333984, 1.2763464450836182, 0.6594028472900391, 2.125103712081909, 0.5157365202903748, 2.405590772628784, 1.29539954662323, 1.1249732971191406, 0.9256165623664856, 0.4429752826690674, 0.17423823475837708, 2.033975839614868, 1.3709787130355835, 0.7322142124176025, 2.2764437198638916, 0.6619285941123962, 0.33921557664871216, 1.0601475238800049, 0.15449196100234985, 2.360079526901245, 0.9062681794166565, 1.4030030965805054, 2.1822853088378906, 0.048633698374032974, 1.0907071828842163, 0.5797319412231445, 1.071960210800171, 0.5876133441925049, 1.4550782442092896, 0.8946613073348999, 0.7033405900001526, 0.255514532327652, 0.5326114296913147, 0.7668349742889404, 2.095311403274536, 0.6099649667739868, 1.092795491218567, 0.3779566287994385, 1.0430084466934204, 0.6227995753288269, 0.15754026174545288, 1.930956244468689, 0.5692993402481079, 1.1611008644104004, 0.3146313726902008, 0.38767489790916443, 1.11504065990448, 2.591689348220825, 1.0532512664794922, 1.7410756349563599, 0.6610223650932312, 0.5295038819313049, 1.0177289247512817, 1.0617072582244873, 1.1319559812545776, 0.8212478160858154, 0.6337355375289917, 1.6155009269714355, 0.8084478378295898, 0.35473281145095825, 1.5098519325256348, 2.0741000175476074, 0.2898632884025574, 3.1767728328704834, 1.627825379371643, 0.5756133794784546, 1.0554579496383667, 1.0141698122024536, 2.188413381576538, 1.1244237422943115, 1.8393967151641846, 1.9209071397781372, 1.5712333917617798, 0.5942462682723999, 0.32184547185897827, 0.3734654188156128, 0.6062324643135071, 1.2517919540405273, 0.836473286151886, 1.6315412521362305, 0.9486285448074341, 1.4523475170135498, 0.03979778662323952, 0.8586119413375854, 0.7467452883720398], "test_loss": 1.0455461158617143, "test_batch_lens": [4, 4, 4, 4, 4, 4, 4, 4, 4, 4, 4, 4, 4, 4, 4, 4, 4, 4, 4, 4, 4, 4, 4, 4, 4, 4, 4, 4, 4, 4, 4, 4, 4, 4, 4, 4, 4, 4, 4, 4, 4, 4, 4, 4, 4, 4, 4, 4, 4, 4, 4, 4, 4, 4, 4, 4, 4, 4, 4, 4, 4, 4, 4, 4, 4, 4, 4, 4, 4, 4, 4, 4, 4, 4, 4, 4, 4, 4, 4, 4, 4, 4, 4, 4, 4, 4, 4, 4, 4, 4, 4, 4, 4, 4, 4, 4, 4, 4, 4, 4, 4, 4, 4, 4, 4, 4, 4, 4, 4, 4, 4, 4, 4, 4, 4, 4, 4, 4, 4, 4, 4, 4, 4, 4, 4, 4, 4, 4, 4, 4, 4, 4, 4, 4, 4, 4, 4, 4, 4, 4, 4, 4, 4, 4, 4, 4, 4, 4, 4, 4, 4, 4, 4, 4, 4, 4, 4, 4, 4, 4, 4, 4, 3], "test_accuracy": 0.6651305683563749, "predictions": [7, 4, 1, 10, 7, 3, 8, 5, 3, 3, 4, 7, 1, 9, 6, 0, 9, 6, 4, 9, 8, 10, 1, 4, 1, 3, 4, 6, 6, 10, 2, 3, 1, 2, 6, 3, 10, 5, 5, 3, 10, 3, 2, 10, 7, 8, 4, 3, 8, 1, 2, 4, 1, 9, 6, 1, 1, 1, 1, 10, 10, 6, 8, 6, 5, 9, 8, 5, 0, 3, 3, 1, 5, 1, 1, 6, 6, 2, 2, 9, 1, 1, 1, 1, 5, 6, 1, 0, 0, 9, 9, 2, 10, 7, 1, 5, 0, 0, 2, 7, 5, 1, 10, 6, 10, 7, 3, 4, 10, 4, 7, 2, 0, 1, 7, 5, 0, 2, 0, 5, 4, 9, 7, 0, 5, 1, 7, 9, 6, 7, 4, 0, 10, 10, 9, 9, 4, 3, 9, 0, 10, 3, 3, 7, 9, 7, 4, 7, 2, 10, 8, 4, 10, 10, 3, 0, 10, 5, 4, 7, 4, 9, 10, 4, 10, 9, 10, 5, 8, 0, 2, 7, 2, 7, 2, 8, 0, 0, 1, 2, 6, 3, 5, 3, 9, 3, 2, 8, 3, 2, 0, 6, 1, 9, 7, 5, 0, 1, 5, 9, 9, 1, 6, 1, 9, 2, 1, 7, 9, 9, 8, 6, 6, 5, 4, 5, 2, 10, 7, 4, 7, 3, 0, 9, 7, 8, 5, 7, 1, 1, 1, 6, 1, 7, 7, 2, 10, 9, 3, 10, 7, 9, 3, 3, 1, 7, 8, 5, 2, 4, 2, 1, 1, 2, 3, 10, 2, 4, 5, 3, 3, 7, 7, 0, 5, 3, 8, 1, 9, 4, 9, 10, 3, 5, 0, 2, 7, 9, 9, 7, 9, 0, 0, 10, 2, 4, 2, 5, 5, 10, 8, 0, 9, 8, 0, 1, 2, 7, 3, 2, 4, 10, 5, 10, 2, 0, 2, 7, 10, 1, 7, 6, 4, 2, 4, 2, 9, 9, 4, 3, 2, 6, 9, 9, 8, 2, 7, 5, 2, 9, 4, 1, 3, 1, 4, 7, 1, 10, 9, 2, 5, 1, 0, 10, 0, 0, 5, 7, 3, 6, 4, 6, 4, 9, 5, 1, 1, 3, 7, 7, 9, 2, 6, 10, 8, 9, 10, 5, 3, 9, 4, 5, 5, 0, 9, 2, 5, 0, 3, 7, 1, 9, 10, 2, 2, 4, 4, 9, 3, 7, 0, 9, 7, 4, 1, 0, 5, 6, 9, 3, 7, 4, 8, 2, 1, 10, 10, 5, 9, 7, 3, 3, 5, 10, 4, 7, 2, 1, 3, 1, 0, 5, 9, 1, 6, 0, 3, 8, 8, 2, 9, 3, 8, 3, 1, 2, 2, 3, 7, 10, 10, 2, 10, 6, 6, 5, 0, 8, 10, 2, 1, 4, 9, 5, 5, 9, 1, 10, 5, 7, 9, 10, 1, 8, 0, 6, 3, 4, 2, 4, 10, 3, 1, 2, 8, 2, 4, 1, 2, 8, 9, 2, 0, 7, 6, 9, 9, 3, 2, 6, 6, 9, 1, 7, 2, 4, 2, 0, 1, 3, 1, 10, 3, 4, 7, 3, 3, 5, 1, 7, 7, 2, 4, 10, 4, 5, 5, 4, 5, 1, 4, 5, 2, 4, 5, 9, 9, 5, 9, 7, 3, 2, 0, 6, 4, 0, 2, 7, 1, 8, 8, 1, 8, 5, 2, 0, 1, 7, 6, 9, 6, 9, 3, 10, 10, 4, 8, 7, 7, 3, 2, 7, 9, 6, 2, 6, 0, 0, 1, 2, 2, 6, 2, 10, 4, 7, 8, 6, 10, 2, 6, 9, 7, 9, 7, 9, 10, 4, 3, 2, 7, 4, 1, 7, 5, 2, 7, 8, 3, 0, 7, 4, 6, 5, 4, 6, 2, 6, 1, 9, 3, 0, 1, 4, 7, 1, 9, 9, 6, 6, 2, 8, 1, 0, 3, 9, 1, 9, 3, 8, 7, 8, 1, 9, 4, 0, 2, 3, 9, 6, 6, 8, 1, 7, 4, 1, 2, 1, 2, 6, 7],