{"val_acc": [0.5929339477726574, 0.7465437788018433, 0.7772657450076805, 0.8064516129032258, 0.8279569892473119, 0.8417818740399385, 0.8463901689708141, 0.8341013824884793, 0.8448540706605223, 0.8433179723502304], "val_loss": [1.0757944169311435, 0.7155550079180236, 0.6393838730737841, 0.5427506343730114, 0.5178267853677364, 0.44967761294961983, 0.4800700232046628, 0.49938658593748153, 0.466763533331151, 0.4619768670227299], "train_loss": [1.484111787287989, 0.9048931021408916, 0.7343517273602156, 0.6410747827529721, 0.5774310300984988, 0.5365327786080644, 0.5056999744874136, 0.4841442345508712, 0.46153970712120207, 0.4428345343594677], "test_correct_in_batch": [4.0, 4.0, 3.0, 3.0, 3.0, 4.0, 2.0, 4.0, 3.0, 4.0, 4.0, 4.0, 2.0, 4.0, 4.0, 3.0, 3.0, 3.0, 3.0, 4.0, 4.0, 3.0, 3.0, 4.0, 4.0, 4.0, 4.0, 2.0, 3.0, 4.0, 1.0, 3.0, 3.0, 4.0, 3.0, 4.0, 4.0, 3.0, 4.0, 4.0, 4.0, 4.0, 3.0, 4.0, 3.0, 4.0, 2.0, 4.0, 3.0, 2.0, 3.0, 2.0, 3.0, 3.0, 4.0, 4.0, 3.0, 4.0, 4.0, 3.0, 3.0, 4.0, 3.0, 4.0, 4.0, 3.0, 4.0, 3.0, 3.0, 3.0, 2.0, 3.0, 3.0, 3.0, 4.0, 4.0, 4.0, 4.0, 4.0, 4.0, 4.0, 3.0, 3.0, 3.0, 3.0, 3.0, 4.0, 3.0, 3.0, 2.0, 2.0, 3.0, 1.0, 4.0, 4.0, 4.0, 3.0, 2.0, 1.0, 4.0, 2.0, 4.0, 4.0, 2.0, 3.0, 0.0, 4.0, 3.0, 3.0, 4.0, 4.0, 3.0, 4.0, 4.0, 4.0, 4.0, 2.0, 4.0, 3.0, 3.0, 2.0, 3.0, 3.0, 4.0, 3.0, 4.0, 4.0, 3.0, 4.0, 2.0, 2.0, 3.0, 4.0, 2.0, 3.0, 3.0, 4.0, 3.0, 4.0, 2.0, 4.0, 3.0, 3.0, 4.0, 4.0, 3.0, 4.0, 3.0, 2.0, 4.0, 4.0, 3.0, 4.0, 3.0, 3.0, 4.0, 4.0, 3.0, 4.0, 3.0, 4.0, 3.0, 3.0], "test_losses": [0.018372751772403717, 0.04293472319841385, 0.835062563419342, 1.6270437240600586, 0.32247769832611084, 0.10103776305913925, 1.0102757215499878, 0.2667067348957062, 1.7213423252105713, 0.08770590275526047, 0.0219611506909132, 0.020441437140107155, 1.1666055917739868, 0.01536835078150034, 0.11098062247037888, 1.1855359077453613, 0.6162856817245483, 1.0685292482376099, 1.3134098052978516, 0.15516212582588196, 0.11938147246837616, 0.6500288844108582, 1.113391399383545, 0.2567480802536011, 0.08399508893489838, 0.09601002186536789, 0.04690586403012276, 0.984916627407074, 0.9449316263198853, 0.02782190777361393, 2.063272476196289, 0.8175877928733826, 0.2196691334247589, 0.017422331497073174, 0.6580503582954407, 0.314937949180603, 0.2340046465396881, 0.3009863495826721, 0.1266743242740631, 0.11533515155315399, 0.19103315472602844, 0.09487117826938629, 0.6095897555351257, 0.08529528230428696, 0.5249069929122925, 0.0297319944947958, 0.9095512628555298, 0.13429245352745056, 1.166473388671875, 1.5090006589889526, 0.6774951219558716, 3.1522908210754395, 0.6645830869674683, 0.49194663763046265, 0.29549068212509155, 0.08409933000802994, 0.42344677448272705, 0.049241963773965836, 0.012062225490808487, 1.0730575323104858, 0.5701804161071777, 0.038990385830402374, 0.4252006411552429, 0.025883566588163376, 0.14548219740390778, 0.5390101075172424, 0.08292385935783386, 0.4829574227333069, 1.0799617767333984, 0.6619945764541626, 1.3629305362701416, 0.2579309642314911, 0.4248727560043335, 1.3287848234176636, 0.017372405156493187, 0.0860782116651535, 0.13706693053245544, 0.016817012801766396, 0.34990164637565613, 0.1371200680732727, 0.05834741145372391, 0.6729288101196289, 0.3687683045864105, 1.1504491567611694, 0.6704263091087341, 0.4490232765674591, 0.19753365218639374, 1.1274185180664062, 0.30039289593696594, 1.695946216583252, 0.737797737121582, 0.3498705327510834, 1.9224975109100342, 0.12498685717582703, 0.036104146391153336, 0.3039224445819855, 0.8902884721755981, 1.995629072189331, 1.2546658515930176, 0.03136415779590607, 1.6048797369003296, 0.012776070274412632, 0.05517709255218506, 0.8861422538757324, 0.40652555227279663, 1.6539576053619385, 0.02988862618803978, 0.30359357595443726, 0.7655380964279175, 0.02725745551288128, 0.011762763373553753, 1.1227246522903442, 0.2116885483264923, 0.07265709340572357, 0.20886053144931793, 0.0365980826318264, 2.302924633026123, 0.017562005668878555, 0.4003344476222992, 0.49464213848114014, 0.8116368651390076, 0.8184821605682373, 0.45161134004592896, 0.045706607401371, 0.491997629404068, 0.04712063446640968, 0.06781146675348282, 0.8458238840103149, 0.23611058294773102, 1.3721286058425903, 1.0589008331298828, 0.5378247499465942, 0.07037565112113953, 1.6982529163360596, 1.4444141387939453, 0.5869922637939453, 0.013397600501775742, 0.44361305236816406, 0.15461894869804382, 2.2883026599884033, 0.04360257834196091, 1.683305263519287, 0.7768787741661072, 0.03805435448884964, 0.08968037366867065, 0.5372723340988159, 0.09748780727386475, 1.5025324821472168, 1.5235098600387573, 0.08504084497690201, 0.2527693510055542, 0.429250031709671, 0.05638614296913147, 0.43443551659584045, 0.900532603263855, 0.28371182084083557, 0.18736104667186737, 0.6822250485420227, 0.45409756898880005, 0.25683605670928955, 0.007611112669110298, 0.4171130359172821, 0.10731372982263565], "test_loss": 0.5554921137671803, "test_batch_lens": [4, 4, 4, 4, 4, 4, 4, 4, 4, 4, 4, 4, 4, 4, 4, 4, 4, 4, 4, 4, 4, 4, 4, 4, 4, 4, 4, 4, 4, 4, 4, 4, 4, 4, 4, 4, 4, 4, 4, 4, 4, 4, 4, 4, 4, 4, 4, 4, 4, 4, 4, 4, 4, 4, 4, 4, 4, 4, 4, 4, 4, 4, 4, 4, 4, 4, 4, 4, 4, 4, 4, 4, 4, 4, 4, 4, 4, 4, 4, 4, 4, 4, 4, 4, 4, 4, 4, 4, 4, 4, 4, 4, 4, 4, 4, 4, 4, 4, 4, 4, 4, 4, 4, 4, 4, 4, 4, 4, 4, 4, 4, 4, 4, 4, 4, 4, 4, 4, 4, 4, 4, 4, 4, 4, 4, 4, 4, 4, 4, 4, 4, 4, 4, 4, 4, 4, 4, 4, 4, 4, 4, 4, 4, 4, 4, 4, 4, 4, 4, 4, 4, 4, 4, 4, 4, 4, 4, 4, 4, 4, 4, 4, 3], "test_accuracy": 0.8218125960061444, "predictions": [7, 4, 1, 10, 7, 1, 8, 8, 1, 8, 4, 7, 1, 9, 8, 0, 9, 6, 4, 4, 8, 10, 1, 4, 6, 3, 4, 6, 6, 8, 2, 1, 1, 8, 6, 3, 10, 5, 5, 0, 10, 3, 2, 10, 7, 8, 4, 3, 8, 8, 8, 4, 3, 4, 6, 1, 1, 9, 1, 10, 10, 6, 8, 6, 5, 4, 8, 5, 8, 1, 3, 3, 8, 3, 1, 8, 6, 8, 9, 2, 3, 1, 3, 1, 5, 5, 1, 3, 0, 4, 9, 2, 10, 7, 1, 5, 1, 8, 2, 7, 5, 1, 10, 6, 10, 8, 3, 9, 10, 9, 7, 9, 0, 3, 7, 8, 0, 8, 0, 0, 9, 3, 5, 6, 5, 1, 6, 9, 6, 7, 4, 8, 10, 10, 7, 9, 4, 1, 9, 1, 10, 3, 3, 9, 4, 7, 4, 7, 2, 10, 8, 4, 10, 10, 1, 0, 10, 5, 4, 7, 8, 9, 10, 4, 2, 3, 10, 5, 8, 0, 4, 0, 10, 7, 6, 8, 8, 8, 1, 2, 6, 3, 5, 3, 9, 2, 4, 7, 3, 2, 0, 2, 8, 9, 9, 8, 8, 3, 9, 9, 9, 1, 6, 1, 4, 9, 9, 8, 3, 9, 5, 8, 8, 5, 4, 5, 2, 10, 8, 4, 7, 3, 0, 6, 7, 1, 5, 7, 1, 0, 1, 6, 3, 7, 7, 2, 10, 9, 3, 10, 9, 8, 3, 3, 1, 7, 8, 5, 2, 5, 10, 1, 1, 2, 3, 10, 6, 9, 5, 3, 3, 10, 7, 0, 5, 1, 8, 1, 0, 7, 3, 10, 3, 5, 0, 2, 7, 9, 9, 7, 8, 3, 8, 10, 3, 4, 2, 5, 5, 3, 5, 0, 2, 6, 0, 1, 2, 7, 3, 2, 4, 10, 8, 6, 6, 0, 2, 7, 10, 1, 7, 6, 9, 2, 5, 2, 0, 9, 4, 3, 2, 6, 7, 9, 1, 2, 8, 5, 2, 9, 4, 4, 1, 3, 4, 7, 1, 2, 0, 2, 5, 0, 8, 10, 5, 0, 5, 7, 3, 6, 9, 6, 9, 9, 5, 1, 1, 3, 2, 7, 6, 9, 6, 10, 4, 9, 8, 5, 3, 9, 4, 1, 5, 0, 9, 10, 5, 0, 3, 7, 3, 1, 8, 2, 10, 4, 4, 9, 3, 7, 8, 0, 6, 9, 3, 0, 5, 6, 9, 9, 7, 7, 8, 6, 1, 10, 10, 5, 5, 7, 3, 3, 5, 10, 4, 0, 2, 3, 1, 3, 8, 7, 8, 0, 2, 0, 1, 8, 8, 4, 7, 3, 8, 3, 3, 2, 2, 3, 7, 10, 10, 4, 10, 6, 6, 5, 0, 10, 8, 2, 1, 9, 9, 5, 9, 9, 1, 3, 5, 7, 9, 10, 1, 8, 3, 6, 3, 9, 2, 4, 10, 1, 1, 2, 8, 6, 5, 8, 2, 5, 5, 9, 7, 7, 6, 9, 9, 0, 2, 3, 6, 9, 3, 7, 2, 4, 2, 0, 1, 3, 9, 6, 3, 4, 6, 3, 3, 5, 1, 1, 7, 10, 4, 10, 2, 5, 4, 7, 5, 3, 5, 5, 8, 4, 5, 4, 4, 5, 9, 7, 7, 2, 0, 6, 5, 3, 2, 2, 1, 8, 9, 1, 6, 8, 2, 0, 9, 7, 6, 7, 6, 9, 0, 10, 8, 8, 4, 3, 7, 2, 2, 7, 9, 6, 8, 8, 9, 0, 8, 2, 1, 5, 2, 10, 8, 7, 9, 6, 8, 6, 6, 9, 7, 9, 7, 8, 4, 9, 3, 3, 7, 8, 3, 0, 5, 4, 0, 7, 8, 0, 7, 4, 5, 5, 4, 6, 6, 6, 1, 5, 3, 0, 1, 4, 7, 3, 9, 8, 6, 6, 10, 7, 1, 0, 3, 9, 1, 4, 3, 4, 7, 8, 9, 9, 4, 0, 2, 3, 9, 8, 6, 8, 1, 7, 4, 9, 2, 0, 8, 6, 7],