{"val_acc": [0.8617511520737328, 0.9170506912442397, 0.9093701996927803, 0.9170506912442397, 0.9308755760368663], "val_loss": [0.41234261760428964, 0.2759318984087727, 0.2792816430711394, 0.24922679444964238, 0.24092325689417504], "train_loss": [0.7314735478685197, 0.39274853548712824, 0.29955985410027525, 0.24352654900701617, 0.21195026092185848], "test_correct_in_batch": [4.0, 4.0, 4.0, 3.0, 4.0, 4.0, 4.0, 3.0, 3.0, 4.0, 4.0, 3.0, 3.0, 3.0, 4.0, 3.0, 3.0, 4.0, 3.0, 4.0, 4.0, 4.0, 3.0, 4.0, 4.0, 4.0, 4.0, 3.0, 3.0, 4.0, 2.0, 4.0, 4.0, 4.0, 4.0, 4.0, 4.0, 4.0, 4.0, 4.0, 4.0, 4.0, 3.0, 4.0, 4.0, 4.0, 2.0, 3.0, 3.0, 3.0, 3.0, 2.0, 4.0, 4.0, 4.0, 4.0, 4.0, 4.0, 4.0, 3.0, 4.0, 4.0, 3.0, 4.0, 3.0, 4.0, 4.0, 3.0, 3.0, 3.0, 3.0, 4.0, 4.0, 3.0, 4.0, 4.0, 4.0, 4.0, 4.0, 4.0, 4.0, 4.0, 4.0, 4.0, 4.0, 3.0, 4.0, 4.0, 4.0, 3.0, 4.0, 4.0, 2.0, 4.0, 4.0, 4.0, 4.0, 2.0, 4.0, 4.0, 2.0, 4.0, 4.0, 3.0, 3.0, 4.0, 4.0, 4.0, 4.0, 4.0, 4.0, 3.0, 4.0, 4.0, 3.0, 4.0, 3.0, 4.0, 4.0, 3.0, 4.0, 2.0, 4.0, 3.0, 3.0, 4.0, 4.0, 4.0, 4.0, 3.0, 4.0, 4.0, 4.0, 3.0, 4.0, 3.0, 4.0, 4.0, 3.0, 1.0, 4.0, 4.0, 4.0, 4.0, 4.0, 3.0, 4.0, 4.0, 3.0, 4.0, 3.0, 4.0, 4.0, 4.0, 3.0, 4.0, 4.0, 3.0, 3.0, 4.0, 4.0, 4.0, 3.0], "test_losses": [0.0001847087114583701, 0.04989767447113991, 0.008466788567602634, 0.9474244713783264, 0.0042494372464716434, 0.002937179058790207, 0.22914905846118927, 0.5406408905982971, 1.0008348226547241, 0.002839636290445924, 0.022547421976923943, 0.33552974462509155, 0.9009356498718262, 0.39135774970054626, 0.1942860633134842, 1.7514663934707642, 1.2385753393173218, 0.5271208882331848, 0.8378067016601562, 0.14727365970611572, 0.09635172039270401, 0.007517221849411726, 0.8232167959213257, 0.0003190153802279383, 0.013209636323153973, 0.0011868281289935112, 0.028673741966485977, 0.8775490522384644, 1.222697138786316, 0.20011241734027863, 1.1277921199798584, 0.19378091394901276, 0.041793618351221085, 0.0006050241063348949, 0.006527746096253395, 0.19832339882850647, 0.018094278872013092, 0.0016946832183748484, 0.0005378288333304226, 0.043936118483543396, 0.016907982528209686, 0.00022208626614883542, 1.0224957466125488, 0.009956007823348045, 0.060758545994758606, 0.001717278966680169, 0.6311227083206177, 0.5339032411575317, 0.6304914951324463, 0.219515860080719, 0.767643928527832, 1.4380830526351929, 0.03986740857362747, 0.06795507669448853, 0.007794634439051151, 0.058474570512771606, 0.009130709804594517, 0.09039173275232315, 0.15657977759838104, 0.4679466784000397, 0.002146632643416524, 0.024904415011405945, 0.8185860514640808, 0.003488361369818449, 0.21585772931575775, 0.17069970071315765, 0.011392693035304546, 0.8623980283737183, 1.0534082651138306, 1.058780312538147, 0.8507968783378601, 0.037871744483709335, 0.024261092767119408, 0.3625330626964569, 0.05351734533905983, 0.023624533787369728, 0.15105418860912323, 0.008354504592716694, 0.05868791416287422, 0.006957848556339741, 0.009586495347321033, 0.12327123433351517, 0.0228885468095541, 0.03697078675031662, 0.22684462368488312, 0.6477548480033875, 0.1470746397972107, 0.007136531639844179, 0.12804357707500458, 1.049370288848877, 0.018372412770986557, 0.03923523426055908, 1.8621444702148438, 0.012298316694796085, 0.004361770581454039, 0.03752201050519943, 0.18315055966377258, 2.9664998054504395, 0.04045030474662781, 0.0033883238211274147, 1.2962913513183594, 0.018048495054244995, 0.048510175198316574, 0.49062755703926086, 0.5690560340881348, 0.020624583587050438, 0.006971230264753103, 0.010991846211254597, 0.08816360682249069, 0.020273374393582344, 0.02938651852309704, 1.3777368068695068, 0.0017115103546530008, 0.0001780210150172934, 0.8568055629730225, 0.0012859106063842773, 0.4839126169681549, 0.0031064795330166817, 0.03460175544023514, 0.25498664379119873, 0.008258591406047344, 2.026265859603882, 0.030218083411455154, 0.6728622913360596, 0.926565945148468, 0.10420280694961548, 0.07802020013332367, 0.19029279053211212, 0.15990200638771057, 0.8260806798934937, 0.0313640758395195, 0.0438658706843853, 0.1690199226140976, 0.26896074414253235, 0.1562250852584839, 0.3307877480983734, 0.003939533140510321, 0.08439852297306061, 0.3054943382740021, 1.9777873754501343, 0.021124985069036484, 0.14044709503650665, 0.0470266118645668, 0.027031732723116875, 0.007332222536206245, 1.1123982667922974, 0.18154935538768768, 0.027034942060709, 0.5466358661651611, 0.01136415172368288, 0.18759803473949432, 0.036565087735652924, 0.007418625056743622, 0.2165747433900833, 0.7029367685317993, 0.0013658986426889896, 0.00364467641338706, 0.4201243817806244, 0.35419031977653503, 0.08076223731040955, 0.021019985899329185, 0.002988812979310751, 0.024200625717639923], "test_loss": 0.3179337801457279, "test_batch_lens": [4, 4, 4, 4, 4, 4, 4, 4, 4, 4, 4, 4, 4, 4, 4, 4, 4, 4, 4, 4, 4, 4, 4, 4, 4, 4, 4, 4, 4, 4, 4, 4, 4, 4, 4, 4, 4, 4, 4, 4, 4, 4, 4, 4, 4, 4, 4, 4, 4, 4, 4, 4, 4, 4, 4, 4, 4, 4, 4, 4, 4, 4, 4, 4, 4, 4, 4, 4, 4, 4, 4, 4, 4, 4, 4, 4, 4, 4, 4, 4, 4, 4, 4, 4, 4, 4, 4, 4, 4, 4, 4, 4, 4, 4, 4, 4, 4, 4, 4, 4, 4, 4, 4, 4, 4, 4, 4, 4, 4, 4, 4, 4, 4, 4, 4, 4, 4, 4, 4, 4, 4, 4, 4, 4, 4, 4, 4, 4, 4, 4, 4, 4, 4, 4, 4, 4, 4, 4, 4, 4, 4, 4, 4, 4, 4, 4, 4, 4, 4, 4, 4, 4, 4, 4, 4, 4, 4, 4, 4, 4, 4, 4, 3], "test_accuracy": 0.9047619047619048, "predictions": [7, 4, 1, 10, 7, 1, 8, 8, 0, 8, 4, 7, 1, 9, 8, 0, 9, 6, 4, 9, 8, 10, 1, 4, 6, 8, 8, 6, 6, 8, 2, 0, 1, 8, 6, 3, 10, 5, 5, 0, 10, 3, 2, 10, 7, 8, 5, 3, 3, 8, 8, 4, 8, 4, 6, 1, 1, 9, 1, 10, 10, 6, 9, 6, 5, 8, 8, 5, 8, 1, 3, 1, 8, 3, 1, 8, 6, 8, 9, 2, 3, 1, 3, 1, 5, 5, 1, 8, 0, 5, 9, 10, 10, 7, 1, 5, 1, 8, 2, 7, 5, 1, 10, 6, 10, 8, 3, 9, 10, 4, 7, 8, 0, 3, 7, 8, 0, 8, 0, 0, 4, 8, 8, 8, 5, 1, 7, 9, 6, 7, 4, 0, 10, 10, 7, 9, 4, 1, 9, 0, 10, 3, 3, 9, 4, 7, 4, 7, 2, 10, 2, 4, 10, 10, 1, 0, 10, 5, 4, 7, 8, 9, 10, 4, 2, 3, 10, 5, 8, 0, 8, 0, 10, 7, 6, 8, 0, 8, 1, 2, 6, 3, 5, 3, 5, 8, 4, 8, 3, 2, 0, 9, 0, 9, 9, 5, 1, 10, 5, 9, 4, 1, 6, 1, 4, 8, 9, 8, 3, 9, 5, 6, 2, 5, 4, 5, 2, 10, 8, 4, 7, 3, 0, 6, 7, 0, 5, 7, 1, 0, 1, 6, 3, 7, 7, 2, 10, 5, 3, 10, 9, 4, 3, 3, 1, 7, 8, 5, 2, 4, 10, 8, 1, 2, 3, 10, 6, 9, 9, 3, 3, 10, 7, 1, 5, 1, 8, 1, 3, 7, 3, 10, 3, 5, 8, 2, 7, 8, 9, 7, 10, 8, 8, 10, 2, 4, 2, 5, 5, 3, 8, 0, 8, 6, 10, 1, 2, 7, 3, 2, 4, 10, 8, 6, 6, 0, 2, 7, 10, 1, 7, 6, 9, 2, 5, 2, 0, 9, 4, 3, 2, 6, 7, 9, 1, 8, 8, 5, 2, 9, 4, 1, 1, 8, 4, 7, 1, 2, 7, 2, 5, 0, 4, 10, 5, 0, 5, 7, 3, 6, 4, 6, 4, 9, 5, 1, 8, 3, 8, 7, 4, 4, 6, 10, 8, 9, 8, 5, 6, 9, 5, 0, 5, 0, 9, 10, 5, 0, 3, 7, 3, 1, 8, 2, 2, 4, 4, 9, 3, 7, 5, 8, 9, 4, 0, 0, 5, 6, 9, 9, 7, 7, 8, 8, 1, 10, 10, 5, 5, 7, 3, 3, 5, 10, 9, 0, 8, 3, 1, 1, 0, 5, 4, 1, 2, 0, 1, 8, 8, 4, 8, 3, 8, 0, 3, 2, 2, 3, 7, 10, 10, 4, 10, 6, 6, 5, 0, 8, 8, 2, 1, 9, 9, 5, 9, 9, 1, 3, 5, 8, 9, 10, 1, 8, 0, 6, 3, 8, 2, 4, 10, 1, 1, 2, 8, 2, 4, 8, 2, 8, 9, 9, 0, 7, 6, 4, 8, 0, 2, 8, 6, 9, 3, 8, 2, 4, 8, 0, 1, 3, 9, 6, 3, 4, 6, 3, 3, 5, 0, 1, 7, 10, 4, 10, 2, 5, 5, 7, 5, 3, 4, 5, 0, 4, 5, 4, 9, 5, 9, 7, 7, 2, 0, 2, 5, 3, 2, 9, 1, 8, 9, 1, 5, 8, 2, 0, 9, 7, 6, 9, 6, 9, 0, 10, 8, 4, 8, 0, 9, 3, 2, 7, 9, 6, 7, 8, 9, 0, 8, 2, 10, 5, 2, 10, 8, 7, 9, 6, 8, 6, 6, 8, 7, 9, 7, 8, 4, 9, 3, 3, 7, 4, 1, 0, 5, 4, 0, 7, 8, 0, 4, 4, 5, 5, 4, 8, 6, 6, 1, 5, 3, 0, 1, 4, 7, 1, 9, 4, 6, 8, 10, 7, 1, 0, 3, 9, 1, 4, 3, 8, 7, 8, 9, 9, 4, 8, 2, 3, 7, 8, 6, 8, 1, 7, 4, 0, 2, 0, 8, 6, 7],