{"val_acc": [0.09831029185867896, 0.08602150537634409, 0.07987711213517665, 0.09216589861751152, 0.0706605222734255, 0.06144393241167435, 0.07987711213517665, 0.0967741935483871, 0.07987711213517665, 0.08602150537634409], "val_loss": [2.397282073834191, 2.400979805577752, 2.39899848575241, 2.399123519476206, 2.400179683065122, 2.4016652312015463, 2.3987653489493153, 2.3981862960417577, 2.3997368593157433, 2.400563352678451], "train_loss": [2.399523341792532, 2.398450537993408, 2.398478392582054, 2.398316026369782, 2.3984985970441177, 2.398400306277771, 2.398456686279472, 2.398421525107421, 2.39843593588626, 2.398472165992038], "test_correct_in_batch": [0.0, 0.0, 0.0, 0.0, 0.0, 0.0, 0.0, 1.0, 0.0, 0.0, 1.0, 0.0, 0.0, 0.0, 0.0, 0.0, 0.0, 0.0, 0.0, 1.0, 0.0, 0.0, 0.0, 0.0, 1.0, 0.0, 0.0, 0.0, 0.0, 0.0, 0.0, 0.0, 0.0, 0.0, 0.0, 0.0, 0.0, 2.0, 0.0, 0.0, 0.0, 1.0, 0.0, 0.0, 1.0, 0.0, 0.0, 2.0, 0.0, 0.0, 0.0, 0.0, 0.0, 1.0, 1.0, 0.0, 0.0, 0.0, 1.0, 0.0, 0.0, 0.0, 1.0, 1.0, 0.0, 0.0, 0.0, 0.0, 2.0, 0.0, 0.0, 2.0, 0.0, 0.0, 2.0, 0.0, 1.0, 0.0, 2.0, 0.0, 1.0, 0.0, 1.0, 0.0, 2.0, 0.0, 0.0, 0.0, 0.0, 0.0, 0.0, 0.0, 0.0, 0.0, 0.0, 1.0, 1.0, 0.0, 0.0, 0.0, 0.0, 0.0, 0.0, 0.0, 1.0, 0.0, 1.0, 0.0, 1.0, 1.0, 0.0, 0.0, 1.0, 0.0, 0.0, 0.0, 0.0, 1.0, 2.0, 1.0, 0.0, 1.0, 1.0, 1.0, 0.0, 0.0, 0.0, 0.0, 1.0, 0.0, 0.0, 0.0, 1.0, 1.0, 1.0, 0.0, 1.0, 0.0, 0.0, 0.0, 1.0, 0.0, 1.0, 1.0, 0.0, 0.0, 0.0, 0.0, 0.0, 0.0, 0.0, 0.0, 0.0, 0.0, 0.0, 0.0, 0.0, 0.0, 0.0, 1.0, 0.0, 1.0, 0.0], "test_losses": [2.404494285583496, 2.4084830284118652, 2.404664993286133, 2.394577741622925, 2.3815879821777344, 2.3935611248016357, 2.3976082801818848, 2.389072895050049, 2.3922953605651855, 2.408146619796753, 2.399991035461426, 2.40433931350708, 2.3884754180908203, 2.3899261951446533, 2.3935906887054443, 2.3985798358917236, 2.405595541000366, 2.396026611328125, 2.396026611328125, 2.386481761932373, 2.3968429565429688, 2.4013538360595703, 2.3921120166778564, 2.413696050643921, 2.401146650314331, 2.4016222953796387, 2.3990862369537354, 2.404494285583496, 2.4116406440734863, 2.403315782546997, 2.4023826122283936, 2.405454635620117, 2.40352463722229, 2.4125137329101562, 2.3864617347717285, 2.399902582168579, 2.407156467437744, 2.381227731704712, 2.405313730239868, 2.408735990524292, 2.39096999168396, 2.3985822200775146, 2.397243022918701, 2.4129929542541504, 2.391355514526367, 2.4022836685180664, 2.3884754180908203, 2.3871750831604004, 2.3911705017089844, 2.3953375816345215, 2.3940699100494385, 2.386106491088867, 2.3965368270874023, 2.3890573978424072, 2.388564109802246, 2.4116406440734863, 2.424800157546997, 2.395211935043335, 2.415235757827759, 2.4000277519226074, 2.389291763305664, 2.4103851318359375, 2.3862247467041016, 2.394340753555298, 2.3965368270874023, 2.4126105308532715, 2.3971123695373535, 2.414949893951416, 2.387934923171997, 2.4176416397094727, 2.40205979347229, 2.379818916320801, 2.403749942779541, 2.3975515365600586, 2.3969662189483643, 2.3947601318359375, 2.4034879207611084, 2.410653591156006, 2.382188081741333, 2.389617443084717, 2.3974151611328125, 2.399451971054077, 2.377983331680298, 2.4011833667755127, 2.393810272216797, 2.417177677154541, 2.41576886177063, 2.391124963760376, 2.3872218132019043, 2.422572374343872, 2.387460231781006, 2.3968610763549805, 2.40352463722229, 2.4013137817382812, 2.4146831035614014, 2.3910298347473145, 2.37302303314209, 2.401777744293213, 2.3899433612823486, 2.390789747238159, 2.415684700012207, 2.406073570251465, 2.4143574237823486, 2.411105155944824, 2.38869047164917, 2.393294334411621, 2.391355514526367, 2.3934061527252197, 2.3945114612579346, 2.407613515853882, 2.398071050643921, 2.396862506866455, 2.3852829933166504, 2.3869998455047607, 2.4112014770507812, 2.395930290222168, 2.397225856781006, 2.3862247467041016, 2.3828771114349365, 2.387155294418335, 2.4021036624908447, 2.3876240253448486, 2.386482000350952, 2.397002696990967, 2.400324821472168, 2.3873350620269775, 2.4022836685180664, 2.412935972213745, 2.3904662132263184, 2.4122872352600098, 2.388334035873413, 2.391463279724121, 2.4094889163970947, 2.387211799621582, 2.3852829933166504, 2.3926193714141846, 2.399697780609131, 2.387747287750244, 2.4043424129486084, 2.4019999504089355, 2.3974151611328125, 2.407034158706665, 2.397765874862671, 2.406797170639038, 2.3926777839660645, 2.397451877593994, 2.398592233657837, 2.405155658721924, 2.403085470199585, 2.413106918334961, 2.4073269367218018, 2.3903088569641113, 2.4014103412628174, 2.398844003677368, 2.385378122329712, 2.412936210632324, 2.386136054992676, 2.414949893951416, 2.383870840072632, 2.4043025970458984, 2.4073426723480225, 2.3875374794006348, 2.4129464626312256], "test_loss": 2.3983661031430485, "test_batch_lens": [4, 4, 4, 4, 4, 4, 4, 4, 4, 4, 4, 4, 4, 4, 4, 4, 4, 4, 4, 4, 4, 4, 4, 4, 4, 4, 4, 4, 4, 4, 4, 4, 4, 4, 4, 4, 4, 4, 4, 4, 4, 4, 4, 4, 4, 4, 4, 4, 4, 4, 4, 4, 4, 4, 4, 4, 4, 4, 4, 4, 4, 4, 4, 4, 4, 4, 4, 4, 4, 4, 4, 4, 4, 4, 4, 4, 4, 4, 4, 4, 4, 4, 4, 4, 4, 4, 4, 4, 4, 4, 4, 4, 4, 4, 4, 4, 4, 4, 4, 4, 4, 4, 4, 4, 4, 4, 4, 4, 4, 4, 4, 4, 4, 4, 4, 4, 4, 4, 4, 4, 4, 4, 4, 4, 4, 4, 4, 4, 4, 4, 4, 4, 4, 4, 4, 4, 4, 4, 4, 4, 4, 4, 4, 4, 4, 4, 4, 4, 4, 4, 4, 4, 4, 4, 4, 4, 4, 4, 4, 4, 4, 4, 3], "test_accuracy": 0.07987711213517665, "predictions": [2, 2, 2, 2, 2, 2, 2, 2, 2, 2, 2, 2, 2, 2, 2, 2, 2, 2, 2, 2, 2, 2, 2, 2, 2, 2, 2, 2, 2, 2, 2, 2, 2, 2, 2, 2, 2, 2, 2, 2, 2, 2, 2, 2, 2, 2, 2, 2, 2, 2, 2, 2, 2, 2, 2, 2, 2, 2, 2, 2, 2, 2, 2, 2, 2, 2, 2, 2, 2, 2, 2, 2, 2, 2, 2, 2, 2, 2, 2, 2, 2, 2, 2, 2, 2, 2, 2, 2, 2, 2, 2, 2, 2, 2, 2, 2, 2, 2, 2, 2, 2, 2, 2, 2, 2, 2, 2, 2, 2, 2, 2, 2, 2, 2, 2, 2, 2, 2, 2, 2, 2, 2, 2, 2, 2, 2, 2, 2, 2, 2, 2, 2, 2, 2, 2, 2, 2, 2, 2, 2, 2, 2, 2, 2, 2, 2, 2, 2, 2, 2, 2, 2, 2, 2, 2, 2, 2, 2, 2, 2, 2, 2, 2, 2, 2, 2, 2, 2, 2, 2, 2, 2, 2, 2, 2, 2, 2, 2, 2, 2, 2, 2, 2, 2, 2, 2, 2, 2, 2, 2, 2, 2, 2, 2, 2, 2, 2, 2, 2, 2, 2, 2, 2, 2, 2, 2, 2, 2, 2, 2, 2, 2, 2, 2, 2, 2, 2, 2, 2, 2, 2, 2, 2, 2, 2, 2, 2, 2, 2, 2, 2, 2, 2, 2, 2, 2, 2, 2, 2, 2, 2, 2, 2, 2, 2, 2, 2, 2, 2, 2, 2, 2, 2, 2, 2, 2, 2, 2, 2, 2, 2, 2, 2, 2, 2, 2, 2, 2, 2, 2, 2, 2, 2, 2, 2, 2, 2, 2, 2, 2, 2, 2, 2, 2, 2, 2, 2, 2, 2, 2, 2, 2, 2, 2, 2, 2, 2, 2, 2, 2, 2, 2, 2, 2, 2, 2, 2, 2, 2, 2, 2, 2, 2, 2, 2, 2, 2, 2, 2, 2, 2, 2, 2, 2, 2, 2, 2, 2, 2, 2, 2, 2, 2, 2, 2, 2, 2, 2, 2, 2, 2, 2, 2, 2, 2, 2, 2, 2, 2, 2, 2, 2, 2, 2, 2, 2, 2, 2, 2, 2, 2, 2, 2, 2, 2, 2, 2, 2, 2, 2, 2, 2, 2, 2, 2, 2, 2, 2, 2, 2, 2, 2, 2, 2, 2, 2, 2, 2, 2, 2, 2, 2, 2, 2, 2, 2, 2, 2, 2, 2, 2, 2, 2, 2, 2, 2, 2, 2, 2, 2, 2, 2, 2, 2, 2, 2, 2, 2, 2, 2, 2, 2, 2, 2, 2, 2, 2, 2, 2, 2, 2, 2, 2, 2, 2, 2, 2, 2, 2, 2, 2, 2, 2, 2, 2, 2, 2, 2, 2, 2, 2, 2, 2, 2, 2, 2, 2, 2, 2, 2, 2, 2, 2, 2, 2, 2, 2, 2, 2, 2, 2, 2, 2, 2, 2, 2, 2, 2, 2, 2, 2, 2, 2, 2, 2, 2, 2, 2, 2, 2, 2, 2, 2, 2, 2, 2, 2, 2, 2, 2, 2, 2, 2, 2, 2, 2, 2, 2, 2, 2, 2, 2, 2, 2, 2, 2, 2, 2, 2, 2, 2, 2, 2, 2, 2, 2, 2, 2, 2, 2, 2, 2, 2, 2, 2, 2, 2, 2, 2, 2, 2, 2, 2, 2, 2, 2, 2, 2, 2, 2, 2, 2, 2, 2, 2, 2, 2, 2, 2, 2, 2, 2, 2, 2, 2, 2, 2, 2, 2, 2, 2, 2, 2, 2, 2, 2, 2, 2, 2, 2, 2, 2, 2, 2, 2, 2, 2, 2, 2, 2, 2, 2, 2, 2, 2, 2, 2, 2, 2, 2, 2, 2, 2, 2, 2, 2, 2, 2, 2, 2, 2, 2, 2, 2, 2, 2, 2, 2, 2, 2, 2, 2, 2, 2, 2, 2, 2, 2, 2, 2, 2, 2, 2, 2, 2, 2, 2, 2, 2, 2, 2, 2, 2, 2, 2, 2, 2, 2, 2, 2, 2],