{"val_acc": [0.1490015360983103, 0.07219662058371736, 0.08602150537634409, 0.08602150537634409, 0.0706605222734255, 0.06144393241167435, 0.10445468509984639, 0.07987711213517665, 0.07987711213517665, 0.06144393241167435], "val_loss": [2.32909397991157, 2.3986745875305924, 2.3992919892621187, 2.3965216399701825, 2.398696375770803, 2.3986994693615684, 2.4002264906292314, 2.4011982043096625, 2.3979712410207177, 2.4000120835801577], "train_loss": [2.345992774228894, 2.3421402296997607, 2.3988140086779324, 2.398629662947025, 2.3986039653393956, 2.3985962844230215, 2.3984205560960117, 2.3984621230862686, 2.398457126392385, 2.398443150601249], "test_correct_in_batch": [0.0, 0.0, 0.0, 1.0, 2.0, 0.0, 0.0, 0.0, 1.0, 0.0, 0.0, 0.0, 1.0, 0.0, 1.0, 0.0, 0.0, 0.0, 0.0, 1.0, 0.0, 0.0, 1.0, 0.0, 0.0, 0.0, 1.0, 0.0, 0.0, 0.0, 0.0, 1.0, 0.0, 1.0, 1.0, 1.0, 0.0, 0.0, 0.0, 0.0, 1.0, 0.0, 1.0, 0.0, 0.0, 0.0, 1.0, 0.0, 2.0, 1.0, 0.0, 0.0, 1.0, 0.0, 0.0, 0.0, 0.0, 0.0, 0.0, 0.0, 1.0, 0.0, 0.0, 0.0, 1.0, 0.0, 0.0, 0.0, 0.0, 1.0, 0.0, 0.0, 0.0, 0.0, 0.0, 0.0, 0.0, 0.0, 1.0, 1.0, 1.0, 0.0, 1.0, 0.0, 0.0, 0.0, 0.0, 0.0, 1.0, 0.0, 0.0, 1.0, 0.0, 1.0, 0.0, 0.0, 1.0, 2.0, 1.0, 2.0, 1.0, 0.0, 0.0, 1.0, 0.0, 0.0, 0.0, 0.0, 0.0, 0.0, 0.0, 1.0, 1.0, 3.0, 0.0, 1.0, 0.0, 0.0, 0.0, 0.0, 2.0, 1.0, 1.0, 0.0, 0.0, 1.0, 0.0, 0.0, 0.0, 0.0, 0.0, 1.0, 1.0, 0.0, 1.0, 1.0, 1.0, 2.0, 0.0, 0.0, 1.0, 1.0, 0.0, 0.0, 1.0, 1.0, 1.0, 0.0, 0.0, 0.0, 0.0, 0.0, 0.0, 0.0, 1.0, 0.0, 1.0, 0.0, 2.0, 0.0, 0.0, 0.0, 0.0], "test_losses": [2.4083199501037598, 2.401357412338257, 2.416743278503418, 2.3905370235443115, 2.3836147785186768, 2.4098358154296875, 2.3963468074798584, 2.3850321769714355, 2.3826744556427, 2.4042770862579346, 2.40454363822937, 2.4177463054656982, 2.4058711528778076, 2.402278423309326, 2.38108491897583, 2.3879494667053223, 2.399242401123047, 2.3947553634643555, 2.3947551250457764, 2.3807880878448486, 2.3957839012145996, 2.394354820251465, 2.4056174755096436, 2.3978476524353027, 2.391353130340576, 2.391526699066162, 2.400407552719116, 2.4083199501037598, 2.4037222862243652, 2.412097692489624, 2.4088807106018066, 2.383707284927368, 2.4089066982269287, 2.3986124992370605, 2.395721197128296, 2.4014365673065186, 2.421414613723755, 2.3989739418029785, 2.404397964477539, 2.413207769393921, 2.4055917263031006, 2.3995347023010254, 2.3986809253692627, 2.4034171104431152, 2.3928945064544678, 2.401982069015503, 2.4058709144592285, 2.393065929412842, 2.3852639198303223, 2.386251926422119, 2.3858895301818848, 2.4254751205444336, 2.3875620365142822, 2.399710178375244, 2.408978223800659, 2.4037222862243652, 2.404755115509033, 2.3859152793884277, 2.400012969970703, 2.4207611083984375, 2.406899929046631, 2.3970980644226074, 2.3998312950134277, 2.3946471214294434, 2.3875622749328613, 2.4031357765197754, 2.3894670009613037, 2.412282705307007, 2.3887808322906494, 2.3966264724731445, 2.404932975769043, 2.393965005874634, 2.408815622329712, 2.3950624465942383, 2.391524314880371, 2.4111461639404297, 2.3926892280578613, 2.394270181655884, 2.374361038208008, 2.4058969020843506, 2.3792724609375, 2.398613929748535, 2.385690689086914, 2.4075706005096436, 2.3813486099243164, 2.407020330429077, 2.4020116329193115, 2.4035887718200684, 2.3914361000061035, 2.410017490386963, 2.417358875274658, 2.3943698406219482, 2.4089066982269287, 2.3951451778411865, 2.407299757003784, 2.393897533416748, 2.4010508060455322, 2.384751319885254, 2.4048938751220703, 2.3731424808502197, 2.387760877609253, 2.4001128673553467, 2.4083027839660645, 2.393603801727295, 2.3847508430480957, 2.404852867126465, 2.392894744873047, 2.419261932373047, 2.4030704498291016, 2.402278184890747, 2.411895513534546, 2.386559247970581, 2.3794777393341064, 2.3675880432128906, 2.3981270790100098, 2.3902318477630615, 2.3960652351379395, 2.3998312950134277, 2.382864236831665, 2.4039695262908936, 2.3837482929229736, 2.3808140754699707, 2.3807880878448486, 2.4077417850494385, 2.404956817626953, 2.3980345726013184, 2.401982069015503, 2.402132749557495, 2.404719114303589, 2.392838954925537, 2.420212745666504, 2.3963236808776855, 2.3855931758880615, 2.409283399581909, 2.3794779777526855, 2.389482259750366, 2.3871347904205322, 2.369565010070801, 2.4127955436706543, 2.408599376678467, 2.379272222518921, 2.397139310836792, 2.398505926132202, 2.401249408721924, 2.382956027984619, 2.3954899311065674, 2.4033265113830566, 2.4187750816345215, 2.403311252593994, 2.4105560779571533, 2.408198833465576, 2.402559757232666, 2.3996686935424805, 2.398423671722412, 2.3891687393188477, 2.402132749557495, 2.396724224090576, 2.412282943725586, 2.391477108001709, 2.401528835296631, 2.3935208320617676, 2.408280372619629, 2.399550199508667], "test_loss": 2.398156958855003, "test_batch_lens": [4, 4, 4, 4, 4, 4, 4, 4, 4, 4, 4, 4, 4, 4, 4, 4, 4, 4, 4, 4, 4, 4, 4, 4, 4, 4, 4, 4, 4, 4, 4, 4, 4, 4, 4, 4, 4, 4, 4, 4, 4, 4, 4, 4, 4, 4, 4, 4, 4, 4, 4, 4, 4, 4, 4, 4, 4, 4, 4, 4, 4, 4, 4, 4, 4, 4, 4, 4, 4, 4, 4, 4, 4, 4, 4, 4, 4, 4, 4, 4, 4, 4, 4, 4, 4, 4, 4, 4, 4, 4, 4, 4, 4, 4, 4, 4, 4, 4, 4, 4, 4, 4, 4, 4, 4, 4, 4, 4, 4, 4, 4, 4, 4, 4, 4, 4, 4, 4, 4, 4, 4, 4, 4, 4, 4, 4, 4, 4, 4, 4, 4, 4, 4, 4, 4, 4, 4, 4, 4, 4, 4, 4, 4, 4, 4, 4, 4, 4, 4, 4, 4, 4, 4, 4, 4, 4, 4, 4, 4, 4, 4, 4, 3], "test_accuracy": 0.09984639016897082, "predictions": [9, 9, 9, 9, 9, 9, 9, 9, 9, 9, 9, 9, 9, 9, 9, 9, 9, 9, 9, 9, 9, 9, 9, 9, 9, 9, 9, 9, 9, 9, 9, 9, 9, 9, 9, 9, 9, 9, 9, 9, 9, 9, 9, 9, 9, 9, 9, 9, 9, 9, 9, 9, 9, 9, 9, 9, 9, 9, 9, 9, 9, 9, 9, 9, 9, 9, 9, 9, 9, 9, 9, 9, 9, 9, 9, 9, 9, 9, 9, 9, 9, 9, 9, 9, 9, 9, 9, 9, 9, 9, 9, 9, 9, 9, 9, 9, 9, 9, 9, 9, 9, 9, 9, 9, 9, 9, 9, 9, 9, 9, 9, 9, 9, 9, 9, 9, 9, 9, 9, 9, 9, 9, 9, 9, 9, 9, 9, 9, 9, 9, 9, 9, 9, 9, 9, 9, 9, 9, 9, 9, 9, 9, 9, 9, 9, 9, 9, 9, 9, 9, 9, 9, 9, 9, 9, 9, 9, 9, 9, 9, 9, 9, 9, 9, 9, 9, 9, 9, 9, 9, 9, 9, 9, 9, 9, 9, 9, 9, 9, 9, 9, 9, 9, 9, 9, 9, 9, 9, 9, 9, 9, 9, 9, 9, 9, 9, 9, 9, 9, 9, 9, 9, 9, 9, 9, 9, 9, 9, 9, 9, 9, 9, 9, 9, 9, 9, 9, 9, 9, 9, 9, 9, 9, 9, 9, 9, 9, 9, 9, 9, 9, 9, 9, 9, 9, 9, 9, 9, 9, 9, 9, 9, 9, 9, 9, 9, 9, 9, 9, 9, 9, 9, 9, 9, 9, 9, 9, 9, 9, 9, 9, 9, 9, 9, 9, 9, 9, 9, 9, 9, 9, 9, 9, 9, 9, 9, 9, 9, 9, 9, 9, 9, 9, 9, 9, 9, 9, 9, 9, 9, 9, 9, 9, 9, 9, 9, 9, 9, 9, 9, 9, 9, 9, 9, 9, 9, 9, 9, 9, 9, 9, 9, 9, 9, 9, 9, 9, 9, 9, 9, 9, 9, 9, 9, 9, 9, 9, 9, 9, 9, 9, 9, 9, 9, 9, 9, 9, 9, 9, 9, 9, 9, 9, 9, 9, 9, 9, 9, 9, 9, 9, 9, 9, 9, 9, 9, 9, 9, 9, 9, 9, 9, 9, 9, 9, 9, 9, 9, 9, 9, 9, 9, 9, 9, 9, 9, 9, 9, 9, 9, 9, 9, 9, 9, 9, 9, 9, 9, 9, 9, 9, 9, 9, 9, 9, 9, 9, 9, 9, 9, 9, 9, 9, 9, 9, 9, 9, 9, 9, 9, 9, 9, 9, 9, 9, 9, 9, 9, 9, 9, 9, 9, 9, 9, 9, 9, 9, 9, 9, 9, 9, 9, 9, 9, 9, 9, 9, 9, 9, 9, 9, 9, 9, 9, 9, 9, 9, 9, 9, 9, 9, 9, 9, 9, 9, 9, 9, 9, 9, 9, 9, 9, 9, 9, 9, 9, 9, 9, 9, 9, 9, 9, 9, 9, 9, 9, 9, 9, 9, 9, 9, 9, 9, 9, 9, 9, 9, 9, 9, 9, 9, 9, 9, 9, 9, 9, 9, 9, 9, 9, 9, 9, 9, 9, 9, 9, 9, 9, 9, 9, 9, 9, 9, 9, 9, 9, 9, 9, 9, 9, 9, 9, 9, 9, 9, 9, 9, 9, 9, 9, 9, 9, 9, 9, 9, 9, 9, 9, 9, 9, 9, 9, 9, 9, 9, 9, 9, 9, 9, 9, 9, 9, 9, 9, 9, 9, 9, 9, 9, 9, 9, 9, 9, 9, 9, 9, 9, 9, 9, 9, 9, 9, 9, 9, 9, 9, 9, 9, 9, 9, 9, 9, 9, 9, 9, 9, 9, 9, 9, 9, 9, 9, 9, 9, 9, 9, 9, 9, 9, 9, 9, 9, 9, 9, 9, 9, 9, 9, 9, 9, 9, 9, 9, 9, 9, 9, 9, 9, 9, 9, 9, 9, 9, 9, 9, 9, 9, 9, 9, 9, 9, 9, 9, 9, 9, 9, 9, 9, 9, 9, 9, 9, 9, 9, 9, 9, 9, 9, 9, 9, 9],