{"val_acc": [0.6251920122887865, 0.7741935483870968, 0.8003072196620584, 0.8202764976958525, 0.8509984639016898, 0.8387096774193549, 0.8602150537634409, 0.8709677419354839, 0.8602150537634409, 0.8894009216589862], "val_loss": [1.0331520419910643, 0.6473757081716521, 0.5890525553712587, 0.5289032692861018, 0.4184586517627071, 0.471281349585403, 0.44037797643575943, 0.3945579788386193, 0.374381600875651, 0.3431548470119871], "train_loss": [1.3999029210685399, 0.8445977805366284, 0.6395832819479402, 0.553604426339326, 0.4985107540687194, 0.46442690738524983, 0.42735713725038854, 0.4034648749705683, 0.38116033146256006, 0.36595973339497334], "test_correct_in_batch": [4.0, 3.0, 3.0, 3.0, 4.0, 3.0, 3.0, 3.0, 3.0, 4.0, 4.0, 4.0, 3.0, 4.0, 4.0, 3.0, 3.0, 3.0, 3.0, 4.0, 4.0, 4.0, 4.0, 3.0, 4.0, 4.0, 4.0, 4.0, 3.0, 4.0, 2.0, 4.0, 4.0, 4.0, 4.0, 3.0, 4.0, 4.0, 4.0, 4.0, 4.0, 4.0, 3.0, 4.0, 4.0, 4.0, 4.0, 4.0, 3.0, 3.0, 3.0, 2.0, 3.0, 4.0, 3.0, 4.0, 4.0, 4.0, 4.0, 3.0, 4.0, 4.0, 3.0, 4.0, 4.0, 3.0, 4.0, 3.0, 3.0, 3.0, 2.0, 4.0, 4.0, 3.0, 4.0, 3.0, 4.0, 4.0, 3.0, 4.0, 4.0, 4.0, 4.0, 3.0, 3.0, 3.0, 3.0, 4.0, 4.0, 3.0, 4.0, 4.0, 2.0, 3.0, 4.0, 4.0, 4.0, 2.0, 2.0, 4.0, 2.0, 4.0, 4.0, 3.0, 3.0, 3.0, 4.0, 4.0, 3.0, 3.0, 4.0, 3.0, 4.0, 3.0, 4.0, 4.0, 2.0, 4.0, 4.0, 4.0, 3.0, 3.0, 3.0, 4.0, 3.0, 4.0, 4.0, 2.0, 3.0, 3.0, 3.0, 3.0, 4.0, 3.0, 3.0, 3.0, 4.0, 3.0, 4.0, 2.0, 4.0, 3.0, 3.0, 3.0, 4.0, 3.0, 3.0, 3.0, 4.0, 4.0, 3.0, 4.0, 4.0, 3.0, 2.0, 4.0, 4.0, 3.0, 3.0, 4.0, 4.0, 4.0, 3.0], "test_losses": [0.0031076916493475437, 0.3510814905166626, 0.5446984767913818, 0.5178781747817993, 0.008913736790418625, 0.28639933466911316, 0.8043428063392639, 0.5209987163543701, 0.6052931547164917, 0.021000482141971588, 0.028603289276361465, 0.24405860900878906, 0.8352358937263489, 0.17119631171226501, 0.08036860078573227, 0.9999738335609436, 0.6204114556312561, 0.9230565428733826, 0.9354680776596069, 0.18843428790569305, 0.1918295919895172, 0.03130454197525978, 0.38043272495269775, 0.6237851977348328, 0.05561014264822006, 0.17726533114910126, 0.014865385368466377, 0.4371795356273651, 0.8039999008178711, 0.010000957176089287, 1.9503593444824219, 0.032214272767305374, 0.02590128406882286, 0.034123629331588745, 0.015434490516781807, 0.41288211941719055, 0.004439340904355049, 0.03697878494858742, 0.08041621744632721, 0.03026701882481575, 0.0975504145026207, 0.06911064684391022, 0.6788203120231628, 0.0036147525534033775, 0.016595877707004547, 0.002526870695874095, 0.11702107638120651, 0.07276266068220139, 0.7664477825164795, 0.7805605530738831, 0.38161590695381165, 1.535878300666809, 0.27617454528808594, 0.2491621971130371, 0.6253944039344788, 0.2880263030529022, 0.0072876447811722755, 0.06636113673448563, 0.002140994416549802, 0.7963584065437317, 0.1895250678062439, 0.046439219266176224, 0.38083067536354065, 0.004385211504995823, 0.5723044276237488, 0.8193377256393433, 0.05899001285433769, 0.5805942416191101, 0.5734491944313049, 0.583294689655304, 1.2777760028839111, 0.0854610949754715, 0.1648467481136322, 0.6141353845596313, 0.005280488170683384, 0.3182027339935303, 0.13755014538764954, 0.0021249798592180014, 0.7070502042770386, 0.27432042360305786, 0.20094653964042664, 0.2544052302837372, 0.0917033702135086, 0.2923542559146881, 0.5453494787216187, 0.6725680828094482, 0.40538501739501953, 0.15644407272338867, 0.06446601450443268, 0.9817614555358887, 0.16656626760959625, 0.10801945626735687, 1.3888367414474487, 0.3734270930290222, 0.1456693410873413, 0.1306384801864624, 0.37198731303215027, 1.0905449390411377, 0.9825699925422668, 0.18166902661323547, 0.9967911243438721, 0.06816951185464859, 0.008636615239083767, 0.8513554334640503, 0.6850009560585022, 0.3498804271221161, 0.0059472499415278435, 0.09397673606872559, 0.6007003784179688, 0.46862953901290894, 0.013481548056006432, 0.7443540096282959, 0.05144176632165909, 0.4952898621559143, 0.45252475142478943, 0.0038528903387486935, 1.708958387374878, 0.030764130875468254, 0.12760382890701294, 0.15060558915138245, 0.46255138516426086, 0.6528809666633606, 0.35557717084884644, 0.04790304973721504, 0.5773906111717224, 0.28693488240242004, 0.057870734483003616, 1.5649468898773193, 0.5776682496070862, 0.3229684829711914, 0.4975903630256653, 1.010493516921997, 0.0030923867598176003, 0.6116361618041992, 1.3083134889602661, 0.40765780210494995, 0.0010361141758039594, 0.5943283438682556, 0.1299881786108017, 1.507317304611206, 0.005085557233542204, 0.6392922401428223, 0.6708319783210754, 0.3843746483325958, 0.020271893590688705, 0.618472158908844, 0.3047870099544525, 0.5097751617431641, 0.0332033671438694, 0.08301589637994766, 0.6271951198577881, 0.08660172671079636, 0.11277216672897339, 0.596872866153717, 0.7061334252357483, 0.11620886623859406, 0.0351603664457798, 0.41268113255500793, 0.5476693511009216, 0.17109602689743042, 0.055676575750112534, 0.004277955740690231, 0.047509849071502686], "test_loss": 0.3837393163524831, "test_batch_lens": [4, 4, 4, 4, 4, 4, 4, 4, 4, 4, 4, 4, 4, 4, 4, 4, 4, 4, 4, 4, 4, 4, 4, 4, 4, 4, 4, 4, 4, 4, 4, 4, 4, 4, 4, 4, 4, 4, 4, 4, 4, 4, 4, 4, 4, 4, 4, 4, 4, 4, 4, 4, 4, 4, 4, 4, 4, 4, 4, 4, 4, 4, 4, 4, 4, 4, 4, 4, 4, 4, 4, 4, 4, 4, 4, 4, 4, 4, 4, 4, 4, 4, 4, 4, 4, 4, 4, 4, 4, 4, 4, 4, 4, 4, 4, 4, 4, 4, 4, 4, 4, 4, 4, 4, 4, 4, 4, 4, 4, 4, 4, 4, 4, 4, 4, 4, 4, 4, 4, 4, 4, 4, 4, 4, 4, 4, 4, 4, 4, 4, 4, 4, 4, 4, 4, 4, 4, 4, 4, 4, 4, 4, 4, 4, 4, 4, 4, 4, 4, 4, 4, 4, 4, 4, 4, 4, 4, 4, 4, 4, 4, 4, 3], "test_accuracy": 0.8663594470046083, "predictions": [7, 4, 1, 10, 7, 1, 8, 6, 0, 3, 4, 7, 1, 9, 8, 0, 9, 6, 4, 9, 8, 10, 0, 4, 6, 8, 4, 6, 6, 8, 2, 0, 1, 1, 6, 3, 10, 5, 5, 0, 10, 3, 2, 10, 7, 8, 4, 3, 3, 8, 8, 4, 3, 4, 6, 1, 1, 9, 1, 10, 10, 6, 9, 6, 5, 1, 8, 5, 8, 0, 3, 1, 8, 3, 1, 8, 6, 8, 9, 2, 3, 1, 3, 1, 5, 5, 1, 8, 0, 4, 9, 10, 10, 7, 0, 5, 1, 8, 2, 7, 5, 1, 10, 6, 10, 8, 3, 9, 10, 4, 7, 1, 0, 3, 7, 5, 0, 8, 0, 0, 4, 3, 0, 6, 5, 1, 7, 9, 6, 7, 4, 0, 10, 10, 7, 9, 4, 1, 9, 0, 10, 3, 3, 4, 4, 7, 4, 7, 2, 10, 2, 4, 10, 10, 1, 0, 10, 5, 4, 7, 8, 9, 10, 4, 2, 3, 10, 5, 8, 0, 1, 0, 10, 7, 6, 8, 0, 8, 1, 2, 6, 3, 5, 3, 9, 3, 4, 8, 3, 2, 0, 2, 0, 9, 9, 5, 8, 3, 5, 9, 7, 1, 6, 1, 4, 8, 9, 8, 3, 9, 5, 8, 2, 5, 4, 5, 10, 10, 8, 4, 7, 3, 0, 6, 7, 0, 5, 7, 1, 0, 1, 6, 3, 7, 7, 2, 10, 9, 3, 10, 9, 4, 3, 3, 1, 7, 8, 5, 2, 4, 10, 3, 1, 2, 3, 10, 6, 9, 5, 3, 3, 10, 7, 0, 5, 1, 8, 1, 1, 7, 3, 10, 3, 5, 8, 2, 7, 1, 9, 7, 1, 8, 5, 10, 2, 4, 2, 5, 5, 3, 8, 0, 8, 6, 3, 1, 2, 7, 3, 2, 4, 10, 5, 6, 6, 0, 2, 7, 10, 1, 7, 6, 4, 2, 5, 2, 0, 9, 4, 3, 2, 6, 7, 9, 1, 8, 8, 5, 2, 9, 4, 1, 1, 3, 4, 7, 1, 3, 7, 2, 5, 0, 9, 10, 5, 3, 5, 7, 3, 6, 4, 6, 4, 9, 5, 1, 0, 3, 7, 7, 4, 4, 6, 10, 8, 9, 8, 5, 8, 9, 4, 0, 5, 0, 7, 10, 5, 0, 3, 7, 3, 1, 8, 2, 2, 4, 4, 9, 3, 7, 5, 1, 7, 5, 0, 0, 5, 6, 9, 9, 7, 7, 8, 8, 1, 10, 10, 5, 5, 7, 3, 3, 5, 10, 4, 7, 2, 3, 1, 0, 0, 5, 4, 0, 2, 0, 1, 8, 8, 4, 8, 3, 8, 3, 3, 2, 2, 3, 0, 10, 10, 4, 10, 6, 6, 5, 0, 8, 8, 2, 1, 9, 4, 5, 9, 9, 1, 3, 5, 7, 9, 10, 1, 8, 0, 6, 3, 9, 2, 4, 10, 1, 1, 2, 8, 2, 4, 8, 2, 5, 9, 4, 0, 7, 6, 9, 1, 0, 2, 5, 6, 9, 3, 7, 2, 4, 2, 0, 1, 3, 9, 6, 3, 4, 6, 3, 3, 5, 1, 7, 7, 10, 4, 10, 5, 5, 5, 7, 5, 3, 9, 5, 0, 4, 5, 4, 4, 5, 9, 7, 7, 2, 0, 2, 5, 3, 2, 8, 1, 8, 9, 1, 6, 8, 2, 0, 9, 7, 6, 9, 6, 1, 0, 10, 8, 8, 6, 1, 7, 2, 2, 7, 9, 6, 7, 8, 5, 0, 8, 2, 1, 5, 10, 10, 8, 7, 9, 6, 8, 6, 6, 6, 7, 9, 7, 4, 4, 9, 3, 3, 7, 5, 1, 7, 5, 4, 0, 7, 8, 0, 9, 4, 5, 5, 4, 8, 6, 6, 1, 5, 3, 0, 1, 4, 7, 3, 4, 5, 6, 6, 10, 7, 1, 0, 3, 9, 1, 4, 3, 10, 7, 6, 9, 9, 8, 0, 2, 3, 7, 8, 6, 8, 1, 7, 4, 0, 2, 0, 8, 6, 7],