{"val_acc": [0.42857142857142855, 0.6298003072196621, 0.6543778801843319, 0.7004608294930875, 0.7219662058371735, 0.7757296466973886, 0.7910906298003072, 0.804915514592934, 0.7772657450076805, 0.8141321044546851], "val_loss": [1.5175562714872184, 1.1321072337086215, 1.0484424163730233, 0.8818516522371695, 0.7410304837294517, 0.6620195085365622, 0.602334341068575, 0.560825171793291, 0.6359256169261651, 0.5730004036553387], "train_loss": [1.8802142061265428, 1.3853419549270671, 1.1011528611365005, 0.9234853864681919, 0.8050022265863764, 0.7166746648735076, 0.6544906778564908, 0.6100440591063272, 0.5766681228090437, 0.5360014786454499], "test_correct_in_batch": [4.0, 4.0, 2.0, 3.0, 3.0, 4.0, 0.0, 1.0, 3.0, 4.0, 4.0, 3.0, 2.0, 4.0, 4.0, 2.0, 3.0, 2.0, 2.0, 1.0, 4.0, 4.0, 2.0, 4.0, 3.0, 4.0, 3.0, 3.0, 3.0, 3.0, 3.0, 4.0, 4.0, 4.0, 3.0, 3.0, 3.0, 4.0, 3.0, 2.0, 3.0, 4.0, 2.0, 4.0, 4.0, 4.0, 4.0, 3.0, 3.0, 2.0, 3.0, 1.0, 3.0, 3.0, 3.0, 3.0, 4.0, 4.0, 4.0, 3.0, 3.0, 4.0, 4.0, 4.0, 4.0, 4.0, 4.0, 3.0, 3.0, 3.0, 2.0, 4.0, 4.0, 2.0, 4.0, 3.0, 4.0, 4.0, 4.0, 1.0, 2.0, 2.0, 4.0, 3.0, 4.0, 3.0, 2.0, 4.0, 3.0, 3.0, 4.0, 3.0, 1.0, 4.0, 3.0, 4.0, 2.0, 2.0, 3.0, 4.0, 3.0, 3.0, 4.0, 3.0, 4.0, 3.0, 4.0, 3.0, 3.0, 4.0, 4.0, 2.0, 3.0, 3.0, 4.0, 4.0, 2.0, 4.0, 4.0, 3.0, 3.0, 2.0, 3.0, 3.0, 3.0, 3.0, 3.0, 2.0, 4.0, 3.0, 2.0, 3.0, 4.0, 3.0, 3.0, 3.0, 4.0, 4.0, 3.0, 2.0, 3.0, 3.0, 1.0, 4.0, 3.0, 4.0, 3.0, 3.0, 3.0, 3.0, 4.0, 1.0, 3.0, 4.0, 2.0, 3.0, 4.0, 4.0, 4.0, 2.0, 4.0, 4.0, 2.0], "test_losses": [0.05851999297738075, 0.31423109769821167, 1.1792007684707642, 1.464070200920105, 0.9610975980758667, 0.1432497501373291, 1.9635089635849, 2.095583438873291, 0.4923284649848938, 0.05289050191640854, 0.24264883995056152, 0.7755869030952454, 1.170964241027832, 0.22637523710727692, 0.15269868075847626, 1.0234520435333252, 0.6744640469551086, 0.9321237206459045, 1.7760863304138184, 1.6476608514785767, 0.321755588054657, 0.1143469512462616, 1.287747859954834, 0.20504625141620636, 0.5143268704414368, 0.12671227753162384, 0.3843257427215576, 0.6456781029701233, 0.934164822101593, 0.3240235149860382, 0.8691069483757019, 0.13216768205165863, 0.24988198280334473, 0.011072635650634766, 0.2926417589187622, 0.801507294178009, 0.3562973737716675, 0.052919305860996246, 0.7583420276641846, 1.3837369680404663, 0.37845751643180847, 0.060954175889492035, 0.9120807647705078, 0.21336787939071655, 0.3514873683452606, 0.04365863651037216, 0.11938930302858353, 0.6111391186714172, 0.5792860984802246, 1.1966357231140137, 0.7157441973686218, 1.8932299613952637, 1.4602241516113281, 0.4369052052497864, 0.5736685991287231, 0.31416958570480347, 0.06129733473062515, 0.08794806152582169, 0.08349031209945679, 0.7306689620018005, 0.29842081665992737, 0.05797118693590164, 0.585207462310791, 0.152330219745636, 0.2071833312511444, 0.2688772678375244, 0.1895885169506073, 0.5581930875778198, 0.8318612575531006, 0.8071402311325073, 1.5185824632644653, 0.08926592022180557, 0.2772058844566345, 0.9146410226821899, 0.04778027534484863, 0.30920541286468506, 0.05743126571178436, 0.028244180604815483, 0.26253578066825867, 1.82600998878479, 1.2253837585449219, 1.4708099365234375, 0.23979435861110687, 1.373302936553955, 0.24047890305519104, 0.9052560925483704, 1.3259648084640503, 0.1854783594608307, 0.9746685028076172, 0.7797488570213318, 0.10175338387489319, 0.5058708190917969, 2.1923491954803467, 0.4190187454223633, 1.2045166492462158, 0.16511256992816925, 0.9941152930259705, 1.642154335975647, 0.48544347286224365, 0.09783171117305756, 0.4969812333583832, 0.8082879781723022, 0.2309451848268509, 0.49617037177085876, 0.2307838499546051, 0.5503586530685425, 0.19818420708179474, 0.4564242959022522, 0.3773638904094696, 0.05238058418035507, 0.1288851797580719, 1.0105475187301636, 0.35236087441444397, 0.543880820274353, 0.24697323143482208, 0.023830030113458633, 0.8775786757469177, 0.0354333259165287, 0.021142922341823578, 1.0918391942977905, 0.4194190502166748, 2.051561117172241, 0.4563975930213928, 0.6238624453544617, 0.41199469566345215, 0.5983403921127319, 0.5628213882446289, 2.4721133708953857, 0.045868679881095886, 0.7264736890792847, 0.96380215883255, 1.0572329759597778, 0.013549279421567917, 1.366851806640625, 1.2869099378585815, 0.7783588171005249, 0.0310714952647686, 0.08274241536855698, 1.1400303840637207, 1.6504722833633423, 0.2722119390964508, 0.7898092269897461, 1.450822114944458, 0.0764443501830101, 0.6635538339614868, 0.3843364119529724, 1.2181676626205444, 0.6140285134315491, 0.9541025161743164, 0.4007920026779175, 0.1171795129776001, 1.6414108276367188, 0.3890363872051239, 0.15939438343048096, 0.9371145367622375, 0.34267833828926086, 0.22909505665302277, 0.43716323375701904, 0.2575463652610779, 1.3344595432281494, 0.016667986288666725, 0.2062232792377472, 0.6424066424369812], "test_loss": 0.6273493589661969, "test_batch_lens": [4, 4, 4, 4, 4, 4, 4, 4, 4, 4, 4, 4, 4, 4, 4, 4, 4, 4, 4, 4, 4, 4, 4, 4, 4, 4, 4, 4, 4, 4, 4, 4, 4, 4, 4, 4, 4, 4, 4, 4, 4, 4, 4, 4, 4, 4, 4, 4, 4, 4, 4, 4, 4, 4, 4, 4, 4, 4, 4, 4, 4, 4, 4, 4, 4, 4, 4, 4, 4, 4, 4, 4, 4, 4, 4, 4, 4, 4, 4, 4, 4, 4, 4, 4, 4, 4, 4, 4, 4, 4, 4, 4, 4, 4, 4, 4, 4, 4, 4, 4, 4, 4, 4, 4, 4, 4, 4, 4, 4, 4, 4, 4, 4, 4, 4, 4, 4, 4, 4, 4, 4, 4, 4, 4, 4, 4, 4, 4, 4, 4, 4, 4, 4, 4, 4, 4, 4, 4, 4, 4, 4, 4, 4, 4, 4, 4, 4, 4, 4, 4, 4, 4, 4, 4, 4, 4, 4, 4, 4, 4, 4, 4, 3], "test_accuracy": 0.7849462365591398, "predictions": [7, 4, 1, 10, 7, 1, 8, 8, 1, 1, 4, 7, 1, 9, 8, 0, 9, 6, 4, 2, 8, 10, 1, 4, 8, 2, 4, 8, 6, 6, 7, 8, 1, 4, 6, 3, 10, 5, 5, 0, 10, 3, 2, 10, 7, 8, 8, 3, 8, 8, 2, 4, 3, 4, 6, 1, 1, 9, 1, 10, 10, 6, 8, 8, 5, 4, 8, 5, 8, 0, 0, 1, 5, 3, 0, 8, 8, 2, 9, 1, 3, 1, 3, 1, 5, 5, 1, 8, 8, 5, 9, 10, 10, 7, 1, 5, 9, 8, 2, 7, 5, 1, 10, 6, 10, 8, 3, 2, 10, 4, 7, 4, 0, 3, 7, 8, 0, 8, 1, 0, 4, 3, 7, 6, 5, 1, 7, 9, 6, 7, 4, 0, 10, 10, 7, 9, 4, 1, 9, 1, 10, 3, 3, 5, 4, 7, 9, 7, 2, 10, 2, 4, 10, 2, 1, 0, 8, 4, 4, 7, 8, 4, 10, 4, 2, 3, 10, 5, 8, 0, 4, 1, 10, 7, 6, 8, 0, 8, 1, 2, 6, 3, 5, 3, 9, 3, 4, 8, 3, 2, 8, 2, 0, 4, 9, 8, 8, 3, 8, 9, 9, 1, 6, 1, 4, 9, 9, 9, 3, 9, 5, 2, 8, 5, 4, 5, 3, 10, 8, 4, 7, 3, 1, 6, 7, 0, 5, 7, 1, 0, 1, 6, 3, 7, 7, 2, 10, 9, 3, 10, 9, 9, 3, 3, 1, 7, 8, 5, 2, 4, 10, 1, 1, 2, 3, 10, 6, 9, 5, 3, 3, 10, 7, 1, 5, 1, 8, 1, 0, 7, 3, 10, 3, 5, 8, 2, 7, 4, 9, 7, 4, 1, 8, 10, 2, 4, 2, 5, 5, 3, 8, 0, 2, 6, 3, 1, 2, 7, 3, 2, 4, 10, 5, 6, 6, 0, 2, 7, 10, 1, 7, 6, 9, 2, 5, 2, 1, 4, 4, 8, 5, 6, 7, 7, 1, 2, 8, 8, 2, 9, 4, 1, 3, 8, 4, 7, 1, 2, 7, 2, 5, 1, 7, 10, 5, 1, 8, 7, 3, 6, 4, 6, 4, 4, 5, 1, 3, 3, 7, 7, 4, 4, 6, 10, 4, 9, 8, 5, 2, 9, 4, 1, 5, 0, 9, 10, 5, 0, 10, 7, 3, 1, 8, 2, 10, 4, 4, 4, 3, 7, 8, 4, 4, 4, 0, 0, 5, 6, 9, 9, 7, 7, 8, 9, 1, 10, 10, 4, 5, 7, 3, 3, 5, 10, 4, 7, 2, 3, 1, 1, 8, 5, 4, 1, 2, 0, 1, 8, 8, 8, 8, 3, 8, 3, 3, 2, 2, 3, 7, 10, 10, 4, 10, 6, 6, 5, 1, 8, 8, 2, 1, 4, 7, 5, 9, 9, 1, 3, 5, 7, 9, 10, 1, 8, 0, 6, 3, 5, 2, 4, 10, 1, 1, 2, 8, 2, 8, 8, 2, 5, 4, 9, 0, 7, 6, 9, 9, 1, 2, 3, 6, 9, 3, 4, 2, 4, 3, 0, 0, 3, 1, 6, 3, 4, 8, 3, 3, 5, 1, 7, 7, 10, 4, 10, 2, 5, 5, 7, 1, 1, 9, 5, 1, 4, 5, 4, 4, 5, 9, 7, 7, 2, 0, 2, 1, 3, 2, 2, 1, 8, 9, 1, 8, 0, 2, 0, 9, 7, 6, 9, 6, 9, 1, 10, 8, 8, 1, 1, 7, 2, 2, 7, 4, 6, 8, 8, 9, 0, 7, 2, 8, 8, 2, 10, 8, 7, 9, 8, 8, 6, 6, 4, 7, 9, 7, 4, 4, 9, 3, 3, 7, 5, 1, 7, 1, 4, 8, 7, 8, 0, 7, 4, 5, 5, 8, 6, 8, 6, 1, 5, 2, 0, 1, 4, 7, 1, 9, 4, 2, 8, 10, 7, 1, 3, 3, 9, 1, 4, 3, 10, 7, 8, 9, 9, 4, 0, 2, 3, 9, 5, 6, 8, 1, 7, 4, 0, 2, 0, 9, 6, 7],