{"val_acc": [0.3456221198156682, 0.5468509984639017, 0.6789554531490015, 0.6912442396313364, 0.7634408602150538, 0.7434715821812596, 0.7972350230414746, 0.8095238095238095, 0.7818740399385561, 0.8079877112135176], "val_loss": [1.7424866831375778, 1.318337115224885, 0.9105010631442801, 0.8504856958116856, 0.7278864760397493, 0.7420889984907731, 0.6455610468755105, 0.5746496619165309, 0.6327202438885358, 0.5899782904189514], "train_loss": [2.139241825990922, 1.4722357385133875, 1.1074110223195637, 0.8957241012506922, 0.7739080071957466, 0.7141115695111067, 0.6526582167124554, 0.623032999713653, 0.5985618620126908, 0.5631422893840687], "test_correct_in_batch": [4.0, 4.0, 4.0, 3.0, 3.0, 4.0, 1.0, 4.0, 3.0, 4.0, 3.0, 3.0, 2.0, 4.0, 4.0, 3.0, 3.0, 2.0, 3.0, 3.0, 3.0, 4.0, 3.0, 4.0, 4.0, 4.0, 4.0, 3.0, 3.0, 4.0, 1.0, 3.0, 3.0, 4.0, 3.0, 3.0, 4.0, 4.0, 3.0, 4.0, 3.0, 4.0, 3.0, 4.0, 3.0, 4.0, 3.0, 4.0, 4.0, 4.0, 2.0, 0.0, 4.0, 3.0, 4.0, 4.0, 3.0, 2.0, 3.0, 3.0, 4.0, 3.0, 4.0, 2.0, 4.0, 2.0, 4.0, 2.0, 2.0, 3.0, 1.0, 4.0, 3.0, 2.0, 4.0, 4.0, 4.0, 4.0, 3.0, 4.0, 3.0, 2.0, 3.0, 2.0, 3.0, 2.0, 4.0, 3.0, 3.0, 4.0, 4.0, 2.0, 1.0, 3.0, 4.0, 2.0, 3.0, 1.0, 3.0, 4.0, 1.0, 4.0, 3.0, 3.0, 4.0, 2.0, 3.0, 2.0, 3.0, 4.0, 3.0, 3.0, 4.0, 4.0, 2.0, 4.0, 3.0, 4.0, 4.0, 3.0, 3.0, 1.0, 4.0, 3.0, 2.0, 3.0, 3.0, 3.0, 3.0, 4.0, 3.0, 3.0, 4.0, 2.0, 3.0, 4.0, 4.0, 3.0, 1.0, 2.0, 4.0, 2.0, 3.0, 2.0, 4.0, 4.0, 3.0, 3.0, 2.0, 4.0, 3.0, 3.0, 4.0, 4.0, 3.0, 3.0, 3.0, 3.0, 4.0, 2.0, 3.0, 4.0, 2.0], "test_losses": [0.028805378824472427, 0.3754585385322571, 0.26642167568206787, 1.5183972120285034, 0.2188825160264969, 0.07225146144628525, 1.8525705337524414, 0.5295555591583252, 0.7370806932449341, 0.017782194539904594, 0.5828835964202881, 0.7135854959487915, 3.524427652359009, 0.09976956248283386, 0.12307370454072952, 0.9577596187591553, 0.7130646109580994, 2.1295671463012695, 1.1461435556411743, 1.2974694967269897, 0.7231248021125793, 0.35007336735725403, 0.6196911931037903, 0.35842591524124146, 0.20127248764038086, 0.12341438233852386, 0.12647147476673126, 0.8072285056114197, 0.6857874989509583, 0.3342974781990051, 1.972960114479065, 0.7352265119552612, 0.26708415150642395, 0.012541981413960457, 0.3396209478378296, 0.7800056338310242, 0.05228806287050247, 0.08243122696876526, 0.33111661672592163, 0.03776170685887337, 0.6258711218833923, 0.25268957018852234, 0.6589483022689819, 0.05830354988574982, 0.4822503626346588, 0.02667604759335518, 0.3840831220149994, 0.22729414701461792, 0.250871479511261, 0.2847306728363037, 0.9325547218322754, 3.0741798877716064, 0.2256232500076294, 1.0946167707443237, 0.22303970158100128, 0.044464364647865295, 0.5005857944488525, 0.5116673707962036, 0.3778969347476959, 0.7192695736885071, 0.07566095143556595, 0.5514287948608398, 0.048270635306835175, 0.7689023017883301, 0.2360605001449585, 1.0593373775482178, 0.3852497935295105, 0.9913011193275452, 1.1647967100143433, 0.678282618522644, 2.0159502029418945, 0.05781390145421028, 0.9399093985557556, 2.239588499069214, 0.0124282818287611, 0.0848086029291153, 0.03356629237532616, 0.20084011554718018, 0.7005718350410461, 0.2863616645336151, 0.670597493648529, 1.0896034240722656, 0.6049269437789917, 1.537239909172058, 0.884118914604187, 0.9868037104606628, 0.324211448431015, 1.151349425315857, 0.6012443900108337, 0.3390503227710724, 0.0776185542345047, 0.843080461025238, 2.0360114574432373, 0.4402327835559845, 0.23836921155452728, 0.6399691700935364, 0.7830139994621277, 2.253417730331421, 0.4271657466888428, 0.24484531581401825, 2.2226357460021973, 0.1636415272951126, 0.3555748462677002, 0.9881487488746643, 0.3271397054195404, 0.6751537322998047, 0.34745195508003235, 1.332741141319275, 0.748512864112854, 0.206781268119812, 0.28937092423439026, 0.957424521446228, 0.25639745593070984, 0.17890024185180664, 1.4966509342193604, 0.1469874233007431, 0.7816644906997681, 0.08493650704622269, 0.03817702829837799, 0.5207177400588989, 0.5136935710906982, 2.000750780105591, 0.20497341454029083, 0.8609921336174011, 1.3093183040618896, 0.8520969152450562, 1.036275863647461, 0.7229589819908142, 0.4258265793323517, 0.318528950214386, 1.1570881605148315, 0.46910977363586426, 0.0205718744546175, 1.1839218139648438, 1.5449509620666504, 0.2513102889060974, 0.023681048303842545, 0.6258218884468079, 1.5152063369750977, 1.1695225238800049, 0.1541137397289276, 2.072479248046875, 0.8386334776878357, 1.0578970909118652, 0.121854268014431, 0.5381830334663391, 0.5204880237579346, 0.6987527012825012, 2.522686719894409, 0.10545908659696579, 0.3894710838794708, 1.4754222631454468, 0.20285604894161224, 0.0915253609418869, 0.7252958416938782, 0.6448733806610107, 0.27163824439048767, 0.6738320589065552, 0.25155434012413025, 1.1171224117279053, 1.0304845571517944, 0.11148467659950256, 0.3257208466529846], "test_loss": 0.6734529355186626, "test_batch_lens": [4, 4, 4, 4, 4, 4, 4, 4, 4, 4, 4, 4, 4, 4, 4, 4, 4, 4, 4, 4, 4, 4, 4, 4, 4, 4, 4, 4, 4, 4, 4, 4, 4, 4, 4, 4, 4, 4, 4, 4, 4, 4, 4, 4, 4, 4, 4, 4, 4, 4, 4, 4, 4, 4, 4, 4, 4, 4, 4, 4, 4, 4, 4, 4, 4, 4, 4, 4, 4, 4, 4, 4, 4, 4, 4, 4, 4, 4, 4, 4, 4, 4, 4, 4, 4, 4, 4, 4, 4, 4, 4, 4, 4, 4, 4, 4, 4, 4, 4, 4, 4, 4, 4, 4, 4, 4, 4, 4, 4, 4, 4, 4, 4, 4, 4, 4, 4, 4, 4, 4, 4, 4, 4, 4, 4, 4, 4, 4, 4, 4, 4, 4, 4, 4, 4, 4, 4, 4, 4, 4, 4, 4, 4, 4, 4, 4, 4, 4, 4, 4, 4, 4, 4, 4, 4, 4, 4, 4, 4, 4, 4, 4, 3], "test_accuracy": 0.7803379416282642, "predictions": [7, 4, 1, 10, 7, 1, 8, 8, 0, 8, 4, 7, 1, 9, 8, 0, 9, 8, 4, 9, 8, 10, 1, 4, 8, 2, 4, 6, 6, 8, 2, 1, 1, 4, 6, 3, 10, 5, 5, 0, 10, 2, 2, 10, 7, 8, 9, 3, 2, 8, 2, 4, 3, 4, 6, 1, 1, 9, 1, 10, 10, 6, 2, 6, 5, 8, 8, 5, 9, 0, 3, 1, 8, 3, 1, 8, 6, 2, 9, 2, 8, 1, 3, 1, 5, 5, 1, 8, 8, 4, 9, 10, 10, 7, 1, 5, 1, 8, 2, 7, 5, 1, 10, 6, 10, 8, 3, 9, 10, 4, 7, 4, 0, 3, 7, 8, 0, 8, 0, 0, 4, 3, 0, 8, 5, 1, 8, 9, 2, 7, 4, 0, 10, 10, 7, 9, 4, 1, 9, 1, 10, 3, 8, 9, 4, 7, 4, 7, 2, 10, 2, 4, 2, 10, 1, 0, 10, 5, 4, 7, 4, 9, 10, 4, 2, 3, 10, 5, 8, 0, 4, 0, 10, 7, 6, 8, 0, 6, 1, 2, 6, 3, 5, 3, 9, 2, 4, 8, 3, 2, 0, 2, 0, 9, 9, 8, 1, 3, 5, 9, 4, 7, 6, 1, 5, 4, 9, 2, 3, 9, 5, 6, 2, 8, 4, 5, 2, 10, 8, 4, 7, 3, 0, 6, 7, 10, 5, 7, 7, 0, 1, 2, 3, 7, 9, 2, 10, 9, 3, 10, 9, 4, 3, 3, 1, 7, 2, 5, 2, 4, 10, 1, 8, 2, 8, 10, 6, 9, 5, 3, 3, 8, 7, 0, 5, 1, 8, 1, 8, 8, 2, 10, 3, 5, 8, 3, 7, 5, 9, 7, 8, 1, 0, 10, 2, 4, 2, 5, 5, 3, 8, 8, 2, 6, 8, 1, 2, 7, 3, 2, 4, 10, 8, 6, 6, 0, 2, 7, 10, 1, 7, 6, 9, 2, 4, 2, 0, 9, 4, 3, 6, 6, 7, 9, 3, 3, 8, 5, 2, 4, 4, 1, 3, 1, 4, 7, 1, 2, 0, 2, 5, 1, 9, 10, 5, 0, 5, 7, 3, 6, 9, 6, 4, 9, 5, 3, 8, 3, 7, 7, 4, 4, 6, 10, 4, 9, 2, 5, 8, 9, 4, 3, 5, 0, 8, 10, 5, 0, 3, 7, 3, 0, 10, 2, 3, 4, 4, 9, 3, 1, 5, 4, 9, 4, 0, 3, 5, 6, 9, 9, 7, 8, 8, 2, 1, 10, 10, 5, 5, 1, 3, 3, 5, 10, 4, 7, 2, 3, 1, 1, 3, 5, 4, 8, 2, 0, 1, 7, 0, 6, 8, 3, 8, 0, 3, 6, 2, 3, 7, 10, 10, 4, 10, 8, 6, 5, 0, 8, 8, 2, 1, 9, 9, 5, 9, 9, 3, 0, 5, 7, 9, 10, 1, 8, 1, 6, 3, 5, 2, 4, 10, 1, 1, 2, 8, 2, 4, 8, 2, 8, 4, 9, 0, 7, 6, 4, 5, 8, 2, 8, 6, 9, 3, 9, 2, 4, 10, 0, 8, 3, 9, 6, 8, 4, 3, 3, 3, 5, 3, 1, 7, 10, 9, 10, 2, 5, 5, 7, 5, 1, 4, 5, 10, 4, 5, 4, 9, 0, 9, 7, 7, 2, 0, 2, 5, 2, 2, 8, 1, 8, 9, 1, 8, 8, 2, 0, 9, 7, 6, 1, 6, 9, 1, 10, 2, 4, 8, 1, 9, 3, 2, 7, 9, 6, 8, 8, 4, 0, 7, 2, 10, 5, 10, 10, 4, 7, 9, 6, 8, 6, 6, 4, 7, 9, 7, 1, 4, 9, 3, 2, 7, 4, 1, 1, 5, 2, 0, 7, 8, 0, 7, 4, 8, 5, 4, 8, 4, 6, 1, 5, 3, 0, 1, 4, 7, 1, 9, 4, 6, 2, 10, 7, 1, 3, 3, 4, 1, 4, 3, 10, 7, 6, 9, 9, 4, 0, 6, 3, 7, 2, 6, 8, 7, 7, 4, 0, 2, 0, 8, 8, 7],