{"val_acc": [0.0706605222734255, 0.07987711213517665, 0.09831029185867896, 0.08602150537634409, 0.12749615975422426, 0.0706605222734255, 0.12749615975422426, 0.0967741935483871, 0.0706605222734255, 0.06144393241167435], "val_loss": [2.401281845350207, 2.3996690913943426, 2.399456341573797, 2.4000025570758283, 2.3971628133504668, 2.398421698552699, 2.396196539416635, 2.399105945247814, 2.3996509628061866, 2.398803409623222], "train_loss": [2.3995937980857174, 2.39901251123933, 2.398672840563261, 2.398576932903713, 2.3984650100435485, 2.3985173771218373, 2.3984289814008926, 2.398394814596551, 2.39837993137359, 2.398432874671858], "test_correct_in_batch": [0.0, 0.0, 0.0, 1.0, 2.0, 0.0, 0.0, 0.0, 1.0, 0.0, 0.0, 0.0, 1.0, 0.0, 1.0, 0.0, 0.0, 0.0, 0.0, 1.0, 0.0, 0.0, 1.0, 0.0, 0.0, 0.0, 1.0, 0.0, 0.0, 0.0, 0.0, 1.0, 0.0, 1.0, 1.0, 1.0, 0.0, 0.0, 0.0, 0.0, 1.0, 0.0, 1.0, 0.0, 0.0, 0.0, 1.0, 0.0, 2.0, 1.0, 0.0, 0.0, 1.0, 0.0, 0.0, 0.0, 0.0, 0.0, 0.0, 0.0, 1.0, 0.0, 0.0, 0.0, 1.0, 0.0, 0.0, 0.0, 0.0, 1.0, 0.0, 0.0, 0.0, 0.0, 0.0, 0.0, 0.0, 0.0, 1.0, 1.0, 1.0, 0.0, 1.0, 0.0, 0.0, 0.0, 0.0, 0.0, 1.0, 0.0, 0.0, 1.0, 0.0, 1.0, 0.0, 0.0, 1.0, 2.0, 1.0, 2.0, 1.0, 0.0, 0.0, 1.0, 0.0, 0.0, 0.0, 0.0, 0.0, 0.0, 0.0, 1.0, 1.0, 3.0, 0.0, 1.0, 0.0, 0.0, 0.0, 0.0, 2.0, 1.0, 1.0, 0.0, 0.0, 1.0, 0.0, 0.0, 0.0, 0.0, 0.0, 1.0, 1.0, 0.0, 1.0, 1.0, 1.0, 2.0, 0.0, 0.0, 1.0, 1.0, 0.0, 0.0, 1.0, 1.0, 1.0, 0.0, 0.0, 0.0, 0.0, 0.0, 0.0, 0.0, 1.0, 0.0, 1.0, 0.0, 2.0, 0.0, 0.0, 0.0, 0.0], "test_losses": [2.398064374923706, 2.4047844409942627, 2.409466028213501, 2.3920607566833496, 2.3872158527374268, 2.4038848876953125, 2.4015512466430664, 2.3989603519439697, 2.389969825744629, 2.398493528366089, 2.387626886367798, 2.4137613773345947, 2.4065918922424316, 2.407588243484497, 2.381288528442383, 2.3852248191833496, 2.4143590927124023, 2.4049978256225586, 2.4049978256225586, 2.3909482955932617, 2.4043684005737305, 2.4097890853881836, 2.3909478187561035, 2.3930277824401855, 2.400155544281006, 2.3918325901031494, 2.3906147480010986, 2.398064374923706, 2.3971922397613525, 2.400808334350586, 2.4073750972747803, 2.3913867473602295, 2.4024500846862793, 2.374075174331665, 2.3973188400268555, 2.3899853229522705, 2.413198947906494, 2.3996047973632812, 2.3829827308654785, 2.4026341438293457, 2.3958725929260254, 2.3985676765441895, 2.3927433490753174, 2.391397714614868, 2.4010512828826904, 2.40690016746521, 2.4065921306610107, 2.400770664215088, 2.384678363800049, 2.396577835083008, 2.398611545562744, 2.4242103099823, 2.3945398330688477, 2.414766550064087, 2.404233932495117, 2.3971922397613525, 2.398608922958374, 2.3936867713928223, 2.3986833095550537, 2.3968844413757324, 2.4059624671936035, 2.40437650680542, 2.3992559909820557, 2.39399790763855, 2.3945398330688477, 2.3928062915802, 2.405219316482544, 2.3977842330932617, 2.405287504196167, 2.39032244682312, 2.3972182273864746, 2.410545587539673, 2.409620523452759, 2.3986644744873047, 2.3998751640319824, 2.4018468856811523, 2.393192768096924, 2.3864200115203857, 2.3929271697998047, 2.4016671180725098, 2.3851277828216553, 2.4101970195770264, 2.3976147174835205, 2.4094130992889404, 2.395526647567749, 2.393080711364746, 2.4040215015411377, 2.405550241470337, 2.4018356800079346, 2.4033122062683105, 2.406475305557251, 2.4021849632263184, 2.4024500846862793, 2.385911464691162, 2.4038000106811523, 2.405346632003784, 2.4072210788726807, 2.383153200149536, 2.397371768951416, 2.3821794986724854, 2.3839361667633057, 2.3874995708465576, 2.408095359802246, 2.3850157260894775, 2.4003689289093018, 2.409900665283203, 2.4010512828826904, 2.419581890106201, 2.4053995609283447, 2.393155097961426, 2.390498161315918, 2.390244483947754, 2.392986297607422, 2.3762054443359375, 2.403747081756592, 2.3862664699554443, 2.4029598236083984, 2.3992559909820557, 2.4013471603393555, 2.4151744842529297, 2.3788578510284424, 2.38602352142334, 2.3909482955932617, 2.409132480621338, 2.404421329498291, 2.399576187133789, 2.40690016746521, 2.3885109424591064, 2.4038257598876953, 2.4039688110351562, 2.4195070266723633, 2.4064056873321533, 2.3863229751586914, 2.4100279808044434, 2.392986297607422, 2.3976151943206787, 2.387218713760376, 2.3755714893341064, 2.3993091583251953, 2.408783435821533, 2.3851277828216553, 2.391847610473633, 2.3991973400115967, 2.393784761428833, 2.388561487197876, 2.3943850994110107, 2.4014010429382324, 2.4131317138671875, 2.4090051651000977, 2.3999125957489014, 2.4135749340057373, 2.406179904937744, 2.4046428203582764, 2.404435157775879, 2.3931899070739746, 2.3885109424591064, 2.401614189147949, 2.3977839946746826, 2.3893067836761475, 2.40450382232666, 2.39776873588562, 2.4057328701019287, 2.398467779159546], "test_loss": 2.398590134696726, "test_batch_lens": [4, 4, 4, 4, 4, 4, 4, 4, 4, 4, 4, 4, 4, 4, 4, 4, 4, 4, 4, 4, 4, 4, 4, 4, 4, 4, 4, 4, 4, 4, 4, 4, 4, 4, 4, 4, 4, 4, 4, 4, 4, 4, 4, 4, 4, 4, 4, 4, 4, 4, 4, 4, 4, 4, 4, 4, 4, 4, 4, 4, 4, 4, 4, 4, 4, 4, 4, 4, 4, 4, 4, 4, 4, 4, 4, 4, 4, 4, 4, 4, 4, 4, 4, 4, 4, 4, 4, 4, 4, 4, 4, 4, 4, 4, 4, 4, 4, 4, 4, 4, 4, 4, 4, 4, 4, 4, 4, 4, 4, 4, 4, 4, 4, 4, 4, 4, 4, 4, 4, 4, 4, 4, 4, 4, 4, 4, 4, 4, 4, 4, 4, 4, 4, 4, 4, 4, 4, 4, 4, 4, 4, 4, 4, 4, 4, 4, 4, 4, 4, 4, 4, 4, 4, 4, 4, 4, 4, 4, 4, 4, 4, 4, 3], "test_accuracy": 0.09984639016897082, "predictions": [9, 9, 9, 9, 9, 9, 9, 9, 9, 9, 9, 9, 9, 9, 9, 9, 9, 9, 9, 9, 9, 9, 9, 9, 9, 9, 9, 9, 9, 9, 9, 9, 9, 9, 9, 9, 9, 9, 9, 9, 9, 9, 9, 9, 9, 9, 9, 9, 9, 9, 9, 9, 9, 9, 9, 9, 9, 9, 9, 9, 9, 9, 9, 9, 9, 9, 9, 9, 9, 9, 9, 9, 9, 9, 9, 9, 9, 9, 9, 9, 9, 9, 9, 9, 9, 9, 9, 9, 9, 9, 9, 9, 9, 9, 9, 9, 9, 9, 9, 9, 9, 9, 9, 9, 9, 9, 9, 9, 9, 9, 9, 9, 9, 9, 9, 9, 9, 9, 9, 9, 9, 9, 9, 9, 9, 9, 9, 9, 9, 9, 9, 9, 9, 9, 9, 9, 9, 9, 9, 9, 9, 9, 9, 9, 9, 9, 9, 9, 9, 9, 9, 9, 9, 9, 9, 9, 9, 9, 9, 9, 9, 9, 9, 9, 9, 9, 9, 9, 9, 9, 9, 9, 9, 9, 9, 9, 9, 9, 9, 9, 9, 9, 9, 9, 9, 9, 9, 9, 9, 9, 9, 9, 9, 9, 9, 9, 9, 9, 9, 9, 9, 9, 9, 9, 9, 9, 9, 9, 9, 9, 9, 9, 9, 9, 9, 9, 9, 9, 9, 9, 9, 9, 9, 9, 9, 9, 9, 9, 9, 9, 9, 9, 9, 9, 9, 9, 9, 9, 9, 9, 9, 9, 9, 9, 9, 9, 9, 9, 9, 9, 9, 9, 9, 9, 9, 9, 9, 9, 9, 9, 9, 9, 9, 9, 9, 9, 9, 9, 9, 9, 9, 9, 9, 9, 9, 9, 9, 9, 9, 9, 9, 9, 9, 9, 9, 9, 9, 9, 9, 9, 9, 9, 9, 9, 9, 9, 9, 9, 9, 9, 9, 9, 9, 9, 9, 9, 9, 9, 9, 9, 9, 9, 9, 9, 9, 9, 9, 9, 9, 9, 9, 9, 9, 9, 9, 9, 9, 9, 9, 9, 9, 9, 9, 9, 9, 9, 9, 9, 9, 9, 9, 9, 9, 9, 9, 9, 9, 9, 9, 9, 9, 9, 9, 9, 9, 9, 9, 9, 9, 9, 9, 9, 9, 9, 9, 9, 9, 9, 9, 9, 9, 9, 9, 9, 9, 9, 9, 9, 9, 9, 9, 9, 9, 9, 9, 9, 9, 9, 9, 9, 9, 9, 9, 9, 9, 9, 9, 9, 9, 9, 9, 9, 9, 9, 9, 9, 9, 9, 9, 9, 9, 9, 9, 9, 9, 9, 9, 9, 9, 9, 9, 9, 9, 9, 9, 9, 9, 9, 9, 9, 9, 9, 9, 9, 9, 9, 9, 9, 9, 9, 9, 9, 9, 9, 9, 9, 9, 9, 9, 9, 9, 9, 9, 9, 9, 9, 9, 9, 9, 9, 9, 9, 9, 9, 9, 9, 9, 9, 9, 9, 9, 9, 9, 9, 9, 9, 9, 9, 9, 9, 9, 9, 9, 9, 9, 9, 9, 9, 9, 9, 9, 9, 9, 9, 9, 9, 9, 9, 9, 9, 9, 9, 9, 9, 9, 9, 9, 9, 9, 9, 9, 9, 9, 9, 9, 9, 9, 9, 9, 9, 9, 9, 9, 9, 9, 9, 9, 9, 9, 9, 9, 9, 9, 9, 9, 9, 9, 9, 9, 9, 9, 9, 9, 9, 9, 9, 9, 9, 9, 9, 9, 9, 9, 9, 9, 9, 9, 9, 9, 9, 9, 9, 9, 9, 9, 9, 9, 9, 9, 9, 9, 9, 9, 9, 9, 9, 9, 9, 9, 9, 9, 9, 9, 9, 9, 9, 9, 9, 9, 9, 9, 9, 9, 9, 9, 9, 9, 9, 9, 9, 9, 9, 9, 9, 9, 9, 9, 9, 9, 9, 9, 9, 9, 9, 9, 9, 9, 9, 9, 9, 9, 9, 9, 9, 9, 9, 9, 9, 9, 9, 9, 9, 9, 9, 9, 9, 9, 9, 9, 9, 9, 9, 9, 9, 9, 9, 9, 9, 9, 9, 9],