{"val_acc": [0.5806451612903226, 0.7204301075268817, 0.7895545314900153, 0.8018433179723502, 0.8018433179723502, 0.837173579109063, 0.837173579109063, 0.8402457757296466, 0.8602150537634409, 0.8817204301075269], "val_loss": [1.195364870816652, 0.8321574765366097, 0.661825392395258, 0.5751782543728688, 0.5898310947717608, 0.46243209648374584, 0.4951573122189912, 0.4777656999799463, 0.4118403646626447, 0.3831220182770166], "train_loss": [1.6882766196174577, 0.9697710712454913, 0.765773661422608, 0.6633282202514678, 0.5904330780115644, 0.5371435898338377, 0.5138705867901942, 0.49355119606878906, 0.46472204011306195, 0.4450689593014818], "test_correct_in_batch": [4.0, 4.0, 2.0, 3.0, 4.0, 4.0, 3.0, 3.0, 4.0, 4.0, 4.0, 4.0, 2.0, 3.0, 4.0, 3.0, 3.0, 3.0, 2.0, 4.0, 2.0, 3.0, 3.0, 4.0, 3.0, 4.0, 3.0, 3.0, 3.0, 4.0, 2.0, 4.0, 4.0, 4.0, 4.0, 4.0, 4.0, 4.0, 3.0, 4.0, 3.0, 4.0, 2.0, 4.0, 4.0, 4.0, 3.0, 3.0, 4.0, 3.0, 3.0, 2.0, 4.0, 3.0, 3.0, 4.0, 4.0, 4.0, 4.0, 2.0, 4.0, 3.0, 4.0, 4.0, 4.0, 3.0, 3.0, 3.0, 3.0, 3.0, 3.0, 3.0, 3.0, 2.0, 4.0, 4.0, 3.0, 4.0, 2.0, 4.0, 3.0, 3.0, 4.0, 3.0, 3.0, 2.0, 4.0, 3.0, 4.0, 3.0, 3.0, 3.0, 1.0, 4.0, 4.0, 4.0, 3.0, 2.0, 3.0, 4.0, 3.0, 3.0, 4.0, 4.0, 4.0, 4.0, 4.0, 4.0, 3.0, 4.0, 4.0, 3.0, 3.0, 4.0, 3.0, 3.0, 2.0, 3.0, 3.0, 2.0, 4.0, 3.0, 4.0, 4.0, 3.0, 4.0, 3.0, 2.0, 4.0, 3.0, 4.0, 4.0, 4.0, 4.0, 3.0, 3.0, 4.0, 3.0, 3.0, 4.0, 4.0, 2.0, 3.0, 4.0, 4.0, 3.0, 3.0, 3.0, 4.0, 3.0, 3.0, 3.0, 4.0, 4.0, 3.0, 3.0, 3.0, 3.0, 4.0, 4.0, 4.0, 4.0, 3.0], "test_losses": [0.014911123551428318, 0.19428963959217072, 1.484212875366211, 1.5268315076828003, 0.006852974649518728, 0.03458021581172943, 1.5101896524429321, 0.6015011072158813, 0.5272049307823181, 0.006653973367065191, 0.025997329503297806, 0.07654067873954773, 2.0772297382354736, 0.4003891944885254, 0.032400380820035934, 1.5803537368774414, 0.5250350832939148, 0.3751858174800873, 0.9547598958015442, 0.03595447540283203, 1.5175187587738037, 0.979752779006958, 0.4231965243816376, 0.05411699041724205, 0.3367771804332733, 0.09684742242097855, 0.309847354888916, 0.6264443397521973, 0.21764768660068512, 0.0897563248872757, 1.5756189823150635, 0.02525259368121624, 0.037117235362529755, 0.027045413851737976, 0.019741270691156387, 0.126780703663826, 0.11283280700445175, 0.006282356567680836, 0.26958510279655457, 0.1514516919851303, 0.7692757844924927, 0.10886215418577194, 0.8160123229026794, 0.1418801248073578, 0.28623542189598083, 0.05140339583158493, 0.35984086990356445, 0.9113940596580505, 0.41422003507614136, 0.6539806723594666, 0.6644747853279114, 2.1625707149505615, 0.29830437898635864, 0.777513325214386, 0.622309148311615, 0.025476250797510147, 0.05749482288956642, 0.02240927703678608, 0.02266581729054451, 0.7897806167602539, 0.0926387757062912, 0.5263989567756653, 0.0775766521692276, 0.017188433557748795, 0.026699259877204895, 1.33879554271698, 0.49455758929252625, 1.6005381345748901, 0.7705036401748657, 0.6920062303543091, 0.7215903997421265, 0.5225268602371216, 1.2116843461990356, 0.7880377769470215, 0.033360160887241364, 0.18892550468444824, 0.339397132396698, 0.006900392007082701, 0.5874614119529724, 0.16350191831588745, 0.37947744131088257, 0.37867188453674316, 0.06733891367912292, 0.9243202209472656, 0.5504446029663086, 1.646999478340149, 0.15685558319091797, 0.5905080437660217, 0.09190919995307922, 0.803920328617096, 0.3818264901638031, 0.4492217004299164, 2.449896812438965, 0.06464103609323502, 0.0405288003385067, 0.18312476575374603, 0.4388471841812134, 0.9586318135261536, 0.7803554534912109, 0.05970083549618721, 1.3927828073501587, 0.3794366717338562, 0.08644508570432663, 0.032990798354148865, 0.2621966004371643, 0.1422666609287262, 0.06796656548976898, 0.06646217405796051, 0.6737237572669983, 0.0574423111975193, 0.07652990520000458, 0.7792027592658997, 0.644262433052063, 0.009002380073070526, 1.060003638267517, 0.4184124767780304, 1.1625715494155884, 0.38154861330986023, 0.3868562877178192, 1.0867440700531006, 0.07883889228105545, 0.7829180359840393, 0.18340709805488586, 0.09357081353664398, 0.822255551815033, 0.363034188747406, 1.6825205087661743, 1.4980955123901367, 0.10126316547393799, 0.5952945351600647, 0.34401735663414, 0.036354027688503265, 0.1093154028058052, 0.5478525161743164, 0.761122465133667, 0.5087559223175049, 0.0016724192537367344, 0.8571467399597168, 0.7949753999710083, 0.4108595848083496, 0.009492827579379082, 1.775239109992981, 0.6128628849983215, 0.0699382871389389, 0.021587500348687172, 0.5533032417297363, 0.7162983417510986, 0.7751815915107727, 0.12802381813526154, 0.2549097239971161, 0.5556226372718811, 0.4615783095359802, 0.07732424139976501, 0.009833566844463348, 0.5543347001075745, 0.7243918180465698, 0.738568902015686, 0.8334068059921265, 0.2680378258228302, 0.23674547672271729, 0.017240583896636963, 0.02300839312374592, 0.02411235123872757], "test_loss": 0.489137804655621, "test_batch_lens": [4, 4, 4, 4, 4, 4, 4, 4, 4, 4, 4, 4, 4, 4, 4, 4, 4, 4, 4, 4, 4, 4, 4, 4, 4, 4, 4, 4, 4, 4, 4, 4, 4, 4, 4, 4, 4, 4, 4, 4, 4, 4, 4, 4, 4, 4, 4, 4, 4, 4, 4, 4, 4, 4, 4, 4, 4, 4, 4, 4, 4, 4, 4, 4, 4, 4, 4, 4, 4, 4, 4, 4, 4, 4, 4, 4, 4, 4, 4, 4, 4, 4, 4, 4, 4, 4, 4, 4, 4, 4, 4, 4, 4, 4, 4, 4, 4, 4, 4, 4, 4, 4, 4, 4, 4, 4, 4, 4, 4, 4, 4, 4, 4, 4, 4, 4, 4, 4, 4, 4, 4, 4, 4, 4, 4, 4, 4, 4, 4, 4, 4, 4, 4, 4, 4, 4, 4, 4, 4, 4, 4, 4, 4, 4, 4, 4, 4, 4, 4, 4, 4, 4, 4, 4, 4, 4, 4, 4, 4, 4, 4, 4, 3], "test_accuracy": 0.8402457757296466, "predictions": [7, 4, 1, 10, 7, 1, 8, 8, 1, 3, 4, 7, 1, 9, 8, 0, 9, 6, 4, 9, 8, 10, 1, 4, 6, 8, 4, 6, 6, 8, 1, 1, 1, 9, 6, 3, 10, 5, 5, 0, 10, 3, 2, 10, 7, 8, 4, 3, 6, 8, 2, 4, 3, 9, 6, 1, 1, 9, 1, 10, 10, 6, 9, 6, 5, 4, 8, 5, 5, 1, 3, 1, 0, 1, 1, 8, 6, 8, 9, 2, 1, 1, 1, 1, 5, 5, 1, 1, 0, 4, 9, 2, 10, 7, 1, 5, 1, 6, 2, 7, 5, 1, 10, 6, 10, 9, 3, 9, 10, 4, 7, 5, 0, 3, 7, 8, 0, 8, 0, 0, 4, 3, 7, 8, 5, 1, 7, 9, 6, 7, 4, 0, 10, 10, 7, 9, 4, 1, 9, 0, 10, 3, 3, 9, 4, 7, 4, 7, 2, 10, 2, 4, 10, 10, 1, 7, 10, 5, 4, 7, 4, 9, 10, 4, 2, 3, 10, 5, 5, 0, 5, 0, 10, 7, 6, 8, 0, 8, 1, 2, 6, 3, 5, 3, 4, 3, 4, 8, 3, 2, 8, 2, 0, 9, 9, 8, 5, 3, 5, 9, 9, 1, 6, 1, 4, 1, 9, 8, 3, 9, 5, 6, 2, 5, 4, 9, 2, 10, 5, 4, 7, 3, 0, 6, 7, 0, 5, 7, 1, 0, 1, 6, 3, 7, 7, 2, 10, 9, 1, 10, 9, 4, 3, 3, 1, 7, 5, 5, 2, 4, 10, 1, 1, 2, 3, 10, 6, 9, 5, 3, 3, 10, 7, 9, 5, 1, 9, 1, 8, 7, 2, 10, 3, 5, 9, 2, 7, 5, 9, 7, 4, 8, 8, 10, 2, 4, 2, 4, 5, 3, 8, 5, 8, 2, 1, 1, 2, 7, 3, 2, 4, 10, 8, 6, 6, 5, 2, 7, 10, 1, 7, 6, 4, 2, 4, 2, 0, 9, 4, 3, 6, 6, 7, 9, 1, 2, 8, 5, 2, 9, 4, 1, 3, 8, 4, 7, 1, 2, 9, 2, 5, 1, 9, 10, 5, 0, 5, 7, 3, 6, 9, 6, 4, 9, 5, 1, 8, 3, 9, 7, 4, 8, 6, 10, 8, 9, 10, 5, 1, 9, 4, 8, 5, 0, 9, 10, 5, 0, 3, 7, 3, 1, 8, 2, 3, 4, 4, 9, 3, 7, 5, 5, 7, 4, 0, 0, 5, 6, 9, 9, 7, 7, 8, 9, 1, 10, 10, 4, 5, 7, 3, 3, 5, 10, 9, 7, 2, 3, 1, 1, 0, 5, 4, 1, 2, 0, 1, 8, 8, 4, 8, 3, 8, 3, 3, 2, 2, 3, 7, 10, 10, 4, 10, 6, 6, 5, 0, 6, 3, 2, 1, 9, 9, 5, 9, 9, 1, 1, 5, 7, 9, 10, 1, 10, 0, 6, 3, 4, 10, 4, 10, 1, 1, 6, 8, 2, 4, 1, 2, 8, 9, 9, 0, 7, 6, 9, 3, 0, 2, 8, 6, 9, 3, 7, 2, 4, 2, 0, 1, 3, 9, 6, 3, 4, 9, 3, 3, 5, 1, 7, 7, 10, 4, 10, 2, 5, 5, 7, 5, 3, 4, 5, 0, 4, 5, 4, 9, 5, 9, 7, 7, 2, 0, 2, 4, 3, 2, 8, 1, 8, 9, 1, 8, 0, 2, 0, 9, 7, 5, 9, 6, 9, 0, 10, 8, 9, 4, 1, 7, 3, 2, 7, 9, 6, 2, 0, 9, 0, 8, 2, 3, 5, 2, 10, 8, 7, 9, 6, 8, 6, 6, 5, 7, 9, 7, 4, 4, 9, 3, 3, 7, 5, 1, 7, 5, 4, 0, 7, 6, 0, 4, 4, 5, 5, 4, 6, 6, 6, 1, 5, 3, 0, 1, 4, 7, 1, 9, 4, 6, 2, 10, 7, 1, 3, 3, 4, 1, 4, 3, 6, 7, 8, 9, 9, 4, 0, 2, 3, 7, 8, 6, 8, 1, 7, 4, 0, 2, 0, 8, 6, 7],