{"val_acc": [0.5606758832565284, 0.6359447004608295, 0.6697388632872504, 0.728110599078341, 0.728110599078341, 0.7542242703533026, 0.7572964669738863, 0.7419354838709677, 0.7526881720430108, 0.7880184331797235], "val_loss": [1.3164282964051135, 1.1212486357776665, 0.9328514702526703, 0.8237953442348841, 0.7744167719973377, 0.7340865438301231, 0.7468799214061647, 0.7317226651421765, 0.7133847701883206, 0.6281359067266704], "train_loss": [1.8501085450248687, 1.1694189559247423, 0.9714168488366085, 0.8361333034133606, 0.7322386022153937, 0.6664531801609963, 0.6152644591791041, 0.569620893273347, 0.5294717404429746, 0.49278168329421196], "test_correct_in_batch": [4.0, 4.0, 2.0, 3.0, 4.0, 4.0, 1.0, 2.0, 3.0, 4.0, 3.0, 4.0, 2.0, 4.0, 4.0, 2.0, 3.0, 2.0, 2.0, 4.0, 1.0, 3.0, 2.0, 4.0, 4.0, 4.0, 3.0, 3.0, 2.0, 3.0, 1.0, 3.0, 4.0, 4.0, 3.0, 3.0, 3.0, 2.0, 3.0, 3.0, 2.0, 3.0, 3.0, 3.0, 4.0, 3.0, 4.0, 4.0, 2.0, 3.0, 3.0, 1.0, 3.0, 4.0, 4.0, 3.0, 4.0, 4.0, 4.0, 4.0, 3.0, 3.0, 4.0, 4.0, 3.0, 2.0, 4.0, 2.0, 1.0, 3.0, 3.0, 4.0, 4.0, 2.0, 4.0, 4.0, 3.0, 4.0, 3.0, 4.0, 4.0, 3.0, 4.0, 2.0, 3.0, 3.0, 2.0, 3.0, 2.0, 1.0, 3.0, 4.0, 3.0, 4.0, 3.0, 4.0, 4.0, 2.0, 2.0, 3.0, 1.0, 4.0, 3.0, 3.0, 2.0, 3.0, 3.0, 3.0, 4.0, 2.0, 4.0, 3.0, 4.0, 3.0, 4.0, 4.0, 3.0, 3.0, 4.0, 2.0, 4.0, 3.0, 4.0, 4.0, 2.0, 4.0, 2.0, 1.0, 4.0, 4.0, 3.0, 3.0, 4.0, 1.0, 3.0, 2.0, 4.0, 4.0, 4.0, 3.0, 3.0, 2.0, 2.0, 4.0, 4.0, 3.0, 3.0, 2.0, 3.0, 4.0, 2.0, 4.0, 4.0, 3.0, 1.0, 4.0, 4.0, 3.0, 3.0, 3.0, 4.0, 3.0, 3.0], "test_losses": [0.0429692268371582, 0.28247642517089844, 1.1192642450332642, 1.0544360876083374, 0.08688786625862122, 0.14092980325222015, 2.4349801540374756, 1.8102738857269287, 0.796872079372406, 0.0821010023355484, 0.760380744934082, 0.035650163888931274, 1.878806710243225, 0.20982599258422852, 0.20071397721767426, 0.9428567290306091, 0.6050219535827637, 1.370776891708374, 0.991446852684021, 0.12876474857330322, 1.7053881883621216, 0.9287471175193787, 0.9179040193557739, 0.01116796862334013, 0.17512772977352142, 0.022438982501626015, 1.3553135395050049, 0.6147177815437317, 1.0419132709503174, 1.2016310691833496, 2.5636894702911377, 0.45173051953315735, 0.022669019177556038, 0.1346125304698944, 0.8489199876785278, 0.5717602968215942, 0.5035604238510132, 0.8953779339790344, 0.2811620533466339, 0.28537634015083313, 1.1303778886795044, 0.3166811466217041, 0.7615081071853638, 0.3457750678062439, 0.24467933177947998, 0.23223257064819336, 0.3413490355014801, 0.2608642280101776, 1.05465829372406, 0.7015220522880554, 1.1539638042449951, 2.940523386001587, 0.9138926267623901, 0.315883606672287, 0.4089205861091614, 0.31983718276023865, 0.15654335916042328, 0.1770995408296585, 0.13995981216430664, 0.30429643392562866, 0.7355918288230896, 1.343123197555542, 0.2744626998901367, 0.16399356722831726, 0.8866365551948547, 0.9108267426490784, 0.18301787972450256, 2.456317663192749, 1.343398094177246, 0.8451846837997437, 0.9901720881462097, 0.060134463012218475, 0.3549884259700775, 0.8575953245162964, 0.13482673466205597, 0.28813624382019043, 1.3489444255828857, 0.041297394782304764, 0.8662285208702087, 0.19718408584594727, 0.28786271810531616, 1.224294662475586, 0.4212254583835602, 0.9346133470535278, 0.9690172076225281, 0.9608458280563354, 0.954437792301178, 0.9718959927558899, 1.6007394790649414, 1.940261721611023, 2.1395606994628906, 0.22616977989673615, 1.1227092742919922, 0.26509127020835876, 0.32605576515197754, 0.12350543588399887, 0.16262361407279968, 2.76072096824646, 0.8662965297698975, 0.6890221834182739, 1.8924120664596558, 0.032926127314567566, 0.7675467133522034, 0.3851596713066101, 0.5945760011672974, 1.4534614086151123, 0.7482818365097046, 0.4778311848640442, 0.09002756327390671, 1.0768758058547974, 0.127341628074646, 0.5772255659103394, 0.2553167939186096, 0.5047456622123718, 0.19401244819164276, 0.2606843113899231, 0.8567885160446167, 0.8840250372886658, 0.1514631062746048, 1.438901662826538, 0.4008311331272125, 0.9080345630645752, 0.25789549946784973, 0.03462884575128555, 1.5320167541503906, 0.35763800144195557, 1.4267804622650146, 1.6130740642547607, 0.24516892433166504, 0.2664341330528259, 1.6877319812774658, 0.5571559071540833, 0.0377449132502079, 0.94652259349823, 0.6124098896980286, 1.402592658996582, 0.10248206555843353, 0.25576114654541016, 0.19676315784454346, 0.8597111105918884, 0.7566508650779724, 1.5535874366760254, 0.9028804302215576, 0.022307751700282097, 0.19422315061092377, 1.04737389087677, 0.4197491407394409, 0.5455021262168884, 1.1745951175689697, 0.08002816140651703, 1.3281490802764893, 0.02318730391561985, 0.044600509107112885, 0.4600185751914978, 1.8487837314605713, 0.1467583030462265, 0.3918825387954712, 1.0911688804626465, 0.9573115110397339, 0.3000326156616211, 0.013194489292800426, 0.8038640022277832, 0.16028529405593872], "test_loss": 0.7097873497708627, "test_batch_lens": [4, 4, 4, 4, 4, 4, 4, 4, 4, 4, 4, 4, 4, 4, 4, 4, 4, 4, 4, 4, 4, 4, 4, 4, 4, 4, 4, 4, 4, 4, 4, 4, 4, 4, 4, 4, 4, 4, 4, 4, 4, 4, 4, 4, 4, 4, 4, 4, 4, 4, 4, 4, 4, 4, 4, 4, 4, 4, 4, 4, 4, 4, 4, 4, 4, 4, 4, 4, 4, 4, 4, 4, 4, 4, 4, 4, 4, 4, 4, 4, 4, 4, 4, 4, 4, 4, 4, 4, 4, 4, 4, 4, 4, 4, 4, 4, 4, 4, 4, 4, 4, 4, 4, 4, 4, 4, 4, 4, 4, 4, 4, 4, 4, 4, 4, 4, 4, 4, 4, 4, 4, 4, 4, 4, 4, 4, 4, 4, 4, 4, 4, 4, 4, 4, 4, 4, 4, 4, 4, 4, 4, 4, 4, 4, 4, 4, 4, 4, 4, 4, 4, 4, 4, 4, 4, 4, 4, 4, 4, 4, 4, 4, 3], "test_accuracy": 0.7726574500768049, "predictions": [7, 4, 1, 10, 7, 1, 8, 8, 1, 2, 4, 7, 1, 9, 0, 0, 9, 6, 4, 9, 8, 10, 1, 4, 8, 1, 4, 6, 6, 6, 2, 0, 1, 3, 6, 3, 10, 5, 5, 0, 10, 1, 2, 10, 7, 8, 4, 3, 3, 1, 2, 4, 3, 4, 6, 1, 1, 9, 1, 10, 10, 6, 9, 8, 5, 9, 8, 5, 8, 1, 9, 3, 5, 1, 1, 8, 6, 8, 9, 2, 1, 1, 1, 0, 0, 5, 1, 8, 8, 9, 9, 10, 10, 7, 1, 5, 1, 8, 2, 7, 5, 1, 10, 6, 10, 1, 3, 9, 10, 4, 7, 9, 0, 0, 7, 3, 0, 10, 0, 0, 4, 0, 1, 1, 5, 0, 7, 9, 6, 7, 4, 0, 10, 10, 7, 9, 4, 3, 9, 0, 10, 3, 3, 7, 9, 7, 4, 7, 2, 8, 9, 4, 10, 10, 3, 0, 2, 5, 4, 7, 8, 1, 8, 4, 2, 0, 10, 5, 8, 0, 0, 0, 2, 7, 6, 8, 0, 8, 1, 2, 6, 1, 5, 3, 9, 3, 4, 8, 3, 2, 0, 2, 1, 9, 9, 5, 1, 3, 9, 9, 7, 1, 6, 1, 4, 1, 3, 5, 1, 9, 5, 6, 2, 5, 4, 5, 2, 10, 8, 4, 7, 1, 0, 6, 7, 0, 5, 7, 1, 0, 1, 6, 3, 7, 7, 2, 10, 4, 3, 10, 9, 5, 3, 3, 1, 7, 1, 5, 2, 4, 10, 1, 1, 2, 3, 10, 6, 2, 5, 3, 0, 10, 7, 0, 5, 1, 8, 1, 1, 7, 9, 10, 1, 9, 6, 2, 7, 6, 9, 7, 0, 8, 8, 10, 2, 4, 2, 5, 5, 3, 8, 0, 2, 8, 0, 1, 2, 7, 3, 2, 4, 10, 8, 6, 6, 0, 2, 1, 10, 1, 7, 6, 4, 2, 5, 2, 0, 9, 4, 3, 2, 6, 7, 9, 1, 9, 8, 5, 2, 9, 4, 1, 3, 1, 4, 7, 1, 10, 7, 2, 5, 0, 0, 10, 8, 1, 5, 7, 3, 6, 9, 6, 0, 9, 5, 3, 0, 3, 1, 9, 4, 2, 6, 10, 8, 9, 8, 5, 6, 9, 4, 0, 5, 0, 9, 10, 5, 0, 1, 7, 3, 1, 8, 2, 2, 4, 4, 9, 3, 7, 0, 3, 4, 9, 0, 0, 5, 6, 9, 4, 8, 9, 8, 9, 1, 10, 10, 5, 5, 7, 9, 3, 5, 10, 4, 7, 2, 3, 0, 3, 0, 5, 5, 1, 2, 0, 3, 8, 7, 4, 8, 3, 8, 0, 3, 2, 2, 1, 9, 10, 10, 4, 10, 6, 6, 5, 0, 8, 8, 2, 1, 9, 9, 5, 5, 9, 1, 3, 5, 7, 9, 10, 1, 8, 0, 6, 3, 8, 2, 4, 10, 3, 1, 2, 8, 2, 4, 0, 2, 8, 9, 9, 0, 7, 6, 9, 1, 0, 2, 8, 6, 9, 3, 7, 2, 4, 9, 0, 0, 3, 9, 6, 3, 4, 0, 1, 3, 5, 1, 7, 7, 2, 4, 10, 2, 5, 5, 7, 5, 1, 4, 5, 6, 4, 5, 4, 4, 5, 9, 7, 7, 2, 0, 6, 1, 0, 10, 9, 1, 8, 5, 1, 8, 5, 2, 0, 9, 7, 6, 9, 6, 9, 0, 10, 8, 8, 8, 1, 7, 3, 9, 7, 9, 6, 9, 8, 5, 0, 8, 2, 6, 8, 2, 10, 8, 7, 9, 6, 8, 6, 6, 6, 7, 9, 7, 4, 4, 9, 1, 3, 7, 9, 1, 7, 5, 9, 0, 7, 8, 0, 7, 9, 8, 5, 4, 8, 6, 6, 1, 5, 3, 0, 1, 8, 7, 1, 9, 9, 9, 8, 10, 7, 1, 0, 3, 9, 1, 4, 3, 1, 7, 8, 1, 9, 4, 0, 2, 3, 7, 6, 6, 8, 1, 7, 4, 1, 2, 0, 8, 6, 7],