{"val_acc": [0.5729646697388633, 0.6881720430107527, 0.7342549923195084, 0.7634408602150538, 0.7572964669738863, 0.8095238095238095, 0.7864823348694316, 0.8110599078341014, 0.804915514592934, 0.8218125960061444], "val_loss": [1.1745634243532193, 0.8972245288178599, 0.7790299182289218, 0.7093211690112491, 0.6984466263235896, 0.5729906836330342, 0.6645883766054376, 0.5581711487890295, 0.5676213074532663, 0.5418595388086022], "train_loss": [1.6045050492733886, 1.0429956542163321, 0.8396115038042378, 0.7736065202057409, 0.7031159358427557, 0.6673980629224682, 0.6067055596506242, 0.5959139851541205, 0.5809251864061632, 0.5752306016119438], "test_correct_in_batch": [4.0, 3.0, 2.0, 2.0, 4.0, 4.0, 2.0, 2.0, 2.0, 4.0, 4.0, 3.0, 3.0, 4.0, 4.0, 3.0, 2.0, 4.0, 2.0, 4.0, 4.0, 3.0, 3.0, 4.0, 3.0, 4.0, 3.0, 3.0, 3.0, 4.0, 1.0, 2.0, 4.0, 4.0, 3.0, 4.0, 4.0, 4.0, 3.0, 3.0, 3.0, 3.0, 4.0, 4.0, 3.0, 4.0, 3.0, 3.0, 3.0, 4.0, 3.0, 2.0, 4.0, 3.0, 2.0, 4.0, 3.0, 4.0, 4.0, 4.0, 4.0, 4.0, 3.0, 4.0, 4.0, 2.0, 2.0, 3.0, 3.0, 3.0, 2.0, 3.0, 4.0, 3.0, 4.0, 3.0, 4.0, 4.0, 2.0, 4.0, 3.0, 3.0, 2.0, 3.0, 3.0, 3.0, 3.0, 3.0, 3.0, 2.0, 4.0, 3.0, 1.0, 4.0, 4.0, 4.0, 3.0, 3.0, 3.0, 4.0, 1.0, 3.0, 4.0, 3.0, 2.0, 3.0, 3.0, 3.0, 3.0, 4.0, 4.0, 3.0, 4.0, 4.0, 3.0, 4.0, 2.0, 3.0, 4.0, 1.0, 3.0, 2.0, 4.0, 4.0, 2.0, 3.0, 4.0, 2.0, 2.0, 3.0, 3.0, 3.0, 4.0, 2.0, 3.0, 1.0, 4.0, 3.0, 3.0, 3.0, 4.0, 2.0, 1.0, 4.0, 4.0, 3.0, 3.0, 2.0, 4.0, 4.0, 4.0, 4.0, 4.0, 4.0, 4.0, 3.0, 3.0, 3.0, 3.0, 3.0, 4.0, 3.0, 3.0], "test_losses": [0.16187644004821777, 0.4678236246109009, 0.7620300650596619, 1.2767823934555054, 0.01147598959505558, 0.11218827217817307, 1.1250563859939575, 1.4069880247116089, 0.6499149799346924, 0.014229584485292435, 0.052259210497140884, 0.6306967735290527, 2.347977876663208, 0.09620209038257599, 0.04348987340927124, 0.475208044052124, 0.9977068305015564, 0.1587541103363037, 1.5800507068634033, 0.27990487217903137, 0.22489555180072784, 0.605543851852417, 0.4426778554916382, 0.07071451842784882, 0.36692407727241516, 0.04139586165547371, 1.6247899532318115, 0.5441836714744568, 0.7697685360908508, 0.09655538946390152, 2.8837785720825195, 0.9836798906326294, 0.11273588240146637, 0.1435820758342743, 0.3483159840106964, 0.20646290481090546, 0.13248541951179504, 0.11809737980365753, 0.3482601046562195, 0.3953268826007843, 1.016541600227356, 0.35302048921585083, 0.6062564253807068, 0.20629805326461792, 1.0116863250732422, 0.04236661642789841, 0.5448004603385925, 1.3066149950027466, 0.7069425582885742, 0.28815045952796936, 0.9700174331665039, 1.9777358770370483, 0.18414007127285004, 1.4548835754394531, 1.2711665630340576, 0.18576639890670776, 0.3777044713497162, 0.12170284986495972, 0.16663388907909393, 0.30749472975730896, 0.2704404294490814, 0.04042666777968407, 0.38333240151405334, 0.031584784388542175, 0.12608516216278076, 1.0177427530288696, 0.6461969614028931, 1.2715752124786377, 0.8559314012527466, 0.6552075147628784, 1.5318595170974731, 0.2568932771682739, 0.44895780086517334, 0.8358259201049805, 0.2106987088918686, 0.289181113243103, 0.04154887795448303, 0.17202863097190857, 1.9631457328796387, 0.22476501762866974, 0.48643019795417786, 0.4312874376773834, 1.6370378732681274, 0.4432178735733032, 0.9152801632881165, 0.8779544234275818, 0.46412393450737, 0.4049387574195862, 0.42440181970596313, 1.6218743324279785, 0.1222604289650917, 0.3901061415672302, 2.8286759853363037, 0.07047533988952637, 0.042360223829746246, 0.13152387738227844, 0.5392224788665771, 1.5939459800720215, 0.4759547710418701, 0.1351226419210434, 1.7638766765594482, 0.6574670076370239, 0.10508415102958679, 0.6704932451248169, 1.0249687433242798, 0.6105753779411316, 0.922843873500824, 0.8428857326507568, 0.32144251465797424, 0.05658141151070595, 0.20920246839523315, 0.5977481007575989, 0.07300905883312225, 0.14575126767158508, 0.6421616077423096, 0.27325230836868286, 1.1388734579086304, 0.6985479593276978, 0.08549875766038895, 1.3640456199645996, 0.9768854379653931, 1.3746718168258667, 0.3599550724029541, 0.10498880594968796, 1.6769495010375977, 0.6524841785430908, 0.07519274204969406, 1.3079686164855957, 0.8718904256820679, 0.44116243720054626, 0.6517216563224792, 0.747061014175415, 0.18953901529312134, 1.3683406114578247, 0.887684166431427, 1.707881212234497, 0.04916528984904289, 0.3559120297431946, 0.5887455940246582, 0.8805850744247437, 0.23887516558170319, 1.1071913242340088, 1.9633138179779053, 0.31850534677505493, 0.16042985022068024, 0.6877918243408203, 0.804838240146637, 1.6618139743804932, 0.23221610486507416, 0.03238801658153534, 0.09499635547399521, 0.20310120284557343, 0.24214909970760345, 0.06886649131774902, 0.3734346926212311, 0.3507702648639679, 0.41886991262435913, 0.886512041091919, 1.3279826641082764, 0.8711323738098145, 0.20554406940937042, 0.8998000025749207, 0.2824596166610718], "test_loss": 0.6283829043636475, "test_batch_lens": [4, 4, 4, 4, 4, 4, 4, 4, 4, 4, 4, 4, 4, 4, 4, 4, 4, 4, 4, 4, 4, 4, 4, 4, 4, 4, 4, 4, 4, 4, 4, 4, 4, 4, 4, 4, 4, 4, 4, 4, 4, 4, 4, 4, 4, 4, 4, 4, 4, 4, 4, 4, 4, 4, 4, 4, 4, 4, 4, 4, 4, 4, 4, 4, 4, 4, 4, 4, 4, 4, 4, 4, 4, 4, 4, 4, 4, 4, 4, 4, 4, 4, 4, 4, 4, 4, 4, 4, 4, 4, 4, 4, 4, 4, 4, 4, 4, 4, 4, 4, 4, 4, 4, 4, 4, 4, 4, 4, 4, 4, 4, 4, 4, 4, 4, 4, 4, 4, 4, 4, 4, 4, 4, 4, 4, 4, 4, 4, 4, 4, 4, 4, 4, 4, 4, 4, 4, 4, 4, 4, 4, 4, 4, 4, 4, 4, 4, 4, 4, 4, 4, 4, 4, 4, 4, 4, 4, 4, 4, 4, 4, 4, 3], "test_accuracy": 0.7926267281105991, "predictions": [7, 4, 1, 10, 7, 1, 8, 6, 1, 2, 4, 7, 1, 4, 8, 0, 9, 6, 4, 9, 8, 10, 1, 4, 6, 7, 4, 6, 6, 10, 7, 1, 3, 1, 6, 3, 10, 5, 5, 0, 10, 3, 2, 10, 7, 8, 9, 3, 3, 8, 2, 4, 3, 4, 6, 1, 1, 9, 1, 10, 10, 6, 7, 6, 5, 9, 8, 8, 8, 1, 3, 1, 8, 3, 1, 6, 6, 8, 9, 2, 3, 1, 3, 1, 5, 5, 1, 0, 0, 4, 9, 2, 10, 7, 1, 5, 0, 8, 2, 7, 5, 1, 10, 6, 10, 7, 3, 9, 10, 4, 7, 9, 0, 3, 7, 8, 0, 8, 0, 0, 4, 3, 0, 8, 5, 7, 1, 9, 6, 7, 4, 0, 10, 10, 7, 9, 4, 3, 9, 0, 10, 3, 3, 9, 4, 7, 4, 7, 2, 10, 2, 4, 2, 10, 1, 0, 10, 4, 4, 7, 4, 9, 10, 4, 2, 3, 10, 4, 8, 0, 9, 0, 10, 7, 6, 8, 3, 8, 1, 2, 6, 3, 5, 3, 4, 3, 4, 8, 3, 2, 7, 2, 0, 7, 9, 8, 1, 3, 5, 9, 7, 1, 6, 1, 4, 0, 9, 8, 3, 9, 5, 6, 8, 5, 4, 5, 7, 10, 4, 4, 7, 3, 0, 6, 7, 1, 5, 7, 1, 0, 1, 6, 3, 7, 7, 2, 10, 4, 3, 10, 9, 4, 3, 3, 1, 7, 8, 5, 2, 9, 10, 1, 1, 2, 3, 10, 6, 9, 5, 3, 3, 7, 7, 0, 5, 1, 0, 7, 4, 7, 3, 10, 3, 5, 1, 2, 7, 9, 9, 7, 1, 1, 8, 10, 2, 4, 2, 4, 5, 3, 8, 0, 4, 6, 0, 1, 2, 7, 3, 2, 4, 10, 0, 6, 6, 0, 2, 7, 10, 1, 7, 6, 4, 2, 5, 0, 0, 9, 4, 3, 9, 6, 7, 9, 1, 8, 0, 5, 2, 4, 4, 4, 3, 8, 4, 7, 1, 3, 7, 2, 5, 0, 9, 10, 5, 3, 5, 7, 1, 6, 4, 6, 9, 9, 5, 1, 8, 3, 5, 9, 4, 4, 6, 10, 8, 9, 10, 5, 3, 7, 5, 3, 5, 0, 9, 10, 5, 0, 3, 7, 3, 1, 8, 2, 2, 4, 4, 4, 3, 7, 0, 9, 9, 5, 0, 0, 5, 6, 9, 9, 7, 1, 8, 1, 1, 10, 10, 4, 5, 7, 3, 3, 5, 10, 8, 7, 2, 3, 0, 3, 3, 5, 4, 1, 2, 0, 1, 7, 8, 4, 7, 3, 8, 0, 1, 2, 2, 3, 7, 10, 10, 4, 10, 6, 6, 5, 0, 1, 8, 2, 1, 9, 9, 5, 9, 9, 7, 3, 5, 7, 9, 10, 1, 8, 3, 6, 3, 4, 2, 4, 10, 3, 1, 2, 8, 2, 5, 0, 2, 8, 4, 9, 0, 7, 6, 4, 9, 0, 2, 8, 6, 9, 3, 7, 2, 4, 10, 0, 0, 3, 7, 6, 3, 4, 6, 3, 3, 5, 1, 7, 7, 10, 4, 10, 4, 8, 4, 7, 5, 1, 4, 5, 1, 4, 5, 4, 4, 5, 9, 7, 7, 2, 0, 2, 5, 1, 2, 8, 1, 8, 5, 3, 8, 0, 2, 0, 9, 7, 6, 9, 6, 4, 0, 10, 8, 2, 1, 1, 7, 3, 2, 7, 9, 6, 2, 2, 9, 0, 0, 2, 1, 8, 2, 10, 8, 7, 9, 6, 8, 6, 6, 9, 7, 9, 7, 4, 4, 9, 3, 10, 7, 5, 1, 7, 5, 4, 0, 7, 8, 0, 7, 4, 5, 5, 4, 8, 6, 6, 1, 5, 3, 0, 1, 4, 7, 1, 9, 4, 6, 6, 10, 7, 1, 3, 3, 7, 1, 4, 3, 8, 7, 8, 9, 9, 2, 0, 2, 3, 7, 0, 6, 8, 1, 7, 4, 1, 2, 0, 8, 6, 7],