{"val_acc": [0.6482334869431644, 0.8678955453149002, 0.8878648233486943, 0.8970814132104454, 0.9431643625192012, 0.9278033794162827, 0.9339477726574501, 0.9201228878648233, 0.9416282642089093, 0.9370199692780338], "val_loss": [1.1525252460747775, 0.4140915053805902, 0.3499746367480303, 0.31497062413095844, 0.20477242769230303, 0.25535029458439895, 0.21372446304914852, 0.2432856332603824, 0.21350231627085497, 0.20682863166077223], "train_loss": [1.6519276488759618, 0.7222208269751236, 0.3817195272904088, 0.2952255437597271, 0.23588759904638498, 0.20085139924139755, 0.17326308402551044, 0.15216587259336462, 0.12938648956760224, 0.11512035786535744], "test_correct_in_batch": [4.0, 4.0, 4.0, 2.0, 4.0, 4.0, 4.0, 2.0, 3.0, 4.0, 4.0, 4.0, 3.0, 4.0, 4.0, 3.0, 3.0, 4.0, 3.0, 4.0, 4.0, 4.0, 3.0, 4.0, 4.0, 4.0, 4.0, 3.0, 3.0, 4.0, 3.0, 4.0, 4.0, 4.0, 4.0, 4.0, 4.0, 4.0, 4.0, 4.0, 4.0, 4.0, 3.0, 4.0, 4.0, 4.0, 4.0, 3.0, 4.0, 4.0, 4.0, 2.0, 4.0, 4.0, 4.0, 4.0, 4.0, 4.0, 4.0, 4.0, 4.0, 4.0, 4.0, 4.0, 3.0, 4.0, 4.0, 3.0, 4.0, 3.0, 3.0, 4.0, 3.0, 4.0, 4.0, 4.0, 4.0, 4.0, 4.0, 4.0, 3.0, 4.0, 4.0, 4.0, 4.0, 3.0, 4.0, 4.0, 4.0, 3.0, 4.0, 4.0, 3.0, 4.0, 4.0, 4.0, 3.0, 2.0, 4.0, 4.0, 3.0, 3.0, 4.0, 3.0, 4.0, 4.0, 4.0, 4.0, 4.0, 4.0, 4.0, 4.0, 4.0, 4.0, 3.0, 4.0, 2.0, 4.0, 4.0, 3.0, 4.0, 3.0, 3.0, 3.0, 3.0, 4.0, 4.0, 3.0, 3.0, 3.0, 4.0, 4.0, 4.0, 4.0, 4.0, 4.0, 4.0, 3.0, 4.0, 4.0, 4.0, 4.0, 3.0, 4.0, 4.0, 3.0, 3.0, 4.0, 4.0, 4.0, 4.0, 3.0, 4.0, 4.0, 3.0, 3.0, 4.0, 4.0, 4.0, 4.0, 4.0, 4.0, 3.0], "test_losses": [0.002027262235060334, 0.0001384150964440778, 0.237660214304924, 1.2603905200958252, 0.00031667202711105347, 0.00024847727036103606, 0.06163850054144859, 2.6345620155334473, 1.0781844854354858, 0.00013435566506814212, 0.00031686265720054507, 0.006609534844756126, 0.5435357689857483, 0.0004798245499841869, 0.0026242316234856844, 1.7398213148117065, 0.5116664171218872, 0.005887974984943867, 2.1242191791534424, 0.03902650997042656, 0.0625327080488205, 0.0002713661815505475, 0.7756221294403076, 0.0004459945484995842, 0.0009215547470375896, 7.232555071823299e-05, 0.0010042242938652635, 0.9674892425537109, 0.8350279927253723, 0.00010437960736453533, 0.6099793314933777, 0.0009113044943660498, 0.0451662577688694, 3.7518890167120844e-05, 0.02476862072944641, 0.0002437223301967606, 0.00761899258941412, 0.01897651143372059, 0.004246968775987625, 0.023102164268493652, 0.026815049350261688, 0.00016869099636096507, 0.8916483521461487, 0.00047175935469567776, 0.062281183898448944, 0.0010828422382473946, 0.03411564230918884, 0.9604202508926392, 0.0048645371571183205, 0.018147382885217667, 0.07741296291351318, 3.941298723220825, 0.00938642118126154, 0.16449029743671417, 0.057749856263399124, 3.823503720923327e-05, 0.0031625856645405293, 0.0006317595252767205, 0.005790024064481258, 0.0019602179527282715, 0.05107001215219498, 0.002028417307883501, 0.0027237054891884327, 0.00012326857540756464, 1.0180448293685913, 0.018953775987029076, 0.0004999235970899463, 0.19639740884304047, 0.2674768269062042, 1.222890853881836, 0.7978329658508301, 0.0003389224875718355, 0.27595213055610657, 0.008712206035852432, 0.0002721414784900844, 0.0003608385450206697, 0.0007826364017091691, 0.0019851336255669594, 0.008371129631996155, 0.0015108046354725957, 0.6243010759353638, 0.0017458925722166896, 0.008402080275118351, 0.008813885971903801, 0.20876428484916687, 1.1009833812713623, 0.03830554336309433, 0.0019363339524716139, 0.01620805263519287, 0.46797463297843933, 0.0046501909382641315, 0.0008954702061600983, 0.7921901345252991, 0.011360489763319492, 7.435221050400287e-05, 0.000904680578969419, 0.2526913583278656, 1.6407984495162964, 0.00030933291418477893, 0.008532240055501461, 1.8114278316497803, 0.27575501799583435, 0.0010252661304548383, 0.60175621509552, 0.00043727204320020974, 0.010038611479103565, 0.00041885461541824043, 0.0007226368761621416, 0.0017162406584247947, 0.0003272904723417014, 0.0004142625257372856, 0.23333415389060974, 0.006445807404816151, 0.0003837862459477037, 1.2148948907852173, 0.004499672446399927, 1.1115295886993408, 0.00011082717537647113, 0.0037168310955166817, 1.4820008277893066, 0.007796847261488438, 0.5444871187210083, 0.46054378151893616, 0.36528822779655457, 2.109961986541748, 0.00815340131521225, 0.039820559322834015, 0.8569151759147644, 0.27041032910346985, 1.3047248125076294, 0.04121030867099762, 0.010503008030354977, 0.00027784999110735953, 0.10706104338169098, 0.019854407757520676, 0.0009493280667811632, 0.00010128907160833478, 0.39767828583717346, 0.0008226276258938015, 0.17882966995239258, 0.0005120880086906254, 0.03247062489390373, 0.8778303265571594, 2.2381158487405628e-05, 8.293159044114873e-05, 0.4897474944591522, 0.2285453826189041, 0.0076418048702180386, 0.053010910749435425, 0.0020290303509682417, 0.0020592373330146074, 0.5382948517799377, 0.00334862619638443, 0.2869836390018463, 0.4669080972671509, 0.3246704936027527, 0.002236015861853957, 0.1717735230922699, 0.024579450488090515, 0.019670089706778526, 5.1883471314795315e-05, 0.004974727984517813, 0.014943149872124195], "test_loss": 0.2821771234383139, "test_batch_lens": [4, 4, 4, 4, 4, 4, 4, 4, 4, 4, 4, 4, 4, 4, 4, 4, 4, 4, 4, 4, 4, 4, 4, 4, 4, 4, 4, 4, 4, 4, 4, 4, 4, 4, 4, 4, 4, 4, 4, 4, 4, 4, 4, 4, 4, 4, 4, 4, 4, 4, 4, 4, 4, 4, 4, 4, 4, 4, 4, 4, 4, 4, 4, 4, 4, 4, 4, 4, 4, 4, 4, 4, 4, 4, 4, 4, 4, 4, 4, 4, 4, 4, 4, 4, 4, 4, 4, 4, 4, 4, 4, 4, 4, 4, 4, 4, 4, 4, 4, 4, 4, 4, 4, 4, 4, 4, 4, 4, 4, 4, 4, 4, 4, 4, 4, 4, 4, 4, 4, 4, 4, 4, 4, 4, 4, 4, 4, 4, 4, 4, 4, 4, 4, 4, 4, 4, 4, 4, 4, 4, 4, 4, 4, 4, 4, 4, 4, 4, 4, 4, 4, 4, 4, 4, 4, 4, 4, 4, 4, 4, 4, 4, 3], "test_accuracy": 0.9231950844854071, "predictions": [7, 4, 1, 10, 7, 1, 8, 8, 0, 8, 4, 7, 1, 9, 8, 1, 9, 6, 4, 9, 8, 10, 1, 4, 6, 8, 8, 6, 6, 8, 8, 0, 1, 3, 6, 3, 10, 5, 5, 0, 10, 3, 2, 10, 7, 8, 4, 3, 8, 8, 9, 4, 3, 4, 6, 1, 1, 9, 1, 10, 10, 6, 9, 6, 5, 4, 8, 5, 8, 1, 3, 1, 5, 3, 1, 8, 6, 8, 9, 2, 3, 1, 3, 1, 5, 5, 1, 8, 0, 5, 9, 10, 10, 7, 1, 5, 1, 8, 2, 7, 5, 1, 10, 6, 10, 8, 3, 9, 10, 4, 7, 6, 0, 3, 7, 8, 0, 8, 0, 0, 9, 8, 7, 6, 5, 1, 7, 9, 6, 7, 4, 0, 10, 10, 7, 9, 4, 1, 9, 0, 10, 3, 3, 9, 4, 7, 4, 7, 2, 10, 2, 4, 10, 10, 1, 0, 10, 5, 4, 7, 8, 9, 10, 4, 2, 3, 10, 5, 8, 0, 6, 0, 10, 7, 6, 8, 0, 8, 1, 2, 6, 3, 5, 3, 9, 3, 4, 8, 3, 2, 3, 2, 0, 9, 9, 8, 1, 3, 5, 9, 8, 1, 6, 1, 4, 9, 9, 8, 3, 9, 5, 6, 2, 5, 4, 5, 2, 10, 8, 4, 7, 3, 0, 6, 7, 0, 5, 7, 1, 0, 1, 6, 3, 7, 7, 2, 10, 4, 3, 10, 9, 4, 3, 3, 1, 7, 8, 5, 2, 4, 10, 1, 1, 2, 3, 10, 6, 9, 5, 1, 3, 10, 7, 1, 5, 1, 8, 1, 3, 7, 3, 10, 3, 5, 2, 2, 7, 6, 9, 7, 9, 8, 8, 10, 2, 4, 2, 5, 5, 3, 5, 0, 8, 6, 0, 1, 2, 7, 3, 2, 4, 10, 8, 6, 6, 0, 2, 7, 10, 1, 7, 6, 9, 2, 5, 2, 0, 9, 4, 3, 6, 6, 7, 9, 1, 8, 8, 5, 2, 9, 4, 1, 1, 8, 4, 7, 1, 2, 7, 2, 5, 0, 9, 10, 5, 0, 5, 7, 3, 6, 4, 6, 4, 9, 5, 1, 5, 3, 7, 7, 4, 4, 6, 10, 8, 9, 8, 5, 6, 9, 4, 0, 5, 0, 9, 10, 5, 0, 3, 7, 3, 1, 8, 2, 2, 9, 4, 9, 3, 7, 5, 6, 9, 4, 0, 0, 5, 6, 9, 9, 7, 7, 8, 9, 1, 10, 10, 4, 5, 7, 3, 3, 5, 10, 4, 7, 2, 3, 1, 1, 0, 5, 4, 1, 2, 0, 1, 8, 8, 4, 8, 3, 8, 0, 3, 2, 2, 3, 7, 10, 10, 4, 10, 6, 6, 5, 0, 9, 8, 2, 1, 9, 9, 5, 9, 9, 1, 3, 5, 8, 9, 10, 1, 8, 0, 6, 3, 4, 2, 4, 10, 1, 1, 2, 8, 2, 4, 8, 2, 8, 9, 9, 0, 7, 6, 9, 3, 0, 2, 5, 6, 9, 3, 4, 2, 4, 0, 0, 1, 3, 9, 6, 3, 4, 6, 3, 3, 5, 1, 1, 7, 10, 4, 10, 6, 5, 5, 7, 5, 3, 4, 5, 0, 4, 5, 4, 9, 5, 9, 7, 7, 2, 0, 2, 4, 3, 2, 9, 1, 8, 9, 1, 8, 8, 2, 0, 9, 7, 6, 6, 6, 9, 0, 10, 8, 8, 4, 1, 7, 3, 2, 7, 9, 6, 7, 8, 9, 0, 8, 2, 7, 5, 2, 10, 8, 7, 9, 6, 8, 6, 6, 5, 7, 9, 7, 1, 4, 9, 3, 3, 7, 4, 1, 7, 5, 4, 0, 7, 8, 0, 7, 4, 5, 5, 4, 6, 6, 6, 1, 5, 3, 0, 1, 4, 7, 1, 9, 4, 6, 5, 10, 7, 8, 0, 3, 9, 1, 4, 3, 10, 7, 8, 9, 9, 4, 0, 2, 3, 7, 8, 6, 8, 1, 7, 4, 0, 2, 0, 8, 6, 7],