{"val_acc": [0.5192012288786483, 0.8018433179723502, 0.8832565284178188, 0.9139784946236559, 0.9155145929339478, 0.8924731182795699, 0.9308755760368663, 0.9231950844854071, 0.9370199692780338, 0.9477726574500768], "val_loss": [1.3114050890039082, 0.575066691235942, 0.33774697719276825, 0.2843738380131959, 0.2969582679053337, 0.32795840943000687, 0.22904581832442114, 0.27425219388501765, 0.21485182929573726, 0.19101468250043185], "train_loss": [1.7658533095754714, 1.0277138334596692, 0.5020887461055787, 0.3353622322744969, 0.26417130904041125, 0.2229069696364035, 0.18754518430598258, 0.16324179165207828, 0.14244780027298976, 0.11920912373795363], "test_correct_in_batch": [3.0, 4.0, 4.0, 3.0, 4.0, 4.0, 4.0, 2.0, 3.0, 3.0, 4.0, 4.0, 3.0, 4.0, 4.0, 3.0, 3.0, 4.0, 3.0, 4.0, 4.0, 4.0, 3.0, 4.0, 4.0, 4.0, 4.0, 3.0, 4.0, 4.0, 4.0, 4.0, 4.0, 4.0, 4.0, 4.0, 4.0, 4.0, 4.0, 3.0, 3.0, 4.0, 3.0, 4.0, 4.0, 4.0, 4.0, 3.0, 4.0, 4.0, 3.0, 2.0, 4.0, 4.0, 4.0, 4.0, 4.0, 4.0, 4.0, 4.0, 4.0, 4.0, 4.0, 4.0, 4.0, 4.0, 4.0, 4.0, 4.0, 3.0, 3.0, 4.0, 4.0, 3.0, 4.0, 4.0, 4.0, 4.0, 4.0, 4.0, 4.0, 4.0, 4.0, 4.0, 4.0, 3.0, 4.0, 4.0, 4.0, 4.0, 4.0, 4.0, 3.0, 4.0, 4.0, 4.0, 4.0, 2.0, 3.0, 4.0, 3.0, 4.0, 4.0, 3.0, 4.0, 4.0, 4.0, 4.0, 4.0, 4.0, 4.0, 4.0, 4.0, 4.0, 4.0, 4.0, 3.0, 4.0, 4.0, 4.0, 4.0, 3.0, 4.0, 4.0, 3.0, 4.0, 4.0, 4.0, 4.0, 3.0, 4.0, 4.0, 4.0, 4.0, 4.0, 4.0, 4.0, 4.0, 4.0, 4.0, 4.0, 3.0, 3.0, 4.0, 4.0, 4.0, 4.0, 4.0, 4.0, 4.0, 4.0, 4.0, 4.0, 4.0, 3.0, 4.0, 4.0, 4.0, 4.0, 4.0, 4.0, 4.0, 3.0], "test_losses": [0.6752921938896179, 0.00012883781164418906, 0.30565154552459717, 0.6437164545059204, 0.00026919273659586906, 0.0036264490336179733, 0.1016395315527916, 1.8059561252593994, 0.8344364762306213, 0.7007728219032288, 0.003344052704051137, 0.0008701754850335419, 0.5491705536842346, 0.0002628995571285486, 9.186889656120911e-05, 1.3127992153167725, 0.7493332028388977, 0.15110111236572266, 1.2549479007720947, 0.00648576719686389, 0.1600305140018463, 0.06576276570558548, 0.29791226983070374, 0.0014169755158945918, 0.0027160707395523787, 1.5556612197542563e-05, 0.0004893952282145619, 1.1480903625488281, 0.05399967357516289, 0.007643325719982386, 0.09003537893295288, 0.00044353498378768563, 0.028651222586631775, 2.2231999537325464e-05, 0.004051992204040289, 0.0001908540289150551, 0.0005660561146214604, 0.002783999079838395, 0.15345405042171478, 1.5539408922195435, 0.8466425538063049, 0.0011962931603193283, 0.585595428943634, 0.0006574876606464386, 0.13599148392677307, 0.0012481490848585963, 0.06105812266469002, 0.7461836934089661, 0.09780653566122055, 0.03374108299612999, 0.515162467956543, 3.3035435676574707, 0.025860007852315903, 0.029366817325353622, 0.08661071211099625, 5.0720584113150835e-05, 6.258026405703276e-05, 0.002525355201214552, 0.0015847994945943356, 0.07588144391775131, 0.0010884423973038793, 0.02173878252506256, 0.006896474398672581, 0.0002774257736746222, 0.07783006876707077, 0.031730569899082184, 0.0002623253967612982, 0.07078418135643005, 0.019119832664728165, 0.7322793006896973, 1.1470832824707031, 0.0009343679994344711, 0.0816357359290123, 0.7998145222663879, 4.675846139434725e-05, 0.0004263978626113385, 0.0031341256108134985, 0.00039639222086407244, 0.025522632524371147, 0.0034032021649181843, 0.07163204997777939, 0.0023214099928736687, 0.00029006291879341006, 0.031768813729286194, 0.08728645741939545, 0.6288425326347351, 0.14905153214931488, 0.015336441807448864, 0.0021032681688666344, 0.05402375012636185, 0.007713973987847567, 0.0006334101781249046, 0.8648639917373657, 0.0007628108724020422, 0.0006785319419577718, 0.000147590646520257, 0.01006963849067688, 1.4111742973327637, 0.28446489572525024, 0.010366610251367092, 1.9476045370101929, 0.0017786286771297455, 2.7894468075828627e-05, 0.8465055823326111, 0.0008936735684983432, 0.04081488773226738, 4.458168405108154e-05, 0.00025023866328410804, 0.00038380827754735947, 3.299026866443455e-05, 0.004328232258558273, 0.025478119030594826, 0.0016832302790135145, 0.04059918224811554, 0.14655575156211853, 0.012527275830507278, 0.9152422547340393, 0.00032987489248625934, 0.0010443141218274832, 0.05458037555217743, 0.006265672389417887, 0.6462584137916565, 0.012363801710307598, 0.002398274838924408, 1.0448698997497559, 0.0128640066832304, 0.14311131834983826, 0.021481281146407127, 0.0077202701941132545, 0.45853617787361145, 0.0065807681530714035, 0.028968896716833115, 2.339436650800053e-05, 0.1728781908750534, 0.007989584468305111, 0.0003046797646675259, 0.0004386927466839552, 0.34028178453445435, 0.0009403894655406475, 0.2899843454360962, 0.0006401470745913684, 0.21341286599636078, 0.593813955783844, 1.6688940377207473e-05, 3.94272428820841e-05, 0.1783347874879837, 0.11874668300151825, 0.0011849029688164592, 0.019261915236711502, 0.000266917486442253, 0.008377247489988804, 0.005567503161728382, 0.007986975833773613, 0.014923878014087677, 1.1494101285934448, 0.038962963968515396, 0.007385964039713144, 0.05477803200483322, 0.030385548248887062, 0.00013117551861796528, 5.837860589963384e-05, 0.12805497646331787, 0.002119696233421564], "test_loss": 0.21901623147425164, "test_batch_lens": [4, 4, 4, 4, 4, 4, 4, 4, 4, 4, 4, 4, 4, 4, 4, 4, 4, 4, 4, 4, 4, 4, 4, 4, 4, 4, 4, 4, 4, 4, 4, 4, 4, 4, 4, 4, 4, 4, 4, 4, 4, 4, 4, 4, 4, 4, 4, 4, 4, 4, 4, 4, 4, 4, 4, 4, 4, 4, 4, 4, 4, 4, 4, 4, 4, 4, 4, 4, 4, 4, 4, 4, 4, 4, 4, 4, 4, 4, 4, 4, 4, 4, 4, 4, 4, 4, 4, 4, 4, 4, 4, 4, 4, 4, 4, 4, 4, 4, 4, 4, 4, 4, 4, 4, 4, 4, 4, 4, 4, 4, 4, 4, 4, 4, 4, 4, 4, 4, 4, 4, 4, 4, 4, 4, 4, 4, 4, 4, 4, 4, 4, 4, 4, 4, 4, 4, 4, 4, 4, 4, 4, 4, 4, 4, 4, 4, 4, 4, 4, 4, 4, 4, 4, 4, 4, 4, 4, 4, 4, 4, 4, 4, 3], "test_accuracy": 0.9447004608294931, "predictions": [7, 4, 1, 2, 7, 1, 8, 8, 0, 8, 4, 7, 1, 9, 3, 1, 9, 6, 4, 9, 8, 10, 1, 4, 6, 8, 8, 6, 6, 8, 8, 0, 1, 8, 6, 3, 2, 5, 5, 0, 10, 3, 2, 10, 7, 8, 4, 3, 3, 8, 8, 4, 3, 4, 6, 1, 1, 9, 1, 10, 10, 6, 2, 6, 5, 9, 8, 5, 8, 1, 3, 1, 5, 3, 1, 8, 6, 8, 9, 2, 3, 1, 3, 1, 5, 5, 1, 8, 0, 5, 9, 10, 10, 7, 1, 5, 1, 8, 2, 7, 5, 1, 10, 6, 10, 8, 3, 9, 10, 4, 7, 2, 0, 3, 7, 6, 0, 8, 0, 0, 4, 8, 7, 6, 5, 1, 7, 9, 6, 7, 4, 0, 10, 10, 7, 9, 4, 1, 9, 0, 10, 3, 3, 9, 4, 7, 4, 7, 2, 10, 2, 4, 10, 10, 1, 0, 2, 5, 4, 7, 8, 9, 8, 4, 2, 3, 10, 5, 8, 0, 2, 0, 10, 7, 6, 8, 0, 8, 1, 2, 6, 3, 5, 3, 9, 3, 4, 8, 3, 2, 3, 2, 0, 9, 9, 8, 1, 3, 5, 9, 7, 1, 6, 1, 4, 4, 9, 8, 3, 9, 5, 6, 2, 5, 4, 5, 2, 10, 8, 4, 7, 3, 0, 6, 7, 0, 5, 7, 1, 0, 1, 6, 3, 7, 7, 2, 10, 4, 3, 10, 9, 4, 3, 3, 1, 7, 8, 5, 2, 4, 10, 1, 1, 2, 3, 10, 6, 9, 5, 3, 3, 10, 7, 1, 5, 1, 8, 1, 8, 7, 3, 10, 3, 5, 2, 2, 7, 9, 9, 7, 4, 8, 8, 10, 2, 4, 2, 5, 5, 3, 8, 0, 8, 2, 0, 1, 2, 7, 3, 2, 4, 10, 8, 6, 6, 0, 2, 7, 10, 1, 7, 6, 9, 2, 5, 2, 0, 9, 4, 3, 2, 6, 7, 9, 1, 8, 8, 5, 2, 9, 4, 1, 1, 8, 4, 7, 1, 2, 7, 2, 5, 0, 9, 10, 5, 0, 5, 7, 3, 6, 4, 6, 4, 9, 5, 1, 8, 3, 7, 7, 4, 4, 6, 10, 8, 9, 8, 5, 6, 9, 4, 0, 5, 0, 9, 10, 5, 0, 3, 7, 3, 1, 8, 2, 2, 4, 4, 9, 3, 7, 5, 2, 9, 4, 8, 0, 5, 6, 9, 9, 7, 7, 8, 9, 1, 10, 10, 5, 5, 7, 3, 3, 5, 10, 4, 7, 2, 3, 1, 1, 0, 5, 4, 1, 2, 0, 1, 8, 8, 4, 8, 3, 8, 0, 3, 2, 2, 3, 7, 10, 10, 4, 10, 6, 6, 5, 0, 9, 8, 2, 1, 9, 9, 5, 9, 9, 1, 3, 5, 7, 9, 10, 1, 8, 1, 6, 3, 4, 2, 4, 10, 1, 1, 2, 8, 2, 4, 8, 2, 5, 9, 9, 0, 7, 6, 9, 8, 0, 2, 8, 6, 9, 3, 7, 2, 4, 8, 0, 1, 3, 9, 6, 3, 4, 6, 3, 3, 5, 0, 1, 7, 10, 4, 10, 2, 5, 5, 7, 5, 8, 4, 5, 0, 4, 5, 4, 9, 5, 9, 7, 7, 2, 0, 2, 4, 3, 2, 9, 1, 8, 9, 1, 8, 8, 2, 0, 9, 7, 6, 9, 6, 9, 0, 10, 8, 8, 4, 1, 7, 3, 2, 7, 9, 6, 4, 8, 9, 0, 8, 2, 7, 5, 2, 10, 8, 7, 9, 6, 8, 6, 6, 4, 7, 9, 7, 8, 4, 9, 3, 3, 7, 4, 1, 7, 5, 4, 0, 7, 8, 0, 7, 4, 5, 5, 4, 8, 6, 6, 1, 5, 3, 0, 1, 4, 7, 1, 9, 4, 6, 8, 10, 7, 1, 0, 3, 9, 1, 4, 3, 10, 7, 8, 9, 9, 4, 0, 2, 3, 7, 8, 6, 8, 1, 7, 4, 0, 2, 0, 8, 6, 7],