{"val_acc": [0.0706605222734255, 0.06144393241167435, 0.08602150537634409, 0.06144393241167435, 0.0706605222734255, 0.0706605222734255, 0.12749615975422426, 0.08602150537634409, 0.06144393241167435, 0.08602150537634409], "val_loss": [2.39951823532947, 2.4030188899830076, 2.399608598896331, 2.400576145371045, 2.4004564519308826, 2.400869607925415, 2.3977281535329995, 2.4007651498712645, 2.399066117643579, 2.399272792909774], "train_loss": [2.396705996417953, 2.3984624932959484, 2.3981780061356486, 2.3983053819262694, 2.39841135780935, 2.39846344600688, 2.398499561122995, 2.398278991798794, 2.3984701466209692, 2.3985015743283977], "test_correct_in_batch": [0.0, 0.0, 0.0, 0.0, 0.0, 0.0, 0.0, 1.0, 0.0, 0.0, 1.0, 0.0, 0.0, 0.0, 0.0, 0.0, 0.0, 0.0, 0.0, 1.0, 0.0, 0.0, 0.0, 0.0, 1.0, 0.0, 0.0, 0.0, 0.0, 0.0, 0.0, 0.0, 0.0, 0.0, 0.0, 0.0, 0.0, 2.0, 0.0, 0.0, 0.0, 1.0, 0.0, 0.0, 1.0, 0.0, 0.0, 2.0, 0.0, 0.0, 0.0, 0.0, 0.0, 1.0, 1.0, 0.0, 0.0, 0.0, 1.0, 0.0, 0.0, 0.0, 1.0, 1.0, 0.0, 0.0, 0.0, 0.0, 2.0, 0.0, 0.0, 2.0, 0.0, 0.0, 2.0, 0.0, 1.0, 0.0, 2.0, 0.0, 1.0, 0.0, 1.0, 0.0, 2.0, 0.0, 0.0, 0.0, 0.0, 0.0, 0.0, 0.0, 0.0, 0.0, 0.0, 1.0, 1.0, 0.0, 0.0, 0.0, 0.0, 0.0, 0.0, 0.0, 1.0, 0.0, 1.0, 0.0, 1.0, 1.0, 0.0, 0.0, 1.0, 0.0, 0.0, 0.0, 0.0, 1.0, 2.0, 1.0, 0.0, 1.0, 1.0, 1.0, 0.0, 0.0, 0.0, 0.0, 1.0, 0.0, 0.0, 0.0, 1.0, 1.0, 1.0, 0.0, 1.0, 0.0, 0.0, 0.0, 1.0, 0.0, 1.0, 1.0, 0.0, 0.0, 0.0, 0.0, 0.0, 0.0, 0.0, 0.0, 0.0, 0.0, 0.0, 0.0, 0.0, 0.0, 0.0, 1.0, 0.0, 1.0, 0.0], "test_losses": [2.4080941677093506, 2.4067349433898926, 2.413140296936035, 2.38808012008667, 2.401904582977295, 2.40415096282959, 2.3965911865234375, 2.3911492824554443, 2.3877182006835938, 2.398080825805664, 2.382399320602417, 2.4114460945129395, 2.4040374755859375, 2.398289442062378, 2.3895041942596436, 2.3867690563201904, 2.4094715118408203, 2.3922457695007324, 2.3922457695007324, 2.3917596340179443, 2.385775566101074, 2.4045279026031494, 2.3999853134155273, 2.4018564224243164, 2.4002304077148438, 2.392775297164917, 2.3911848068237305, 2.4080941677093506, 2.3944263458251953, 2.3925395011901855, 2.412778377532959, 2.40413761138916, 2.4080023765563965, 2.3958520889282227, 2.40165638923645, 2.3847146034240723, 2.4289655685424805, 2.3952181339263916, 2.3865227699279785, 2.4130377769470215, 2.40476131439209, 2.3890140056610107, 2.3938498497009277, 2.399925708770752, 2.3915114402770996, 2.3896567821502686, 2.4040374755859375, 2.382612466812134, 2.395160675048828, 2.393723964691162, 2.393578052520752, 2.414608955383301, 2.3926618099212646, 2.4092049598693848, 2.4017221927642822, 2.394426107406616, 2.4108457565307617, 2.3888022899627686, 2.4017789363861084, 2.396009683609009, 2.3975672721862793, 2.4076030254364014, 2.39764666557312, 2.384070634841919, 2.3926615715026855, 2.3945178985595703, 2.3995842933654785, 2.3985934257507324, 2.388256311416626, 2.404818058013916, 2.395982503890991, 2.4018325805664062, 2.396489143371582, 2.3928778171539307, 2.391331672668457, 2.4030885696411133, 2.3943920135498047, 2.395850419998169, 2.391261339187622, 2.399261713027954, 2.395702838897705, 2.4036595821380615, 2.399928092956543, 2.4138407707214355, 2.393726348876953, 2.401155948638916, 2.4077706336975098, 2.3972270488739014, 2.4073002338409424, 2.408283233642578, 2.4101943969726562, 2.4042699337005615, 2.4080023765563965, 2.393747568130493, 2.4004323482513428, 2.389816999435425, 2.411109447479248, 2.397409439086914, 2.40095591545105, 2.3956665992736816, 2.4061503410339355, 2.3921666145324707, 2.398737907409668, 2.4024665355682373, 2.3857414722442627, 2.4059898853302, 2.3915114402770996, 2.4075028896331787, 2.3891167640686035, 2.3920891284942627, 2.3973419666290283, 2.3943560123443604, 2.392821788787842, 2.397339344024658, 2.401132583618164, 2.3935797214508057, 2.391183376312256, 2.39764666557312, 2.3897831439971924, 2.408336877822876, 2.399103879928589, 2.3869833946228027, 2.3917593955993652, 2.4049417972564697, 2.385075330734253, 2.398899555206299, 2.3896567821502686, 2.396212339401245, 2.402590274810791, 2.40847110748291, 2.4171712398529053, 2.4122440814971924, 2.4047839641571045, 2.3962228298187256, 2.392822027206421, 2.3993263244628906, 2.3960649967193604, 2.389660358428955, 2.3963446617126465, 2.4073705673217773, 2.395702838897705, 2.402569055557251, 2.395484209060669, 2.3985595703125, 2.3931257724761963, 2.409313201904297, 2.4144511222839355, 2.4049758911132812, 2.4147090911865234, 2.4012584686279297, 2.4196524620056152, 2.4036972522735596, 2.39241361618042, 2.4097652435302734, 2.4002318382263184, 2.396212577819824, 2.3999621868133545, 2.3985934257507324, 2.402266502380371, 2.3978357315063477, 2.401596784591675, 2.397916793823242, 2.4052741527557373], "test_loss": 2.399006997149415, "test_batch_lens": [4, 4, 4, 4, 4, 4, 4, 4, 4, 4, 4, 4, 4, 4, 4, 4, 4, 4, 4, 4, 4, 4, 4, 4, 4, 4, 4, 4, 4, 4, 4, 4, 4, 4, 4, 4, 4, 4, 4, 4, 4, 4, 4, 4, 4, 4, 4, 4, 4, 4, 4, 4, 4, 4, 4, 4, 4, 4, 4, 4, 4, 4, 4, 4, 4, 4, 4, 4, 4, 4, 4, 4, 4, 4, 4, 4, 4, 4, 4, 4, 4, 4, 4, 4, 4, 4, 4, 4, 4, 4, 4, 4, 4, 4, 4, 4, 4, 4, 4, 4, 4, 4, 4, 4, 4, 4, 4, 4, 4, 4, 4, 4, 4, 4, 4, 4, 4, 4, 4, 4, 4, 4, 4, 4, 4, 4, 4, 4, 4, 4, 4, 4, 4, 4, 4, 4, 4, 4, 4, 4, 4, 4, 4, 4, 4, 4, 4, 4, 4, 4, 4, 4, 4, 4, 4, 4, 4, 4, 4, 4, 4, 4, 3], "test_accuracy": 0.07987711213517665, "predictions": [2, 2, 2, 2, 2, 2, 2, 2, 2, 2, 2, 2, 2, 2, 2, 2, 2, 2, 2, 2, 2, 2, 2, 2, 2, 2, 2, 2, 2, 2, 2, 2, 2, 2, 2, 2, 2, 2, 2, 2, 2, 2, 2, 2, 2, 2, 2, 2, 2, 2, 2, 2, 2, 2, 2, 2, 2, 2, 2, 2, 2, 2, 2, 2, 2, 2, 2, 2, 2, 2, 2, 2, 2, 2, 2, 2, 2, 2, 2, 2, 2, 2, 2, 2, 2, 2, 2, 2, 2, 2, 2, 2, 2, 2, 2, 2, 2, 2, 2, 2, 2, 2, 2, 2, 2, 2, 2, 2, 2, 2, 2, 2, 2, 2, 2, 2, 2, 2, 2, 2, 2, 2, 2, 2, 2, 2, 2, 2, 2, 2, 2, 2, 2, 2, 2, 2, 2, 2, 2, 2, 2, 2, 2, 2, 2, 2, 2, 2, 2, 2, 2, 2, 2, 2, 2, 2, 2, 2, 2, 2, 2, 2, 2, 2, 2, 2, 2, 2, 2, 2, 2, 2, 2, 2, 2, 2, 2, 2, 2, 2, 2, 2, 2, 2, 2, 2, 2, 2, 2, 2, 2, 2, 2, 2, 2, 2, 2, 2, 2, 2, 2, 2, 2, 2, 2, 2, 2, 2, 2, 2, 2, 2, 2, 2, 2, 2, 2, 2, 2, 2, 2, 2, 2, 2, 2, 2, 2, 2, 2, 2, 2, 2, 2, 2, 2, 2, 2, 2, 2, 2, 2, 2, 2, 2, 2, 2, 2, 2, 2, 2, 2, 2, 2, 2, 2, 2, 2, 2, 2, 2, 2, 2, 2, 2, 2, 2, 2, 2, 2, 2, 2, 2, 2, 2, 2, 2, 2, 2, 2, 2, 2, 2, 2, 2, 2, 2, 2, 2, 2, 2, 2, 2, 2, 2, 2, 2, 2, 2, 2, 2, 2, 2, 2, 2, 2, 2, 2, 2, 2, 2, 2, 2, 2, 2, 2, 2, 2, 2, 2, 2, 2, 2, 2, 2, 2, 2, 2, 2, 2, 2, 2, 2, 2, 2, 2, 2, 2, 2, 2, 2, 2, 2, 2, 2, 2, 2, 2, 2, 2, 2, 2, 2, 2, 2, 2, 2, 2, 2, 2, 2, 2, 2, 2, 2, 2, 2, 2, 2, 2, 2, 2, 2, 2, 2, 2, 2, 2, 2, 2, 2, 2, 2, 2, 2, 2, 2, 2, 2, 2, 2, 2, 2, 2, 2, 2, 2, 2, 2, 2, 2, 2, 2, 2, 2, 2, 2, 2, 2, 2, 2, 2, 2, 2, 2, 2, 2, 2, 2, 2, 2, 2, 2, 2, 2, 2, 2, 2, 2, 2, 2, 2, 2, 2, 2, 2, 2, 2, 2, 2, 2, 2, 2, 2, 2, 2, 2, 2, 2, 2, 2, 2, 2, 2, 2, 2, 2, 2, 2, 2, 2, 2, 2, 2, 2, 2, 2, 2, 2, 2, 2, 2, 2, 2, 2, 2, 2, 2, 2, 2, 2, 2, 2, 2, 2, 2, 2, 2, 2, 2, 2, 2, 2, 2, 2, 2, 2, 2, 2, 2, 2, 2, 2, 2, 2, 2, 2, 2, 2, 2, 2, 2, 2, 2, 2, 2, 2, 2, 2, 2, 2, 2, 2, 2, 2, 2, 2, 2, 2, 2, 2, 2, 2, 2, 2, 2, 2, 2, 2, 2, 2, 2, 2, 2, 2, 2, 2, 2, 2, 2, 2, 2, 2, 2, 2, 2, 2, 2, 2, 2, 2, 2, 2, 2, 2, 2, 2, 2, 2, 2, 2, 2, 2, 2, 2, 2, 2, 2, 2, 2, 2, 2, 2, 2, 2, 2, 2, 2, 2, 2, 2, 2, 2, 2, 2, 2, 2, 2, 2, 2, 2, 2, 2, 2, 2, 2, 2, 2, 2, 2, 2, 2, 2, 2, 2, 2, 2, 2, 2, 2, 2, 2, 2, 2, 2, 2, 2, 2, 2, 2, 2, 2, 2, 2, 2, 2, 2, 2, 2, 2, 2, 2, 2, 2, 2, 2, 2, 2, 2, 2, 2, 2],