{"val_acc": [0.28110599078341014, 0.41321044546851, 0.44393241167434716, 0.5576036866359447, 0.5576036866359447, 0.5821812596006144, 0.6113671274961597, 0.5990783410138248, 0.6159754224270353, 0.6144393241167435], "val_loss": [2.0070471558834146, 1.681140126991857, 1.623732522952776, 1.3923562450642966, 1.2946276509323003, 1.2796757833723642, 1.2263157300056855, 1.2463057807252451, 1.1628311873396482, 1.1933186709697992], "train_loss": [2.184963623175275, 1.8515274115249993, 1.624501326920548, 1.5069799594652178, 1.391634550825284, 1.3291034401980435, 1.279096514400241, 1.231156178353454, 1.1841493853626324, 1.170983095411455], "test_correct_in_batch": [3.0, 1.0, 1.0, 2.0, 3.0, 3.0, 2.0, 2.0, 2.0, 4.0, 3.0, 4.0, 0.0, 3.0, 2.0, 3.0, 2.0, 2.0, 1.0, 1.0, 1.0, 3.0, 2.0, 3.0, 3.0, 2.0, 1.0, 3.0, 2.0, 3.0, 1.0, 3.0, 4.0, 2.0, 1.0, 3.0, 2.0, 3.0, 1.0, 3.0, 1.0, 2.0, 2.0, 1.0, 1.0, 3.0, 1.0, 2.0, 2.0, 1.0, 3.0, 0.0, 0.0, 3.0, 2.0, 3.0, 2.0, 3.0, 3.0, 2.0, 2.0, 3.0, 2.0, 3.0, 2.0, 1.0, 3.0, 1.0, 3.0, 3.0, 1.0, 2.0, 2.0, 2.0, 2.0, 3.0, 2.0, 3.0, 1.0, 2.0, 3.0, 1.0, 1.0, 1.0, 2.0, 2.0, 2.0, 3.0, 3.0, 1.0, 2.0, 2.0, 1.0, 3.0, 4.0, 3.0, 2.0, 2.0, 2.0, 3.0, 2.0, 4.0, 2.0, 2.0, 1.0, 1.0, 1.0, 1.0, 4.0, 2.0, 3.0, 2.0, 4.0, 2.0, 3.0, 3.0, 2.0, 3.0, 2.0, 1.0, 2.0, 4.0, 3.0, 3.0, 2.0, 2.0, 1.0, 1.0, 3.0, 4.0, 2.0, 4.0, 3.0, 2.0, 1.0, 2.0, 4.0, 2.0, 2.0, 2.0, 4.0, 1.0, 1.0, 2.0, 2.0, 2.0, 2.0, 1.0, 3.0, 1.0, 1.0, 2.0, 2.0, 2.0, 2.0, 0.0, 2.0, 1.0, 3.0, 3.0, 3.0, 2.0, 2.0], "test_losses": [0.44924449920654297, 1.6718828678131104, 1.8704543113708496, 1.524261474609375, 1.0259675979614258, 0.662112832069397, 1.4582319259643555, 0.9549987316131592, 0.9607130289077759, 0.28221726417541504, 0.8728962540626526, 0.34873664379119873, 3.596907138824463, 0.5132152438163757, 1.4887993335723877, 0.7899118661880493, 1.1364996433258057, 1.1889666318893433, 2.09771990776062, 2.186885118484497, 1.2458804845809937, 1.1653478145599365, 1.9477975368499756, 0.5402513146400452, 0.9416667222976685, 0.6942893862724304, 1.2214975357055664, 1.1640183925628662, 1.35443115234375, 1.2603771686553955, 3.6399693489074707, 1.0453542470932007, 0.28851333260536194, 1.1200628280639648, 0.9725791215896606, 0.8721543550491333, 1.0925360918045044, 0.6660495400428772, 1.7860777378082275, 0.48579129576683044, 1.629489541053772, 1.721766471862793, 1.46355402469635, 1.4116942882537842, 1.5780121088027954, 0.49333155155181885, 1.6268744468688965, 1.2617108821868896, 1.2566008567810059, 2.223294734954834, 1.0454061031341553, 3.1201729774475098, 2.1008353233337402, 0.9149909019470215, 1.3276968002319336, 0.49493834376335144, 1.7913795709609985, 0.6274521946907043, 0.4986321032047272, 1.2037228345870972, 0.9292317032814026, 0.9068590402603149, 0.7152112722396851, 0.6349554061889648, 2.068073272705078, 2.2897918224334717, 0.7079060077667236, 1.4104522466659546, 0.793174147605896, 0.9557641744613647, 2.1829609870910645, 1.2884042263031006, 1.351937174797058, 1.7380658388137817, 1.4270224571228027, 1.0925236940383911, 1.4030776023864746, 0.7200734615325928, 1.8189852237701416, 1.72685968875885, 1.0227267742156982, 2.2126636505126953, 1.4193241596221924, 1.9216033220291138, 1.0388097763061523, 2.197267532348633, 1.800168514251709, 1.0774918794631958, 1.155770182609558, 2.4194998741149902, 0.7416165471076965, 1.677714228630066, 2.3206787109375, 1.3508914709091187, 0.5809453725814819, 0.9468805193901062, 0.6757602691650391, 2.2243642807006836, 0.9596461057662964, 0.8969695568084717, 1.1203804016113281, 0.21306952834129333, 1.518566608428955, 1.1119035482406616, 1.21299409866333, 1.5493977069854736, 1.6147387027740479, 1.5999027490615845, 0.4590108394622803, 1.0110454559326172, 0.7976554036140442, 1.3325623273849487, 0.6629389524459839, 1.3850982189178467, 1.1302752494812012, 0.858269214630127, 1.0479631423950195, 0.4711189866065979, 1.4265145063400269, 1.4623258113861084, 1.7725436687469482, 0.7346948981285095, 0.6876665949821472, 1.1923801898956299, 2.2181508541107178, 1.3367136716842651, 1.9702613353729248, 2.4049503803253174, 0.8094270825386047, 0.4212993383407593, 1.0624043941497803, 0.5226314067840576, 1.406982660293579, 1.6488133668899536, 2.0895559787750244, 2.0111258029937744, 0.38066816329956055, 1.2781033515930176, 1.3190875053405762, 2.0537874698638916, 0.5017807483673096, 1.9835937023162842, 1.838753581047058, 0.9754931926727295, 1.6345068216323853, 1.5267502069473267, 1.4436841011047363, 1.5312423706054688, 0.841955304145813, 0.8932799100875854, 1.7199130058288574, 1.955086350440979, 1.4135881662368774, 1.110058307647705, 1.5439977645874023, 3.186602830886841, 1.1161879301071167, 1.7587456703186035, 1.1861916780471802, 0.8723592162132263, 0.7028360962867737, 1.720511794090271, 0.6245420575141907], "test_loss": 1.3040956216721447, "test_batch_lens": [4, 4, 4, 4, 4, 4, 4, 4, 4, 4, 4, 4, 4, 4, 4, 4, 4, 4, 4, 4, 4, 4, 4, 4, 4, 4, 4, 4, 4, 4, 4, 4, 4, 4, 4, 4, 4, 4, 4, 4, 4, 4, 4, 4, 4, 4, 4, 4, 4, 4, 4, 4, 4, 4, 4, 4, 4, 4, 4, 4, 4, 4, 4, 4, 4, 4, 4, 4, 4, 4, 4, 4, 4, 4, 4, 4, 4, 4, 4, 4, 4, 4, 4, 4, 4, 4, 4, 4, 4, 4, 4, 4, 4, 4, 4, 4, 4, 4, 4, 4, 4, 4, 4, 4, 4, 4, 4, 4, 4, 4, 4, 4, 4, 4, 4, 4, 4, 4, 4, 4, 4, 4, 4, 4, 4, 4, 4, 4, 4, 4, 4, 4, 4, 4, 4, 4, 4, 4, 4, 4, 4, 4, 4, 4, 4, 4, 4, 4, 4, 4, 4, 4, 4, 4, 4, 4, 4, 4, 4, 4, 4, 4, 3], "test_accuracy": 0.5391705069124424, "predictions": [7, 4, 1, 3, 8, 3, 8, 5, 1, 0, 9, 7, 1, 9, 6, 8, 9, 6, 4, 2, 8, 10, 0, 4, 6, 1, 9, 6, 6, 10, 2, 0, 1, 3, 6, 1, 10, 5, 5, 0, 10, 3, 8, 10, 7, 8, 4, 3, 2, 1, 3, 8, 1, 4, 6, 1, 9, 5, 1, 10, 10, 6, 7, 6, 5, 2, 10, 5, 5, 1, 10, 1, 8, 1, 8, 8, 6, 2, 2, 9, 1, 1, 1, 0, 5, 5, 1, 1, 3, 0, 9, 10, 10, 7, 0, 5, 0, 8, 2, 7, 5, 0, 10, 2, 10, 1, 1, 4, 10, 4, 7, 2, 0, 8, 7, 8, 0, 2, 0, 0, 4, 9, 8, 3, 5, 5, 7, 9, 6, 7, 4, 0, 10, 10, 9, 7, 4, 3, 4, 1, 10, 3, 8, 9, 9, 7, 4, 9, 2, 10, 8, 4, 10, 2, 4, 5, 2, 5, 4, 7, 4, 6, 10, 9, 10, 9, 10, 5, 0, 0, 4, 0, 2, 0, 6, 6, 0, 1, 3, 6, 6, 1, 5, 3, 9, 1, 2, 9, 1, 2, 0, 6, 0, 8, 9, 5, 1, 1, 4, 0, 2, 1, 6, 1, 5, 1, 0, 5, 2, 7, 1, 0, 9, 5, 4, 5, 7, 10, 4, 4, 7, 3, 0, 8, 7, 9, 5, 0, 1, 5, 1, 6, 1, 7, 7, 2, 10, 5, 0, 10, 8, 9, 3, 3, 1, 7, 1, 5, 6, 8, 10, 1, 3, 2, 3, 10, 9, 4, 5, 3, 0, 0, 7, 0, 5, 0, 8, 1, 0, 7, 9, 4, 3, 5, 0, 2, 7, 5, 9, 7, 0, 1, 5, 10, 9, 4, 9, 5, 8, 3, 6, 0, 2, 3, 0, 1, 8, 9, 3, 2, 4, 10, 3, 6, 4, 8, 2, 7, 10, 1, 9, 6, 4, 10, 5, 3, 9, 9, 9, 3, 2, 6, 7, 7, 1, 2, 7, 0, 10, 2, 4, 8, 3, 3, 2, 7, 1, 10, 9, 2, 5, 3, 0, 10, 0, 1, 5, 7, 3, 6, 5, 6, 5, 9, 5, 1, 9, 3, 9, 5, 2, 10, 6, 10, 4, 9, 2, 5, 8, 9, 4, 4, 5, 0, 1, 10, 5, 0, 3, 7, 3, 1, 8, 4, 6, 4, 4, 4, 3, 9, 0, 9, 7, 5, 0, 0, 5, 6, 5, 9, 7, 7, 8, 2, 1, 10, 10, 5, 4, 7, 9, 3, 0, 10, 5, 7, 2, 1, 0, 0, 0, 8, 5, 0, 6, 0, 3, 7, 7, 9, 7, 3, 8, 0, 3, 2, 2, 0, 0, 10, 10, 9, 10, 6, 6, 5, 3, 2, 8, 2, 1, 9, 5, 5, 5, 9, 9, 3, 5, 7, 4, 10, 1, 8, 3, 6, 3, 2, 2, 4, 10, 3, 1, 6, 8, 4, 5, 9, 2, 8, 5, 9, 0, 4, 6, 9, 2, 0, 2, 5, 6, 9, 3, 2, 2, 4, 6, 0, 1, 8, 8, 6, 1, 4, 7, 1, 1, 5, 1, 8, 7, 2, 9, 10, 2, 5, 5, 7, 5, 1, 2, 5, 8, 4, 5, 4, 9, 5, 9, 7, 1, 2, 0, 6, 5, 3, 9, 1, 1, 6, 8, 1, 8, 5, 2, 0, 9, 7, 6, 0, 6, 2, 0, 10, 10, 0, 10, 2, 7, 3, 2, 7, 9, 6, 4, 6, 4, 0, 1, 2, 3, 6, 10, 10, 4, 7, 2, 6, 10, 6, 6, 2, 7, 8, 7, 9, 4, 4, 1, 6, 7, 5, 1, 7, 5, 9, 5, 0, 6, 0, 1, 9, 8, 5, 4, 6, 4, 6, 8, 5, 0, 0, 1, 2, 8, 1, 9, 5, 2, 6, 2, 3, 3, 3, 3, 1, 3, 4, 3, 1, 0, 6, 9, 4, 4, 0, 2, 3, 4, 8, 6, 8, 0, 7, 4, 4, 9, 0, 2, 6, 7],