{"val_acc": [0.4976958525345622, 0.6758832565284179, 0.738863287250384, 0.7419354838709677, 0.7864823348694316, 0.815668202764977, 0.8341013824884793, 0.7849462365591398, 0.8433179723502304, 0.8233486943164362], "val_loss": [1.3352120016798652, 0.9011345109188118, 0.7705506642171942, 0.7198817179841133, 0.6480271577138019, 0.5278135901888364, 0.49985729265341, 0.5825841821318755, 0.4604987908051881, 0.5365970795174226], "train_loss": [1.8236199859219644, 1.1669156114339434, 0.8558292451638416, 0.7243859818380904, 0.64409439202694, 0.5918699830818059, 0.5539811750368824, 0.51390522715848, 0.5092260216561322, 0.4845949090233442], "test_correct_in_batch": [4.0, 4.0, 2.0, 3.0, 4.0, 4.0, 3.0, 3.0, 4.0, 4.0, 4.0, 3.0, 2.0, 4.0, 4.0, 3.0, 3.0, 3.0, 1.0, 3.0, 3.0, 4.0, 2.0, 4.0, 4.0, 3.0, 3.0, 3.0, 4.0, 4.0, 1.0, 4.0, 4.0, 4.0, 4.0, 3.0, 4.0, 3.0, 4.0, 3.0, 2.0, 4.0, 4.0, 4.0, 4.0, 4.0, 3.0, 3.0, 3.0, 4.0, 4.0, 3.0, 4.0, 3.0, 2.0, 4.0, 3.0, 4.0, 2.0, 2.0, 4.0, 4.0, 4.0, 3.0, 2.0, 3.0, 4.0, 3.0, 3.0, 3.0, 3.0, 4.0, 3.0, 3.0, 4.0, 4.0, 4.0, 4.0, 4.0, 3.0, 4.0, 3.0, 3.0, 2.0, 3.0, 2.0, 3.0, 3.0, 4.0, 2.0, 3.0, 4.0, 1.0, 4.0, 4.0, 3.0, 4.0, 3.0, 1.0, 3.0, 3.0, 2.0, 4.0, 3.0, 3.0, 4.0, 2.0, 4.0, 4.0, 3.0, 4.0, 2.0, 4.0, 4.0, 4.0, 4.0, 3.0, 4.0, 4.0, 4.0, 4.0, 2.0, 3.0, 3.0, 3.0, 3.0, 3.0, 2.0, 3.0, 4.0, 2.0, 3.0, 4.0, 3.0, 4.0, 3.0, 4.0, 4.0, 3.0, 3.0, 4.0, 2.0, 3.0, 4.0, 4.0, 3.0, 3.0, 3.0, 4.0, 4.0, 4.0, 3.0, 4.0, 3.0, 3.0, 2.0, 3.0, 4.0, 4.0, 2.0, 4.0, 4.0, 2.0], "test_losses": [0.08309704810380936, 0.115229032933712, 1.4254411458969116, 1.3771229982376099, 0.02772827073931694, 0.15405383706092834, 0.6401915550231934, 1.5213687419891357, 0.64154452085495, 0.22923590242862701, 0.08300356566905975, 0.7787827849388123, 2.4079434871673584, 0.20961502194404602, 0.11203718185424805, 0.9303169250488281, 0.5459944605827332, 0.563484787940979, 1.8404357433319092, 0.5066471695899963, 0.5358407497406006, 0.19159528613090515, 0.9184250831604004, 0.1625881940126419, 0.18295343220233917, 0.41809380054473877, 0.27227625250816345, 0.5566738247871399, 0.16106729209423065, 0.19861774146556854, 2.208766460418701, 0.1332307755947113, 0.017485497519373894, 0.02502167597413063, 0.13927066326141357, 0.3486849069595337, 0.11709307134151459, 0.6292787194252014, 0.5484043955802917, 0.3673649728298187, 1.9732935428619385, 0.037895068526268005, 0.6139312386512756, 0.07232671976089478, 0.24495801329612732, 0.01948777586221695, 0.6616392135620117, 1.1990195512771606, 0.6808202266693115, 0.4974931478500366, 0.2976717948913574, 0.6407476663589478, 0.09925305843353271, 1.0968807935714722, 1.0176113843917847, 0.34502309560775757, 0.40401914715766907, 0.2068834751844406, 0.6176957488059998, 0.512764036655426, 0.07255925238132477, 0.03244909644126892, 0.5007036328315735, 0.5066981315612793, 0.4524713456630707, 0.8660863041877747, 0.15992550551891327, 0.8824343085289001, 0.6826690435409546, 0.7268661260604858, 0.8141393661499023, 0.07447580993175507, 0.4914959967136383, 0.8100327253341675, 0.11576266586780548, 0.10269296914339066, 0.09870868921279907, 0.017270583659410477, 0.12760037183761597, 0.34485068917274475, 0.27000683546066284, 0.764886736869812, 0.4772757887840271, 1.4918323755264282, 0.7696365714073181, 1.9603519439697266, 0.4418962895870209, 0.7231292724609375, 0.3505021333694458, 1.0497978925704956, 0.47131597995758057, 0.23030297458171844, 2.005868434906006, 0.1014234870672226, 0.11340463906526566, 0.5363910794258118, 0.4507356584072113, 1.5475845336914062, 1.2485582828521729, 0.8537156581878662, 0.5257979035377502, 0.9816455841064453, 0.2857546806335449, 0.7081834077835083, 0.613587498664856, 0.26683029532432556, 1.6027486324310303, 0.08765210211277008, 0.3541039526462555, 0.4538085162639618, 0.05369851365685463, 1.199977159500122, 0.018470674753189087, 0.01970737800002098, 0.1824404001235962, 0.020437758415937424, 0.7032723426818848, 0.05131305754184723, 0.14691466093063354, 0.38596004247665405, 0.07658107578754425, 1.7986552715301514, 0.4260645806789398, 0.618097186088562, 0.6849997639656067, 0.3787825405597687, 1.2055333852767944, 1.2766573429107666, 0.6391030550003052, 0.07975225895643234, 1.166251301765442, 0.2086353749036789, 0.07139235734939575, 1.0603145360946655, 0.2695699632167816, 0.4355752170085907, 0.03177231550216675, 0.25943174958229065, 0.6032828092575073, 1.0255780220031738, 0.03715743124485016, 1.4658513069152832, 0.9953457117080688, 0.20463980734348297, 0.06515584141016006, 0.597727358341217, 0.4215341806411743, 0.4750738739967346, 0.4660107493400574, 0.2627784311771393, 0.20941923558712006, 0.5794464349746704, 0.3916231095790863, 0.3874102234840393, 0.6602491140365601, 0.9297415018081665, 0.4044935703277588, 0.5197740793228149, 0.15976764261722565, 0.6512779593467712, 0.1387234330177307, 0.27875304222106934, 1.1426740884780884], "test_loss": 0.5504717402091605, "test_batch_lens": [4, 4, 4, 4, 4, 4, 4, 4, 4, 4, 4, 4, 4, 4, 4, 4, 4, 4, 4, 4, 4, 4, 4, 4, 4, 4, 4, 4, 4, 4, 4, 4, 4, 4, 4, 4, 4, 4, 4, 4, 4, 4, 4, 4, 4, 4, 4, 4, 4, 4, 4, 4, 4, 4, 4, 4, 4, 4, 4, 4, 4, 4, 4, 4, 4, 4, 4, 4, 4, 4, 4, 4, 4, 4, 4, 4, 4, 4, 4, 4, 4, 4, 4, 4, 4, 4, 4, 4, 4, 4, 4, 4, 4, 4, 4, 4, 4, 4, 4, 4, 4, 4, 4, 4, 4, 4, 4, 4, 4, 4, 4, 4, 4, 4, 4, 4, 4, 4, 4, 4, 4, 4, 4, 4, 4, 4, 4, 4, 4, 4, 4, 4, 4, 4, 4, 4, 4, 4, 4, 4, 4, 4, 4, 4, 4, 4, 4, 4, 4, 4, 4, 4, 4, 4, 4, 4, 4, 4, 4, 4, 4, 4, 3], "test_accuracy": 0.8218125960061444, "predictions": [7, 4, 1, 10, 7, 1, 8, 8, 1, 2, 4, 7, 1, 9, 8, 0, 9, 6, 4, 9, 8, 10, 1, 4, 6, 8, 4, 6, 6, 8, 7, 1, 1, 9, 6, 3, 10, 5, 5, 0, 10, 3, 2, 10, 7, 8, 9, 3, 2, 8, 3, 4, 3, 4, 6, 1, 1, 9, 1, 10, 10, 6, 9, 6, 5, 9, 8, 5, 8, 1, 2, 1, 9, 1, 1, 2, 8, 8, 9, 2, 3, 1, 1, 1, 5, 5, 1, 8, 0, 9, 9, 2, 10, 7, 1, 5, 1, 8, 2, 7, 5, 0, 10, 6, 10, 8, 1, 9, 10, 4, 7, 9, 0, 3, 7, 6, 0, 8, 0, 0, 4, 3, 8, 8, 5, 1, 7, 9, 6, 7, 4, 0, 10, 10, 7, 9, 4, 1, 9, 0, 10, 3, 1, 9, 4, 7, 4, 7, 2, 10, 8, 4, 10, 10, 1, 0, 10, 4, 4, 7, 4, 9, 8, 4, 2, 3, 10, 5, 8, 0, 9, 0, 10, 7, 6, 8, 0, 8, 1, 2, 6, 3, 5, 3, 9, 2, 4, 8, 3, 2, 8, 2, 8, 9, 9, 8, 1, 3, 5, 9, 8, 1, 6, 1, 4, 1, 4, 8, 3, 9, 5, 6, 8, 5, 4, 5, 3, 10, 4, 4, 7, 3, 0, 6, 7, 1, 5, 7, 1, 0, 1, 6, 1, 7, 9, 2, 10, 9, 1, 10, 9, 4, 3, 3, 1, 7, 8, 5, 2, 4, 10, 1, 1, 2, 8, 10, 6, 4, 5, 1, 3, 7, 7, 1, 5, 1, 8, 1, 9, 7, 3, 10, 3, 5, 9, 2, 7, 9, 9, 7, 9, 8, 8, 10, 2, 4, 2, 5, 5, 3, 8, 8, 8, 2, 0, 1, 2, 7, 3, 2, 4, 10, 8, 6, 6, 0, 2, 7, 10, 1, 7, 6, 9, 2, 5, 2, 1, 9, 4, 3, 2, 6, 7, 9, 1, 9, 8, 5, 2, 9, 4, 9, 3, 8, 8, 7, 1, 2, 9, 2, 5, 1, 9, 10, 5, 1, 5, 7, 3, 6, 9, 6, 4, 9, 5, 1, 1, 3, 9, 7, 4, 9, 6, 10, 8, 9, 8, 5, 2, 9, 4, 1, 5, 0, 9, 10, 5, 0, 3, 7, 3, 1, 8, 4, 2, 4, 4, 9, 3, 7, 8, 9, 7, 5, 8, 0, 5, 6, 9, 4, 7, 7, 8, 9, 1, 10, 8, 4, 5, 7, 3, 3, 5, 10, 4, 7, 2, 3, 1, 8, 0, 5, 4, 1, 2, 8, 1, 7, 8, 4, 8, 3, 8, 0, 3, 2, 2, 1, 7, 10, 10, 4, 10, 6, 6, 5, 1, 10, 8, 2, 1, 9, 9, 5, 9, 9, 1, 3, 5, 7, 9, 10, 1, 8, 1, 6, 3, 4, 2, 4, 10, 1, 1, 2, 8, 2, 4, 8, 2, 5, 9, 9, 0, 7, 6, 9, 9, 1, 2, 5, 6, 9, 3, 1, 2, 4, 2, 0, 1, 3, 1, 6, 3, 4, 9, 3, 3, 5, 1, 7, 7, 10, 4, 10, 4, 5, 5, 7, 5, 1, 1, 5, 1, 4, 5, 4, 4, 5, 9, 7, 7, 2, 0, 2, 5, 3, 2, 9, 1, 8, 9, 1, 6, 8, 2, 0, 9, 7, 6, 9, 6, 9, 0, 10, 8, 1, 6, 1, 7, 3, 2, 7, 9, 6, 8, 2, 9, 0, 8, 2, 1, 5, 2, 10, 8, 7, 9, 6, 8, 6, 6, 9, 7, 9, 7, 4, 4, 9, 3, 3, 7, 5, 1, 7, 5, 4, 0, 7, 8, 0, 7, 4, 5, 5, 4, 8, 8, 6, 1, 5, 3, 0, 1, 8, 7, 1, 9, 4, 6, 8, 8, 7, 1, 3, 3, 4, 1, 4, 3, 10, 7, 8, 9, 9, 4, 0, 6, 3, 7, 2, 6, 8, 1, 7, 4, 0, 2, 0, 1, 6, 7],