{"val_acc": [0.5668202764976958, 0.7772657450076805, 0.9247311827956989, 0.9139784946236559, 0.9523809523809523, 0.9431643625192012, 0.9370199692780338, 0.9508448540706606, 0.946236559139785, 0.9493087557603687], "val_loss": [1.287668360157247, 0.6949210141791157, 0.2973948196119463, 0.2666350554423464, 0.19639147717742808, 0.21493605153272327, 0.20156279841953592, 0.1653231312569011, 0.16644080134520758, 0.18367370812836933], "train_loss": [2.0056767049813784, 0.8172181215954917, 0.4075707668516528, 0.26730152304530086, 0.20473965938643784, 0.16007651574044146, 0.13487864751930892, 0.116551526990006, 0.10093084341560665, 0.07303122393023373], "test_correct_in_batch": [4.0, 4.0, 4.0, 4.0, 4.0, 4.0, 3.0, 3.0, 3.0, 4.0, 4.0, 4.0, 3.0, 4.0, 4.0, 3.0, 3.0, 4.0, 3.0, 4.0, 3.0, 4.0, 3.0, 3.0, 4.0, 4.0, 4.0, 3.0, 3.0, 4.0, 3.0, 4.0, 4.0, 4.0, 4.0, 4.0, 4.0, 4.0, 4.0, 4.0, 4.0, 4.0, 3.0, 4.0, 4.0, 4.0, 4.0, 4.0, 4.0, 4.0, 3.0, 3.0, 4.0, 3.0, 4.0, 4.0, 4.0, 4.0, 4.0, 4.0, 4.0, 4.0, 4.0, 4.0, 3.0, 4.0, 4.0, 3.0, 3.0, 3.0, 3.0, 4.0, 4.0, 3.0, 4.0, 4.0, 4.0, 4.0, 4.0, 4.0, 4.0, 4.0, 4.0, 4.0, 4.0, 3.0, 4.0, 4.0, 4.0, 4.0, 4.0, 4.0, 2.0, 4.0, 4.0, 4.0, 4.0, 2.0, 3.0, 3.0, 3.0, 3.0, 4.0, 3.0, 4.0, 4.0, 4.0, 4.0, 4.0, 4.0, 4.0, 3.0, 4.0, 4.0, 4.0, 4.0, 4.0, 4.0, 4.0, 3.0, 3.0, 2.0, 4.0, 3.0, 3.0, 4.0, 4.0, 4.0, 3.0, 4.0, 4.0, 4.0, 4.0, 4.0, 4.0, 4.0, 4.0, 3.0, 4.0, 3.0, 4.0, 4.0, 2.0, 4.0, 4.0, 3.0, 3.0, 4.0, 4.0, 4.0, 4.0, 4.0, 4.0, 4.0, 4.0, 4.0, 4.0, 3.0, 4.0, 4.0, 4.0, 4.0, 3.0], "test_losses": [0.000461866264231503, 0.0027496530674397945, 0.08249715715646744, 0.05237593874335289, 0.004949155729264021, 0.0010920512722805142, 1.5086129903793335, 0.28836849331855774, 1.0415172576904297, 0.0004735106776934117, 0.0030749659053981304, 0.0016371930250898004, 0.5456252694129944, 0.002586939837783575, 0.0012570384424179792, 1.775378704071045, 1.2544740438461304, 0.1317245364189148, 1.5663375854492188, 0.006039134692400694, 0.9432174563407898, 0.0029029936995357275, 1.5147675275802612, 0.18838179111480713, 0.001167702954262495, 0.0002919099642895162, 0.0024877279065549374, 0.6054868698120117, 0.44837623834609985, 0.00201724492944777, 0.6972481608390808, 0.0026185668539255857, 0.0033779144287109375, 0.0003675089101307094, 0.013769688084721565, 0.0015127704245969653, 0.002666949760168791, 0.0017018027137964964, 0.0006408538902178407, 0.03254884481430054, 0.005352841690182686, 0.004700882826000452, 0.652127742767334, 0.009412682615220547, 0.003448332892730832, 0.18467526137828827, 0.0017450731247663498, 0.03618093580007553, 0.057707902044057846, 0.0815921351313591, 0.4554637670516968, 1.692405343055725, 0.01639656350016594, 0.597028911113739, 0.11151047796010971, 0.000307215639622882, 0.00015948557120282203, 0.0015511657111346722, 0.0004126520361751318, 0.0826110914349556, 0.0041421144269406796, 0.03123389184474945, 0.039680566638708115, 0.0018801252590492368, 0.32371366024017334, 0.0019962782971560955, 0.011727523989975452, 1.2478611469268799, 1.800763726234436, 0.9653977751731873, 1.3405286073684692, 0.0005075893714092672, 0.002841193461790681, 0.4318501055240631, 0.0008333565201610327, 0.014933534897863865, 0.0001853517023846507, 0.0005556909600272775, 0.12883979082107544, 0.09502223879098892, 0.0003473674296401441, 0.02112901583313942, 0.05085946246981621, 0.019950132817029953, 0.003565975232049823, 0.24749286472797394, 0.001139929867349565, 0.04302993789315224, 0.00447476701810956, 0.16644342243671417, 0.0006590908742509782, 0.007962888106703758, 2.946540355682373, 0.0010747173801064491, 0.007118006702512503, 0.0062272693030536175, 0.0026923157274723053, 3.2231550216674805, 0.19152513146400452, 0.2895689606666565, 0.8972998857498169, 0.5476658940315247, 0.007389733102172613, 0.45290815830230713, 0.0010119164362549782, 0.0002888460294343531, 0.0014112669741734862, 0.0022750617936253548, 0.0019155540503561497, 0.00047151866601780057, 0.0008061729604378343, 0.542278528213501, 0.0055444324389100075, 0.002091336762532592, 0.008380713872611523, 0.002029414987191558, 0.07809192687273026, 0.0033989676740020514, 0.004955442622303963, 0.4762275218963623, 0.43596309423446655, 1.6664527654647827, 0.005650502163916826, 0.37732625007629395, 1.0846362113952637, 0.010810649022459984, 0.005554486531764269, 0.0014832927845418453, 0.42003217339515686, 0.006634647957980633, 0.0005461400141939521, 0.02595292218029499, 0.00045163417235016823, 0.023569654673337936, 0.0015950074885040522, 0.020278804004192352, 0.00012185361993033439, 0.31344711780548096, 0.0013550969306379557, 0.7094327211380005, 0.0004957912606187165, 0.010313699953258038, 1.067866563796997, 0.001875261077657342, 0.0027995009440928698, 0.5197601318359375, 0.7958986163139343, 0.0026725565548986197, 0.019373279064893723, 0.0014794934540987015, 0.007701274938881397, 0.027688991278409958, 0.0013353090034797788, 0.0012648962438106537, 0.07756177335977554, 0.0028652711771428585, 0.02471028082072735, 0.4131944179534912, 0.1535279005765915, 0.0028377179987728596, 0.000400401622755453, 0.005597191397100687, 0.0017058792291209102], "test_loss": 0.25583858216078553, "test_batch_lens": [4, 4, 4, 4, 4, 4, 4, 4, 4, 4, 4, 4, 4, 4, 4, 4, 4, 4, 4, 4, 4, 4, 4, 4, 4, 4, 4, 4, 4, 4, 4, 4, 4, 4, 4, 4, 4, 4, 4, 4, 4, 4, 4, 4, 4, 4, 4, 4, 4, 4, 4, 4, 4, 4, 4, 4, 4, 4, 4, 4, 4, 4, 4, 4, 4, 4, 4, 4, 4, 4, 4, 4, 4, 4, 4, 4, 4, 4, 4, 4, 4, 4, 4, 4, 4, 4, 4, 4, 4, 4, 4, 4, 4, 4, 4, 4, 4, 4, 4, 4, 4, 4, 4, 4, 4, 4, 4, 4, 4, 4, 4, 4, 4, 4, 4, 4, 4, 4, 4, 4, 4, 4, 4, 4, 4, 4, 4, 4, 4, 4, 4, 4, 4, 4, 4, 4, 4, 4, 4, 4, 4, 4, 4, 4, 4, 4, 4, 4, 4, 4, 4, 4, 4, 4, 4, 4, 4, 4, 4, 4, 4, 4, 3], "test_accuracy": 0.9262672811059908, "predictions": [7, 4, 1, 10, 7, 1, 8, 8, 0, 8, 4, 7, 1, 9, 3, 0, 9, 6, 4, 9, 8, 10, 1, 4, 6, 1, 8, 6, 6, 8, 2, 0, 1, 8, 6, 3, 10, 5, 5, 0, 10, 3, 2, 10, 7, 8, 4, 3, 3, 8, 1, 4, 3, 4, 6, 1, 1, 9, 1, 10, 10, 6, 9, 6, 5, 0, 8, 5, 8, 1, 3, 1, 8, 3, 1, 8, 6, 8, 9, 2, 3, 1, 1, 1, 5, 5, 1, 8, 0, 5, 9, 10, 10, 7, 0, 5, 1, 8, 2, 7, 5, 1, 10, 6, 10, 8, 3, 9, 10, 4, 7, 5, 0, 3, 7, 8, 0, 8, 0, 0, 4, 8, 7, 8, 5, 1, 7, 9, 6, 7, 4, 0, 10, 10, 7, 9, 4, 1, 9, 0, 10, 3, 3, 9, 4, 7, 4, 7, 2, 10, 2, 4, 10, 10, 1, 0, 10, 5, 4, 7, 8, 9, 10, 4, 2, 3, 10, 5, 8, 0, 5, 0, 10, 7, 6, 8, 0, 8, 1, 2, 6, 3, 5, 3, 9, 3, 4, 8, 3, 2, 0, 2, 0, 9, 9, 8, 1, 3, 5, 9, 4, 1, 6, 1, 4, 4, 4, 8, 3, 9, 5, 6, 2, 5, 4, 9, 2, 10, 8, 4, 7, 3, 0, 6, 7, 0, 5, 7, 1, 0, 1, 6, 3, 7, 7, 2, 10, 4, 3, 10, 9, 4, 3, 3, 1, 7, 8, 5, 2, 4, 10, 1, 1, 2, 3, 10, 6, 9, 5, 1, 3, 10, 7, 1, 5, 1, 8, 1, 1, 7, 3, 10, 3, 5, 1, 2, 7, 5, 9, 7, 0, 8, 8, 10, 2, 4, 2, 5, 5, 3, 8, 0, 8, 2, 0, 1, 2, 7, 3, 2, 4, 10, 8, 6, 6, 0, 2, 7, 10, 1, 7, 6, 9, 2, 5, 2, 0, 9, 4, 3, 2, 6, 7, 9, 1, 8, 8, 5, 2, 9, 4, 1, 1, 8, 4, 7, 1, 2, 7, 2, 5, 0, 4, 10, 5, 0, 5, 7, 3, 6, 4, 6, 4, 9, 5, 1, 8, 3, 7, 7, 4, 4, 6, 10, 8, 9, 8, 5, 3, 9, 4, 0, 5, 0, 9, 10, 5, 0, 3, 7, 3, 1, 8, 2, 2, 4, 4, 9, 3, 7, 5, 5, 7, 4, 0, 0, 5, 6, 9, 4, 7, 7, 8, 9, 1, 10, 10, 4, 5, 7, 3, 3, 5, 10, 4, 7, 2, 3, 1, 1, 0, 5, 4, 1, 2, 0, 1, 8, 8, 4, 8, 3, 8, 0, 3, 2, 2, 3, 7, 10, 10, 4, 10, 6, 6, 5, 0, 5, 8, 2, 1, 9, 9, 5, 9, 9, 1, 3, 5, 7, 9, 10, 1, 8, 1, 6, 3, 8, 2, 4, 10, 1, 1, 2, 8, 2, 4, 8, 2, 8, 9, 4, 0, 7, 6, 4, 6, 0, 2, 8, 6, 9, 3, 8, 2, 4, 2, 0, 1, 3, 9, 6, 3, 4, 6, 3, 3, 5, 0, 1, 7, 10, 1, 10, 2, 5, 5, 7, 5, 1, 4, 5, 0, 4, 5, 4, 9, 5, 9, 7, 7, 2, 0, 2, 4, 3, 2, 9, 1, 8, 9, 1, 8, 8, 2, 0, 9, 7, 6, 4, 6, 9, 0, 10, 8, 8, 5, 1, 7, 3, 2, 7, 9, 6, 7, 8, 9, 0, 7, 2, 1, 5, 2, 10, 8, 7, 9, 6, 8, 6, 6, 5, 7, 9, 7, 1, 4, 9, 3, 3, 7, 4, 1, 7, 5, 4, 0, 7, 8, 0, 7, 4, 5, 5, 4, 8, 6, 6, 1, 5, 3, 0, 1, 4, 7, 1, 9, 4, 6, 6, 10, 7, 1, 0, 3, 9, 1, 4, 3, 1, 7, 8, 9, 9, 4, 0, 2, 3, 7, 8, 6, 8, 1, 7, 4, 0, 2, 0, 8, 6, 7],