{"val_acc": [0.10445468509984639, 0.0967741935483871, 0.0967741935483871, 0.08602150537634409, 0.0967741935483871, 0.06144393241167435, 0.06144393241167435, 0.10445468509984639, 0.0967741935483871, 0.0967741935483871], "val_loss": [2.3986454097771204, 2.3971075528969794, 2.3989013981965424, 2.3980541945966474, 2.399180704830614, 2.3999957979822453, 2.3987028057589854, 2.3967023042082056, 2.399191932444192, 2.398105406322362], "train_loss": [2.3995265831214385, 2.3986742286087144, 2.3985987610937958, 2.3985053016273543, 2.3986050244465926, 2.398332253515152, 2.398376308775341, 2.3984418030179757, 2.398349161928028, 2.3984744350725604], "test_correct_in_batch": [0.0, 0.0, 0.0, 0.0, 0.0, 0.0, 0.0, 0.0, 0.0, 2.0, 0.0, 0.0, 0.0, 0.0, 0.0, 0.0, 3.0, 0.0, 0.0, 0.0, 0.0, 2.0, 0.0, 1.0, 0.0, 1.0, 0.0, 0.0, 0.0, 0.0, 0.0, 1.0, 0.0, 0.0, 0.0, 0.0, 0.0, 0.0, 0.0, 1.0, 0.0, 1.0, 0.0, 0.0, 0.0, 1.0, 0.0, 0.0, 0.0, 1.0, 0.0, 0.0, 1.0, 2.0, 0.0, 0.0, 1.0, 0.0, 0.0, 0.0, 0.0, 1.0, 0.0, 0.0, 1.0, 0.0, 1.0, 0.0, 1.0, 0.0, 0.0, 1.0, 1.0, 0.0, 0.0, 0.0, 0.0, 0.0, 1.0, 0.0, 0.0, 1.0, 0.0, 0.0, 0.0, 1.0, 2.0, 0.0, 1.0, 0.0, 0.0, 1.0, 0.0, 1.0, 1.0, 0.0, 0.0, 0.0, 0.0, 1.0, 0.0, 1.0, 1.0, 1.0, 0.0, 1.0, 0.0, 0.0, 0.0, 0.0, 0.0, 1.0, 0.0, 1.0, 1.0, 0.0, 0.0, 0.0, 0.0, 1.0, 0.0, 0.0, 0.0, 0.0, 0.0, 0.0, 1.0, 0.0, 1.0, 2.0, 1.0, 2.0, 0.0, 0.0, 0.0, 0.0, 0.0, 0.0, 0.0, 0.0, 0.0, 0.0, 1.0, 0.0, 0.0, 0.0, 0.0, 0.0, 1.0, 0.0, 2.0, 0.0, 1.0, 0.0, 0.0, 0.0, 0.0, 0.0, 0.0, 0.0, 0.0, 0.0, 0.0], "test_losses": [2.3975958824157715, 2.4103035926818848, 2.4005331993103027, 2.402432918548584, 2.39799165725708, 2.3936848640441895, 2.4025447368621826, 2.412911891937256, 2.4023003578186035, 2.3721885681152344, 2.3960630893707275, 2.397273063659668, 2.394113302230835, 2.394636392593384, 2.4034807682037354, 2.3988819122314453, 2.3659324645996094, 2.404539108276367, 2.4045393466949463, 2.4115309715270996, 2.4005539417266846, 2.380840539932251, 2.3915786743164062, 2.391732692718506, 2.4176807403564453, 2.3869638442993164, 2.3952314853668213, 2.3975958824157715, 2.4026031494140625, 2.4020848274230957, 2.4004006385803223, 2.3982784748077393, 2.3996753692626953, 2.3973331451416016, 2.399505376815796, 2.3912463188171387, 2.398256540298462, 2.4063076972961426, 2.394078016281128, 2.38268780708313, 2.392303943634033, 2.3890817165374756, 2.4035611152648926, 2.4015188217163086, 2.4130446910858154, 2.3826558589935303, 2.394113302230835, 2.414304733276367, 2.4050374031066895, 2.3903822898864746, 2.4076666831970215, 2.3864495754241943, 2.387392044067383, 2.3791728019714355, 2.398930311203003, 2.4026031494140625, 2.398581027984619, 2.4069414138793945, 2.4154744148254395, 2.381772994995117, 2.3901278972625732, 2.3975274562835693, 2.401062250137329, 2.403989791870117, 2.387392044067383, 2.4005234241485596, 2.3957486152648926, 2.3983912467956543, 2.4022538661956787, 2.4088478088378906, 2.3976080417633057, 2.3993263244628906, 2.3867740631103516, 2.4048094749450684, 2.418940782546997, 2.390695095062256, 2.4139657020568848, 2.4036507606506348, 2.4069902896881104, 2.393388032913208, 2.4154417514801025, 2.3936164379119873, 2.4076080322265625, 2.403390407562256, 2.425058126449585, 2.3888754844665527, 2.381894111633301, 2.391646385192871, 2.3874545097351074, 2.4080967903137207, 2.383782148361206, 2.392235517501831, 2.3996753692626953, 2.3857154846191406, 2.3906848430633545, 2.4097845554351807, 2.3985631465911865, 2.4056880474090576, 2.3966481685638428, 2.3921287059783936, 2.411975383758545, 2.3820271492004395, 2.3874247074127197, 2.3903515338897705, 2.411916494369507, 2.3859784603118896, 2.4130446910858154, 2.393362283706665, 2.4069273471832275, 2.405768632888794, 2.3849005699157715, 2.3906524181365967, 2.4145209789276123, 2.393737554550171, 2.3935420513153076, 2.401348829269409, 2.4015493392944336, 2.401062250137329, 2.421147346496582, 2.391948938369751, 2.4089481830596924, 2.4108057022094727, 2.4115309715270996, 2.4046504497528076, 2.3976967334747314, 2.3932552337646484, 2.3826558589935303, 2.4037835597991943, 2.3861541748046875, 2.384751319885254, 2.3769335746765137, 2.372546434402466, 2.420210599899292, 2.4000144004821777, 2.4145209789276123, 2.4071435928344727, 2.415574550628662, 2.4040465354919434, 2.3977408409118652, 2.3994052410125732, 2.4154419898986816, 2.4081971645355225, 2.3930671215057373, 2.4097540378570557, 2.4032955169677734, 2.401151657104492, 2.4020094871520996, 2.3932878971099854, 2.3906145095825195, 2.4067211151123047, 2.375706434249878, 2.395631790161133, 2.3889060020446777, 2.405522584915161, 2.3963828086853027, 2.4037835597991943, 2.396245241165161, 2.3983914852142334, 2.3981244564056396, 2.4115633964538574, 2.4094455242156982, 2.4032745361328125, 2.4083311557769775], "test_loss": 2.398769987141428, "test_batch_lens": [4, 4, 4, 4, 4, 4, 4, 4, 4, 4, 4, 4, 4, 4, 4, 4, 4, 4, 4, 4, 4, 4, 4, 4, 4, 4, 4, 4, 4, 4, 4, 4, 4, 4, 4, 4, 4, 4, 4, 4, 4, 4, 4, 4, 4, 4, 4, 4, 4, 4, 4, 4, 4, 4, 4, 4, 4, 4, 4, 4, 4, 4, 4, 4, 4, 4, 4, 4, 4, 4, 4, 4, 4, 4, 4, 4, 4, 4, 4, 4, 4, 4, 4, 4, 4, 4, 4, 4, 4, 4, 4, 4, 4, 4, 4, 4, 4, 4, 4, 4, 4, 4, 4, 4, 4, 4, 4, 4, 4, 4, 4, 4, 4, 4, 4, 4, 4, 4, 4, 4, 4, 4, 4, 4, 4, 4, 4, 4, 4, 4, 4, 4, 4, 4, 4, 4, 4, 4, 4, 4, 4, 4, 4, 4, 4, 4, 4, 4, 4, 4, 4, 4, 4, 4, 4, 4, 4, 4, 4, 4, 4, 4, 3], "test_accuracy": 0.08294930875576037, "predictions": [5, 5, 5, 5, 5, 5, 5, 5, 5, 5, 5, 5, 5, 5, 5, 5, 5, 5, 5, 5, 5, 5, 5, 5, 5, 5, 5, 5, 5, 5, 5, 5, 5, 5, 5, 5, 5, 5, 5, 5, 5, 5, 5, 5, 5, 5, 5, 5, 5, 5, 5, 5, 5, 5, 5, 5, 5, 5, 5, 5, 5, 5, 5, 5, 5, 5, 5, 5, 5, 5, 5, 5, 5, 5, 5, 5, 5, 5, 5, 5, 5, 5, 5, 5, 5, 5, 5, 5, 5, 5, 5, 5, 5, 5, 5, 5, 5, 5, 5, 5, 5, 5, 5, 5, 5, 5, 5, 5, 5, 5, 5, 5, 5, 5, 5, 5, 5, 5, 5, 5, 5, 5, 5, 5, 5, 5, 5, 5, 5, 5, 5, 5, 5, 5, 5, 5, 5, 5, 5, 5, 5, 5, 5, 5, 5, 5, 5, 5, 5, 5, 5, 5, 5, 5, 5, 5, 5, 5, 5, 5, 5, 5, 5, 5, 5, 5, 5, 5, 5, 5, 5, 5, 5, 5, 5, 5, 5, 5, 5, 5, 5, 5, 5, 5, 5, 5, 5, 5, 5, 5, 5, 5, 5, 5, 5, 5, 5, 5, 5, 5, 5, 5, 5, 5, 5, 5, 5, 5, 5, 5, 5, 5, 5, 5, 5, 5, 5, 5, 5, 5, 5, 5, 5, 5, 5, 5, 5, 5, 5, 5, 5, 5, 5, 5, 5, 5, 5, 5, 5, 5, 5, 5, 5, 5, 5, 5, 5, 5, 5, 5, 5, 5, 5, 5, 5, 5, 5, 5, 5, 5, 5, 5, 5, 5, 5, 5, 5, 5, 5, 5, 5, 5, 5, 5, 5, 5, 5, 5, 5, 5, 5, 5, 5, 5, 5, 5, 5, 5, 5, 5, 5, 5, 5, 5, 5, 5, 5, 5, 5, 5, 5, 5, 5, 5, 5, 5, 5, 5, 5, 5, 5, 5, 5, 5, 5, 5, 5, 5, 5, 5, 5, 5, 5, 5, 5, 5, 5, 5, 5, 5, 5, 5, 5, 5, 5, 5, 5, 5, 5, 5, 5, 5, 5, 5, 5, 5, 5, 5, 5, 5, 5, 5, 5, 5, 5, 5, 5, 5, 5, 5, 5, 5, 5, 5, 5, 5, 5, 5, 5, 5, 5, 5, 5, 5, 5, 5, 5, 5, 5, 5, 5, 5, 5, 5, 5, 5, 5, 5, 5, 5, 5, 5, 5, 5, 5, 5, 5, 5, 5, 5, 5, 5, 5, 5, 5, 5, 5, 5, 5, 5, 5, 5, 5, 5, 5, 5, 5, 5, 5, 5, 5, 5, 5, 5, 5, 5, 5, 5, 5, 5, 5, 5, 5, 5, 5, 5, 5, 5, 5, 5, 5, 5, 5, 5, 5, 5, 5, 5, 5, 5, 5, 5, 5, 5, 5, 5, 5, 5, 5, 5, 5, 5, 5, 5, 5, 5, 5, 5, 5, 5, 5, 5, 5, 5, 5, 5, 5, 5, 5, 5, 5, 5, 5, 5, 5, 5, 5, 5, 5, 5, 5, 5, 5, 5, 5, 5, 5, 5, 5, 5, 5, 5, 5, 5, 5, 5, 5, 5, 5, 5, 5, 5, 5, 5, 5, 5, 5, 5, 5, 5, 5, 5, 5, 5, 5, 5, 5, 5, 5, 5, 5, 5, 5, 5, 5, 5, 5, 5, 5, 5, 5, 5, 5, 5, 5, 5, 5, 5, 5, 5, 5, 5, 5, 5, 5, 5, 5, 5, 5, 5, 5, 5, 5, 5, 5, 5, 5, 5, 5, 5, 5, 5, 5, 5, 5, 5, 5, 5, 5, 5, 5, 5, 5, 5, 5, 5, 5, 5, 5, 5, 5, 5, 5, 5, 5, 5, 5, 5, 5, 5, 5, 5, 5, 5, 5, 5, 5, 5, 5, 5, 5, 5, 5, 5, 5, 5, 5, 5, 5, 5, 5, 5, 5, 5, 5, 5, 5, 5, 5, 5, 5, 5, 5, 5, 5, 5, 5, 5, 5, 5, 5, 5, 5, 5, 5, 5, 5, 5, 5, 5, 5],