{"val_acc": [0.4792626728110599, 0.6236559139784946, 0.6804915514592934, 0.6881720430107527, 0.706605222734255, 0.738863287250384, 0.7526881720430108, 0.7480798771121352, 0.7327188940092166, 0.7711213517665131], "val_loss": [1.3466247828460178, 1.1126729217957865, 0.9568312849186681, 0.954536982817701, 0.8724213221504644, 0.7910862264274819, 0.7683676505701308, 0.7496083117107306, 0.7720719213008972, 0.691253352224644], "train_loss": [1.8381710181535686, 1.2472734501377936, 1.0173748364834334, 0.91811623995278, 0.841795511581383, 0.8032675530503774, 0.7739450108291226, 0.7512372187220604, 0.7180259497006442, 0.6977229329530245], "test_correct_in_batch": [3.0, 3.0, 2.0, 3.0, 4.0, 4.0, 2.0, 1.0, 3.0, 4.0, 4.0, 4.0, 3.0, 4.0, 2.0, 3.0, 3.0, 2.0, 2.0, 2.0, 2.0, 4.0, 2.0, 4.0, 2.0, 4.0, 2.0, 3.0, 3.0, 2.0, 3.0, 4.0, 4.0, 4.0, 3.0, 3.0, 4.0, 4.0, 4.0, 4.0, 2.0, 4.0, 3.0, 3.0, 3.0, 4.0, 4.0, 3.0, 4.0, 2.0, 3.0, 2.0, 4.0, 3.0, 2.0, 4.0, 3.0, 4.0, 4.0, 2.0, 4.0, 4.0, 4.0, 4.0, 3.0, 4.0, 3.0, 2.0, 3.0, 3.0, 1.0, 4.0, 3.0, 2.0, 3.0, 4.0, 3.0, 4.0, 2.0, 4.0, 3.0, 3.0, 4.0, 2.0, 2.0, 2.0, 3.0, 3.0, 4.0, 3.0, 4.0, 2.0, 1.0, 3.0, 3.0, 2.0, 3.0, 2.0, 4.0, 4.0, 2.0, 3.0, 4.0, 3.0, 2.0, 3.0, 3.0, 3.0, 3.0, 4.0, 4.0, 3.0, 3.0, 4.0, 4.0, 3.0, 3.0, 3.0, 3.0, 2.0, 3.0, 3.0, 4.0, 2.0, 3.0, 2.0, 3.0, 2.0, 4.0, 2.0, 2.0, 4.0, 4.0, 3.0, 3.0, 1.0, 3.0, 3.0, 2.0, 3.0, 4.0, 3.0, 2.0, 3.0, 4.0, 3.0, 2.0, 3.0, 3.0, 3.0, 4.0, 3.0, 4.0, 4.0, 3.0, 3.0, 2.0, 4.0, 3.0, 3.0, 4.0, 4.0, 2.0], "test_losses": [0.6919170022010803, 0.5939382314682007, 1.1658049821853638, 1.128974437713623, 0.054118070751428604, 0.2809649109840393, 1.8312968015670776, 1.4076229333877563, 0.8282651305198669, 0.06851215660572052, 0.14922171831130981, 0.3446093499660492, 1.4974068403244019, 0.13773976266384125, 0.7180212736129761, 0.4533154368400574, 0.687486469745636, 0.9931504726409912, 1.137879729270935, 0.7770009636878967, 1.1622873544692993, 0.2883199453353882, 1.5211303234100342, 0.11687316000461578, 0.6062237620353699, 0.11697191745042801, 0.6150688529014587, 0.7847449779510498, 0.28133201599121094, 1.23976731300354, 0.8677294254302979, 0.4777418375015259, 0.10308912396430969, 0.14498144388198853, 0.5713647603988647, 0.7192718982696533, 0.13690759241580963, 0.07413629442453384, 0.45603740215301514, 0.1489654779434204, 1.0514922142028809, 0.22824539244174957, 0.6426928639411926, 1.1404201984405518, 0.3805946409702301, 0.24254316091537476, 0.08229245245456696, 0.6676766276359558, 0.30874305963516235, 1.19008207321167, 0.9250074028968811, 1.5319596529006958, 0.644157886505127, 0.5181218981742859, 1.2729220390319824, 0.10955233871936798, 0.5086475610733032, 0.5516239404678345, 0.3603169322013855, 0.9488886594772339, 0.32692039012908936, 0.1486610472202301, 0.26903271675109863, 0.10825292021036148, 0.8424890041351318, 0.5884225368499756, 0.44819360971450806, 0.9795463681221008, 0.757805347442627, 0.7166253328323364, 1.7111095190048218, 0.2879525423049927, 0.7009494304656982, 1.1955310106277466, 0.7771209478378296, 0.0935409739613533, 1.274287223815918, 0.16759036481380463, 0.9997942447662354, 0.15735313296318054, 0.540763258934021, 1.117720365524292, 0.32886627316474915, 1.1592172384262085, 1.9000548124313354, 1.8519331216812134, 0.35982367396354675, 0.4481753706932068, 0.37589335441589355, 0.6596068739891052, 0.23727299273014069, 1.324188232421875, 1.5127317905426025, 0.552689254283905, 0.34504666924476624, 0.8007875084877014, 0.6811546087265015, 1.6497223377227783, 0.12933097779750824, 0.12422565370798111, 1.697174310684204, 0.659703254699707, 0.22654032707214355, 0.4830337166786194, 1.062428593635559, 0.8532037734985352, 0.5845632553100586, 0.6656326055526733, 0.3134060204029083, 0.4398677349090576, 0.1443759799003601, 1.4635001420974731, 0.697480320930481, 0.10820804536342621, 0.23962263762950897, 0.28157466650009155, 0.776728630065918, 0.3163542151451111, 0.8986282348632812, 1.0399205684661865, 0.7166881561279297, 0.6646983623504639, 0.21380214393138885, 1.0848883390426636, 1.113984227180481, 1.0759071111679077, 1.011305332183838, 1.2725166082382202, 0.206854909658432, 1.5160541534423828, 0.6518903970718384, 0.1876242756843567, 0.3014531433582306, 0.933846652507782, 0.9615851640701294, 1.3619061708450317, 0.4635428786277771, 1.074754238128662, 0.5821743607521057, 0.8105499744415283, 0.04876915365457535, 1.875503659248352, 1.5947662591934204, 0.6226730942726135, 0.1372075378894806, 0.6250554919242859, 0.8831798434257507, 0.6524791717529297, 0.8582158088684082, 0.2398616224527359, 0.29586538672447205, 0.7254825830459595, 0.2069946825504303, 0.07791338860988617, 0.47596898674964905, 0.8245621919631958, 1.399307370185852, 0.5799282193183899, 0.9905901551246643, 0.37078380584716797, 0.10480065643787384, 0.2502642869949341, 0.3631828725337982], "test_loss": 0.679128131549234, "test_batch_lens": [4, 4, 4, 4, 4, 4, 4, 4, 4, 4, 4, 4, 4, 4, 4, 4, 4, 4, 4, 4, 4, 4, 4, 4, 4, 4, 4, 4, 4, 4, 4, 4, 4, 4, 4, 4, 4, 4, 4, 4, 4, 4, 4, 4, 4, 4, 4, 4, 4, 4, 4, 4, 4, 4, 4, 4, 4, 4, 4, 4, 4, 4, 4, 4, 4, 4, 4, 4, 4, 4, 4, 4, 4, 4, 4, 4, 4, 4, 4, 4, 4, 4, 4, 4, 4, 4, 4, 4, 4, 4, 4, 4, 4, 4, 4, 4, 4, 4, 4, 4, 4, 4, 4, 4, 4, 4, 4, 4, 4, 4, 4, 4, 4, 4, 4, 4, 4, 4, 4, 4, 4, 4, 4, 4, 4, 4, 4, 4, 4, 4, 4, 4, 4, 4, 4, 4, 4, 4, 4, 4, 4, 4, 4, 4, 4, 4, 4, 4, 4, 4, 4, 4, 4, 4, 4, 4, 4, 4, 4, 4, 4, 4, 3], "test_accuracy": 0.7649769585253456, "predictions": [9, 4, 1, 10, 7, 1, 8, 6, 1, 3, 4, 7, 1, 9, 8, 0, 9, 6, 4, 9, 8, 10, 1, 4, 6, 7, 5, 6, 2, 10, 2, 0, 1, 10, 6, 3, 10, 5, 5, 0, 10, 3, 2, 10, 7, 8, 4, 3, 3, 8, 10, 4, 3, 4, 6, 1, 0, 9, 0, 10, 10, 6, 0, 6, 5, 6, 8, 5, 0, 8, 3, 1, 5, 1, 1, 8, 6, 2, 4, 2, 1, 1, 1, 1, 5, 5, 1, 8, 3, 8, 9, 10, 10, 7, 1, 5, 0, 6, 2, 7, 5, 1, 10, 6, 10, 1, 1, 9, 10, 4, 7, 10, 1, 3, 7, 6, 0, 10, 0, 5, 4, 3, 7, 6, 5, 1, 7, 9, 6, 7, 4, 0, 10, 10, 7, 9, 4, 1, 7, 0, 10, 3, 0, 9, 4, 7, 4, 7, 2, 10, 2, 4, 10, 10, 1, 0, 10, 5, 4, 7, 4, 4, 10, 4, 2, 3, 10, 5, 8, 0, 10, 0, 2, 7, 6, 8, 1, 8, 1, 2, 6, 3, 5, 3, 9, 3, 4, 8, 3, 2, 0, 8, 0, 9, 9, 8, 3, 3, 9, 9, 9, 1, 6, 1, 4, 7, 9, 8, 3, 9, 5, 6, 6, 5, 4, 5, 10, 10, 5, 4, 7, 3, 0, 6, 7, 1, 5, 7, 1, 0, 1, 6, 3, 7, 7, 2, 10, 8, 1, 10, 9, 4, 3, 3, 1, 7, 8, 5, 2, 4, 10, 1, 1, 2, 3, 10, 6, 4, 5, 3, 3, 10, 7, 1, 5, 0, 8, 1, 7, 9, 3, 10, 3, 5, 9, 2, 7, 9, 9, 7, 7, 1, 1, 10, 2, 4, 2, 5, 5, 3, 8, 8, 4, 2, 0, 1, 2, 8, 3, 2, 4, 10, 8, 6, 6, 0, 2, 1, 10, 1, 7, 6, 4, 2, 4, 2, 0, 9, 4, 3, 6, 6, 7, 9, 1, 9, 8, 5, 2, 9, 4, 1, 3, 3, 4, 7, 1, 3, 1, 2, 5, 7, 4, 10, 5, 0, 8, 7, 3, 6, 9, 6, 4, 9, 5, 1, 0, 3, 7, 7, 4, 4, 6, 10, 4, 9, 10, 5, 1, 9, 4, 1, 9, 0, 9, 10, 5, 1, 3, 7, 3, 0, 8, 4, 10, 4, 4, 9, 3, 7, 1, 10, 9, 4, 0, 0, 5, 6, 9, 9, 7, 1, 8, 9, 1, 10, 10, 8, 5, 7, 3, 3, 5, 10, 4, 7, 8, 1, 1, 1, 1, 5, 4, 1, 2, 0, 1, 7, 1, 4, 8, 3, 8, 0, 1, 2, 2, 3, 7, 10, 10, 4, 10, 6, 6, 5, 0, 10, 8, 2, 1, 5, 9, 5, 9, 9, 1, 3, 5, 7, 9, 10, 3, 8, 1, 6, 3, 1, 10, 4, 10, 1, 1, 6, 8, 2, 4, 9, 2, 8, 4, 9, 0, 7, 6, 9, 10, 0, 2, 8, 6, 9, 1, 9, 2, 4, 2, 0, 1, 3, 5, 6, 2, 4, 7, 3, 3, 5, 1, 7, 7, 10, 4, 10, 2, 5, 9, 9, 5, 1, 5, 5, 1, 4, 5, 4, 9, 5, 9, 7, 7, 2, 0, 2, 5, 3, 2, 8, 1, 8, 8, 1, 6, 5, 2, 0, 7, 7, 6, 1, 6, 9, 0, 10, 10, 1, 10, 1, 7, 3, 2, 7, 9, 6, 4, 8, 9, 0, 1, 2, 1, 5, 10, 10, 8, 7, 9, 6, 8, 6, 6, 9, 7, 9, 7, 4, 2, 9, 3, 10, 7, 4, 1, 7, 9, 4, 0, 7, 6, 0, 7, 4, 5, 5, 4, 8, 4, 6, 1, 5, 3, 0, 1, 4, 7, 1, 9, 4, 6, 8, 10, 7, 1, 1, 3, 1, 0, 4, 3, 10, 7, 8, 9, 9, 8, 0, 6, 3, 7, 8, 6, 8, 1, 7, 4, 0, 2, 0, 0, 6, 7],