{"val_acc": [0.09216589861751152, 0.08602150537634409, 0.0967741935483871, 0.12749615975422426, 0.09831029185867896, 0.06144393241167435, 0.0706605222734255, 0.0967741935483871, 0.0967741935483871, 0.09831029185867896], "val_loss": [2.39828509787109, 2.396941316639719, 2.399154948310618, 2.3964647588554335, 2.3988118932291043, 2.4019646600711564, 2.398178204436975, 2.3991837443018253, 2.3977084189104887, 2.3989697219403974], "train_loss": [2.399695776806368, 2.398652386199066, 2.398721093832435, 2.398625291490162, 2.398522035282148, 2.3984059521776997, 2.398446300601235, 2.3985124137996183, 2.398437996413146, 2.3984769842284397], "test_correct_in_batch": [1.0, 1.0, 0.0, 1.0, 0.0, 1.0, 0.0, 1.0, 1.0, 0.0, 0.0, 0.0, 0.0, 1.0, 2.0, 1.0, 0.0, 2.0, 2.0, 0.0, 2.0, 1.0, 0.0, 1.0, 1.0, 1.0, 0.0, 1.0, 0.0, 0.0, 0.0, 1.0, 0.0, 0.0, 1.0, 0.0, 0.0, 0.0, 1.0, 0.0, 0.0, 0.0, 0.0, 0.0, 1.0, 0.0, 0.0, 0.0, 0.0, 1.0, 2.0, 0.0, 0.0, 0.0, 0.0, 0.0, 0.0, 2.0, 0.0, 0.0, 0.0, 1.0, 1.0, 1.0, 0.0, 1.0, 2.0, 0.0, 0.0, 0.0, 0.0, 0.0, 0.0, 1.0, 0.0, 0.0, 0.0, 1.0, 0.0, 0.0, 0.0, 1.0, 1.0, 1.0, 1.0, 0.0, 0.0, 0.0, 1.0, 0.0, 0.0, 0.0, 0.0, 0.0, 0.0, 1.0, 0.0, 0.0, 0.0, 0.0, 0.0, 1.0, 0.0, 0.0, 2.0, 1.0, 1.0, 0.0, 0.0, 0.0, 0.0, 0.0, 1.0, 0.0, 1.0, 1.0, 1.0, 1.0, 1.0, 0.0, 0.0, 0.0, 0.0, 0.0, 1.0, 0.0, 0.0, 1.0, 0.0, 1.0, 0.0, 0.0, 0.0, 0.0, 1.0, 1.0, 0.0, 0.0, 0.0, 1.0, 0.0, 0.0, 0.0, 0.0, 0.0, 0.0, 0.0, 0.0, 1.0, 0.0, 0.0, 0.0, 1.0, 2.0, 0.0, 1.0, 1.0, 0.0, 0.0, 0.0, 1.0, 0.0, 0.0], "test_losses": [2.396207571029663, 2.4022164344787598, 2.403501510620117, 2.3945302963256836, 2.384805679321289, 2.3969438076019287, 2.3921287059783936, 2.3875088691711426, 2.3870654106140137, 2.405540704727173, 2.412015199661255, 2.408313035964966, 2.4030656814575195, 2.386603355407715, 2.38604998588562, 2.3812096118927, 2.4059391021728516, 2.3927831649780273, 2.3927831649780273, 2.392881393432617, 2.3939695358276367, 2.3973729610443115, 2.398691177368164, 2.3998634815216064, 2.397862672805786, 2.389509677886963, 2.4099483489990234, 2.396207332611084, 2.4000437259674072, 2.4034335613250732, 2.3960366249084473, 2.3934428691864014, 2.392411470413208, 2.4084625244140625, 2.3868980407714844, 2.411134719848633, 2.399944543838501, 2.399592399597168, 2.4002013206481934, 2.404773712158203, 2.402316093444824, 2.4087882041931152, 2.4010748863220215, 2.402919292449951, 2.3949737548828125, 2.402801752090454, 2.4030656814575195, 2.4031624794006348, 2.398716449737549, 2.3953657150268555, 2.3805065155029297, 2.4026036262512207, 2.3956315517425537, 2.3979291915893555, 2.4039459228515625, 2.4000437259674072, 2.406421184539795, 2.3768815994262695, 2.4096689224243164, 2.4099230766296387, 2.404252052307129, 2.3994264602661133, 2.392590045928955, 2.4002223014831543, 2.3956315517425537, 2.403839588165283, 2.3888068199157715, 2.4151957035064697, 2.4039976596832275, 2.408039093017578, 2.403655767440796, 2.3963654041290283, 2.4090800285339355, 2.388237476348877, 2.4060511589050293, 2.397209644317627, 2.394503593444824, 2.3915631771087646, 2.3968276977539062, 2.3994407653808594, 2.3921449184417725, 2.400162696838379, 2.38616943359375, 2.39577054977417, 2.3935089111328125, 2.4075944423675537, 2.404367446899414, 2.386869430541992, 2.3877334594726562, 2.41402268409729, 2.390763998031616, 2.4055352210998535, 2.392411470413208, 2.4023470878601074, 2.40834379196167, 2.399785280227661, 2.3910796642303467, 2.4027915000915527, 2.3946290016174316, 2.3884615898132324, 2.3957624435424805, 2.4010367393493652, 2.4131555557250977, 2.405235767364502, 2.3884291648864746, 2.390091896057129, 2.3949737548828125, 2.4090495109558105, 2.4075164794921875, 2.410841941833496, 2.39764666557312, 2.390820026397705, 2.39261531829834, 2.3935680389404297, 2.4006128311157227, 2.3974061012268066, 2.3930492401123047, 2.392590045928955, 2.394245147705078, 2.400719165802002, 2.397980213165283, 2.389256000518799, 2.392881155014038, 2.403959274291992, 2.401700496673584, 2.3919756412506104, 2.402801752090454, 2.3990283012390137, 2.401155948638916, 2.396636486053467, 2.3950021266937256, 2.396299362182617, 2.402498722076416, 2.4010705947875977, 2.39261531829834, 2.3969690799713135, 2.3996100425720215, 2.3801612854003906, 2.4111204147338867, 2.3969569206237793, 2.3921449184417725, 2.403963565826416, 2.407601833343506, 2.4096555709838867, 2.3861448764801025, 2.3900530338287354, 2.4011430740356445, 2.4094996452331543, 2.3929805755615234, 2.406322479248047, 2.4015469551086426, 2.3856828212738037, 2.397724151611328, 2.3844146728515625, 2.379699230194092, 2.3990283012390137, 2.391709804534912, 2.4151957035064697, 2.392270565032959, 2.410405158996582, 2.3911263942718506, 2.39625883102417, 2.3985402584075928], "test_loss": 2.398099502902821, "test_batch_lens": [4, 4, 4, 4, 4, 4, 4, 4, 4, 4, 4, 4, 4, 4, 4, 4, 4, 4, 4, 4, 4, 4, 4, 4, 4, 4, 4, 4, 4, 4, 4, 4, 4, 4, 4, 4, 4, 4, 4, 4, 4, 4, 4, 4, 4, 4, 4, 4, 4, 4, 4, 4, 4, 4, 4, 4, 4, 4, 4, 4, 4, 4, 4, 4, 4, 4, 4, 4, 4, 4, 4, 4, 4, 4, 4, 4, 4, 4, 4, 4, 4, 4, 4, 4, 4, 4, 4, 4, 4, 4, 4, 4, 4, 4, 4, 4, 4, 4, 4, 4, 4, 4, 4, 4, 4, 4, 4, 4, 4, 4, 4, 4, 4, 4, 4, 4, 4, 4, 4, 4, 4, 4, 4, 4, 4, 4, 4, 4, 4, 4, 4, 4, 4, 4, 4, 4, 4, 4, 4, 4, 4, 4, 4, 4, 4, 4, 4, 4, 4, 4, 4, 4, 4, 4, 4, 4, 4, 4, 4, 4, 4, 4, 3], "test_accuracy": 0.10445468509984639, "predictions": [1, 1, 1, 1, 1, 1, 1, 1, 1, 1, 1, 1, 1, 1, 1, 1, 1, 1, 1, 1, 1, 1, 1, 1, 1, 1, 1, 1, 1, 1, 1, 1, 1, 1, 1, 1, 1, 1, 1, 1, 1, 1, 1, 1, 1, 1, 1, 1, 1, 1, 1, 1, 1, 1, 1, 1, 1, 1, 1, 1, 1, 1, 1, 1, 1, 1, 1, 1, 1, 1, 1, 1, 1, 1, 1, 1, 1, 1, 1, 1, 1, 1, 1, 1, 1, 1, 1, 1, 1, 1, 1, 1, 1, 1, 1, 1, 1, 1, 1, 1, 1, 1, 1, 1, 1, 1, 1, 1, 1, 1, 1, 1, 1, 1, 1, 1, 1, 1, 1, 1, 1, 1, 1, 1, 1, 1, 1, 1, 1, 1, 1, 1, 1, 1, 1, 1, 1, 1, 1, 1, 1, 1, 1, 1, 1, 1, 1, 1, 1, 1, 1, 1, 1, 1, 1, 1, 1, 1, 1, 1, 1, 1, 1, 1, 1, 1, 1, 1, 1, 1, 1, 1, 1, 1, 1, 1, 1, 1, 1, 1, 1, 1, 1, 1, 1, 1, 1, 1, 1, 1, 1, 1, 1, 1, 1, 1, 1, 1, 1, 1, 1, 1, 1, 1, 1, 1, 1, 1, 1, 1, 1, 1, 1, 1, 1, 1, 1, 1, 1, 1, 1, 1, 1, 1, 1, 1, 1, 1, 1, 1, 1, 1, 1, 1, 1, 1, 1, 1, 1, 1, 1, 1, 1, 1, 1, 1, 1, 1, 1, 1, 1, 1, 1, 1, 1, 1, 1, 1, 1, 1, 1, 1, 1, 1, 1, 1, 1, 1, 1, 1, 1, 1, 1, 1, 1, 1, 1, 1, 1, 1, 1, 1, 1, 1, 1, 1, 1, 1, 1, 1, 1, 1, 1, 1, 1, 1, 1, 1, 1, 1, 1, 1, 1, 1, 1, 1, 1, 1, 1, 1, 1, 1, 1, 1, 1, 1, 1, 1, 1, 1, 1, 1, 1, 1, 1, 1, 1, 1, 1, 1, 1, 1, 1, 1, 1, 1, 1, 1, 1, 1, 1, 1, 1, 1, 1, 1, 1, 1, 1, 1, 1, 1, 1, 1, 1, 1, 1, 1, 1, 1, 1, 1, 1, 1, 1, 1, 1, 1, 1, 1, 1, 1, 1, 1, 1, 1, 1, 1, 1, 1, 1, 1, 1, 1, 1, 1, 1, 1, 1, 1, 1, 1, 1, 1, 1, 1, 1, 1, 1, 1, 1, 1, 1, 1, 1, 1, 1, 1, 1, 1, 1, 1, 1, 1, 1, 1, 1, 1, 1, 1, 1, 1, 1, 1, 1, 1, 1, 1, 1, 1, 1, 1, 1, 1, 1, 1, 1, 1, 1, 1, 1, 1, 1, 1, 1, 1, 1, 1, 1, 1, 1, 1, 1, 1, 1, 1, 1, 1, 1, 1, 1, 1, 1, 1, 1, 1, 1, 1, 1, 1, 1, 1, 1, 1, 1, 1, 1, 1, 1, 1, 1, 1, 1, 1, 1, 1, 1, 1, 1, 1, 1, 1, 1, 1, 1, 1, 1, 1, 1, 1, 1, 1, 1, 1, 1, 1, 1, 1, 1, 1, 1, 1, 1, 1, 1, 1, 1, 1, 1, 1, 1, 1, 1, 1, 1, 1, 1, 1, 1, 1, 1, 1, 1, 1, 1, 1, 1, 1, 1, 1, 1, 1, 1, 1, 1, 1, 1, 1, 1, 1, 1, 1, 1, 1, 1, 1, 1, 1, 1, 1, 1, 1, 1, 1, 1, 1, 1, 1, 1, 1, 1, 1, 1, 1, 1, 1, 1, 1, 1, 1, 1, 1, 1, 1, 1, 1, 1, 1, 1, 1, 1, 1, 1, 1, 1, 1, 1, 1, 1, 1, 1, 1, 1, 1, 1, 1, 1, 1, 1, 1, 1, 1, 1, 1, 1, 1, 1, 1, 1, 1, 1, 1, 1, 1, 1, 1, 1, 1, 1, 1, 1, 1, 1, 1, 1, 1, 1, 1, 1, 1, 1, 1, 1, 1, 1, 1, 1, 1, 1, 1, 1],