{"val_acc": [0.0967741935483871, 0.07987711213517665, 0.0967741935483871, 0.0706605222734255, 0.10445468509984639, 0.09831029185867896, 0.08602150537634409, 0.08602150537634409, 0.0706605222734255, 0.0967741935483871], "val_loss": [2.400070608759219, 2.3987409571197134, 2.3980507236316893, 2.397775761188905, 2.3974484417336117, 2.3990468452313194, 2.3994672532461903, 2.400740401145139, 2.399489162889726, 2.3992801297661717], "train_loss": [2.399595268596947, 2.3987782454286424, 2.398664324391884, 2.398551788895778, 2.3983568134418842, 2.398458121723479, 2.3985072200356496, 2.3984245282874963, 2.398513262233731, 2.398469953520032], "test_correct_in_batch": [1.0, 0.0, 0.0, 0.0, 0.0, 1.0, 0.0, 0.0, 0.0, 1.0, 2.0, 0.0, 0.0, 0.0, 1.0, 1.0, 0.0, 0.0, 0.0, 0.0, 0.0, 0.0, 1.0, 1.0, 0.0, 1.0, 1.0, 1.0, 0.0, 0.0, 0.0, 0.0, 0.0, 2.0, 0.0, 1.0, 0.0, 1.0, 2.0, 1.0, 1.0, 1.0, 0.0, 1.0, 0.0, 0.0, 0.0, 0.0, 0.0, 0.0, 0.0, 0.0, 0.0, 0.0, 1.0, 0.0, 0.0, 0.0, 0.0, 2.0, 0.0, 0.0, 1.0, 1.0, 0.0, 1.0, 0.0, 1.0, 0.0, 0.0, 1.0, 0.0, 0.0, 0.0, 0.0, 1.0, 0.0, 1.0, 0.0, 0.0, 0.0, 0.0, 0.0, 0.0, 0.0, 1.0, 0.0, 0.0, 0.0, 0.0, 1.0, 0.0, 0.0, 1.0, 0.0, 0.0, 0.0, 0.0, 0.0, 0.0, 0.0, 2.0, 0.0, 1.0, 0.0, 0.0, 0.0, 0.0, 0.0, 1.0, 2.0, 0.0, 0.0, 0.0, 0.0, 1.0, 0.0, 1.0, 0.0, 0.0, 0.0, 0.0, 0.0, 0.0, 0.0, 0.0, 0.0, 1.0, 1.0, 0.0, 0.0, 0.0, 0.0, 0.0, 0.0, 0.0, 0.0, 0.0, 1.0, 0.0, 0.0, 0.0, 1.0, 1.0, 0.0, 0.0, 0.0, 0.0, 0.0, 0.0, 0.0, 0.0, 0.0, 0.0, 0.0, 1.0, 0.0, 1.0, 0.0, 0.0, 0.0, 0.0, 0.0], "test_losses": [2.401737689971924, 2.4145359992980957, 2.404625415802002, 2.392709970474243, 2.384521484375, 2.401200771331787, 2.3969364166259766, 2.4030728340148926, 2.3918778896331787, 2.3936007022857666, 2.389991283416748, 2.4093635082244873, 2.3994593620300293, 2.3984034061431885, 2.39341402053833, 2.385718822479248, 2.410200595855713, 2.4091460704803467, 2.4091460704803467, 2.3949666023254395, 2.4055542945861816, 2.41062593460083, 2.3847646713256836, 2.40289306640625, 2.412771701812744, 2.3931941986083984, 2.3923447132110596, 2.401737689971924, 2.3947134017944336, 2.390270709991455, 2.4037935733795166, 2.403481960296631, 2.395463466644287, 2.386516809463501, 2.3934600353240967, 2.3887526988983154, 2.4106504917144775, 2.3989334106445312, 2.385756254196167, 2.4013123512268066, 2.393094539642334, 2.398261070251465, 2.389233112335205, 2.396678924560547, 2.403904914855957, 2.397228240966797, 2.39945912361145, 2.3998098373413086, 2.388195276260376, 2.399353265762329, 2.403576135635376, 2.405984878540039, 2.3914523124694824, 2.407280921936035, 2.400697708129883, 2.3947136402130127, 2.406317710876465, 2.3952460289001465, 2.410978078842163, 2.388913631439209, 2.395867347717285, 2.4128494262695312, 2.3994364738464355, 2.398686408996582, 2.3914525508880615, 2.4009876251220703, 2.4110512733459473, 2.4022488594055176, 2.4064533710479736, 2.4033749103546143, 2.39614200592041, 2.407203197479248, 2.4016520977020264, 2.3965072631835938, 2.408676862716675, 2.3933000564575195, 2.396541118621826, 2.3954176902770996, 2.400677442550659, 2.3911292552948, 2.395503520965576, 2.4123127460479736, 2.4000253677368164, 2.411694288253784, 2.4110074043273926, 2.395824432373047, 2.4040942192077637, 2.3905029296875, 2.4001030921936035, 2.4127423763275146, 2.390458106994629, 2.4042062759399414, 2.395463466644287, 2.3859200477600098, 2.402189016342163, 2.4086430072784424, 2.398444652557373, 2.393470525741577, 2.3863911628723145, 2.385676860809326, 2.3978047370910645, 2.392399787902832, 2.4069271087646484, 2.3947865962982178, 2.407381772994995, 2.4011409282684326, 2.403904914855957, 2.4088268280029297, 2.4015743732452393, 2.400484561920166, 2.3833436965942383, 2.386714458465576, 2.402867317199707, 2.3854713439941406, 2.409257650375366, 2.3946750164031982, 2.401245355606079, 2.3994364738464355, 2.410470485687256, 2.4089677333831787, 2.3887321949005127, 2.386636734008789, 2.3949666023254395, 2.407599449157715, 2.3984856605529785, 2.3902974128723145, 2.397228240966797, 2.396249771118164, 2.3990111351013184, 2.411162853240967, 2.39955997467041, 2.3996777534484863, 2.4052023887634277, 2.3987324237823486, 2.402867317199707, 2.4046316146850586, 2.3963353633880615, 2.378201484680176, 2.3969738483428955, 2.408102512359619, 2.395503520965576, 2.398099899291992, 2.401853084564209, 2.404076337814331, 2.387568950653076, 2.394425868988037, 2.403587818145752, 2.4057717323303223, 2.4100074768066406, 2.399137496948242, 2.4095821380615234, 2.394094705581665, 2.400390863418579, 2.410433053970337, 2.3847270011901855, 2.396249771118164, 2.398198127746582, 2.4022488594055176, 2.3853535652160645, 2.4104411602020264, 2.405374050140381, 2.3939943313598633, 2.4037601947784424], "test_loss": 2.3991383087415636, "test_batch_lens": [4, 4, 4, 4, 4, 4, 4, 4, 4, 4, 4, 4, 4, 4, 4, 4, 4, 4, 4, 4, 4, 4, 4, 4, 4, 4, 4, 4, 4, 4, 4, 4, 4, 4, 4, 4, 4, 4, 4, 4, 4, 4, 4, 4, 4, 4, 4, 4, 4, 4, 4, 4, 4, 4, 4, 4, 4, 4, 4, 4, 4, 4, 4, 4, 4, 4, 4, 4, 4, 4, 4, 4, 4, 4, 4, 4, 4, 4, 4, 4, 4, 4, 4, 4, 4, 4, 4, 4, 4, 4, 4, 4, 4, 4, 4, 4, 4, 4, 4, 4, 4, 4, 4, 4, 4, 4, 4, 4, 4, 4, 4, 4, 4, 4, 4, 4, 4, 4, 4, 4, 4, 4, 4, 4, 4, 4, 4, 4, 4, 4, 4, 4, 4, 4, 4, 4, 4, 4, 4, 4, 4, 4, 4, 4, 4, 4, 4, 4, 4, 4, 4, 4, 4, 4, 4, 4, 4, 4, 4, 4, 4, 4, 3], "test_accuracy": 0.07680491551459294, "predictions": [10, 10, 10, 10, 10, 10, 10, 10, 10, 10, 10, 10, 10, 10, 10, 10, 10, 10, 10, 10, 10, 10, 10, 10, 10, 10, 10, 10, 10, 10, 10, 10, 10, 10, 10, 10, 10, 10, 10, 10, 10, 10, 10, 10, 10, 10, 10, 10, 10, 10, 10, 10, 10, 10, 10, 10, 10, 10, 10, 10, 10, 10, 10, 10, 10, 10, 10, 10, 10, 10, 10, 10, 10, 10, 10, 10, 10, 10, 10, 10, 10, 10, 10, 10, 10, 10, 10, 10, 10, 10, 10, 10, 10, 10, 10, 10, 10, 10, 10, 10, 10, 10, 10, 10, 10, 10, 10, 10, 10, 10, 10, 10, 10, 10, 10, 10, 10, 10, 10, 10, 10, 10, 10, 10, 10, 10, 10, 10, 10, 10, 10, 10, 10, 10, 10, 10, 10, 10, 10, 10, 10, 10, 10, 10, 10, 10, 10, 10, 10, 10, 10, 10, 10, 10, 10, 10, 10, 10, 10, 10, 10, 10, 10, 10, 10, 10, 10, 10, 10, 10, 10, 10, 10, 10, 10, 10, 10, 10, 10, 10, 10, 10, 10, 10, 10, 10, 10, 10, 10, 10, 10, 10, 10, 10, 10, 10, 10, 10, 10, 10, 10, 10, 10, 10, 10, 10, 10, 10, 10, 10, 10, 10, 10, 10, 10, 10, 10, 10, 10, 10, 10, 10, 10, 10, 10, 10, 10, 10, 10, 10, 10, 10, 10, 10, 10, 10, 10, 10, 10, 10, 10, 10, 10, 10, 10, 10, 10, 10, 10, 10, 10, 10, 10, 10, 10, 10, 10, 10, 10, 10, 10, 10, 10, 10, 10, 10, 10, 10, 10, 10, 10, 10, 10, 10, 10, 10, 10, 10, 10, 10, 10, 10, 10, 10, 10, 10, 10, 10, 10, 10, 10, 10, 10, 10, 10, 10, 10, 10, 10, 10, 10, 10, 10, 10, 10, 10, 10, 10, 10, 10, 10, 10, 10, 10, 10, 10, 10, 10, 10, 10, 10, 10, 10, 10, 10, 10, 10, 10, 10, 10, 10, 10, 10, 10, 10, 10, 10, 10, 10, 10, 10, 10, 10, 10, 10, 10, 10, 10, 10, 10, 10, 10, 10, 10, 10, 10, 10, 10, 10, 10, 10, 10, 10, 10, 10, 10, 10, 10, 10, 10, 10, 10, 10, 10, 10, 10, 10, 10, 10, 10, 10, 10, 10, 10, 10, 10, 10, 10, 10, 10, 10, 10, 10, 10, 10, 10, 10, 10, 10, 10, 10, 10, 10, 10, 10, 10, 10, 10, 10, 10, 10, 10, 10, 10, 10, 10, 10, 10, 10, 10, 10, 10, 10, 10, 10, 10, 10, 10, 10, 10, 10, 10, 10, 10, 10, 10, 10, 10, 10, 10, 10, 10, 10, 10, 10, 10, 10, 10, 10, 10, 10, 10, 10, 10, 10, 10, 10, 10, 10, 10, 10, 10, 10, 10, 10, 10, 10, 10, 10, 10, 10, 10, 10, 10, 10, 10, 10, 10, 10, 10, 10, 10, 10, 10, 10, 10, 10, 10, 10, 10, 10, 10, 10, 10, 10, 10, 10, 10, 10, 10, 10, 10, 10, 10, 10, 10, 10, 10, 10, 10, 10, 10, 10, 10, 10, 10, 10, 10, 10, 10, 10, 10, 10, 10, 10, 10, 10, 10, 10, 10, 10, 10, 10, 10, 10, 10, 10, 10, 10, 10, 10, 10, 10, 10, 10, 10, 10, 10, 10, 10, 10, 10, 10, 10, 10, 10, 10, 10, 10, 10, 10, 10, 10, 10, 10, 10, 10, 10, 10, 10, 10, 10, 10, 10, 10, 10, 10, 10, 10, 10, 10, 10, 10, 10, 10, 10, 10, 10, 10, 10, 10, 10, 10, 10, 10, 10, 10, 10, 10, 10, 10, 10, 10, 10, 10, 10, 10, 10, 10, 10, 10, 10, 10, 10, 10, 10, 10, 10, 10, 10, 10, 10, 10, 10, 10, 10, 10, 10, 10, 10, 10, 10, 10, 10, 10, 10, 10, 10, 10, 10, 10, 10, 10, 10, 10, 10, 10, 10, 10, 10, 10],