{"val_acc": [0.12749615975422426, 0.09216589861751152, 0.09831029185867896, 0.09216589861751152, 0.06144393241167435, 0.09216589861751152, 0.10445468509984639, 0.08602150537634409, 0.0706605222734255, 0.09216589861751152], "val_loss": [2.395012255826611, 2.3970468760999433, 2.398491967675145, 2.397711026887952, 2.403078365911004, 2.398724476983942, 2.399536593560061, 2.398033675971938, 2.402201879243909, 2.3984565413071333], "train_loss": [2.3991973714179555, 2.3986512629304118, 2.398944700132265, 2.3985106936945404, 2.398554932344744, 2.3984948739455207, 2.398420098410952, 2.3985291059517757, 2.398379672955133, 2.3984627794213647], "test_correct_in_batch": [1.0, 0.0, 1.0, 0.0, 1.0, 1.0, 0.0, 0.0, 0.0, 0.0, 0.0, 1.0, 1.0, 1.0, 0.0, 0.0, 0.0, 0.0, 0.0, 0.0, 0.0, 0.0, 1.0, 0.0, 0.0, 0.0, 0.0, 1.0, 0.0, 0.0, 1.0, 0.0, 1.0, 0.0, 1.0, 0.0, 2.0, 1.0, 0.0, 1.0, 1.0, 0.0, 0.0, 0.0, 0.0, 0.0, 1.0, 0.0, 0.0, 0.0, 0.0, 2.0, 0.0, 1.0, 1.0, 0.0, 0.0, 0.0, 0.0, 1.0, 1.0, 0.0, 1.0, 0.0, 0.0, 0.0, 0.0, 0.0, 0.0, 0.0, 0.0, 1.0, 0.0, 0.0, 0.0, 1.0, 0.0, 0.0, 0.0, 1.0, 0.0, 0.0, 1.0, 1.0, 0.0, 0.0, 0.0, 1.0, 1.0, 0.0, 2.0, 0.0, 1.0, 0.0, 0.0, 0.0, 2.0, 0.0, 1.0, 0.0, 0.0, 0.0, 0.0, 0.0, 0.0, 1.0, 0.0, 1.0, 0.0, 0.0, 1.0, 0.0, 0.0, 0.0, 0.0, 0.0, 0.0, 1.0, 0.0, 1.0, 0.0, 0.0, 0.0, 1.0, 0.0, 1.0, 0.0, 0.0, 1.0, 0.0, 2.0, 1.0, 0.0, 1.0, 0.0, 0.0, 0.0, 0.0, 0.0, 1.0, 0.0, 0.0, 0.0, 0.0, 0.0, 1.0, 1.0, 1.0, 1.0, 0.0, 1.0, 1.0, 0.0, 1.0, 1.0, 0.0, 1.0, 0.0, 1.0, 0.0, 0.0, 1.0, 0.0], "test_losses": [2.3990769386291504, 2.409210681915283, 2.4024367332458496, 2.406116247177124, 2.4061694145202637, 2.391505002975464, 2.409090280532837, 2.4023690223693848, 2.408322811126709, 2.388735055923462, 2.3786978721618652, 2.3944358825683594, 2.3914127349853516, 2.3979263305664062, 2.406792640686035, 2.4096953868865967, 2.3852109909057617, 2.402493476867676, 2.402493476867676, 2.402026891708374, 2.3984572887420654, 2.3939476013183594, 2.395127773284912, 2.4010791778564453, 2.4037697315216064, 2.3996784687042236, 2.3929738998413086, 2.3990769386291504, 2.410419464111328, 2.4086415767669678, 2.4046435356140137, 2.409914255142212, 2.4086081981658936, 2.400296211242676, 2.4043049812316895, 2.3889377117156982, 2.4001965522766113, 2.375731945037842, 2.39703106880188, 2.3903403282165527, 2.391162872314453, 2.379138469696045, 2.4092259407043457, 2.40620493888855, 2.4001624584198, 2.391000747680664, 2.3914127349853516, 2.385793924331665, 2.4098103046417236, 2.398305892944336, 2.412701368331909, 2.381016254425049, 2.3995859622955322, 2.377768039703369, 2.3811728954315186, 2.410419464111328, 2.412010669708252, 2.416666030883789, 2.402414321899414, 2.378291368484497, 2.387376308441162, 2.405364990234375, 2.386064052581787, 2.3878753185272217, 2.3995862007141113, 2.400888204574585, 2.402684211730957, 2.3959970474243164, 2.377983808517456, 2.4124042987823486, 2.398632526397705, 2.3761725425720215, 2.3928303718566895, 2.4117748737335205, 2.3894011974334717, 2.3927853107452393, 2.4090147018432617, 2.4110960960388184, 2.386569023132324, 2.3953776359558105, 2.4095990657806396, 2.3977932929992676, 2.3948991298675537, 2.4033632278442383, 2.3983287811279297, 2.4001526832580566, 2.4005932807922363, 2.3992066383361816, 2.3964946269989014, 2.4078550338745117, 2.3869376182556152, 2.3974509239196777, 2.4086081981658936, 2.397129535675049, 2.400402545928955, 2.3921613693237305, 2.3841605186462402, 2.40938138961792, 2.403378486633301, 2.4081714153289795, 2.422611951828003, 2.389220714569092, 2.3924014568328857, 2.4007368087768555, 2.397052526473999, 2.3959105014801025, 2.4001624584198, 2.3868637084960938, 2.391234874725342, 2.3905558586120605, 2.3884990215301514, 2.4075870513916016, 2.4007465839385986, 2.4065489768981934, 2.4013288021087646, 2.4019014835357666, 2.403773784637451, 2.386064052581787, 2.390756845474243, 2.381613254547119, 2.41738224029541, 2.405991554260254, 2.402026891708374, 2.3889949321746826, 2.397531032562256, 2.3975841999053955, 2.391000747680664, 2.4088892936706543, 2.3773274421691895, 2.401519775390625, 2.38517165184021, 2.3877577781677246, 2.4109995365142822, 2.385387420654297, 2.4007465839385986, 2.4061877727508545, 2.4073922634124756, 2.4181883335113525, 2.396426200866699, 2.399326801300049, 2.4095990657806396, 2.4128332138061523, 2.3831748962402344, 2.39459228515625, 2.4136393070220947, 2.4091925621032715, 2.4030210971832275, 2.39039945602417, 2.39951753616333, 2.4122488498687744, 2.3907809257507324, 2.403242826461792, 2.397721529006958, 2.408254384994507, 2.40779185295105, 2.4088892936706543, 2.39630389213562, 2.3959970474243164, 2.4039626121520996, 2.3948421478271484, 2.415382146835327, 2.393388509750366, 2.415072202682495], "test_loss": 2.398827340705263, "test_batch_lens": [4, 4, 4, 4, 4, 4, 4, 4, 4, 4, 4, 4, 4, 4, 4, 4, 4, 4, 4, 4, 4, 4, 4, 4, 4, 4, 4, 4, 4, 4, 4, 4, 4, 4, 4, 4, 4, 4, 4, 4, 4, 4, 4, 4, 4, 4, 4, 4, 4, 4, 4, 4, 4, 4, 4, 4, 4, 4, 4, 4, 4, 4, 4, 4, 4, 4, 4, 4, 4, 4, 4, 4, 4, 4, 4, 4, 4, 4, 4, 4, 4, 4, 4, 4, 4, 4, 4, 4, 4, 4, 4, 4, 4, 4, 4, 4, 4, 4, 4, 4, 4, 4, 4, 4, 4, 4, 4, 4, 4, 4, 4, 4, 4, 4, 4, 4, 4, 4, 4, 4, 4, 4, 4, 4, 4, 4, 4, 4, 4, 4, 4, 4, 4, 4, 4, 4, 4, 4, 4, 4, 4, 4, 4, 4, 4, 4, 4, 4, 4, 4, 4, 4, 4, 4, 4, 4, 4, 4, 4, 4, 4, 4, 3], "test_accuracy": 0.09523809523809523, "predictions": [4, 4, 4, 4, 4, 4, 4, 4, 4, 4, 4, 4, 4, 4, 4, 4, 4, 4, 4, 4, 4, 4, 4, 4, 4, 4, 4, 4, 4, 4, 4, 4, 4, 4, 4, 4, 4, 4, 4, 4, 4, 4, 4, 4, 4, 4, 4, 4, 4, 4, 4, 4, 4, 4, 4, 4, 4, 4, 4, 4, 4, 4, 4, 4, 4, 4, 4, 4, 4, 4, 4, 4, 4, 4, 4, 4, 4, 4, 4, 4, 4, 4, 4, 4, 4, 4, 4, 4, 4, 4, 4, 4, 4, 4, 4, 4, 4, 4, 4, 4, 4, 4, 4, 4, 4, 4, 4, 4, 4, 4, 4, 4, 4, 4, 4, 4, 4, 4, 4, 4, 4, 4, 4, 4, 4, 4, 4, 4, 4, 4, 4, 4, 4, 4, 4, 4, 4, 4, 4, 4, 4, 4, 4, 4, 4, 4, 4, 4, 4, 4, 4, 4, 4, 4, 4, 4, 4, 4, 4, 4, 4, 4, 4, 4, 4, 4, 4, 4, 4, 4, 4, 4, 4, 4, 4, 4, 4, 4, 4, 4, 4, 4, 4, 4, 4, 4, 4, 4, 4, 4, 4, 4, 4, 4, 4, 4, 4, 4, 4, 4, 4, 4, 4, 4, 4, 4, 4, 4, 4, 4, 4, 4, 4, 4, 4, 4, 4, 4, 4, 4, 4, 4, 4, 4, 4, 4, 4, 4, 4, 4, 4, 4, 4, 4, 4, 4, 4, 4, 4, 4, 4, 4, 4, 4, 4, 4, 4, 4, 4, 4, 4, 4, 4, 4, 4, 4, 4, 4, 4, 4, 4, 4, 4, 4, 4, 4, 4, 4, 4, 4, 4, 4, 4, 4, 4, 4, 4, 4, 4, 4, 4, 4, 4, 4, 4, 4, 4, 4, 4, 4, 4, 4, 4, 4, 4, 4, 4, 4, 4, 4, 4, 4, 4, 4, 4, 4, 4, 4, 4, 4, 4, 4, 4, 4, 4, 4, 4, 4, 4, 4, 4, 4, 4, 4, 4, 4, 4, 4, 4, 4, 4, 4, 4, 4, 4, 4, 4, 4, 4, 4, 4, 4, 4, 4, 4, 4, 4, 4, 4, 4, 4, 4, 4, 4, 4, 4, 4, 4, 4, 4, 4, 4, 4, 4, 4, 4, 4, 4, 4, 4, 4, 4, 4, 4, 4, 4, 4, 4, 4, 4, 4, 4, 4, 4, 4, 4, 4, 4, 4, 4, 4, 4, 4, 4, 4, 4, 4, 4, 4, 4, 4, 4, 4, 4, 4, 4, 4, 4, 4, 4, 4, 4, 4, 4, 4, 4, 4, 4, 4, 4, 4, 4, 4, 4, 4, 4, 4, 4, 4, 4, 4, 4, 4, 4, 4, 4, 4, 4, 4, 4, 4, 4, 4, 4, 4, 4, 4, 4, 4, 4, 4, 4, 4, 4, 4, 4, 4, 4, 4, 4, 4, 4, 4, 4, 4, 4, 4, 4, 4, 4, 4, 4, 4, 4, 4, 4, 4, 4, 4, 4, 4, 4, 4, 4, 4, 4, 4, 4, 4, 4, 4, 4, 4, 4, 4, 4, 4, 4, 4, 4, 4, 4, 4, 4, 4, 4, 4, 4, 4, 4, 4, 4, 4, 4, 4, 4, 4, 4, 4, 4, 4, 4, 4, 4, 4, 4, 4, 4, 4, 4, 4, 4, 4, 4, 4, 4, 4, 4, 4, 4, 4, 4, 4, 4, 4, 4, 4, 4, 4, 4, 4, 4, 4, 4, 4, 4, 4, 4, 4, 4, 4, 4, 4, 4, 4, 4, 4, 4, 4, 4, 4, 4, 4, 4, 4, 4, 4, 4, 4, 4, 4, 4, 4, 4, 4, 4, 4, 4, 4, 4, 4, 4, 4, 4, 4, 4, 4, 4, 4, 4, 4, 4, 4, 4, 4, 4, 4, 4, 4, 4, 4, 4, 4, 4, 4, 4, 4, 4, 4, 4, 4, 4, 4, 4, 4, 4, 4, 4, 4, 4, 4, 4, 4, 4, 4, 4, 4, 4, 4, 4, 4, 4, 4, 4, 4, 4, 4, 4, 4, 4, 4],