{"val_acc": [0.6405529953917051, 0.728110599078341, 0.783410138248848, 0.8079877112135176, 0.8310291858678955, 0.8218125960061444, 0.858678955453149, 0.8602150537634409, 0.8740399385560675, 0.8556067588325653], "val_loss": [1.0849429595689832, 0.7750157164009802, 0.6576211823184798, 0.5858904956468592, 0.49038624608077885, 0.5436438409971541, 0.43352788522770985, 0.4303540205354431, 0.3962169101096095, 0.4245062451923917], "train_loss": [1.6828576327189118, 0.9767793729264276, 0.7570447853220112, 0.6530657633464692, 0.5801203908534676, 0.5167421852372447, 0.4915960242158771, 0.44804187636770226, 0.4276067985618989, 0.4057634867833804], "test_correct_in_batch": [4.0, 4.0, 3.0, 3.0, 4.0, 4.0, 3.0, 2.0, 4.0, 4.0, 4.0, 4.0, 2.0, 4.0, 4.0, 3.0, 3.0, 4.0, 2.0, 4.0, 4.0, 4.0, 2.0, 4.0, 4.0, 4.0, 4.0, 3.0, 3.0, 4.0, 1.0, 4.0, 4.0, 4.0, 4.0, 4.0, 4.0, 4.0, 4.0, 4.0, 3.0, 4.0, 3.0, 4.0, 3.0, 4.0, 4.0, 3.0, 4.0, 4.0, 3.0, 2.0, 4.0, 4.0, 3.0, 3.0, 4.0, 4.0, 4.0, 3.0, 4.0, 4.0, 2.0, 4.0, 4.0, 3.0, 4.0, 2.0, 3.0, 3.0, 2.0, 4.0, 4.0, 4.0, 4.0, 3.0, 4.0, 4.0, 2.0, 4.0, 4.0, 4.0, 4.0, 4.0, 3.0, 3.0, 4.0, 4.0, 4.0, 2.0, 4.0, 3.0, 2.0, 4.0, 4.0, 4.0, 4.0, 2.0, 4.0, 4.0, 2.0, 3.0, 4.0, 4.0, 3.0, 4.0, 3.0, 4.0, 3.0, 4.0, 4.0, 3.0, 4.0, 4.0, 3.0, 4.0, 3.0, 3.0, 4.0, 3.0, 3.0, 1.0, 4.0, 3.0, 3.0, 4.0, 3.0, 3.0, 4.0, 3.0, 4.0, 3.0, 4.0, 3.0, 4.0, 3.0, 4.0, 3.0, 3.0, 2.0, 4.0, 4.0, 3.0, 3.0, 4.0, 3.0, 4.0, 3.0, 4.0, 4.0, 3.0, 4.0, 4.0, 4.0, 4.0, 4.0, 4.0, 4.0, 3.0, 4.0, 4.0, 4.0, 3.0], "test_losses": [0.01852409541606903, 0.13501867651939392, 1.0353803634643555, 0.7840740084648132, 0.040809959173202515, 0.2227664589881897, 1.3047053813934326, 1.4241421222686768, 0.41627630591392517, 0.053440988063812256, 0.06131073087453842, 0.11653675138950348, 1.6461464166641235, 0.03398517891764641, 0.11250358819961548, 1.4398601055145264, 0.5018803477287292, 0.5274575352668762, 1.3498432636260986, 0.1875087320804596, 0.0637378916144371, 0.11961416900157928, 0.7276647090911865, 0.026462726294994354, 0.30744749307632446, 0.05058867111802101, 0.05494808405637741, 0.6951385140419006, 0.971700131893158, 0.09256777167320251, 1.8959195613861084, 0.09303392469882965, 0.014039095491170883, 0.007893692702054977, 0.03155195340514183, 0.053362660109996796, 0.052240706980228424, 0.016792695969343185, 0.17528674006462097, 0.025214239954948425, 0.9078651070594788, 0.19686712324619293, 0.584400475025177, 0.0436067096889019, 0.34122994542121887, 0.012635995633900166, 0.15921619534492493, 0.5584202408790588, 0.2810507118701935, 0.09546474367380142, 0.5553570985794067, 2.5201869010925293, 0.19363275170326233, 0.12847711145877838, 0.5045062303543091, 0.7667194604873657, 0.0239985641092062, 0.013121355324983597, 0.016921835020184517, 0.8420877456665039, 0.09374483674764633, 0.051999036222696304, 1.2599191665649414, 0.033292099833488464, 0.16816048324108124, 0.41075724363327026, 0.09475012868642807, 1.86585533618927, 0.4971473515033722, 0.6969151496887207, 1.169255018234253, 0.028327317908406258, 0.22962744534015656, 0.38510385155677795, 0.028372034430503845, 0.323019415140152, 0.062178485095500946, 0.13648159801959991, 0.679844319820404, 0.04529913514852524, 0.03185397386550903, 0.19051764905452728, 0.08240874111652374, 0.24619154632091522, 0.40555545687675476, 1.5695159435272217, 0.1625949889421463, 0.046705640852451324, 0.036979466676712036, 1.3229293823242188, 0.17848066985607147, 0.5586415529251099, 2.290242910385132, 0.034715112298727036, 0.14852231740951538, 0.04205853492021561, 0.08346306532621384, 1.6655495166778564, 0.08702612668275833, 0.01929369755089283, 0.9034394025802612, 0.3203624486923218, 0.06970760971307755, 0.255348265171051, 0.9529581665992737, 0.1714237928390503, 0.6173744797706604, 0.06328138709068298, 0.5129155516624451, 0.017206164076924324, 0.03598593920469284, 0.6886036992073059, 0.05453597754240036, 0.029895268380641937, 0.36770811676979065, 0.026275645941495895, 1.2220016717910767, 0.2515287399291992, 0.12518145143985748, 0.5048983097076416, 0.3390330672264099, 1.1236644983291626, 0.20958028733730316, 0.5673665404319763, 0.7781574130058289, 0.12356936931610107, 0.5424652695655823, 0.4164293110370636, 0.2050287425518036, 0.948657751083374, 0.07781047374010086, 0.25706905126571655, 0.018992546945810318, 0.35972532629966736, 0.4959704875946045, 0.6290673613548279, 0.004522797651588917, 0.6253412961959839, 0.9515132308006287, 1.0200501680374146, 0.05856747180223465, 0.22560939192771912, 0.5352440476417542, 0.29272034764289856, 0.017866015434265137, 0.6321843862533569, 0.21225802600383759, 0.47693106532096863, 0.1470363885164261, 0.17075735330581665, 0.9124240875244141, 0.34614473581314087, 0.06856586784124374, 0.14544059336185455, 0.26754894852638245, 0.04031521826982498, 0.029208315536379814, 0.1888369917869568, 1.3253111839294434, 0.05738730728626251, 0.1760784536600113, 0.03924465924501419, 0.20653100311756134], "test_loss": 0.4083024382111302, "test_batch_lens": [4, 4, 4, 4, 4, 4, 4, 4, 4, 4, 4, 4, 4, 4, 4, 4, 4, 4, 4, 4, 4, 4, 4, 4, 4, 4, 4, 4, 4, 4, 4, 4, 4, 4, 4, 4, 4, 4, 4, 4, 4, 4, 4, 4, 4, 4, 4, 4, 4, 4, 4, 4, 4, 4, 4, 4, 4, 4, 4, 4, 4, 4, 4, 4, 4, 4, 4, 4, 4, 4, 4, 4, 4, 4, 4, 4, 4, 4, 4, 4, 4, 4, 4, 4, 4, 4, 4, 4, 4, 4, 4, 4, 4, 4, 4, 4, 4, 4, 4, 4, 4, 4, 4, 4, 4, 4, 4, 4, 4, 4, 4, 4, 4, 4, 4, 4, 4, 4, 4, 4, 4, 4, 4, 4, 4, 4, 4, 4, 4, 4, 4, 4, 4, 4, 4, 4, 4, 4, 4, 4, 4, 4, 4, 4, 4, 4, 4, 4, 4, 4, 4, 4, 4, 4, 4, 4, 4, 4, 4, 4, 4, 4, 3], "test_accuracy": 0.8740399385560675, "predictions": [7, 4, 1, 10, 7, 1, 8, 8, 0, 3, 4, 7, 1, 9, 8, 0, 9, 6, 4, 9, 8, 10, 1, 4, 6, 8, 4, 6, 6, 10, 7, 1, 1, 9, 6, 3, 10, 5, 5, 0, 10, 3, 2, 10, 7, 8, 4, 3, 8, 8, 8, 4, 3, 4, 6, 1, 1, 9, 1, 10, 10, 6, 9, 6, 5, 9, 8, 5, 8, 1, 3, 1, 8, 3, 1, 6, 6, 8, 9, 2, 3, 1, 3, 1, 5, 5, 1, 8, 8, 5, 9, 10, 10, 7, 1, 5, 1, 8, 2, 7, 5, 1, 10, 6, 10, 8, 3, 9, 10, 4, 7, 2, 0, 3, 7, 8, 0, 8, 0, 0, 4, 3, 1, 8, 5, 1, 7, 9, 6, 7, 4, 0, 10, 10, 7, 9, 4, 1, 9, 0, 10, 3, 3, 9, 4, 7, 4, 7, 2, 10, 2, 4, 10, 10, 1, 0, 10, 5, 4, 7, 4, 9, 10, 4, 2, 3, 10, 5, 8, 0, 2, 0, 10, 7, 6, 8, 0, 6, 1, 2, 6, 3, 5, 3, 9, 3, 4, 8, 3, 2, 3, 2, 0, 9, 9, 8, 1, 3, 5, 9, 9, 1, 6, 1, 4, 5, 9, 8, 3, 9, 5, 6, 2, 5, 4, 5, 2, 10, 1, 4, 7, 3, 5, 6, 7, 0, 5, 7, 1, 0, 1, 6, 3, 7, 7, 2, 10, 9, 3, 10, 9, 4, 3, 3, 1, 7, 8, 5, 2, 5, 10, 3, 1, 2, 3, 10, 6, 9, 5, 3, 3, 10, 7, 3, 5, 1, 8, 1, 3, 7, 2, 10, 3, 5, 9, 2, 7, 9, 9, 7, 9, 1, 8, 10, 2, 4, 2, 5, 5, 3, 8, 0, 8, 6, 0, 1, 2, 7, 3, 2, 4, 10, 0, 6, 6, 0, 2, 7, 10, 1, 7, 6, 4, 2, 4, 2, 0, 9, 4, 3, 2, 6, 7, 9, 1, 8, 8, 5, 2, 9, 4, 1, 1, 8, 4, 7, 1, 3, 7, 2, 5, 0, 9, 10, 5, 0, 5, 7, 3, 6, 4, 6, 4, 9, 5, 1, 0, 3, 9, 7, 4, 4, 6, 10, 8, 9, 10, 5, 2, 9, 4, 0, 5, 0, 9, 10, 5, 0, 3, 7, 3, 1, 8, 2, 2, 4, 4, 9, 3, 7, 5, 2, 9, 4, 0, 0, 5, 6, 9, 9, 7, 7, 10, 2, 1, 10, 10, 4, 5, 7, 3, 3, 5, 10, 9, 7, 2, 3, 1, 3, 0, 5, 4, 1, 6, 0, 1, 8, 8, 4, 8, 3, 8, 3, 3, 2, 2, 3, 7, 10, 10, 4, 10, 6, 6, 5, 0, 10, 8, 2, 1, 9, 9, 5, 9, 9, 3, 3, 5, 7, 9, 10, 1, 8, 1, 6, 3, 4, 10, 4, 10, 1, 1, 2, 8, 2, 4, 8, 2, 8, 9, 4, 0, 7, 6, 4, 10, 8, 2, 8, 6, 9, 3, 9, 2, 4, 2, 0, 1, 3, 9, 6, 3, 4, 8, 3, 3, 5, 3, 1, 7, 10, 4, 10, 2, 5, 5, 7, 5, 3, 4, 5, 0, 4, 5, 4, 4, 5, 9, 7, 7, 2, 0, 2, 5, 3, 2, 9, 1, 8, 9, 1, 8, 0, 2, 0, 9, 7, 6, 4, 6, 9, 0, 10, 8, 3, 2, 3, 7, 3, 2, 7, 9, 6, 7, 8, 9, 0, 8, 2, 7, 5, 10, 10, 8, 7, 9, 6, 8, 6, 6, 2, 7, 9, 7, 8, 4, 9, 3, 10, 7, 4, 1, 7, 5, 4, 0, 7, 8, 0, 4, 4, 5, 5, 4, 8, 6, 6, 1, 5, 3, 0, 1, 4, 7, 1, 9, 4, 6, 6, 10, 7, 1, 0, 3, 9, 1, 4, 3, 10, 7, 8, 9, 9, 4, 3, 2, 3, 7, 8, 6, 8, 1, 7, 4, 0, 2, 0, 8, 6, 7],