{"val_acc": [0.29185867895545314, 0.4147465437788018, 0.5253456221198156, 0.5407066052227343, 0.5913978494623656, 0.6098310291858678, 0.6190476190476191, 0.6251920122887865, 0.6451612903225806, 0.6881720430107527], "val_loss": [1.9960286302800558, 1.7128225963539871, 1.402091694024443, 1.3446568265283034, 1.2021393649782872, 1.1659979199522112, 1.1581950696882295, 1.0901223087191947, 1.0540247633139048, 0.9461313616370131], "train_loss": [2.167563047801348, 1.8199836593154406, 1.5612069968431008, 1.4012951788487835, 1.2774005795341135, 1.1636880705085213, 1.119900846993242, 1.0618139984550086, 1.0051046046493863, 0.9551004737721558], "test_correct_in_batch": [3.0, 2.0, 3.0, 1.0, 3.0, 2.0, 1.0, 1.0, 3.0, 4.0, 4.0, 3.0, 2.0, 3.0, 2.0, 3.0, 2.0, 1.0, 1.0, 2.0, 3.0, 2.0, 2.0, 3.0, 4.0, 3.0, 4.0, 3.0, 3.0, 3.0, 0.0, 3.0, 3.0, 3.0, 2.0, 3.0, 3.0, 4.0, 3.0, 3.0, 1.0, 2.0, 3.0, 3.0, 2.0, 4.0, 4.0, 1.0, 3.0, 2.0, 3.0, 1.0, 3.0, 1.0, 2.0, 4.0, 3.0, 3.0, 2.0, 2.0, 2.0, 2.0, 4.0, 4.0, 1.0, 1.0, 3.0, 2.0, 2.0, 3.0, 3.0, 4.0, 2.0, 1.0, 4.0, 3.0, 3.0, 4.0, 1.0, 3.0, 2.0, 1.0, 4.0, 2.0, 2.0, 3.0, 3.0, 2.0, 3.0, 1.0, 2.0, 2.0, 1.0, 3.0, 3.0, 2.0, 3.0, 2.0, 1.0, 3.0, 1.0, 3.0, 3.0, 4.0, 3.0, 2.0, 2.0, 2.0, 3.0, 4.0, 3.0, 3.0, 3.0, 3.0, 3.0, 3.0, 1.0, 3.0, 4.0, 2.0, 1.0, 4.0, 2.0, 2.0, 2.0, 3.0, 2.0, 2.0, 3.0, 3.0, 2.0, 4.0, 4.0, 4.0, 2.0, 1.0, 4.0, 4.0, 2.0, 2.0, 3.0, 1.0, 1.0, 3.0, 3.0, 1.0, 3.0, 3.0, 2.0, 4.0, 3.0, 4.0, 4.0, 3.0, 3.0, 2.0, 1.0, 3.0, 2.0, 3.0, 4.0, 3.0, 3.0], "test_losses": [0.27379998564720154, 1.0246329307556152, 0.7141793370246887, 2.6551146507263184, 0.4335813522338867, 1.5091546773910522, 1.3825604915618896, 1.437940001487732, 1.1965501308441162, 0.351831316947937, 0.34277185797691345, 1.0186266899108887, 2.530306577682495, 0.5255677103996277, 0.7384628057479858, 0.9011338949203491, 1.5386171340942383, 1.2764701843261719, 1.9614276885986328, 1.1180460453033447, 0.8595795631408691, 1.654312014579773, 1.3528327941894531, 0.428570419549942, 0.43545132875442505, 0.6122115254402161, 0.5047417879104614, 0.8438777923583984, 0.8084831237792969, 1.5119305849075317, 2.811798095703125, 1.143402338027954, 0.5594894886016846, 1.016637921333313, 1.4755527973175049, 0.989203691482544, 0.3588714599609375, 0.36019089818000793, 0.8084956407546997, 0.684357225894928, 2.389842987060547, 1.116973876953125, 1.1914784908294678, 0.49121272563934326, 1.7369675636291504, 0.6075837016105652, 0.9385241270065308, 1.4071643352508545, 0.9946324825286865, 1.2429158687591553, 0.836880624294281, 2.784395694732666, 1.5546720027923584, 1.8559377193450928, 1.0794751644134521, 0.34187012910842896, 0.7106941938400269, 0.9194894433021545, 1.3693959712982178, 0.6991036534309387, 0.8940567970275879, 0.7580717206001282, 0.41865432262420654, 0.22140899300575256, 2.3953161239624023, 1.5164589881896973, 0.9337388277053833, 1.1860915422439575, 1.2608492374420166, 0.6029520630836487, 1.2152478694915771, 0.34122684597969055, 0.872292160987854, 1.408666968345642, 0.26855647563934326, 0.6729119420051575, 0.37887534499168396, 0.33186250925064087, 1.1004090309143066, 1.1412731409072876, 1.6649082899093628, 2.9377338886260986, 0.20201416313648224, 2.1334502696990967, 1.9635897874832153, 0.878385066986084, 1.0222268104553223, 1.1656665802001953, 0.542050302028656, 1.7293469905853271, 2.062120199203491, 1.502916693687439, 2.1662235260009766, 1.142001748085022, 0.8076665997505188, 1.2333288192749023, 0.5669714212417603, 1.8828866481781006, 1.904293417930603, 0.5555791258811951, 1.4200961589813232, 0.7861935496330261, 1.3015798330307007, 0.3549068570137024, 1.346479892730713, 1.8806421756744385, 1.4025009870529175, 1.8748022317886353, 0.3748713731765747, 0.2391321212053299, 0.9743138551712036, 1.3286844491958618, 0.6537530422210693, 0.45538073778152466, 0.9481180906295776, 0.5816531181335449, 1.9746572971343994, 0.4887864291667938, 0.16665640473365784, 1.0746711492538452, 1.654422640800476, 0.8323782682418823, 0.8198865652084351, 1.1836274862289429, 1.0817384719848633, 0.7603358626365662, 1.8200737237930298, 1.207687258720398, 0.339377224445343, 0.47262799739837646, 1.2565661668777466, 0.36031004786491394, 0.4763559401035309, 0.7681186199188232, 2.2304558753967285, 1.8308223485946655, 0.24382680654525757, 0.19997723400592804, 0.9867053627967834, 2.566840410232544, 1.1742668151855469, 1.7733012437820435, 2.5615200996398926, 0.7862879037857056, 0.7831200957298279, 2.127617835998535, 1.142762303352356, 1.089714765548706, 1.362858533859253, 0.2005586326122284, 0.6981900334358215, 0.2673996686935425, 0.4671626091003418, 0.7511675953865051, 0.8115215301513672, 0.7891006469726562, 0.8651593923568726, 0.8086273074150085, 0.9896049499511719, 0.5489152073860168, 0.10868662595748901, 0.5692611336708069, 0.16027265787124634], "test_loss": 1.0672352737261475, "test_batch_lens": [4, 4, 4, 4, 4, 4, 4, 4, 4, 4, 4, 4, 4, 4, 4, 4, 4, 4, 4, 4, 4, 4, 4, 4, 4, 4, 4, 4, 4, 4, 4, 4, 4, 4, 4, 4, 4, 4, 4, 4, 4, 4, 4, 4, 4, 4, 4, 4, 4, 4, 4, 4, 4, 4, 4, 4, 4, 4, 4, 4, 4, 4, 4, 4, 4, 4, 4, 4, 4, 4, 4, 4, 4, 4, 4, 4, 4, 4, 4, 4, 4, 4, 4, 4, 4, 4, 4, 4, 4, 4, 4, 4, 4, 4, 4, 4, 4, 4, 4, 4, 4, 4, 4, 4, 4, 4, 4, 4, 4, 4, 4, 4, 4, 4, 4, 4, 4, 4, 4, 4, 4, 4, 4, 4, 4, 4, 4, 4, 4, 4, 4, 4, 4, 4, 4, 4, 4, 4, 4, 4, 4, 4, 4, 4, 4, 4, 4, 4, 4, 4, 4, 4, 4, 4, 4, 4, 4, 4, 4, 4, 4, 4, 3], "test_accuracy": 0.6436251920122887, "predictions": [7, 4, 8, 10, 7, 3, 8, 5, 0, 0, 4, 7, 6, 9, 8, 9, 9, 6, 4, 6, 8, 10, 0, 0, 6, 6, 6, 8, 2, 10, 2, 0, 1, 10, 6, 3, 10, 5, 5, 0, 10, 3, 2, 10, 8, 8, 4, 3, 3, 3, 10, 4, 1, 4, 6, 1, 9, 9, 3, 10, 10, 6, 0, 6, 5, 9, 8, 6, 5, 8, 9, 1, 8, 3, 8, 6, 6, 0, 2, 2, 1, 1, 3, 1, 5, 5, 8, 0, 0, 7, 9, 2, 10, 7, 0, 5, 1, 8, 2, 7, 5, 0, 10, 6, 10, 8, 3, 9, 10, 4, 7, 2, 0, 1, 7, 6, 0, 10, 0, 0, 9, 9, 1, 3, 5, 1, 7, 2, 6, 7, 4, 5, 10, 10, 9, 9, 4, 3, 9, 1, 10, 3, 9, 9, 9, 7, 4, 7, 2, 10, 2, 4, 10, 10, 1, 1, 10, 6, 4, 7, 4, 1, 8, 4, 10, 9, 10, 5, 8, 0, 9, 7, 10, 7, 2, 8, 5, 8, 7, 2, 6, 3, 5, 3, 9, 3, 4, 8, 1, 2, 7, 6, 0, 9, 9, 5, 3, 5, 5, 9, 4, 1, 6, 1, 4, 9, 0, 3, 9, 9, 5, 6, 9, 4, 2, 5, 9, 10, 7, 4, 7, 3, 0, 6, 7, 0, 5, 9, 8, 0, 1, 6, 1, 7, 7, 9, 10, 5, 1, 10, 9, 9, 0, 3, 1, 9, 1, 5, 2, 4, 10, 1, 1, 2, 3, 10, 3, 2, 0, 3, 0, 7, 7, 8, 5, 9, 8, 1, 9, 7, 9, 10, 0, 5, 8, 2, 7, 9, 9, 7, 6, 8, 5, 10, 2, 4, 2, 5, 5, 2, 6, 0, 9, 1, 0, 8, 2, 7, 3, 2, 4, 10, 0, 6, 6, 5, 2, 7, 10, 1, 7, 6, 4, 2, 4, 10, 1, 9, 4, 3, 9, 6, 4, 9, 1, 2, 7, 9, 2, 9, 4, 1, 3, 1, 4, 7, 1, 3, 2, 2, 5, 0, 9, 10, 6, 0, 5, 7, 3, 6, 8, 8, 9, 9, 5, 1, 9, 3, 9, 9, 9, 2, 6, 10, 2, 9, 6, 5, 9, 9, 4, 9, 5, 0, 1, 10, 9, 0, 3, 7, 3, 6, 6, 2, 8, 4, 4, 9, 3, 7, 5, 2, 7, 9, 8, 0, 4, 6, 9, 9, 8, 7, 8, 2, 1, 10, 10, 8, 2, 7, 3, 3, 5, 10, 9, 7, 2, 3, 1, 2, 0, 5, 5, 9, 6, 0, 3, 8, 8, 7, 7, 3, 8, 0, 1, 2, 2, 3, 7, 10, 10, 2, 10, 6, 6, 5, 0, 8, 7, 2, 1, 9, 9, 5, 5, 9, 0, 3, 5, 7, 9, 10, 1, 10, 0, 6, 0, 9, 2, 4, 10, 3, 1, 2, 8, 2, 4, 3, 2, 8, 4, 9, 1, 9, 6, 9, 2, 0, 9, 6, 6, 9, 8, 2, 2, 4, 8, 0, 1, 8, 9, 10, 3, 4, 9, 3, 5, 5, 1, 8, 7, 10, 9, 10, 2, 5, 5, 7, 4, 1, 9, 5, 7, 4, 5, 4, 9, 5, 9, 7, 7, 2, 0, 2, 4, 3, 2, 2, 5, 8, 6, 1, 5, 0, 2, 0, 9, 7, 6, 9, 6, 9, 0, 10, 10, 1, 10, 2, 7, 3, 2, 7, 9, 10, 4, 8, 7, 3, 3, 2, 2, 2, 2, 10, 4, 7, 9, 6, 10, 6, 10, 2, 7, 4, 7, 9, 4, 9, 3, 3, 7, 9, 0, 7, 5, 9, 0, 7, 8, 0, 7, 7, 5, 5, 4, 8, 6, 6, 1, 5, 3, 0, 1, 4, 8, 1, 9, 9, 6, 6, 10, 8, 3, 0, 1, 4, 3, 4, 1, 10, 7, 8, 4, 4, 4, 0, 2, 3, 9, 8, 6, 8, 1, 7, 4, 5, 2, 0, 8, 6, 7],