{"val_acc": [0.0967741935483871, 0.08602150537634409, 0.12749615975422426, 0.0967741935483871, 0.0967741935483871, 0.08602150537634409, 0.0706605222734255, 0.0706605222734255, 0.0706605222734255, 0.10445468509984639], "val_loss": [2.42777738103106, 2.4886905561926906, 2.4178575723449147, 2.3980982610784425, 2.46244661793387, 2.4544099679022477, 2.5050011646528185, 2.4561904720002157, 2.430379614508225, 2.4552745906853235], "train_loss": [2.447567734942599, 2.434141949033514, 2.4331433146069656, 2.4300354504519754, 2.4277590485676552, 2.427141750862704, 2.4290887083474706, 2.4263156386748914, 2.4261732796426543, 2.4259227847790936], "test_correct_in_batch": [0.0, 0.0, 1.0, 1.0, 0.0, 0.0, 0.0, 0.0, 0.0, 1.0, 0.0, 0.0, 0.0, 0.0, 0.0, 0.0, 0.0, 0.0, 0.0, 0.0, 0.0, 0.0, 1.0, 0.0, 0.0, 0.0, 0.0, 0.0, 1.0, 3.0, 0.0, 0.0, 1.0, 0.0, 1.0, 0.0, 0.0, 0.0, 1.0, 0.0, 0.0, 0.0, 2.0, 0.0, 1.0, 0.0, 0.0, 1.0, 1.0, 0.0, 0.0, 0.0, 0.0, 0.0, 0.0, 1.0, 1.0, 1.0, 0.0, 0.0, 0.0, 0.0, 0.0, 0.0, 0.0, 0.0, 0.0, 0.0, 0.0, 0.0, 0.0, 0.0, 1.0, 1.0, 0.0, 0.0, 1.0, 0.0, 0.0, 1.0, 0.0, 0.0, 0.0, 0.0, 0.0, 1.0, 1.0, 0.0, 0.0, 0.0, 0.0, 0.0, 1.0, 1.0, 1.0, 0.0, 0.0, 0.0, 2.0, 0.0, 0.0, 0.0, 0.0, 0.0, 0.0, 1.0, 1.0, 0.0, 1.0, 0.0, 0.0, 1.0, 0.0, 0.0, 0.0, 0.0, 0.0, 0.0, 0.0, 0.0, 1.0, 1.0, 0.0, 0.0, 1.0, 0.0, 0.0, 1.0, 0.0, 0.0, 1.0, 0.0, 0.0, 1.0, 0.0, 0.0, 1.0, 0.0, 1.0, 0.0, 0.0, 1.0, 0.0, 0.0, 0.0, 0.0, 0.0, 0.0, 0.0, 2.0, 0.0, 0.0, 1.0, 0.0, 0.0, 1.0, 0.0, 0.0, 1.0, 0.0, 0.0, 2.0, 0.0], "test_losses": [2.4531893730163574, 2.444319725036621, 2.2794132232666016, 2.489875316619873, 2.604933023452759, 2.3447303771972656, 2.4302051067352295, 2.507892608642578, 2.728245496749878, 2.145338773727417, 2.471952438354492, 2.650907516479492, 2.6402535438537598, 2.690286159515381, 2.449798822402954, 2.446338653564453, 2.3965632915496826, 2.6168227195739746, 2.616823196411133, 2.5385866165161133, 2.8306760787963867, 2.4210691452026367, 2.217780590057373, 2.4359443187713623, 2.535623073577881, 2.4082143306732178, 2.529428482055664, 2.453188896179199, 2.514143466949463, 1.7958229780197144, 2.5177829265594482, 2.584728956222534, 2.3601362705230713, 2.373058319091797, 2.3358688354492188, 2.743279218673706, 2.6053593158721924, 2.460226535797119, 2.0762665271759033, 2.428682804107666, 2.375425100326538, 2.565535068511963, 2.0512678623199463, 2.4069581031799316, 2.269522190093994, 2.8197860717773438, 2.6402549743652344, 2.507568597793579, 2.3067188262939453, 2.6901233196258545, 2.4836983680725098, 2.602295398712158, 2.703737735748291, 2.505108118057251, 2.3689253330230713, 2.514143466949463, 2.3706276416778564, 2.3260560035705566, 2.790823459625244, 2.4404940605163574, 2.854107141494751, 2.4869236946105957, 2.4360342025756836, 2.590038776397705, 2.703737735748291, 2.607196092605591, 2.445575714111328, 2.540083408355713, 2.7078123092651367, 2.797320604324341, 2.298501968383789, 2.5538079738616943, 2.3675642013549805, 2.2589471340179443, 2.7736682891845703, 2.358346939086914, 2.3915958404541016, 2.4740684032440186, 2.591766834259033, 2.482609748840332, 2.647043228149414, 2.378465414047241, 2.5848166942596436, 2.504166841506958, 2.626924991607666, 2.211193084716797, 2.3047749996185303, 2.7039034366607666, 2.536114454269409, 2.699516773223877, 2.4181926250457764, 2.409160614013672, 2.360138177871704, 2.2005393505096436, 2.4760239124298096, 2.641016960144043, 2.577549457550049, 2.7866711616516113, 2.1111133098602295, 2.5876903533935547, 2.6641969680786133, 2.2765116691589355, 2.84751558303833, 2.4666411876678467, 2.7081263065338135, 2.280668258666992, 2.269521713256836, 2.542450428009033, 2.4162650108337402, 2.6313881874084473, 2.307370185852051, 2.332242488861084, 2.5249688625335693, 2.604769706726074, 2.700774908065796, 2.3826892375946045, 2.6304402351379395, 2.4360334873199463, 2.5184688568115234, 2.462505340576172, 2.4151740074157715, 2.3809423446655273, 2.5385851860046387, 2.7422118186950684, 2.6059203147888184, 2.720982551574707, 2.8197851181030273, 2.2356977462768555, 2.4115288257598877, 2.5295279026031494, 2.273404359817505, 2.5116097927093506, 2.674774646759033, 2.4761123657226562, 2.524970531463623, 2.4336671829223633, 2.408675193786621, 2.625814437866211, 2.060131311416626, 2.7180166244506836, 2.6470437049865723, 2.3173718452453613, 2.351682186126709, 2.417536735534668, 2.5280096530914307, 2.615586757659912, 2.534860134124756, 2.8647589683532715, 2.5467700958251953, 2.0619239807128906, 2.5222623348236084, 2.4900527000427246, 2.4346725940704346, 2.5712759494781494, 2.5878548622131348, 2.235698699951172, 2.7073636054992676, 2.5400843620300293, 2.366562604904175, 2.6823666095733643, 2.5250463485717773, 2.1046156883239746, 2.520998001098633], "test_loss": 2.49130692584383, "test_batch_lens": [4, 4, 4, 4, 4, 4, 4, 4, 4, 4, 4, 4, 4, 4, 4, 4, 4, 4, 4, 4, 4, 4, 4, 4, 4, 4, 4, 4, 4, 4, 4, 4, 4, 4, 4, 4, 4, 4, 4, 4, 4, 4, 4, 4, 4, 4, 4, 4, 4, 4, 4, 4, 4, 4, 4, 4, 4, 4, 4, 4, 4, 4, 4, 4, 4, 4, 4, 4, 4, 4, 4, 4, 4, 4, 4, 4, 4, 4, 4, 4, 4, 4, 4, 4, 4, 4, 4, 4, 4, 4, 4, 4, 4, 4, 4, 4, 4, 4, 4, 4, 4, 4, 4, 4, 4, 4, 4, 4, 4, 4, 4, 4, 4, 4, 4, 4, 4, 4, 4, 4, 4, 4, 4, 4, 4, 4, 4, 4, 4, 4, 4, 4, 4, 4, 4, 4, 4, 4, 4, 4, 4, 4, 4, 4, 4, 4, 4, 4, 4, 4, 4, 4, 4, 4, 4, 4, 4, 4, 4, 4, 4, 4, 3], "test_accuracy": 0.07680491551459294, "predictions": [0, 0, 0, 0, 0, 0, 0, 0, 0, 0, 0, 0, 0, 0, 0, 0, 0, 0, 0, 0, 0, 0, 0, 0, 0, 0, 0, 0, 0, 0, 0, 0, 0, 0, 0, 0, 0, 0, 0, 0, 0, 0, 0, 0, 0, 0, 0, 0, 0, 0, 0, 0, 0, 0, 0, 0, 0, 0, 0, 0, 0, 0, 0, 0, 0, 0, 0, 0, 0, 0, 0, 0, 0, 0, 0, 0, 0, 0, 0, 0, 0, 0, 0, 0, 0, 0, 0, 0, 0, 0, 0, 0, 0, 0, 0, 0, 0, 0, 0, 0, 0, 0, 0, 0, 0, 0, 0, 0, 0, 0, 0, 0, 0, 0, 0, 0, 0, 0, 0, 0, 0, 0, 0, 0, 0, 0, 0, 0, 0, 0, 0, 0, 0, 0, 0, 0, 0, 0, 0, 0, 0, 0, 0, 0, 0, 0, 0, 0, 0, 0, 0, 0, 0, 0, 0, 0, 0, 0, 0, 0, 0, 0, 0, 0, 0, 0, 0, 0, 0, 0, 0, 0, 0, 0, 0, 0, 0, 0, 0, 0, 0, 0, 0, 0, 0, 0, 0, 0, 0, 0, 0, 0, 0, 0, 0, 0, 0, 0, 0, 0, 0, 0, 0, 0, 0, 0, 0, 0, 0, 0, 0, 0, 0, 0, 0, 0, 0, 0, 0, 0, 0, 0, 0, 0, 0, 0, 0, 0, 0, 0, 0, 0, 0, 0, 0, 0, 0, 0, 0, 0, 0, 0, 0, 0, 0, 0, 0, 0, 0, 0, 0, 0, 0, 0, 0, 0, 0, 0, 0, 0, 0, 0, 0, 0, 0, 0, 0, 0, 0, 0, 0, 0, 0, 0, 0, 0, 0, 0, 0, 0, 0, 0, 0, 0, 0, 0, 0, 0, 0, 0, 0, 0, 0, 0, 0, 0, 0, 0, 0, 0, 0, 0, 0, 0, 0, 0, 0, 0, 0, 0, 0, 0, 0, 0, 0, 0, 0, 0, 0, 0, 0, 0, 0, 0, 0, 0, 0, 0, 0, 0, 0, 0, 0, 0, 0, 0, 0, 0, 0, 0, 0, 0, 0, 0, 0, 0, 0, 0, 0, 0, 0, 0, 0, 0, 0, 0, 0, 0, 0, 0, 0, 0, 0, 0, 0, 0, 0, 0, 0, 0, 0, 0, 0, 0, 0, 0, 0, 0, 0, 0, 0, 0, 0, 0, 0, 0, 0, 0, 0, 0, 0, 0, 0, 0, 0, 0, 0, 0, 0, 0, 0, 0, 0, 0, 0, 0, 0, 0, 0, 0, 0, 0, 0, 0, 0, 0, 0, 0, 0, 0, 0, 0, 0, 0, 0, 0, 0, 0, 0, 0, 0, 0, 0, 0, 0, 0, 0, 0, 0, 0, 0, 0, 0, 0, 0, 0, 0, 0, 0, 0, 0, 0, 0, 0, 0, 0, 0, 0, 0, 0, 0, 0, 0, 0, 0, 0, 0, 0, 0, 0, 0, 0, 0, 0, 0, 0, 0, 0, 0, 0, 0, 0, 0, 0, 0, 0, 0, 0, 0, 0, 0, 0, 0, 0, 0, 0, 0, 0, 0, 0, 0, 0, 0, 0, 0, 0, 0, 0, 0, 0, 0, 0, 0, 0, 0, 0, 0, 0, 0, 0, 0, 0, 0, 0, 0, 0, 0, 0, 0, 0, 0, 0, 0, 0, 0, 0, 0, 0, 0, 0, 0, 0, 0, 0, 0, 0, 0, 0, 0, 0, 0, 0, 0, 0, 0, 0, 0, 0, 0, 0, 0, 0, 0, 0, 0, 0, 0, 0, 0, 0, 0, 0, 0, 0, 0, 0, 0, 0, 0, 0, 0, 0, 0, 0, 0, 0, 0, 0, 0, 0, 0, 0, 0, 0, 0, 0, 0, 0, 0, 0, 0, 0, 0, 0, 0, 0, 0, 0, 0, 0, 0, 0, 0, 0, 0, 0, 0, 0, 0, 0, 0, 0, 0, 0, 0, 0, 0, 0, 0, 0, 0, 0, 0, 0, 0, 0, 0, 0, 0, 0, 0, 0, 0, 0, 0, 0, 0, 0, 0, 0, 0],