{"val_acc": [0.3271889400921659, 0.4685099846390169, 0.576036866359447, 0.5867895545314901, 0.6543778801843319, 0.65284178187404, 0.6835637480798771, 0.65284178187404, 0.6820276497695853, 0.6973886328725039], "val_loss": [1.906701441922802, 1.5180949866771698, 1.284818585664948, 1.1900772034573408, 1.1291892839355704, 1.0776650810305692, 1.0029273701180343, 1.0221750566198782, 0.9772987951941651, 0.9305078722993655], "train_loss": [2.121839555405792, 1.7416471343193067, 1.4407595327328417, 1.2543361096429009, 1.138803233838855, 1.0541364345323225, 1.0052835603940198, 0.9609688413962396, 0.9256872166407567, 0.8851368297424324], "test_correct_in_batch": [3.0, 1.0, 2.0, 3.0, 3.0, 3.0, 1.0, 2.0, 3.0, 4.0, 3.0, 4.0, 1.0, 4.0, 4.0, 3.0, 2.0, 1.0, 1.0, 2.0, 2.0, 2.0, 2.0, 3.0, 3.0, 4.0, 3.0, 3.0, 2.0, 3.0, 2.0, 4.0, 3.0, 2.0, 2.0, 4.0, 3.0, 3.0, 1.0, 3.0, 2.0, 4.0, 1.0, 2.0, 3.0, 3.0, 1.0, 2.0, 1.0, 0.0, 3.0, 2.0, 0.0, 3.0, 3.0, 3.0, 3.0, 2.0, 3.0, 3.0, 4.0, 4.0, 4.0, 4.0, 2.0, 2.0, 4.0, 2.0, 3.0, 3.0, 1.0, 4.0, 2.0, 2.0, 4.0, 3.0, 3.0, 4.0, 3.0, 3.0, 2.0, 0.0, 3.0, 1.0, 3.0, 3.0, 3.0, 2.0, 3.0, 2.0, 2.0, 2.0, 1.0, 2.0, 4.0, 4.0, 4.0, 2.0, 3.0, 4.0, 1.0, 4.0, 2.0, 3.0, 2.0, 3.0, 1.0, 3.0, 3.0, 3.0, 4.0, 3.0, 4.0, 3.0, 3.0, 4.0, 1.0, 2.0, 4.0, 2.0, 3.0, 3.0, 2.0, 3.0, 3.0, 3.0, 1.0, 3.0, 3.0, 3.0, 3.0, 3.0, 1.0, 4.0, 3.0, 2.0, 4.0, 3.0, 3.0, 2.0, 3.0, 2.0, 1.0, 3.0, 1.0, 3.0, 3.0, 2.0, 3.0, 3.0, 2.0, 3.0, 4.0, 3.0, 2.0, 3.0, 2.0, 2.0, 3.0, 2.0, 4.0, 4.0, 2.0], "test_losses": [0.6032482981681824, 0.9307975769042969, 0.9923185110092163, 0.8953596353530884, 0.512941837310791, 0.5466395616531372, 1.9824018478393555, 1.127600073814392, 1.0297876596450806, 0.13603633642196655, 0.47721216082572937, 0.25830700993537903, 2.223618507385254, 0.22244764864444733, 0.25092265009880066, 0.6793188452720642, 1.614264965057373, 1.5648794174194336, 1.5319714546203613, 1.3250977993011475, 1.4382588863372803, 1.4783974885940552, 1.725257396697998, 0.7463304996490479, 0.4922129809856415, 0.24907049536705017, 0.6531604528427124, 0.8364695310592651, 0.8836444020271301, 0.7637885808944702, 3.002793312072754, 0.3772030174732208, 0.9892449378967285, 0.6511286497116089, 1.1678218841552734, 0.3984520435333252, 0.7243254780769348, 0.6976943612098694, 1.4576237201690674, 0.5721391439437866, 1.1547555923461914, 0.513928234577179, 1.2713196277618408, 1.2767459154129028, 0.8634026050567627, 0.41316986083984375, 1.9290926456451416, 1.199260950088501, 2.084644079208374, 2.3718864917755127, 0.8276359438896179, 3.126452922821045, 2.597217559814453, 0.8611122965812683, 0.8337339162826538, 0.5947397351264954, 0.798229455947876, 0.7773571014404297, 0.31560346484184265, 0.8077159523963928, 0.4080308675765991, 0.28118273615837097, 0.3677975535392761, 0.1844261735677719, 1.8086532354354858, 1.07212495803833, 0.2892950475215912, 1.1232459545135498, 0.9012973308563232, 1.1680634021759033, 2.708120346069336, 0.10451395809650421, 1.2696553468704224, 1.8130494356155396, 0.15435348451137543, 0.9397076964378357, 0.9725824594497681, 0.1745561957359314, 0.785855233669281, 0.7184939384460449, 0.9091781973838806, 3.6949334144592285, 0.725304126739502, 1.2891411781311035, 1.0368742942810059, 1.1653541326522827, 0.646225094795227, 1.6509922742843628, 1.0700017213821411, 1.7740743160247803, 0.8457669019699097, 0.6917715668678284, 1.936334252357483, 0.8551474213600159, 0.5102633237838745, 0.6010937690734863, 0.22304880619049072, 1.71918523311615, 0.8030682802200317, 0.3582588732242584, 1.6225389242172241, 0.23590193688869476, 1.1114418506622314, 0.6083482503890991, 1.1910412311553955, 1.0615109205245972, 1.2945313453674316, 0.7156687378883362, 0.5028805136680603, 0.59257572889328, 0.41400229930877686, 1.2264423370361328, 0.33932191133499146, 0.7707973122596741, 0.7309535145759583, 0.3246503174304962, 1.8247804641723633, 0.6518927812576294, 0.2705407440662384, 1.246389627456665, 0.7459661364555359, 0.7655906081199646, 0.8619132041931152, 0.2738792598247528, 2.1925737857818604, 0.9290698766708374, 2.2284109592437744, 1.111247181892395, 1.134880542755127, 0.8716118335723877, 1.514894723892212, 0.5032798647880554, 1.5194092988967896, 0.35650110244750977, 0.8811087012290955, 1.633154034614563, 0.14403913915157318, 0.7786965370178223, 0.8025941252708435, 1.742262840270996, 0.4911837577819824, 3.082040548324585, 1.8421796560287476, 1.2080045938491821, 1.6906286478042603, 0.800990641117096, 0.9559974074363708, 1.6428455114364624, 1.4288866519927979, 0.5352413654327393, 0.9904593229293823, 0.7783702611923218, 0.3824407458305359, 0.5791112780570984, 1.3522467613220215, 0.494910329580307, 0.8996922969818115, 1.3156805038452148, 1.0452338457107544, 0.8167144060134888, 0.19313430786132812, 0.3950502276420593, 0.6793420314788818], "test_loss": 1.0055637763687437, "test_batch_lens": [4, 4, 4, 4, 4, 4, 4, 4, 4, 4, 4, 4, 4, 4, 4, 4, 4, 4, 4, 4, 4, 4, 4, 4, 4, 4, 4, 4, 4, 4, 4, 4, 4, 4, 4, 4, 4, 4, 4, 4, 4, 4, 4, 4, 4, 4, 4, 4, 4, 4, 4, 4, 4, 4, 4, 4, 4, 4, 4, 4, 4, 4, 4, 4, 4, 4, 4, 4, 4, 4, 4, 4, 4, 4, 4, 4, 4, 4, 4, 4, 4, 4, 4, 4, 4, 4, 4, 4, 4, 4, 4, 4, 4, 4, 4, 4, 4, 4, 4, 4, 4, 4, 4, 4, 4, 4, 4, 4, 4, 4, 4, 4, 4, 4, 4, 4, 4, 4, 4, 4, 4, 4, 4, 4, 4, 4, 4, 4, 4, 4, 4, 4, 4, 4, 4, 4, 4, 4, 4, 4, 4, 4, 4, 4, 4, 4, 4, 4, 4, 4, 4, 4, 4, 4, 4, 4, 4, 4, 4, 4, 4, 4, 3], "test_accuracy": 0.6589861751152074, "predictions": [9, 4, 1, 10, 9, 3, 8, 5, 1, 0, 4, 7, 1, 9, 3, 8, 9, 6, 4, 2, 8, 10, 0, 4, 3, 1, 9, 6, 6, 1, 2, 7, 1, 1, 6, 3, 10, 5, 5, 0, 10, 3, 2, 2, 7, 8, 4, 3, 0, 7, 2, 4, 3, 4, 6, 1, 1, 9, 1, 10, 10, 6, 8, 6, 5, 9, 8, 9, 5, 3, 2, 1, 5, 1, 8, 8, 6, 2, 2, 2, 1, 1, 1, 1, 5, 0, 1, 3, 0, 8, 9, 2, 10, 7, 0, 5, 1, 0, 2, 7, 5, 1, 10, 6, 2, 8, 3, 9, 10, 4, 7, 9, 8, 1, 7, 6, 0, 10, 0, 0, 4, 0, 7, 0, 5, 1, 7, 9, 6, 7, 4, 5, 8, 10, 9, 9, 4, 3, 9, 1, 10, 3, 3, 9, 9, 7, 4, 7, 2, 10, 8, 4, 2, 2, 3, 0, 10, 8, 4, 7, 4, 1, 10, 4, 2, 3, 10, 5, 5, 0, 6, 1, 2, 7, 2, 8, 8, 8, 1, 2, 6, 1, 5, 3, 9, 1, 2, 7, 3, 2, 9, 6, 1, 6, 9, 9, 9, 1, 8, 7, 9, 1, 6, 1, 4, 1, 0, 8, 2, 7, 9, 9, 9, 5, 4, 5, 2, 10, 0, 4, 7, 2, 0, 6, 7, 2, 5, 7, 0, 9, 1, 6, 1, 7, 7, 2, 10, 4, 0, 10, 9, 4, 3, 3, 1, 7, 8, 5, 2, 4, 10, 1, 1, 2, 3, 10, 3, 4, 5, 3, 1, 10, 7, 0, 5, 1, 8, 1, 8, 9, 9, 10, 3, 5, 9, 2, 7, 9, 9, 7, 9, 1, 4, 10, 2, 4, 2, 5, 5, 2, 5, 0, 2, 9, 0, 1, 2, 7, 3, 2, 4, 10, 3, 6, 2, 0, 2, 7, 10, 1, 7, 6, 4, 2, 5, 2, 0, 9, 9, 3, 9, 6, 7, 7, 3, 2, 7, 6, 2, 4, 4, 1, 3, 1, 6, 7, 1, 2, 2, 2, 5, 0, 9, 10, 5, 1, 5, 7, 1, 6, 8, 6, 2, 9, 5, 1, 9, 3, 9, 7, 9, 8, 6, 10, 4, 9, 6, 5, 8, 9, 4, 9, 9, 1, 9, 10, 5, 0, 3, 7, 3, 1, 8, 2, 2, 4, 4, 9, 3, 7, 5, 4, 7, 4, 0, 0, 5, 6, 9, 9, 0, 9, 8, 9, 1, 10, 10, 5, 4, 7, 0, 3, 5, 10, 4, 7, 2, 1, 0, 1, 0, 5, 5, 1, 9, 0, 3, 4, 7, 4, 8, 3, 8, 0, 1, 2, 2, 3, 9, 10, 10, 4, 10, 6, 6, 5, 0, 2, 8, 2, 1, 9, 9, 5, 5, 9, 1, 2, 5, 7, 9, 10, 1, 8, 0, 6, 0, 9, 10, 4, 10, 3, 1, 2, 8, 2, 4, 3, 2, 8, 4, 9, 0, 7, 6, 9, 10, 0, 9, 6, 6, 9, 1, 7, 2, 4, 2, 0, 1, 3, 9, 2, 3, 4, 9, 1, 1, 5, 1, 1, 7, 10, 1, 10, 2, 5, 5, 9, 5, 1, 4, 5, 2, 4, 5, 4, 4, 5, 5, 7, 8, 10, 0, 2, 4, 3, 2, 2, 1, 8, 6, 1, 8, 5, 2, 0, 9, 7, 6, 9, 6, 2, 0, 10, 8, 0, 8, 2, 7, 3, 2, 7, 9, 2, 2, 6, 9, 0, 1, 2, 2, 6, 2, 10, 2, 7, 2, 8, 1, 6, 6, 2, 7, 9, 7, 9, 4, 9, 3, 2, 7, 5, 1, 7, 5, 2, 0, 7, 6, 0, 7, 9, 8, 5, 4, 6, 6, 6, 1, 5, 3, 0, 1, 10, 7, 1, 9, 9, 2, 6, 10, 7, 3, 0, 1, 9, 0, 4, 2, 1, 7, 8, 9, 4, 4, 0, 2, 3, 4, 6, 6, 8, 1, 7, 4, 0, 2, 0, 2, 6, 7],