{"val_acc": [0.6804915514592934, 0.7465437788018433, 0.7772657450076805, 0.7665130568356375, 0.7972350230414746, 0.8310291858678955, 0.8433179723502304, 0.8402457757296466, 0.8341013824884793, 0.8325652841781874], "val_loss": [0.9071577033199416, 0.7095771975403914, 0.6627397806686492, 0.6894255776781063, 0.6025352728713098, 0.5131222499831597, 0.486888654535762, 0.5105222817281821, 0.48463879897047774, 0.49162622683244456], "train_loss": [1.22894948434927, 0.8260336348674655, 0.710011786133977, 0.6446365383302386, 0.5949552567142913, 0.5595242073576544, 0.5310665120846207, 0.5041010465262159, 0.4862420900409621, 0.4625845478307751], "test_correct_in_batch": [4.0, 4.0, 2.0, 3.0, 3.0, 3.0, 2.0, 2.0, 3.0, 4.0, 4.0, 4.0, 2.0, 4.0, 4.0, 3.0, 3.0, 2.0, 2.0, 3.0, 4.0, 3.0, 3.0, 4.0, 2.0, 3.0, 4.0, 3.0, 3.0, 4.0, 1.0, 3.0, 3.0, 3.0, 4.0, 4.0, 4.0, 4.0, 4.0, 4.0, 3.0, 3.0, 2.0, 3.0, 1.0, 3.0, 4.0, 4.0, 4.0, 3.0, 3.0, 3.0, 3.0, 4.0, 3.0, 4.0, 4.0, 4.0, 4.0, 4.0, 4.0, 3.0, 3.0, 4.0, 4.0, 2.0, 4.0, 3.0, 3.0, 3.0, 3.0, 4.0, 3.0, 2.0, 4.0, 3.0, 3.0, 4.0, 2.0, 4.0, 3.0, 4.0, 3.0, 3.0, 3.0, 2.0, 4.0, 3.0, 4.0, 4.0, 3.0, 2.0, 2.0, 4.0, 4.0, 3.0, 3.0, 2.0, 3.0, 4.0, 3.0, 4.0, 4.0, 3.0, 3.0, 2.0, 3.0, 3.0, 3.0, 4.0, 4.0, 2.0, 4.0, 4.0, 4.0, 4.0, 3.0, 3.0, 4.0, 3.0, 3.0, 3.0, 4.0, 4.0, 2.0, 4.0, 4.0, 2.0, 4.0, 3.0, 4.0, 3.0, 4.0, 4.0, 3.0, 1.0, 4.0, 3.0, 3.0, 2.0, 3.0, 1.0, 2.0, 3.0, 4.0, 2.0, 3.0, 3.0, 3.0, 4.0, 4.0, 4.0, 4.0, 4.0, 3.0, 4.0, 2.0, 3.0, 3.0, 3.0, 4.0, 3.0, 3.0], "test_losses": [0.0457257479429245, 0.3501411974430084, 1.461110234260559, 1.2264963388442993, 0.3560149669647217, 0.28549638390541077, 1.3159959316253662, 1.1039631366729736, 0.6249270439147949, 0.014400767162442207, 0.024357076734304428, 0.0629628598690033, 2.5186705589294434, 0.09140980988740921, 0.3109508752822876, 1.0705854892730713, 0.623256266117096, 0.8069945573806763, 0.7183818221092224, 0.6106748580932617, 0.4129091799259186, 0.2933402359485626, 0.3770090341567993, 0.07842481136322021, 1.1835558414459229, 0.606142520904541, 0.0341382697224617, 0.6364388465881348, 0.6107360124588013, 0.23353566229343414, 2.737002372741699, 0.5697200894355774, 0.8197735548019409, 0.48420971632003784, 0.04941939935088158, 0.18353083729743958, 0.03932792693376541, 0.018020309507846832, 0.07612483203411102, 0.1058824211359024, 0.5491003394126892, 0.25727376341819763, 1.683333158493042, 0.727783203125, 1.287240743637085, 0.27088916301727295, 0.11071117967367172, 0.3040478229522705, 0.29117149114608765, 0.7535410523414612, 1.2464708089828491, 1.6506224870681763, 1.0799736976623535, 0.08179271221160889, 0.5159417390823364, 0.09074687957763672, 0.1207069382071495, 0.17033101618289948, 0.07810373604297638, 0.1895565390586853, 0.0928986594080925, 0.6290761232376099, 0.5696117281913757, 0.01584794744849205, 0.24941310286521912, 0.7499518394470215, 0.24651074409484863, 0.7022064924240112, 0.9298512935638428, 0.9005988240242004, 1.3501105308532715, 0.048426371067762375, 0.45453813672065735, 1.660836100578308, 0.01885358989238739, 0.35068780183792114, 0.8924545645713806, 0.043950505554676056, 0.999584436416626, 0.09054455161094666, 0.6439958214759827, 0.20407550036907196, 0.6772265434265137, 1.3176820278167725, 0.7869212031364441, 1.4500852823257446, 0.18740834295749664, 0.37479734420776367, 0.2145889848470688, 0.36930930614471436, 0.3789733946323395, 2.0503294467926025, 2.1061899662017822, 0.09123080968856812, 0.08428624272346497, 0.4438916742801666, 0.5181227326393127, 1.950903058052063, 0.3814067840576172, 0.13953503966331482, 1.2045722007751465, 0.018360845744609833, 0.09602909535169601, 0.7249472737312317, 0.7362144589424133, 0.6786776781082153, 0.7708305716514587, 0.4760819971561432, 0.2631186544895172, 0.17023983597755432, 0.03447708114981651, 1.0002195835113525, 0.06848208606243134, 0.0451790913939476, 0.1537395417690277, 0.0798652172088623, 1.0329768657684326, 0.7354475855827332, 0.07744807004928589, 0.48245686292648315, 0.6680272221565247, 0.5983138680458069, 0.04867968335747719, 0.14284130930900574, 1.624094843864441, 0.13318705558776855, 0.1858879029750824, 0.78228759765625, 0.09431985765695572, 0.9679498076438904, 0.09925992786884308, 0.24001015722751617, 0.03841990977525711, 0.3403284251689911, 0.5302112102508545, 1.8219528198242188, 0.0065689547918736935, 0.44544222950935364, 0.9282926917076111, 0.8062527179718018, 0.29949143528938293, 1.8022823333740234, 1.6725784540176392, 1.0262515544891357, 0.18820098042488098, 1.0412044525146484, 0.726080060005188, 0.6534699201583862, 0.8020137548446655, 0.06296594440937042, 0.2114483118057251, 0.04172753170132637, 0.05491933971643448, 0.2064497172832489, 0.9894322752952576, 0.25992828607559204, 0.6413138508796692, 1.9229965209960938, 0.509194016456604, 0.6637822985649109, 0.028425471857190132, 0.7984851002693176, 0.062067482620477676], "test_loss": 0.5767755276077867, "test_batch_lens": [4, 4, 4, 4, 4, 4, 4, 4, 4, 4, 4, 4, 4, 4, 4, 4, 4, 4, 4, 4, 4, 4, 4, 4, 4, 4, 4, 4, 4, 4, 4, 4, 4, 4, 4, 4, 4, 4, 4, 4, 4, 4, 4, 4, 4, 4, 4, 4, 4, 4, 4, 4, 4, 4, 4, 4, 4, 4, 4, 4, 4, 4, 4, 4, 4, 4, 4, 4, 4, 4, 4, 4, 4, 4, 4, 4, 4, 4, 4, 4, 4, 4, 4, 4, 4, 4, 4, 4, 4, 4, 4, 4, 4, 4, 4, 4, 4, 4, 4, 4, 4, 4, 4, 4, 4, 4, 4, 4, 4, 4, 4, 4, 4, 4, 4, 4, 4, 4, 4, 4, 4, 4, 4, 4, 4, 4, 4, 4, 4, 4, 4, 4, 4, 4, 4, 4, 4, 4, 4, 4, 4, 4, 4, 4, 4, 4, 4, 4, 4, 4, 4, 4, 4, 4, 4, 4, 4, 4, 4, 4, 4, 4, 3], "test_accuracy": 0.8064516129032258, "predictions": [7, 4, 1, 10, 7, 1, 8, 8, 3, 3, 4, 7, 1, 9, 8, 0, 9, 6, 4, 4, 6, 10, 1, 4, 6, 7, 4, 6, 2, 8, 9, 1, 1, 7, 6, 3, 10, 5, 5, 0, 10, 3, 2, 10, 7, 8, 4, 3, 8, 8, 2, 4, 3, 4, 6, 1, 1, 9, 1, 10, 10, 6, 9, 6, 5, 9, 8, 5, 6, 1, 3, 9, 3, 3, 1, 6, 6, 8, 9, 3, 3, 1, 3, 1, 5, 5, 1, 3, 3, 4, 9, 10, 10, 7, 1, 5, 0, 6, 2, 7, 5, 0, 10, 6, 10, 8, 3, 9, 10, 4, 7, 10, 0, 3, 7, 2, 0, 8, 0, 0, 4, 10, 0, 8, 5, 1, 8, 9, 6, 7, 4, 8, 10, 10, 9, 9, 4, 1, 9, 0, 10, 3, 3, 9, 4, 7, 4, 7, 2, 10, 2, 4, 10, 10, 1, 0, 10, 5, 4, 7, 4, 9, 10, 4, 2, 1, 10, 5, 8, 0, 10, 8, 8, 7, 6, 8, 8, 5, 1, 10, 6, 8, 5, 3, 9, 3, 4, 8, 3, 2, 0, 2, 0, 9, 9, 8, 3, 3, 5, 9, 9, 1, 6, 1, 4, 3, 9, 8, 3, 9, 5, 9, 2, 5, 4, 5, 2, 10, 7, 4, 7, 3, 0, 6, 7, 0, 5, 7, 1, 0, 1, 6, 3, 7, 7, 2, 10, 4, 3, 10, 9, 4, 3, 3, 1, 7, 6, 5, 2, 4, 10, 8, 1, 2, 3, 10, 6, 9, 5, 3, 8, 10, 7, 7, 5, 1, 8, 1, 0, 7, 3, 10, 3, 5, 7, 2, 7, 10, 9, 7, 9, 8, 8, 10, 2, 4, 2, 5, 5, 3, 5, 0, 8, 2, 7, 1, 2, 7, 3, 2, 4, 10, 6, 6, 6, 5, 2, 7, 10, 1, 7, 6, 4, 2, 5, 3, 0, 9, 4, 3, 5, 6, 7, 9, 1, 8, 8, 5, 2, 9, 4, 4, 3, 8, 4, 7, 1, 2, 4, 2, 5, 7, 4, 10, 5, 0, 5, 7, 3, 6, 9, 6, 4, 9, 5, 1, 8, 3, 7, 7, 5, 4, 6, 10, 4, 9, 10, 5, 6, 9, 4, 1, 5, 0, 9, 10, 5, 0, 3, 7, 3, 1, 10, 2, 2, 4, 4, 7, 3, 7, 8, 10, 9, 4, 8, 0, 5, 6, 9, 9, 7, 7, 8, 9, 1, 10, 10, 5, 5, 7, 3, 3, 5, 10, 4, 7, 0, 3, 1, 1, 3, 5, 4, 0, 6, 0, 1, 8, 8, 9, 8, 3, 8, 8, 3, 2, 2, 3, 7, 10, 10, 4, 10, 6, 6, 5, 8, 2, 8, 2, 1, 9, 9, 5, 9, 9, 1, 3, 5, 7, 9, 10, 1, 8, 0, 6, 3, 8, 10, 4, 10, 1, 1, 2, 8, 2, 4, 3, 2, 5, 4, 9, 0, 7, 6, 9, 10, 0, 2, 8, 6, 9, 3, 7, 2, 4, 9, 0, 7, 3, 9, 6, 3, 4, 6, 3, 3, 5, 1, 7, 7, 10, 4, 10, 2, 5, 5, 7, 5, 3, 4, 5, 0, 4, 5, 4, 9, 8, 9, 7, 7, 2, 0, 2, 4, 3, 2, 8, 1, 8, 4, 1, 6, 5, 2, 0, 9, 7, 6, 7, 6, 9, 0, 10, 8, 3, 9, 3, 7, 3, 2, 7, 9, 2, 4, 3, 8, 0, 7, 2, 3, 5, 2, 10, 4, 7, 9, 6, 8, 6, 6, 10, 7, 4, 7, 4, 4, 9, 3, 3, 7, 9, 1, 7, 5, 2, 0, 7, 8, 0, 7, 4, 5, 5, 4, 8, 6, 6, 1, 5, 3, 0, 1, 4, 7, 1, 9, 4, 6, 5, 10, 7, 1, 0, 3, 0, 1, 9, 3, 10, 7, 6, 9, 9, 4, 8, 2, 3, 9, 8, 6, 8, 1, 7, 4, 8, 2, 0, 8, 6, 7],