{"val_acc": [0.6605222734254992, 0.7357910906298003, 0.8018433179723502, 0.794162826420891, 0.8172043010752689, 0.8448540706605223, 0.8433179723502304, 0.8525345622119815, 0.8433179723502304, 0.8540706605222734], "val_loss": [0.9598664903521903, 0.8007192889148472, 0.6051249076138062, 0.5585737451225337, 0.5210366514339997, 0.4891157861901847, 0.46464883396830525, 0.4378791035085479, 0.4358283662125811, 0.42575974211788115], "train_loss": [1.3980539984993863, 0.8358705365169009, 0.6615285926946447, 0.5853471323539262, 0.5326096949723416, 0.47735812116835563, 0.448350682875162, 0.4150458146228078, 0.40173133239647074, 0.3797907994754409], "test_correct_in_batch": [4.0, 4.0, 2.0, 4.0, 4.0, 4.0, 3.0, 3.0, 4.0, 4.0, 4.0, 4.0, 2.0, 4.0, 4.0, 3.0, 3.0, 2.0, 0.0, 3.0, 3.0, 4.0, 3.0, 3.0, 4.0, 4.0, 4.0, 3.0, 3.0, 3.0, 3.0, 4.0, 4.0, 4.0, 4.0, 4.0, 3.0, 3.0, 4.0, 4.0, 4.0, 4.0, 3.0, 4.0, 4.0, 4.0, 4.0, 2.0, 3.0, 4.0, 3.0, 2.0, 4.0, 3.0, 3.0, 4.0, 3.0, 4.0, 3.0, 3.0, 3.0, 4.0, 4.0, 4.0, 4.0, 3.0, 4.0, 3.0, 3.0, 3.0, 2.0, 4.0, 4.0, 2.0, 3.0, 4.0, 4.0, 4.0, 2.0, 3.0, 3.0, 4.0, 4.0, 4.0, 2.0, 3.0, 4.0, 3.0, 3.0, 4.0, 4.0, 3.0, 2.0, 4.0, 4.0, 4.0, 4.0, 3.0, 3.0, 4.0, 2.0, 3.0, 4.0, 3.0, 4.0, 4.0, 4.0, 4.0, 4.0, 4.0, 4.0, 3.0, 4.0, 4.0, 3.0, 4.0, 2.0, 4.0, 4.0, 2.0, 4.0, 1.0, 3.0, 3.0, 3.0, 4.0, 3.0, 2.0, 3.0, 4.0, 3.0, 4.0, 4.0, 4.0, 3.0, 3.0, 4.0, 3.0, 4.0, 3.0, 4.0, 4.0, 4.0, 4.0, 4.0, 3.0, 3.0, 3.0, 4.0, 3.0, 4.0, 3.0, 4.0, 3.0, 4.0, 4.0, 4.0, 3.0, 3.0, 3.0, 4.0, 4.0, 3.0], "test_losses": [0.028960412368178368, 0.28175821900367737, 0.8130002021789551, 0.11831549555063248, 0.01420504879206419, 0.10492794215679169, 0.7398296594619751, 0.4793297350406647, 0.43251150846481323, 0.012871386483311653, 0.11238932609558105, 0.020839987322688103, 1.5625665187835693, 0.17247772216796875, 0.0723099485039711, 0.689459502696991, 0.5742419362068176, 0.8630038499832153, 1.8339118957519531, 0.5538718104362488, 0.9771444797515869, 0.1253361999988556, 0.4867762327194214, 0.43201780319213867, 0.11831718683242798, 0.0436190627515316, 0.006894642952829599, 0.6849947571754456, 0.4008425176143646, 0.3225778341293335, 0.6497319936752319, 0.14153426885604858, 0.024725651368498802, 0.00590022187680006, 0.1948743611574173, 0.15415915846824646, 0.4402196407318115, 0.8262071013450623, 0.16577200591564178, 0.15838848054409027, 0.23900620639324188, 0.009426161646842957, 0.8735079765319824, 0.031062912195920944, 0.1368367224931717, 0.009808791801333427, 0.06404563039541245, 1.7966715097427368, 0.4008583724498749, 0.2502706050872803, 1.1270521879196167, 1.5837148427963257, 0.04789174348115921, 0.8613768815994263, 0.38712647557258606, 0.053413234651088715, 1.139176607131958, 0.22771580517292023, 0.2672857642173767, 0.3846592605113983, 0.2701297104358673, 0.2085866779088974, 0.15862557291984558, 0.07782131433486938, 0.09019871801137924, 0.7285895943641663, 0.13212130963802338, 0.4424521028995514, 0.7459881901741028, 0.75426185131073, 1.038199543952942, 0.07006704062223434, 0.22576904296875, 0.9267889857292175, 0.24444343149662018, 0.09298358112573624, 0.008776354603469372, 0.011381888762116432, 0.6315040588378906, 0.45807579159736633, 0.47630417346954346, 0.15993726253509521, 0.012490600347518921, 0.266924113035202, 1.6043131351470947, 0.721770703792572, 0.14315207302570343, 0.8735626935958862, 1.136291742324829, 0.2240968942642212, 0.010560213588178158, 1.3490970134735107, 0.9495315551757812, 0.14892476797103882, 0.06295602768659592, 0.15914373099803925, 0.2440035045146942, 1.211072564125061, 0.6462251543998718, 0.11415287852287292, 0.7958384156227112, 0.5964882969856262, 0.03222149983048439, 0.6494989395141602, 0.34479013085365295, 0.13097424805164337, 0.12932705879211426, 0.05165765434503555, 0.15326105058193207, 0.04871612414717674, 0.020385397598147392, 0.6617870330810547, 0.016447480767965317, 0.027417998760938644, 0.477888286113739, 0.025134507566690445, 1.1433234214782715, 0.01645077019929886, 0.15556995570659637, 0.60741126537323, 0.12672893702983856, 1.4597402811050415, 0.5655907392501831, 0.4346511960029602, 0.7930079698562622, 0.11325657367706299, 0.4232550859451294, 1.5165233612060547, 1.010007619857788, 0.11309073120355606, 0.7726800441741943, 0.028145723044872284, 0.015622347593307495, 0.2163872867822647, 0.864121675491333, 1.2465770244598389, 0.012328778393566608, 0.6824398040771484, 0.08137404918670654, 0.9114399552345276, 0.004618508741259575, 0.1600075364112854, 0.2567545771598816, 0.00746455043554306, 0.06985947489738464, 0.6303073763847351, 1.14128577709198, 0.5163394808769226, 0.25593727827072144, 0.35810956358909607, 0.07383889704942703, 0.44878312945365906, 0.12569910287857056, 0.3702690601348877, 0.2570016086101532, 0.15691354870796204, 0.33895352482795715, 0.28527724742889404, 0.7422401309013367, 1.2520196437835693, 0.023008882999420166, 0.09970351308584213, 0.12385722994804382], "test_loss": 0.421673664580345, "test_batch_lens": [4, 4, 4, 4, 4, 4, 4, 4, 4, 4, 4, 4, 4, 4, 4, 4, 4, 4, 4, 4, 4, 4, 4, 4, 4, 4, 4, 4, 4, 4, 4, 4, 4, 4, 4, 4, 4, 4, 4, 4, 4, 4, 4, 4, 4, 4, 4, 4, 4, 4, 4, 4, 4, 4, 4, 4, 4, 4, 4, 4, 4, 4, 4, 4, 4, 4, 4, 4, 4, 4, 4, 4, 4, 4, 4, 4, 4, 4, 4, 4, 4, 4, 4, 4, 4, 4, 4, 4, 4, 4, 4, 4, 4, 4, 4, 4, 4, 4, 4, 4, 4, 4, 4, 4, 4, 4, 4, 4, 4, 4, 4, 4, 4, 4, 4, 4, 4, 4, 4, 4, 4, 4, 4, 4, 4, 4, 4, 4, 4, 4, 4, 4, 4, 4, 4, 4, 4, 4, 4, 4, 4, 4, 4, 4, 4, 4, 4, 4, 4, 4, 4, 4, 4, 4, 4, 4, 4, 4, 4, 4, 4, 4, 3], "test_accuracy": 0.8556067588325653, "predictions": [7, 4, 1, 10, 7, 1, 8, 8, 7, 5, 4, 7, 1, 9, 3, 0, 9, 6, 4, 9, 8, 10, 1, 4, 6, 8, 5, 6, 6, 6, 2, 1, 1, 9, 6, 3, 10, 5, 5, 0, 10, 3, 2, 10, 7, 8, 4, 3, 8, 8, 0, 4, 3, 4, 6, 1, 1, 9, 1, 10, 10, 6, 9, 6, 5, 9, 8, 5, 8, 0, 3, 8, 5, 1, 0, 6, 6, 2, 9, 2, 3, 1, 1, 1, 5, 5, 1, 8, 0, 4, 9, 2, 10, 7, 0, 5, 1, 8, 2, 7, 5, 1, 10, 6, 10, 8, 3, 9, 10, 4, 7, 9, 0, 3, 7, 8, 0, 6, 0, 0, 4, 3, 7, 6, 5, 1, 7, 9, 6, 7, 4, 0, 10, 10, 7, 9, 4, 1, 9, 0, 10, 3, 3, 9, 4, 7, 9, 7, 2, 10, 8, 4, 10, 10, 1, 0, 10, 5, 4, 7, 8, 9, 10, 4, 2, 3, 10, 5, 0, 0, 9, 0, 10, 7, 6, 8, 0, 8, 1, 2, 6, 3, 5, 3, 9, 3, 4, 8, 3, 2, 8, 9, 0, 7, 9, 8, 1, 3, 5, 9, 9, 1, 6, 1, 4, 8, 9, 8, 3, 9, 5, 6, 6, 5, 4, 5, 2, 10, 5, 4, 7, 3, 0, 6, 7, 1, 5, 7, 1, 0, 1, 6, 1, 7, 7, 2, 10, 9, 3, 10, 9, 9, 3, 3, 1, 7, 8, 5, 2, 4, 10, 1, 1, 2, 3, 10, 6, 9, 5, 3, 3, 10, 7, 7, 5, 1, 8, 1, 1, 7, 3, 10, 3, 5, 9, 2, 7, 9, 9, 7, 4, 8, 1, 10, 2, 4, 2, 5, 5, 3, 8, 0, 2, 6, 1, 1, 6, 7, 3, 2, 4, 10, 8, 6, 6, 0, 2, 7, 10, 1, 7, 6, 4, 2, 5, 3, 0, 9, 4, 8, 6, 6, 7, 9, 1, 8, 8, 5, 2, 9, 4, 1, 1, 8, 4, 7, 1, 3, 4, 2, 5, 0, 9, 10, 5, 0, 5, 7, 3, 6, 9, 6, 9, 9, 5, 1, 8, 3, 7, 7, 4, 4, 6, 10, 8, 9, 10, 5, 2, 9, 4, 0, 5, 0, 9, 10, 5, 0, 3, 7, 3, 1, 8, 2, 2, 4, 4, 9, 3, 7, 8, 9, 9, 5, 0, 0, 5, 6, 9, 9, 7, 7, 8, 6, 1, 10, 10, 4, 5, 7, 3, 3, 5, 10, 4, 7, 2, 3, 1, 1, 0, 5, 4, 1, 2, 0, 1, 8, 8, 4, 8, 3, 8, 0, 3, 2, 2, 3, 7, 10, 10, 4, 10, 6, 6, 5, 8, 9, 8, 2, 1, 9, 9, 5, 9, 9, 1, 2, 5, 7, 9, 10, 1, 8, 8, 6, 3, 5, 2, 4, 10, 1, 1, 2, 8, 2, 5, 8, 2, 8, 9, 9, 0, 7, 6, 5, 9, 1, 2, 5, 6, 9, 3, 4, 2, 4, 2, 0, 1, 3, 9, 6, 3, 4, 8, 3, 3, 5, 1, 7, 7, 10, 4, 10, 5, 5, 5, 7, 5, 1, 4, 5, 1, 4, 5, 4, 9, 5, 9, 7, 7, 2, 0, 2, 4, 3, 2, 2, 1, 8, 9, 1, 6, 8, 2, 0, 9, 7, 6, 1, 6, 9, 0, 10, 8, 8, 6, 1, 7, 3, 2, 7, 9, 6, 7, 8, 9, 0, 8, 2, 10, 5, 2, 10, 8, 7, 9, 6, 8, 6, 6, 9, 7, 9, 7, 4, 4, 9, 3, 3, 7, 1, 1, 7, 5, 4, 0, 7, 6, 0, 7, 4, 5, 5, 2, 8, 6, 6, 1, 5, 3, 0, 1, 8, 7, 1, 9, 4, 6, 6, 10, 7, 1, 0, 3, 9, 1, 4, 3, 10, 7, 6, 9, 9, 8, 0, 6, 3, 7, 8, 6, 8, 1, 7, 4, 0, 2, 0, 8, 6, 7],