{"val_acc": [0.3901689708141321, 0.565284178187404, 0.5975422427035331, 0.6159754224270353, 0.6497695852534562, 0.6436251920122887, 0.6789554531490015, 0.695852534562212, 0.674347158218126, 0.6943164362519201], "val_loss": [1.7489234486971896, 1.3207267423166087, 1.2124818943760878, 1.140360242384343, 1.075682964153085, 1.0514251009726816, 0.9616427562582347, 0.9524947742937259, 0.9558078146831024, 0.9133226786014492], "train_loss": [2.0495467538765797, 1.5486905839199663, 1.3084726320732887, 1.1659838828773477, 1.0997790513686319, 1.0092475179065616, 0.974381956125513, 0.9394438956288104, 0.8825993282261032, 0.8400077054191863], "test_correct_in_batch": [4.0, 3.0, 2.0, 2.0, 3.0, 4.0, 1.0, 2.0, 3.0, 4.0, 3.0, 3.0, 1.0, 4.0, 4.0, 3.0, 3.0, 2.0, 2.0, 2.0, 1.0, 2.0, 3.0, 4.0, 2.0, 3.0, 3.0, 3.0, 3.0, 2.0, 1.0, 3.0, 4.0, 4.0, 2.0, 4.0, 3.0, 3.0, 1.0, 3.0, 3.0, 3.0, 3.0, 2.0, 2.0, 3.0, 3.0, 3.0, 2.0, 1.0, 3.0, 1.0, 3.0, 2.0, 4.0, 4.0, 3.0, 3.0, 3.0, 2.0, 4.0, 3.0, 4.0, 3.0, 3.0, 2.0, 3.0, 3.0, 3.0, 3.0, 0.0, 3.0, 0.0, 2.0, 3.0, 2.0, 2.0, 3.0, 2.0, 2.0, 2.0, 2.0, 3.0, 2.0, 2.0, 3.0, 1.0, 3.0, 3.0, 3.0, 3.0, 2.0, 1.0, 3.0, 4.0, 3.0, 2.0, 1.0, 2.0, 3.0, 2.0, 4.0, 2.0, 1.0, 2.0, 2.0, 2.0, 4.0, 4.0, 4.0, 4.0, 3.0, 3.0, 3.0, 3.0, 4.0, 2.0, 3.0, 3.0, 3.0, 4.0, 2.0, 3.0, 3.0, 3.0, 4.0, 2.0, 1.0, 2.0, 2.0, 2.0, 2.0, 1.0, 1.0, 3.0, 1.0, 4.0, 3.0, 3.0, 2.0, 4.0, 3.0, 1.0, 3.0, 2.0, 2.0, 1.0, 3.0, 2.0, 3.0, 2.0, 2.0, 3.0, 3.0, 3.0, 2.0, 4.0, 4.0, 3.0, 2.0, 4.0, 3.0, 2.0], "test_losses": [0.24151557683944702, 1.070660948753357, 1.5804837942123413, 1.183689832687378, 0.47469452023506165, 0.4344193637371063, 2.321371078491211, 1.7017662525177002, 0.8987422585487366, 0.27808916568756104, 0.43781065940856934, 0.6920449137687683, 1.662874698638916, 0.10884460806846619, 0.4158385992050171, 0.8463221788406372, 1.0221863985061646, 0.9411199688911438, 1.359106421470642, 1.722957968711853, 1.5444327592849731, 1.586229920387268, 1.1125435829162598, 0.44315358996391296, 0.7103980183601379, 0.5176049470901489, 0.8933141827583313, 0.8385440707206726, 1.5914123058319092, 0.9329931735992432, 3.5113799571990967, 0.6870689988136292, 0.11702904105186462, 0.21564459800720215, 1.0664737224578857, 0.5111381411552429, 0.7129343152046204, 0.9626390337944031, 2.0603020191192627, 0.6003665328025818, 0.8540095686912537, 0.7255268096923828, 0.8115013241767883, 1.1782197952270508, 1.1727043390274048, 0.7456289529800415, 1.5527383089065552, 0.6887178421020508, 1.7196452617645264, 1.9111418724060059, 0.858244776725769, 2.628791332244873, 0.7512009739875793, 1.8855116367340088, 0.600726306438446, 0.113981693983078, 0.7798476815223694, 0.7247262001037598, 0.5164210200309753, 1.1593304872512817, 0.44471150636672974, 0.7326532006263733, 0.24077723920345306, 0.5207372307777405, 1.5278449058532715, 2.1353039741516113, 0.8933453559875488, 1.526046872138977, 1.3219411373138428, 0.5739449262619019, 2.6579222679138184, 0.8453086018562317, 1.9338886737823486, 0.9939190745353699, 0.4623451828956604, 0.7341293096542358, 0.9526771306991577, 0.7203885316848755, 1.187145471572876, 0.7886650562286377, 1.65628182888031, 2.3528435230255127, 0.9819982051849365, 2.3132593631744385, 1.0143616199493408, 0.9062311053276062, 1.2762929201126099, 1.1847050189971924, 0.6612107157707214, 1.079704999923706, 1.138471245765686, 1.2842206954956055, 2.325817823410034, 0.6741255521774292, 0.19644057750701904, 0.527869701385498, 1.4218847751617432, 3.330728054046631, 1.070391058921814, 0.6338750720024109, 1.4158223867416382, 0.2650451064109802, 1.2719295024871826, 1.475390911102295, 0.7228437662124634, 0.9417502880096436, 1.0618964433670044, 0.23897257447242737, 0.20298342406749725, 0.1744406521320343, 0.2732968330383301, 1.0115785598754883, 0.5107306241989136, 0.5214003324508667, 0.6131155490875244, 0.33672457933425903, 1.5396156311035156, 1.0729377269744873, 0.5738947987556458, 0.9403514862060547, 0.2943556010723114, 1.3342986106872559, 0.5634282827377319, 0.6771174073219299, 1.5045663118362427, 0.8557043075561523, 1.6626100540161133, 1.6453125476837158, 0.9631415605545044, 0.7027801871299744, 1.393091082572937, 1.170377492904663, 1.094691276550293, 1.2652653455734253, 0.7979145050048828, 2.118067502975464, 0.06868784874677658, 0.5337806344032288, 0.9210366010665894, 1.9310200214385986, 0.19086578488349915, 0.8147226572036743, 3.0089592933654785, 0.40737172961235046, 1.1239590644836426, 1.4229798316955566, 1.1983106136322021, 1.158458948135376, 1.6312918663024902, 1.1694839000701904, 1.431955099105835, 1.7190508842468262, 1.1248091459274292, 0.5072879791259766, 0.9609161615371704, 1.2712254524230957, 0.7392840385437012, 0.592513918876648, 0.5203927159309387, 0.8157064914703369, 0.05328654125332832, 1.3507524728775024, 0.4923813045024872], "test_loss": 1.0366938776719423, "test_batch_lens": [4, 4, 4, 4, 4, 4, 4, 4, 4, 4, 4, 4, 4, 4, 4, 4, 4, 4, 4, 4, 4, 4, 4, 4, 4, 4, 4, 4, 4, 4, 4, 4, 4, 4, 4, 4, 4, 4, 4, 4, 4, 4, 4, 4, 4, 4, 4, 4, 4, 4, 4, 4, 4, 4, 4, 4, 4, 4, 4, 4, 4, 4, 4, 4, 4, 4, 4, 4, 4, 4, 4, 4, 4, 4, 4, 4, 4, 4, 4, 4, 4, 4, 4, 4, 4, 4, 4, 4, 4, 4, 4, 4, 4, 4, 4, 4, 4, 4, 4, 4, 4, 4, 4, 4, 4, 4, 4, 4, 4, 4, 4, 4, 4, 4, 4, 4, 4, 4, 4, 4, 4, 4, 4, 4, 4, 4, 4, 4, 4, 4, 4, 4, 4, 4, 4, 4, 4, 4, 4, 4, 4, 4, 4, 4, 4, 4, 4, 4, 4, 4, 4, 4, 4, 4, 4, 4, 4, 4, 4, 4, 4, 4, 3], "test_accuracy": 0.6559139784946236, "predictions": [7, 4, 1, 10, 7, 1, 8, 5, 8, 0, 4, 7, 1, 9, 6, 1, 9, 6, 4, 2, 8, 10, 1, 4, 3, 1, 9, 6, 6, 6, 2, 2, 1, 3, 6, 3, 10, 5, 5, 0, 10, 3, 2, 2, 7, 7, 4, 3, 2, 0, 0, 4, 3, 4, 6, 1, 1, 9, 1, 10, 10, 6, 8, 6, 5, 8, 8, 5, 8, 3, 3, 3, 8, 1, 1, 8, 6, 3, 3, 2, 1, 1, 1, 0, 0, 5, 1, 3, 0, 9, 9, 10, 10, 7, 1, 5, 0, 0, 2, 7, 5, 0, 10, 6, 10, 1, 3, 9, 10, 4, 7, 4, 0, 3, 7, 8, 0, 10, 0, 5, 4, 0, 1, 3, 5, 3, 7, 9, 6, 7, 4, 0, 10, 10, 7, 9, 4, 3, 9, 1, 10, 3, 3, 9, 9, 7, 4, 7, 2, 10, 9, 4, 2, 6, 3, 0, 10, 8, 4, 7, 6, 9, 10, 4, 10, 3, 10, 5, 8, 0, 9, 9, 2, 7, 6, 6, 0, 0, 1, 6, 6, 0, 5, 3, 9, 3, 6, 8, 3, 2, 0, 6, 0, 6, 9, 5, 0, 1, 0, 9, 0, 1, 6, 1, 4, 9, 0, 5, 3, 9, 9, 6, 9, 4, 4, 5, 2, 10, 8, 4, 7, 3, 0, 6, 7, 0, 5, 0, 8, 0, 1, 6, 1, 7, 7, 2, 10, 9, 0, 10, 9, 4, 3, 3, 1, 7, 8, 9, 2, 4, 10, 1, 3, 2, 3, 10, 9, 9, 5, 3, 3, 0, 7, 0, 5, 3, 8, 1, 3, 7, 3, 10, 3, 5, 8, 2, 7, 1, 9, 7, 9, 1, 5, 4, 2, 4, 9, 5, 0, 2, 6, 8, 9, 8, 0, 1, 2, 7, 3, 10, 4, 10, 0, 8, 2, 0, 2, 8, 10, 1, 1, 6, 4, 2, 5, 3, 3, 9, 9, 3, 8, 6, 9, 9, 1, 2, 8, 8, 2, 4, 4, 1, 3, 3, 4, 7, 1, 10, 9, 2, 5, 0, 0, 10, 0, 1, 8, 7, 3, 6, 8, 6, 4, 9, 5, 3, 0, 3, 7, 7, 4, 2, 6, 10, 4, 9, 10, 5, 2, 9, 4, 9, 5, 0, 1, 10, 5, 0, 3, 7, 1, 1, 8, 2, 0, 8, 4, 9, 3, 8, 0, 4, 9, 5, 3, 0, 5, 6, 8, 9, 8, 7, 8, 9, 1, 10, 10, 5, 5, 1, 0, 3, 9, 10, 4, 0, 2, 3, 0, 3, 0, 5, 5, 9, 2, 0, 3, 7, 8, 4, 8, 3, 8, 0, 3, 2, 2, 3, 7, 10, 10, 4, 10, 6, 6, 5, 0, 2, 8, 2, 1, 1, 9, 5, 5, 9, 0, 3, 5, 7, 9, 10, 1, 8, 0, 6, 3, 4, 10, 4, 10, 1, 1, 2, 1, 2, 4, 8, 2, 0, 9, 9, 0, 7, 6, 9, 8, 1, 9, 8, 6, 9, 6, 7, 2, 4, 8, 0, 1, 3, 9, 6, 3, 4, 7, 3, 1, 5, 1, 8, 7, 6, 9, 10, 9, 5, 5, 9, 5, 3, 9, 5, 2, 4, 5, 4, 4, 9, 0, 7, 8, 10, 0, 10, 9, 0, 2, 8, 1, 8, 8, 1, 5, 0, 2, 0, 9, 7, 6, 7, 6, 9, 0, 10, 8, 0, 10, 3, 7, 3, 2, 7, 9, 6, 7, 6, 9, 0, 7, 2, 9, 6, 2, 10, 4, 7, 8, 6, 6, 6, 6, 7, 7, 4, 7, 9, 2, 4, 3, 3, 7, 9, 3, 7, 5, 9, 5, 7, 8, 0, 9, 7, 5, 5, 4, 6, 4, 6, 1, 9, 3, 0, 3, 4, 7, 1, 9, 5, 6, 6, 10, 7, 3, 3, 3, 9, 1, 4, 3, 10, 7, 8, 9, 4, 4, 0, 2, 3, 9, 6, 6, 8, 1, 7, 4, 9, 2, 0, 1, 6, 7],