{"val_acc": [0.7311827956989247, 0.8003072196620584, 0.7956989247311828, 0.8494623655913979, 0.8463901689708141, 0.8556067588325653, 0.8509984639016898, 0.8602150537634409, 0.8556067588325653, 0.8356374807987711], "val_loss": [0.8521492154754561, 0.6168707604548591, 0.6235450764580921, 0.5065469109229, 0.4782043860595319, 0.47439724612878237, 0.4571698359113781, 0.4474296159713752, 0.46699558915370404, 0.4997564330797048], "train_loss": [1.2104973860475783, 0.7344281083059138, 0.6145934143575718, 0.5546433329225648, 0.5123388390290344, 0.47411728825287525, 0.47060966103690166, 0.45127423649763454, 0.4557497689636548, 0.43346811108466066], "test_correct_in_batch": [4.0, 3.0, 2.0, 3.0, 4.0, 4.0, 3.0, 4.0, 3.0, 4.0, 4.0, 3.0, 2.0, 4.0, 4.0, 3.0, 3.0, 2.0, 3.0, 3.0, 4.0, 4.0, 2.0, 3.0, 4.0, 4.0, 4.0, 2.0, 3.0, 4.0, 2.0, 3.0, 4.0, 4.0, 4.0, 3.0, 4.0, 4.0, 4.0, 3.0, 3.0, 4.0, 3.0, 4.0, 4.0, 4.0, 3.0, 4.0, 3.0, 3.0, 3.0, 2.0, 4.0, 4.0, 3.0, 4.0, 3.0, 4.0, 3.0, 4.0, 4.0, 4.0, 4.0, 4.0, 3.0, 3.0, 4.0, 3.0, 3.0, 3.0, 3.0, 4.0, 4.0, 2.0, 4.0, 4.0, 3.0, 4.0, 3.0, 3.0, 2.0, 4.0, 4.0, 4.0, 3.0, 4.0, 4.0, 3.0, 3.0, 4.0, 3.0, 3.0, 1.0, 4.0, 4.0, 4.0, 2.0, 2.0, 3.0, 4.0, 2.0, 4.0, 4.0, 3.0, 3.0, 4.0, 4.0, 3.0, 3.0, 4.0, 4.0, 3.0, 4.0, 4.0, 3.0, 3.0, 3.0, 4.0, 4.0, 3.0, 4.0, 2.0, 3.0, 4.0, 3.0, 3.0, 4.0, 2.0, 4.0, 4.0, 3.0, 4.0, 4.0, 3.0, 3.0, 4.0, 4.0, 4.0, 4.0, 2.0, 4.0, 4.0, 3.0, 3.0, 4.0, 2.0, 3.0, 3.0, 3.0, 4.0, 3.0, 2.0, 4.0, 3.0, 3.0, 3.0, 4.0, 4.0, 3.0, 4.0, 4.0, 4.0, 2.0], "test_losses": [0.008869518525898457, 0.5330991744995117, 1.1317381858825684, 0.9975327253341675, 0.20377200841903687, 0.0150143438950181, 1.7695411443710327, 0.529082179069519, 0.5576846599578857, 0.031025763601064682, 0.24919752776622772, 0.335416316986084, 2.0423784255981445, 0.1293506920337677, 0.05484343692660332, 0.77732253074646, 0.8337416648864746, 1.0483403205871582, 0.8532031774520874, 0.8252570629119873, 0.19092175364494324, 0.14610055088996887, 1.40362548828125, 0.6211370825767517, 0.018736902624368668, 0.05220872163772583, 0.020214319229125977, 1.17279052734375, 0.3852890133857727, 0.018287628889083862, 1.716806411743164, 1.469038486480713, 0.19768491387367249, 0.00473278621211648, 0.029518218711018562, 0.4152718782424927, 0.2244989424943924, 0.09161023795604706, 0.01444108784198761, 0.34212544560432434, 0.9094746112823486, 0.10205589979887009, 0.7484657168388367, 0.017789490520954132, 0.17188987135887146, 0.02055901288986206, 0.40725475549697876, 0.43311160802841187, 0.3991488218307495, 1.2226920127868652, 0.4295116662979126, 1.4238115549087524, 0.03517590090632439, 0.2853557765483856, 1.0971169471740723, 0.08135166019201279, 0.4837387800216675, 0.05587924271821976, 0.7055591344833374, 0.09982460737228394, 0.12753207981586456, 0.006301690824329853, 0.06676986813545227, 0.12741678953170776, 0.2842610776424408, 0.4001099467277527, 0.041958894580602646, 0.8597058653831482, 0.8077028393745422, 0.6434949636459351, 0.9814340472221375, 0.07825645059347153, 0.381239652633667, 0.8592135310173035, 0.023629823699593544, 0.2134069949388504, 0.5969059467315674, 0.0038983067497611046, 0.33304834365844727, 0.553355872631073, 1.0151333808898926, 0.30531376600265503, 0.025546155869960785, 0.3891744017601013, 0.5822275280952454, 0.07202291488647461, 0.054541513323783875, 0.5297198295593262, 0.6664000749588013, 0.2667439877986908, 0.4598861634731293, 1.1082565784454346, 1.9411275386810303, 0.21421921253204346, 0.046585563570261, 0.1276434361934662, 0.9692161679267883, 1.8758245706558228, 0.9272347092628479, 0.1854984313249588, 0.9610098600387573, 0.030415086075663567, 0.12682177126407623, 0.445881187915802, 0.6313439607620239, 0.17829512059688568, 0.03843529894948006, 1.029863953590393, 0.8088812828063965, 0.1387343555688858, 0.013259083032608032, 0.7308346033096313, 0.06719586253166199, 0.20039448142051697, 0.7766005992889404, 0.5799292922019958, 1.1384328603744507, 0.0138197410851717, 0.029066994786262512, 0.4272926151752472, 0.04043533653020859, 1.309003233909607, 0.34932079911231995, 0.2992866337299347, 0.6820536255836487, 0.7356078028678894, 0.2808248996734619, 1.54497230052948, 0.18413767218589783, 0.11986778676509857, 0.5455678701400757, 0.07273942232131958, 0.016018807888031006, 1.0550105571746826, 0.9899352788925171, 0.39004528522491455, 0.07833943516016006, 0.0833008885383606, 0.4188101291656494, 1.7787659168243408, 0.035892337560653687, 0.463883638381958, 0.9570028781890869, 0.3845820724964142, 0.019284788519144058, 1.0925147533416748, 0.7408498525619507, 1.3849691152572632, 0.7481289505958557, 0.10529112070798874, 0.5145701169967651, 1.1700506210327148, 0.21258126199245453, 0.2933366298675537, 0.35175639390945435, 0.2998047471046448, 0.11642959713935852, 0.10362061858177185, 0.4716207683086395, 0.35172659158706665, 0.004926928319036961, 0.026911288499832153, 0.6934297680854797], "test_loss": 0.48850855074445804, "test_batch_lens": [4, 4, 4, 4, 4, 4, 4, 4, 4, 4, 4, 4, 4, 4, 4, 4, 4, 4, 4, 4, 4, 4, 4, 4, 4, 4, 4, 4, 4, 4, 4, 4, 4, 4, 4, 4, 4, 4, 4, 4, 4, 4, 4, 4, 4, 4, 4, 4, 4, 4, 4, 4, 4, 4, 4, 4, 4, 4, 4, 4, 4, 4, 4, 4, 4, 4, 4, 4, 4, 4, 4, 4, 4, 4, 4, 4, 4, 4, 4, 4, 4, 4, 4, 4, 4, 4, 4, 4, 4, 4, 4, 4, 4, 4, 4, 4, 4, 4, 4, 4, 4, 4, 4, 4, 4, 4, 4, 4, 4, 4, 4, 4, 4, 4, 4, 4, 4, 4, 4, 4, 4, 4, 4, 4, 4, 4, 4, 4, 4, 4, 4, 4, 4, 4, 4, 4, 4, 4, 4, 4, 4, 4, 4, 4, 4, 4, 4, 4, 4, 4, 4, 4, 4, 4, 4, 4, 4, 4, 4, 4, 4, 4, 3], "test_accuracy": 0.8448540706605223, "predictions": [7, 4, 1, 10, 7, 1, 8, 5, 1, 2, 4, 7, 1, 9, 8, 0, 9, 6, 4, 9, 8, 10, 1, 4, 6, 8, 9, 6, 6, 8, 2, 1, 1, 6, 6, 3, 10, 5, 5, 0, 10, 3, 2, 10, 7, 8, 9, 3, 8, 8, 10, 4, 3, 4, 6, 1, 1, 9, 1, 10, 10, 6, 5, 6, 5, 6, 8, 5, 8, 0, 1, 1, 9, 3, 1, 8, 8, 8, 9, 2, 3, 1, 3, 1, 5, 5, 1, 8, 8, 5, 9, 10, 10, 7, 0, 5, 1, 8, 2, 7, 5, 1, 10, 6, 10, 8, 3, 9, 10, 9, 7, 6, 0, 3, 7, 8, 0, 8, 0, 0, 4, 3, 9, 6, 5, 1, 7, 2, 6, 7, 4, 0, 10, 10, 7, 9, 4, 1, 9, 0, 10, 3, 2, 9, 4, 7, 4, 7, 2, 10, 2, 4, 10, 10, 1, 0, 10, 5, 9, 7, 7, 9, 10, 4, 2, 3, 10, 5, 8, 0, 6, 0, 10, 7, 6, 8, 0, 8, 1, 2, 6, 3, 5, 3, 4, 3, 4, 8, 3, 2, 0, 2, 8, 9, 9, 8, 1, 3, 8, 9, 2, 1, 6, 1, 4, 1, 5, 8, 3, 9, 5, 6, 2, 5, 4, 5, 10, 10, 8, 4, 7, 3, 0, 6, 7, 1, 5, 7, 1, 0, 1, 6, 0, 7, 7, 2, 10, 4, 3, 10, 9, 4, 3, 3, 1, 7, 8, 5, 2, 4, 10, 1, 1, 2, 3, 10, 6, 9, 8, 3, 0, 10, 7, 1, 5, 1, 8, 1, 1, 7, 3, 10, 3, 5, 9, 2, 7, 6, 9, 7, 4, 8, 8, 10, 2, 4, 2, 5, 5, 3, 8, 0, 2, 6, 3, 1, 2, 7, 3, 2, 4, 10, 8, 6, 6, 5, 2, 7, 10, 1, 7, 6, 4, 2, 5, 2, 0, 4, 4, 3, 6, 6, 7, 7, 1, 8, 8, 5, 2, 9, 4, 1, 1, 8, 4, 7, 1, 2, 8, 2, 5, 0, 7, 10, 5, 0, 5, 7, 3, 6, 9, 6, 9, 9, 5, 1, 8, 3, 7, 7, 4, 8, 6, 10, 8, 9, 2, 5, 2, 9, 4, 1, 5, 0, 9, 10, 5, 0, 3, 7, 3, 1, 8, 2, 2, 9, 4, 6, 3, 7, 8, 6, 9, 5, 0, 0, 5, 6, 9, 9, 7, 7, 8, 0, 1, 10, 10, 5, 5, 7, 3, 3, 5, 10, 4, 7, 2, 3, 1, 3, 0, 5, 4, 1, 2, 0, 1, 8, 8, 7, 8, 3, 8, 8, 3, 2, 2, 3, 7, 10, 10, 4, 10, 6, 6, 5, 0, 6, 8, 2, 1, 9, 9, 5, 9, 9, 1, 8, 5, 7, 9, 10, 1, 10, 1, 6, 3, 5, 2, 4, 10, 1, 1, 2, 8, 2, 4, 2, 2, 5, 9, 9, 0, 7, 6, 5, 6, 0, 2, 6, 6, 9, 3, 7, 2, 4, 8, 0, 1, 3, 8, 6, 3, 4, 6, 3, 3, 5, 1, 7, 7, 10, 4, 10, 2, 5, 5, 7, 5, 1, 4, 5, 8, 4, 5, 4, 9, 5, 9, 7, 7, 2, 0, 2, 5, 3, 2, 8, 1, 8, 9, 1, 8, 8, 2, 0, 9, 7, 6, 9, 6, 9, 0, 10, 8, 8, 6, 3, 7, 3, 2, 7, 9, 6, 7, 8, 9, 0, 8, 2, 1, 5, 2, 10, 2, 7, 9, 6, 8, 6, 6, 6, 7, 7, 7, 9, 4, 9, 3, 3, 7, 5, 1, 7, 5, 2, 0, 7, 8, 0, 7, 4, 8, 5, 4, 6, 2, 6, 1, 5, 3, 0, 1, 4, 7, 3, 9, 5, 6, 6, 10, 7, 1, 1, 3, 9, 1, 4, 3, 10, 7, 8, 9, 9, 2, 0, 2, 3, 7, 8, 6, 8, 1, 7, 4, 0, 2, 0, 6, 6, 7],