{"val_acc": [0.5960061443932412, 0.7250384024577573, 0.7511520737327189, 0.7680491551459293, 0.7987711213517665, 0.815668202764977, 0.8294930875576036, 0.8387096774193549, 0.847926267281106, 0.8540706605222734], "val_loss": [1.142709822468231, 0.821568796216893, 0.703820421503274, 0.6445076397957246, 0.5813403259534274, 0.5801196903378868, 0.5071686563122034, 0.46314267352783334, 0.47881508552315044, 0.4363616138833798], "train_loss": [1.6862426802422052, 1.0151129987591185, 0.8089466110303581, 0.6979616118955672, 0.6277509899630075, 0.5811259376149834, 0.5327637512187159, 0.501750963854942, 0.4839674303512773, 0.4653870335494305], "test_correct_in_batch": [4.0, 3.0, 2.0, 3.0, 4.0, 4.0, 2.0, 3.0, 3.0, 4.0, 4.0, 3.0, 2.0, 4.0, 3.0, 3.0, 3.0, 3.0, 3.0, 4.0, 4.0, 3.0, 1.0, 4.0, 3.0, 4.0, 4.0, 3.0, 3.0, 4.0, 1.0, 3.0, 3.0, 4.0, 4.0, 4.0, 4.0, 3.0, 4.0, 4.0, 2.0, 4.0, 2.0, 4.0, 4.0, 4.0, 4.0, 3.0, 3.0, 3.0, 3.0, 2.0, 3.0, 3.0, 3.0, 4.0, 3.0, 4.0, 4.0, 4.0, 4.0, 4.0, 4.0, 4.0, 4.0, 3.0, 4.0, 3.0, 3.0, 3.0, 2.0, 4.0, 3.0, 2.0, 4.0, 4.0, 4.0, 4.0, 4.0, 4.0, 3.0, 2.0, 4.0, 3.0, 4.0, 4.0, 4.0, 3.0, 4.0, 3.0, 4.0, 3.0, 2.0, 4.0, 4.0, 3.0, 3.0, 2.0, 3.0, 4.0, 3.0, 4.0, 4.0, 4.0, 4.0, 3.0, 4.0, 3.0, 3.0, 4.0, 4.0, 3.0, 4.0, 4.0, 4.0, 4.0, 2.0, 4.0, 3.0, 1.0, 4.0, 3.0, 3.0, 3.0, 3.0, 4.0, 4.0, 2.0, 3.0, 4.0, 3.0, 3.0, 4.0, 1.0, 3.0, 2.0, 4.0, 3.0, 2.0, 2.0, 4.0, 4.0, 4.0, 3.0, 4.0, 4.0, 3.0, 3.0, 3.0, 4.0, 3.0, 2.0, 4.0, 4.0, 3.0, 4.0, 4.0, 3.0, 4.0, 3.0, 4.0, 3.0, 2.0], "test_losses": [0.04093533009290695, 0.4356883466243744, 0.7988185882568359, 0.6398031711578369, 0.22886282205581665, 0.14544810354709625, 0.934596598148346, 0.9077773690223694, 0.7581040263175964, 0.04250585660338402, 0.20597057044506073, 0.6514535546302795, 1.706613302230835, 0.09308195859193802, 0.43195733428001404, 0.7056830525398254, 0.6996278762817383, 0.7781246900558472, 0.787969172000885, 0.12423740327358246, 0.07290203124284744, 0.5729679465293884, 1.3641349077224731, 0.12827397882938385, 0.41031086444854736, 0.06359505653381348, 0.07933589816093445, 0.5594977736473083, 0.25690120458602905, 0.06440580636262894, 1.924646019935608, 0.41720688343048096, 0.26337260007858276, 0.019590657204389572, 0.05247364938259125, 0.08730482310056686, 0.14175118505954742, 0.4526602625846863, 0.15408667922019958, 0.02372976578772068, 0.5709439516067505, 0.022386612370610237, 0.8286792635917664, 0.028619997203350067, 0.11000008881092072, 0.03647952154278755, 0.20551180839538574, 0.4477725028991699, 0.5517960786819458, 0.5575631260871887, 0.5927906036376953, 1.6395988464355469, 0.4302882254123688, 0.3899024724960327, 0.519109308719635, 0.05200820416212082, 0.24364954233169556, 0.05550791323184967, 0.011226048693060875, 0.24744640290737152, 0.02886270545423031, 0.05306483060121536, 0.09780392795801163, 0.035356875509023666, 0.027593815699219704, 0.4652480483055115, 0.08099095523357391, 0.60084468126297, 0.691359281539917, 0.6535871028900146, 1.3759098052978516, 0.23928020894527435, 0.490132212638855, 0.696527361869812, 0.17012479901313782, 0.16684049367904663, 0.2193981409072876, 0.014743972569704056, 0.13731203973293304, 0.10499399155378342, 0.35196638107299805, 1.6743446588516235, 0.18854603171348572, 0.9676308035850525, 0.10439059883356094, 0.17387692630290985, 0.13510848581790924, 1.3493882417678833, 0.09449189901351929, 0.6852959394454956, 0.03033919259905815, 0.9430569410324097, 1.9621992111206055, 0.04823927953839302, 0.07006707787513733, 0.3297986686229706, 0.3860735297203064, 2.144541025161743, 0.9756736755371094, 0.027591818943619728, 0.8611889481544495, 0.03803915157914162, 0.009530020877718925, 0.1848944127559662, 0.2828403115272522, 0.9209266304969788, 0.1281413733959198, 1.3688675165176392, 0.5401665568351746, 0.044250428676605225, 0.06360377371311188, 0.7422585487365723, 0.14985528588294983, 0.23031307756900787, 0.05464307963848114, 0.0502082034945488, 1.1048188209533691, 0.03719246760010719, 0.4115743339061737, 1.8107563257217407, 0.04283355548977852, 0.6769698858261108, 0.6017082929611206, 0.8949772715568542, 0.449577271938324, 0.20260854065418243, 0.0424654521048069, 0.5118638873100281, 0.6169217228889465, 0.18059515953063965, 0.4298561215400696, 0.48102685809135437, 0.1476733684539795, 2.1301050186157227, 0.6790100932121277, 0.9674180746078491, 0.05087181180715561, 0.5400373339653015, 0.6299736499786377, 0.9361346364021301, 0.027186011895537376, 0.33015215396881104, 0.329039603471756, 0.21848084032535553, 0.05805633217096329, 0.5119303464889526, 1.0520679950714111, 1.4869524240493774, 0.5514878034591675, 0.09080158919095993, 0.43801507353782654, 1.7458109855651855, 0.07470593601465225, 0.07300697267055511, 0.4432544410228729, 0.038062870502471924, 0.08153968304395676, 0.625491738319397, 0.2583656311035156, 0.6531299352645874, 0.011509306728839874, 0.2853069007396698, 0.5556605458259583], "test_loss": 0.45979751945913205, "test_batch_lens": [4, 4, 4, 4, 4, 4, 4, 4, 4, 4, 4, 4, 4, 4, 4, 4, 4, 4, 4, 4, 4, 4, 4, 4, 4, 4, 4, 4, 4, 4, 4, 4, 4, 4, 4, 4, 4, 4, 4, 4, 4, 4, 4, 4, 4, 4, 4, 4, 4, 4, 4, 4, 4, 4, 4, 4, 4, 4, 4, 4, 4, 4, 4, 4, 4, 4, 4, 4, 4, 4, 4, 4, 4, 4, 4, 4, 4, 4, 4, 4, 4, 4, 4, 4, 4, 4, 4, 4, 4, 4, 4, 4, 4, 4, 4, 4, 4, 4, 4, 4, 4, 4, 4, 4, 4, 4, 4, 4, 4, 4, 4, 4, 4, 4, 4, 4, 4, 4, 4, 4, 4, 4, 4, 4, 4, 4, 4, 4, 4, 4, 4, 4, 4, 4, 4, 4, 4, 4, 4, 4, 4, 4, 4, 4, 4, 4, 4, 4, 4, 4, 4, 4, 4, 4, 4, 4, 4, 4, 4, 4, 4, 4, 3], "test_accuracy": 0.8325652841781874, "predictions": [7, 4, 1, 10, 7, 1, 10, 8, 1, 3, 4, 7, 1, 9, 8, 0, 9, 6, 4, 9, 8, 10, 1, 4, 6, 1, 5, 6, 6, 8, 9, 1, 1, 3, 6, 3, 10, 5, 5, 0, 10, 3, 2, 10, 7, 8, 9, 3, 8, 8, 3, 4, 3, 4, 6, 1, 0, 9, 1, 10, 10, 6, 8, 6, 5, 9, 8, 5, 8, 0, 3, 1, 5, 3, 1, 8, 6, 8, 9, 2, 3, 1, 3, 1, 5, 5, 1, 2, 3, 5, 9, 2, 10, 7, 1, 5, 1, 6, 2, 7, 5, 1, 10, 6, 10, 8, 3, 9, 10, 4, 7, 4, 0, 3, 7, 8, 0, 8, 0, 0, 4, 3, 8, 2, 5, 1, 7, 8, 6, 7, 9, 0, 10, 10, 7, 9, 4, 1, 9, 0, 10, 3, 3, 9, 4, 7, 4, 7, 6, 10, 2, 4, 10, 10, 1, 0, 10, 5, 4, 7, 4, 9, 2, 4, 2, 3, 10, 5, 8, 0, 4, 8, 10, 7, 6, 8, 0, 8, 1, 2, 6, 3, 5, 3, 9, 3, 4, 8, 3, 2, 8, 2, 0, 7, 9, 8, 8, 3, 5, 9, 9, 1, 6, 1, 4, 1, 9, 8, 3, 9, 5, 2, 6, 5, 4, 5, 2, 10, 5, 4, 7, 3, 0, 6, 7, 1, 5, 7, 1, 0, 1, 6, 3, 7, 7, 2, 10, 4, 3, 10, 9, 4, 3, 3, 1, 7, 8, 5, 2, 4, 10, 1, 1, 2, 3, 10, 6, 9, 5, 3, 3, 8, 7, 1, 5, 1, 8, 1, 3, 7, 3, 10, 3, 5, 5, 2, 7, 4, 9, 7, 4, 1, 8, 10, 2, 4, 2, 5, 5, 3, 8, 8, 2, 2, 0, 1, 2, 7, 3, 2, 4, 10, 8, 6, 6, 0, 2, 7, 10, 1, 7, 6, 9, 2, 5, 2, 0, 9, 4, 3, 6, 6, 7, 9, 1, 9, 8, 8, 2, 9, 4, 1, 1, 3, 4, 7, 1, 2, 7, 2, 5, 0, 7, 10, 5, 0, 5, 7, 3, 6, 9, 6, 4, 9, 5, 1, 8, 3, 9, 7, 4, 4, 6, 10, 8, 9, 10, 5, 2, 9, 4, 0, 5, 0, 9, 10, 5, 0, 3, 7, 3, 0, 8, 2, 2, 4, 4, 4, 3, 7, 5, 4, 9, 5, 0, 0, 5, 6, 9, 9, 7, 7, 10, 9, 1, 10, 10, 5, 5, 7, 3, 3, 5, 10, 9, 7, 2, 3, 1, 1, 3, 5, 4, 1, 2, 0, 1, 8, 8, 7, 8, 3, 8, 3, 3, 2, 2, 3, 7, 10, 10, 4, 10, 6, 6, 5, 0, 6, 8, 2, 1, 9, 9, 5, 9, 9, 1, 3, 5, 7, 9, 10, 1, 8, 0, 6, 3, 5, 2, 4, 10, 1, 1, 6, 8, 2, 9, 3, 2, 8, 9, 9, 0, 7, 6, 9, 4, 0, 2, 5, 6, 9, 3, 4, 2, 4, 2, 0, 1, 3, 9, 6, 3, 4, 6, 3, 3, 5, 1, 7, 7, 10, 4, 10, 9, 5, 5, 7, 5, 1, 4, 5, 3, 4, 5, 4, 4, 5, 9, 7, 7, 2, 0, 6, 5, 9, 2, 2, 1, 8, 9, 1, 6, 0, 2, 0, 9, 7, 6, 9, 6, 1, 0, 10, 10, 3, 8, 1, 7, 2, 2, 7, 9, 6, 7, 8, 9, 0, 8, 2, 10, 5, 2, 10, 4, 7, 9, 6, 8, 6, 6, 4, 7, 9, 7, 4, 4, 9, 3, 3, 7, 0, 1, 7, 5, 8, 0, 7, 8, 0, 7, 4, 8, 5, 2, 8, 8, 6, 1, 5, 3, 0, 1, 4, 7, 1, 9, 9, 6, 6, 10, 7, 1, 0, 3, 9, 1, 4, 3, 2, 7, 8, 9, 9, 4, 0, 2, 3, 7, 6, 6, 8, 1, 7, 9, 0, 2, 0, 2, 6, 7],