{"val_acc": [0.0967741935483871, 0.0967741935483871, 0.09216589861751152, 0.08602150537634409, 0.07987711213517665, 0.09831029185867896, 0.0967741935483871, 0.08602150537634409, 0.0706605222734255, 0.10445468509984639], "val_loss": [2.4000450657920602, 2.398560674643955, 2.3981764258051212, 2.399029807810403, 2.3981614683303363, 2.3983933911001754, 2.400968703755572, 2.40022589823951, 2.3986945986016397, 2.3985580681291827], "train_loss": [2.3993605005928016, 2.3986668432974674, 2.3985232105736047, 2.3986117040203485, 2.3985201450047016, 2.3985409028737825, 2.3984929352676, 2.3983732178886736, 2.398378985830245, 2.3984591438752183], "test_correct_in_batch": [0.0, 0.0, 1.0, 1.0, 0.0, 0.0, 0.0, 0.0, 0.0, 1.0, 0.0, 0.0, 0.0, 0.0, 0.0, 0.0, 0.0, 0.0, 0.0, 0.0, 0.0, 0.0, 1.0, 0.0, 0.0, 0.0, 0.0, 0.0, 1.0, 3.0, 0.0, 0.0, 1.0, 0.0, 1.0, 0.0, 0.0, 0.0, 1.0, 0.0, 0.0, 0.0, 2.0, 0.0, 1.0, 0.0, 0.0, 1.0, 1.0, 0.0, 0.0, 0.0, 0.0, 0.0, 0.0, 1.0, 1.0, 1.0, 0.0, 0.0, 0.0, 0.0, 0.0, 0.0, 0.0, 0.0, 0.0, 0.0, 0.0, 0.0, 0.0, 0.0, 1.0, 1.0, 0.0, 0.0, 1.0, 0.0, 0.0, 1.0, 0.0, 0.0, 0.0, 0.0, 0.0, 1.0, 1.0, 0.0, 0.0, 0.0, 0.0, 0.0, 1.0, 1.0, 1.0, 0.0, 0.0, 0.0, 2.0, 0.0, 0.0, 0.0, 0.0, 0.0, 0.0, 1.0, 1.0, 0.0, 1.0, 0.0, 0.0, 1.0, 0.0, 0.0, 0.0, 0.0, 0.0, 0.0, 0.0, 0.0, 1.0, 1.0, 0.0, 0.0, 1.0, 0.0, 0.0, 1.0, 0.0, 0.0, 1.0, 0.0, 0.0, 1.0, 0.0, 0.0, 1.0, 0.0, 1.0, 0.0, 0.0, 1.0, 0.0, 0.0, 0.0, 0.0, 0.0, 0.0, 0.0, 2.0, 0.0, 0.0, 1.0, 0.0, 0.0, 1.0, 0.0, 0.0, 1.0, 0.0, 0.0, 2.0, 0.0], "test_losses": [2.4005324840545654, 2.4081599712371826, 2.4000301361083984, 2.3909401893615723, 2.3933162689208984, 2.3981194496154785, 2.411324977874756, 2.4012293815612793, 2.400136947631836, 2.3955788612365723, 2.390070676803589, 2.406484365463257, 2.397322654724121, 2.4043145179748535, 2.392244577407837, 2.404571056365967, 2.408115863800049, 2.403247833251953, 2.403247833251953, 2.3961777687072754, 2.4024457931518555, 2.4061949253082275, 2.3858115673065186, 2.403327465057373, 2.4017019271850586, 2.4028546810150146, 2.394836902618408, 2.4005324840545654, 2.4037394523620605, 2.3856751918792725, 2.409226655960083, 2.4016354084014893, 2.401970386505127, 2.3929951190948486, 2.3891711235046387, 2.3940348625183105, 2.4071285724639893, 2.3869004249572754, 2.3883771896362305, 2.4024534225463867, 2.3930678367614746, 2.3953514099121094, 2.3861827850341797, 2.40674090385437, 2.3920326232910156, 2.4080045223236084, 2.397322654724121, 2.386469841003418, 2.386690378189087, 2.3984203338623047, 2.4059903621673584, 2.4015002250671387, 2.4020578861236572, 2.3988633155822754, 2.3933584690093994, 2.4037394523620605, 2.405238151550293, 2.3987340927124023, 2.405010461807251, 2.3939578533172607, 2.3965206146240234, 2.408383846282959, 2.3916614055633545, 2.393430233001709, 2.4020578861236572, 2.40230131149292, 2.404273748397827, 2.403998613357544, 2.3939499855041504, 2.404719829559326, 2.404327869415283, 2.392180919647217, 2.3996098041534424, 2.4004311561584473, 2.39613938331604, 2.401757001876831, 2.398083209991455, 2.405043840408325, 2.388003349304199, 2.390066146850586, 2.3985910415649414, 2.405971050262451, 2.3899693489074707, 2.4055891036987305, 2.3952441215515137, 2.397768259048462, 2.4030489921569824, 2.407952070236206, 2.396651268005371, 2.411468505859375, 2.399186134338379, 2.4009194374084473, 2.401970386505127, 2.388606548309326, 2.4020228385925293, 2.398486852645874, 2.3890955448150635, 2.3955578804016113, 2.3836119174957275, 2.396111011505127, 2.4074621200561523, 2.395857334136963, 2.408477306365967, 2.398275852203369, 2.396790027618408, 2.396143674850464, 2.3920326232910156, 2.40407133102417, 2.392927885055542, 2.39754056930542, 2.396700382232666, 2.3956034183502197, 2.392540216445923, 2.3874220848083496, 2.4075820446014404, 2.393941640853882, 2.4068853855133057, 2.3916614055633545, 2.3928308486938477, 2.39863920211792, 2.389103651046753, 2.3889214992523193, 2.3961777687072754, 2.400026321411133, 2.3968868255615234, 2.3992629051208496, 2.4080045223236084, 2.3958470821380615, 2.393582344055176, 2.4086079597473145, 2.3952698707580566, 2.3985724449157715, 2.3990638256073, 2.39035701751709, 2.392540216445923, 2.398998260498047, 2.3893942832946777, 2.397827625274658, 2.3951311111450195, 2.404787302017212, 2.3985910415649414, 2.3958523273468018, 2.396153450012207, 2.3983426094055176, 2.404576301574707, 2.4024782180786133, 2.4005377292633057, 2.4056825637817383, 2.405813217163086, 2.3953447341918945, 2.4077343940734863, 2.4087541103363037, 2.3979125022888184, 2.4038920402526855, 2.402005434036255, 2.3958470821380615, 2.395625591278076, 2.403998374938965, 2.3841195106506348, 2.402597427368164, 2.4101004600524902, 2.3839025497436523, 2.4132487773895264], "test_loss": 2.3986167732191963, "test_batch_lens": [4, 4, 4, 4, 4, 4, 4, 4, 4, 4, 4, 4, 4, 4, 4, 4, 4, 4, 4, 4, 4, 4, 4, 4, 4, 4, 4, 4, 4, 4, 4, 4, 4, 4, 4, 4, 4, 4, 4, 4, 4, 4, 4, 4, 4, 4, 4, 4, 4, 4, 4, 4, 4, 4, 4, 4, 4, 4, 4, 4, 4, 4, 4, 4, 4, 4, 4, 4, 4, 4, 4, 4, 4, 4, 4, 4, 4, 4, 4, 4, 4, 4, 4, 4, 4, 4, 4, 4, 4, 4, 4, 4, 4, 4, 4, 4, 4, 4, 4, 4, 4, 4, 4, 4, 4, 4, 4, 4, 4, 4, 4, 4, 4, 4, 4, 4, 4, 4, 4, 4, 4, 4, 4, 4, 4, 4, 4, 4, 4, 4, 4, 4, 4, 4, 4, 4, 4, 4, 4, 4, 4, 4, 4, 4, 4, 4, 4, 4, 4, 4, 4, 4, 4, 4, 4, 4, 4, 4, 4, 4, 4, 4, 3], "test_accuracy": 0.07680491551459294, "predictions": [0, 0, 0, 0, 0, 0, 0, 0, 0, 0, 0, 0, 0, 0, 0, 0, 0, 0, 0, 0, 0, 0, 0, 0, 0, 0, 0, 0, 0, 0, 0, 0, 0, 0, 0, 0, 0, 0, 0, 0, 0, 0, 0, 0, 0, 0, 0, 0, 0, 0, 0, 0, 0, 0, 0, 0, 0, 0, 0, 0, 0, 0, 0, 0, 0, 0, 0, 0, 0, 0, 0, 0, 0, 0, 0, 0, 0, 0, 0, 0, 0, 0, 0, 0, 0, 0, 0, 0, 0, 0, 0, 0, 0, 0, 0, 0, 0, 0, 0, 0, 0, 0, 0, 0, 0, 0, 0, 0, 0, 0, 0, 0, 0, 0, 0, 0, 0, 0, 0, 0, 0, 0, 0, 0, 0, 0, 0, 0, 0, 0, 0, 0, 0, 0, 0, 0, 0, 0, 0, 0, 0, 0, 0, 0, 0, 0, 0, 0, 0, 0, 0, 0, 0, 0, 0, 0, 0, 0, 0, 0, 0, 0, 0, 0, 0, 0, 0, 0, 0, 0, 0, 0, 0, 0, 0, 0, 0, 0, 0, 0, 0, 0, 0, 0, 0, 0, 0, 0, 0, 0, 0, 0, 0, 0, 0, 0, 0, 0, 0, 0, 0, 0, 0, 0, 0, 0, 0, 0, 0, 0, 0, 0, 0, 0, 0, 0, 0, 0, 0, 0, 0, 0, 0, 0, 0, 0, 0, 0, 0, 0, 0, 0, 0, 0, 0, 0, 0, 0, 0, 0, 0, 0, 0, 0, 0, 0, 0, 0, 0, 0, 0, 0, 0, 0, 0, 0, 0, 0, 0, 0, 0, 0, 0, 0, 0, 0, 0, 0, 0, 0, 0, 0, 0, 0, 0, 0, 0, 0, 0, 0, 0, 0, 0, 0, 0, 0, 0, 0, 0, 0, 0, 0, 0, 0, 0, 0, 0, 0, 0, 0, 0, 0, 0, 0, 0, 0, 0, 0, 0, 0, 0, 0, 0, 0, 0, 0, 0, 0, 0, 0, 0, 0, 0, 0, 0, 0, 0, 0, 0, 0, 0, 0, 0, 0, 0, 0, 0, 0, 0, 0, 0, 0, 0, 0, 0, 0, 0, 0, 0, 0, 0, 0, 0, 0, 0, 0, 0, 0, 0, 0, 0, 0, 0, 0, 0, 0, 0, 0, 0, 0, 0, 0, 0, 0, 0, 0, 0, 0, 0, 0, 0, 0, 0, 0, 0, 0, 0, 0, 0, 0, 0, 0, 0, 0, 0, 0, 0, 0, 0, 0, 0, 0, 0, 0, 0, 0, 0, 0, 0, 0, 0, 0, 0, 0, 0, 0, 0, 0, 0, 0, 0, 0, 0, 0, 0, 0, 0, 0, 0, 0, 0, 0, 0, 0, 0, 0, 0, 0, 0, 0, 0, 0, 0, 0, 0, 0, 0, 0, 0, 0, 0, 0, 0, 0, 0, 0, 0, 0, 0, 0, 0, 0, 0, 0, 0, 0, 0, 0, 0, 0, 0, 0, 0, 0, 0, 0, 0, 0, 0, 0, 0, 0, 0, 0, 0, 0, 0, 0, 0, 0, 0, 0, 0, 0, 0, 0, 0, 0, 0, 0, 0, 0, 0, 0, 0, 0, 0, 0, 0, 0, 0, 0, 0, 0, 0, 0, 0, 0, 0, 0, 0, 0, 0, 0, 0, 0, 0, 0, 0, 0, 0, 0, 0, 0, 0, 0, 0, 0, 0, 0, 0, 0, 0, 0, 0, 0, 0, 0, 0, 0, 0, 0, 0, 0, 0, 0, 0, 0, 0, 0, 0, 0, 0, 0, 0, 0, 0, 0, 0, 0, 0, 0, 0, 0, 0, 0, 0, 0, 0, 0, 0, 0, 0, 0, 0, 0, 0, 0, 0, 0, 0, 0, 0, 0, 0, 0, 0, 0, 0, 0, 0, 0, 0, 0, 0, 0, 0, 0, 0, 0, 0, 0, 0, 0, 0, 0, 0, 0, 0, 0, 0, 0, 0, 0, 0, 0, 0, 0, 0, 0, 0, 0, 0, 0, 0, 0, 0, 0, 0, 0, 0, 0, 0, 0, 0, 0, 0, 0, 0, 0, 0],