{"val_acc": [0.5775729646697388, 0.8863287250384024, 0.9124423963133641, 0.9385560675883257, 0.8986175115207373, 0.9385560675883257, 0.9354838709677419, 0.9293394777265745, 0.9400921658986175, 0.9523809523809523], "val_loss": [1.1951499612876242, 0.41890986692846005, 0.31784517125460815, 0.22223447408581415, 0.3391100689133149, 0.20089215179101816, 0.20181133709839894, 0.2230744639531555, 0.18422609875058116, 0.16582216196793467], "train_loss": [1.8339734199514524, 0.7629163527409049, 0.41006592564220523, 0.29961557621151735, 0.2308733631425408, 0.1841530846990408, 0.15613184504661726, 0.13162106795078427, 0.11124715400598856, 0.09819945069362172], "test_correct_in_batch": [4.0, 4.0, 4.0, 4.0, 4.0, 4.0, 3.0, 3.0, 3.0, 4.0, 4.0, 4.0, 4.0, 4.0, 4.0, 3.0, 3.0, 3.0, 3.0, 4.0, 3.0, 4.0, 4.0, 4.0, 4.0, 4.0, 4.0, 3.0, 3.0, 4.0, 4.0, 4.0, 4.0, 4.0, 4.0, 4.0, 4.0, 3.0, 4.0, 4.0, 4.0, 4.0, 3.0, 4.0, 4.0, 4.0, 4.0, 4.0, 4.0, 4.0, 3.0, 1.0, 4.0, 3.0, 4.0, 4.0, 4.0, 4.0, 4.0, 3.0, 4.0, 4.0, 4.0, 4.0, 3.0, 4.0, 4.0, 4.0, 3.0, 3.0, 3.0, 4.0, 4.0, 4.0, 4.0, 4.0, 4.0, 4.0, 3.0, 3.0, 4.0, 4.0, 4.0, 4.0, 4.0, 3.0, 4.0, 4.0, 4.0, 4.0, 4.0, 4.0, 3.0, 4.0, 4.0, 4.0, 4.0, 2.0, 3.0, 4.0, 3.0, 4.0, 4.0, 3.0, 4.0, 4.0, 4.0, 4.0, 4.0, 4.0, 4.0, 4.0, 4.0, 4.0, 4.0, 4.0, 3.0, 4.0, 4.0, 3.0, 3.0, 3.0, 3.0, 4.0, 3.0, 3.0, 2.0, 4.0, 4.0, 4.0, 4.0, 4.0, 4.0, 4.0, 4.0, 4.0, 4.0, 3.0, 4.0, 4.0, 4.0, 4.0, 3.0, 4.0, 4.0, 4.0, 3.0, 4.0, 4.0, 4.0, 4.0, 4.0, 4.0, 4.0, 4.0, 4.0, 4.0, 3.0, 3.0, 4.0, 4.0, 4.0, 3.0], "test_losses": [0.001456995029002428, 0.0024514058604836464, 0.27454036474227905, 0.022722993046045303, 0.0007814621785655618, 0.007560066878795624, 0.5434662699699402, 0.6868523359298706, 0.42311394214630127, 0.0008418987272307277, 0.004813157021999359, 0.003421560861170292, 0.2104339450597763, 0.0026530607137829065, 0.002910858951508999, 1.943264126777649, 0.6548464298248291, 0.27691492438316345, 1.6085563898086548, 0.0068118455819785595, 0.9858337044715881, 0.03570140153169632, 0.01571362465620041, 0.002059401012957096, 0.0038084944244474173, 0.0017549956683069468, 0.010261706076562405, 0.6770786643028259, 0.22286273539066315, 0.00205288827419281, 0.03621027618646622, 0.0015749717131257057, 0.0015089206863194704, 0.0002099977427860722, 0.08449137955904007, 0.002007321920245886, 0.0006799046532250941, 0.3507932722568512, 0.0012505932245403528, 0.1631534844636917, 0.0022383802570402622, 0.008219582960009575, 0.610236644744873, 0.0010093151358887553, 0.003228439949452877, 0.011978954076766968, 0.012587161734700203, 0.173033207654953, 0.007190961390733719, 0.03318308666348457, 0.8221955299377441, 3.113741159439087, 0.003999438136816025, 0.6292755603790283, 0.02621513605117798, 0.0037460431922227144, 0.004874744452536106, 0.008665904402732849, 0.001936109852977097, 0.2262459248304367, 0.008822416886687279, 0.004977158270776272, 0.04133792221546173, 0.023226963356137276, 1.0840445756912231, 0.004379946272820234, 0.11609888821840286, 0.148995503783226, 1.0259675979614258, 0.7690118551254272, 1.0430830717086792, 0.001095678424462676, 0.004994278308004141, 0.023042866960167885, 0.002372662303969264, 0.01168995164334774, 0.06773331016302109, 0.004249807447195053, 0.3411601483821869, 0.38481026887893677, 0.0073200189508497715, 0.03223956376314163, 0.002765314420685172, 0.0034963353537023067, 0.015486237592995167, 1.1603049039840698, 0.015814457088708878, 0.07901277393102646, 0.008438579738140106, 0.05207688361406326, 0.0008708022069185972, 0.00506479199975729, 2.239318370819092, 0.0007592245819978416, 0.00556754507124424, 0.1689278781414032, 0.004896286875009537, 1.8039535284042358, 0.5323247313499451, 0.0086714131757617, 1.0146160125732422, 0.0012077187420800328, 0.003685849253088236, 0.8349674344062805, 0.004256101790815592, 0.0027427799068391323, 0.006962439976632595, 0.006713833659887314, 0.004100893624126911, 0.0027338084764778614, 0.0004943643580190837, 0.04261163994669914, 0.005601414013653994, 0.07775445282459259, 0.002675003604963422, 0.003995067439973354, 0.36999982595443726, 0.008861249312758446, 0.003852258436381817, 0.2490404099225998, 0.6272438168525696, 0.4765473008155823, 0.399865061044693, 0.12430720776319504, 1.5495867729187012, 0.42439013719558716, 0.7424876689910889, 0.14119140803813934, 0.03051823377609253, 0.02341536059975624, 0.004751601256430149, 0.06383218616247177, 0.0005981598515063524, 0.06049332022666931, 0.003333736676722765, 0.00354662723839283, 0.00046181492507457733, 1.2230298519134521, 0.0008751776767894626, 0.2806660532951355, 0.0029673080425709486, 0.11082109808921814, 0.6521283388137817, 0.0006184472586028278, 0.0014642070746049285, 0.3223131000995636, 0.6391318440437317, 0.005840563680976629, 0.004096196033060551, 0.0010606447467580438, 0.0029178375843912363, 0.09401547908782959, 0.003197364741936326, 0.009105201810598373, 0.020984355360269547, 0.10890379548072815, 0.11091052740812302, 0.5394587516784668, 0.1890711635351181, 0.0023354003205895424, 0.001921469229273498, 0.0012590443948283792, 0.00505359610542655], "test_loss": 0.2324982660127471, "test_batch_lens": [4, 4, 4, 4, 4, 4, 4, 4, 4, 4, 4, 4, 4, 4, 4, 4, 4, 4, 4, 4, 4, 4, 4, 4, 4, 4, 4, 4, 4, 4, 4, 4, 4, 4, 4, 4, 4, 4, 4, 4, 4, 4, 4, 4, 4, 4, 4, 4, 4, 4, 4, 4, 4, 4, 4, 4, 4, 4, 4, 4, 4, 4, 4, 4, 4, 4, 4, 4, 4, 4, 4, 4, 4, 4, 4, 4, 4, 4, 4, 4, 4, 4, 4, 4, 4, 4, 4, 4, 4, 4, 4, 4, 4, 4, 4, 4, 4, 4, 4, 4, 4, 4, 4, 4, 4, 4, 4, 4, 4, 4, 4, 4, 4, 4, 4, 4, 4, 4, 4, 4, 4, 4, 4, 4, 4, 4, 4, 4, 4, 4, 4, 4, 4, 4, 4, 4, 4, 4, 4, 4, 4, 4, 4, 4, 4, 4, 4, 4, 4, 4, 4, 4, 4, 4, 4, 4, 4, 4, 4, 4, 4, 4, 3], "test_accuracy": 0.9308755760368663, "predictions": [7, 4, 1, 10, 7, 1, 8, 8, 0, 8, 4, 7, 1, 9, 3, 0, 9, 6, 4, 9, 8, 10, 1, 4, 6, 1, 8, 6, 6, 8, 2, 0, 1, 3, 6, 3, 10, 5, 5, 0, 10, 3, 2, 10, 7, 8, 4, 3, 3, 8, 9, 4, 3, 4, 6, 1, 1, 9, 1, 10, 10, 6, 9, 6, 5, 9, 8, 5, 8, 3, 3, 1, 8, 3, 1, 8, 6, 8, 9, 2, 3, 1, 1, 1, 5, 5, 1, 8, 0, 4, 9, 10, 10, 7, 1, 5, 1, 8, 2, 7, 5, 1, 10, 6, 10, 8, 3, 9, 10, 4, 7, 10, 0, 3, 7, 8, 0, 8, 0, 0, 4, 8, 7, 6, 5, 1, 7, 9, 6, 7, 4, 0, 10, 10, 7, 9, 4, 1, 9, 0, 10, 3, 3, 9, 4, 7, 4, 7, 2, 10, 8, 4, 10, 10, 1, 0, 10, 5, 4, 7, 8, 9, 10, 4, 2, 3, 10, 5, 8, 0, 10, 0, 10, 7, 6, 8, 0, 8, 1, 2, 6, 3, 5, 3, 9, 3, 4, 8, 3, 2, 0, 2, 0, 9, 9, 8, 1, 3, 5, 9, 7, 1, 6, 1, 4, 4, 9, 9, 3, 9, 5, 6, 2, 5, 4, 9, 2, 10, 8, 4, 7, 3, 0, 6, 7, 0, 5, 7, 1, 0, 1, 6, 3, 7, 7, 2, 10, 9, 3, 10, 9, 4, 3, 3, 1, 7, 8, 5, 2, 4, 10, 1, 1, 2, 3, 10, 6, 9, 5, 1, 3, 10, 7, 1, 5, 1, 8, 1, 8, 7, 3, 10, 3, 5, 3, 2, 7, 2, 9, 7, 9, 8, 8, 10, 2, 4, 2, 5, 5, 3, 8, 0, 8, 6, 0, 1, 2, 7, 3, 2, 4, 10, 8, 6, 6, 0, 2, 7, 10, 1, 7, 6, 4, 2, 5, 2, 0, 9, 4, 4, 2, 6, 7, 9, 1, 8, 8, 5, 2, 9, 4, 1, 1, 8, 4, 7, 1, 2, 7, 2, 5, 0, 4, 10, 5, 0, 5, 7, 3, 6, 4, 6, 4, 9, 5, 1, 8, 3, 7, 7, 4, 4, 6, 10, 8, 9, 8, 5, 6, 9, 4, 0, 5, 0, 9, 10, 5, 0, 3, 7, 3, 1, 8, 2, 2, 4, 4, 9, 3, 7, 5, 10, 7, 4, 0, 0, 5, 6, 9, 9, 7, 7, 6, 3, 1, 10, 10, 5, 5, 7, 3, 3, 5, 10, 4, 7, 2, 3, 1, 1, 0, 5, 4, 1, 2, 0, 1, 8, 8, 4, 8, 3, 8, 0, 3, 2, 2, 3, 7, 10, 10, 4, 10, 6, 6, 5, 0, 9, 8, 2, 1, 9, 9, 5, 9, 9, 1, 3, 5, 7, 9, 10, 1, 8, 1, 6, 3, 4, 2, 4, 10, 1, 1, 2, 8, 2, 4, 8, 2, 8, 4, 9, 0, 7, 6, 9, 1, 0, 2, 3, 6, 9, 3, 7, 2, 4, 7, 0, 1, 3, 4, 6, 3, 4, 6, 1, 8, 5, 0, 1, 7, 10, 4, 10, 2, 5, 5, 7, 5, 1, 4, 5, 0, 4, 5, 4, 9, 5, 9, 7, 7, 2, 0, 2, 4, 3, 2, 9, 1, 8, 9, 1, 8, 8, 2, 0, 9, 7, 6, 4, 6, 9, 0, 10, 8, 8, 4, 1, 7, 3, 2, 7, 9, 6, 7, 8, 9, 0, 8, 2, 0, 5, 2, 10, 8, 7, 9, 6, 8, 6, 6, 4, 7, 9, 7, 1, 4, 9, 3, 3, 7, 4, 1, 7, 5, 4, 0, 7, 8, 0, 7, 4, 5, 5, 4, 8, 6, 6, 1, 5, 3, 0, 1, 4, 7, 1, 9, 4, 6, 6, 10, 7, 1, 0, 3, 9, 1, 4, 3, 2, 7, 8, 9, 9, 4, 1, 2, 3, 7, 8, 6, 8, 1, 7, 4, 0, 2, 0, 8, 6, 7],