{"val_acc": [0.5376344086021505, 0.631336405529954, 0.6835637480798771, 0.7265745007680492, 0.7050691244239631, 0.7327188940092166, 0.7450076804915514, 0.7572964669738863, 0.7757296466973886, 0.7634408602150538], "val_loss": [1.3573176304986871, 1.0546155556853563, 0.9251737665910662, 0.8303849620321777, 0.9196689966837505, 0.7880002482240003, 0.7350068573434294, 0.7024832071359355, 0.6884549629326019, 0.7537606258882336], "train_loss": [1.9306749918261619, 1.2558031017751017, 1.049952863094657, 0.9457004717830403, 0.8466705459472456, 0.7734308179817294, 0.711677843699664, 0.6607490360498786, 0.6202090071992253, 0.5751813384525539], "test_correct_in_batch": [4.0, 3.0, 2.0, 1.0, 3.0, 4.0, 2.0, 3.0, 3.0, 4.0, 3.0, 4.0, 2.0, 3.0, 2.0, 3.0, 3.0, 1.0, 3.0, 2.0, 1.0, 3.0, 2.0, 3.0, 4.0, 4.0, 4.0, 3.0, 3.0, 2.0, 3.0, 2.0, 4.0, 3.0, 3.0, 4.0, 4.0, 3.0, 4.0, 4.0, 4.0, 3.0, 4.0, 4.0, 4.0, 4.0, 2.0, 3.0, 3.0, 3.0, 3.0, 0.0, 2.0, 4.0, 4.0, 4.0, 4.0, 4.0, 3.0, 3.0, 3.0, 3.0, 3.0, 4.0, 3.0, 1.0, 2.0, 2.0, 3.0, 3.0, 1.0, 3.0, 3.0, 2.0, 4.0, 4.0, 4.0, 3.0, 2.0, 2.0, 4.0, 3.0, 2.0, 2.0, 2.0, 3.0, 4.0, 3.0, 3.0, 2.0, 3.0, 3.0, 2.0, 4.0, 3.0, 2.0, 3.0, 2.0, 4.0, 4.0, 3.0, 4.0, 3.0, 4.0, 2.0, 3.0, 2.0, 3.0, 4.0, 2.0, 4.0, 3.0, 4.0, 3.0, 4.0, 4.0, 2.0, 3.0, 4.0, 3.0, 3.0, 3.0, 3.0, 4.0, 3.0, 3.0, 2.0, 2.0, 3.0, 4.0, 2.0, 2.0, 4.0, 2.0, 2.0, 2.0, 4.0, 3.0, 2.0, 3.0, 4.0, 2.0, 2.0, 3.0, 4.0, 2.0, 3.0, 3.0, 2.0, 4.0, 3.0, 3.0, 4.0, 4.0, 3.0, 4.0, 4.0, 4.0, 3.0, 3.0, 4.0, 4.0, 3.0], "test_losses": [0.05180562287569046, 0.8619852066040039, 0.8860334157943726, 2.0662379264831543, 0.4935126304626465, 0.180238276720047, 1.9068766832351685, 0.6811274290084839, 1.1299529075622559, 0.023152343928813934, 0.8409629464149475, 0.08597590029239655, 1.8625882863998413, 0.39789748191833496, 1.6230863332748413, 0.8401807546615601, 0.9317859411239624, 2.326103925704956, 0.8381516933441162, 1.803582787513733, 2.00174617767334, 0.9215604066848755, 1.1448884010314941, 0.45947232842445374, 0.09150673449039459, 0.2177615910768509, 0.12074621021747589, 0.9007584452629089, 0.39814966917037964, 0.6993176341056824, 0.8381131887435913, 0.792933464050293, 0.07346261292695999, 0.4690319895744324, 0.6634011268615723, 0.16721299290657043, 0.03588172048330307, 0.7577823400497437, 0.28754889965057373, 0.06681711226701736, 0.23088571429252625, 0.536489725112915, 0.5067645907402039, 0.24344171583652496, 0.4913552403450012, 0.10056346654891968, 1.2494533061981201, 0.45185238122940063, 0.5735496878623962, 0.7248110771179199, 0.8001596331596375, 4.357307434082031, 1.0230437517166138, 0.40246427059173584, 0.361373633146286, 0.16100814938545227, 0.21348746120929718, 0.15196110308170319, 0.30306118726730347, 0.711760401725769, 0.5562295317649841, 0.24756945669651031, 0.7880443930625916, 0.07800914347171783, 1.5488038063049316, 1.7780975103378296, 1.1390777826309204, 1.6848933696746826, 1.2122678756713867, 1.1053049564361572, 2.1999359130859375, 0.36125263571739197, 0.5727338194847107, 1.0219740867614746, 0.02499745413661003, 0.2761886417865753, 0.01549110934138298, 0.5780845284461975, 0.6906232833862305, 2.592813730239868, 0.2134614735841751, 1.5381461381912231, 1.752915620803833, 1.1165659427642822, 1.371981143951416, 0.9898219704627991, 0.0997161716222763, 0.8068079352378845, 0.8642875552177429, 1.1553544998168945, 1.5829576253890991, 0.6242212653160095, 1.371865153312683, 0.12425287067890167, 0.751467227935791, 1.0439265966415405, 0.48552003502845764, 1.4996824264526367, 0.09527166187763214, 0.06527423858642578, 1.4464925527572632, 0.04910966753959656, 0.9490896463394165, 0.15576672554016113, 1.32857346534729, 0.6136072874069214, 1.0972850322723389, 1.77495276927948, 0.16064929962158203, 1.14508855342865, 0.14051134884357452, 0.5788641571998596, 0.09492123126983643, 1.1069648265838623, 0.4540959298610687, 0.06705997884273529, 2.3823776245117188, 0.5677527785301208, 0.1701940894126892, 0.44046738743782043, 0.7998226284980774, 1.539279818534851, 0.4895155131816864, 0.039592429995536804, 0.778247594833374, 0.538200855255127, 1.2246102094650269, 0.8212864398956299, 0.7285647988319397, 0.1300118863582611, 1.2258549928665161, 1.6322206258773804, 0.020188942551612854, 1.6144425868988037, 0.99773108959198, 0.7759649753570557, 0.14343559741973877, 0.6550725698471069, 0.8386861085891724, 1.0903868675231934, 0.14680032432079315, 3.126943588256836, 1.4771243333816528, 1.5678308010101318, 0.028928318992257118, 1.2732270956039429, 1.0448787212371826, 0.32122519612312317, 0.981309175491333, 0.03787235543131828, 0.46690088510513306, 0.7707282304763794, 0.05064678192138672, 0.25525009632110596, 0.7768002152442932, 0.18865671753883362, 0.20037053525447845, 0.22313353419303894, 0.4447184205055237, 0.44435685873031616, 0.006598475854843855, 0.27453088760375977, 0.3293822109699249], "test_loss": 0.7718108631527634, "test_batch_lens": [4, 4, 4, 4, 4, 4, 4, 4, 4, 4, 4, 4, 4, 4, 4, 4, 4, 4, 4, 4, 4, 4, 4, 4, 4, 4, 4, 4, 4, 4, 4, 4, 4, 4, 4, 4, 4, 4, 4, 4, 4, 4, 4, 4, 4, 4, 4, 4, 4, 4, 4, 4, 4, 4, 4, 4, 4, 4, 4, 4, 4, 4, 4, 4, 4, 4, 4, 4, 4, 4, 4, 4, 4, 4, 4, 4, 4, 4, 4, 4, 4, 4, 4, 4, 4, 4, 4, 4, 4, 4, 4, 4, 4, 4, 4, 4, 4, 4, 4, 4, 4, 4, 4, 4, 4, 4, 4, 4, 4, 4, 4, 4, 4, 4, 4, 4, 4, 4, 4, 4, 4, 4, 4, 4, 4, 4, 4, 4, 4, 4, 4, 4, 4, 4, 4, 4, 4, 4, 4, 4, 4, 4, 4, 4, 4, 4, 4, 4, 4, 4, 4, 4, 4, 4, 4, 4, 4, 4, 4, 4, 4, 4, 3], "test_accuracy": 0.7542242703533026, "predictions": [7, 4, 1, 10, 7, 1, 8, 5, 1, 9, 4, 7, 3, 4, 8, 0, 9, 6, 4, 8, 8, 10, 1, 4, 6, 10, 4, 6, 6, 8, 2, 0, 1, 0, 6, 3, 10, 5, 5, 0, 10, 3, 2, 2, 7, 8, 4, 3, 2, 8, 2, 4, 1, 4, 6, 1, 0, 9, 0, 10, 10, 6, 9, 6, 5, 9, 8, 5, 5, 1, 9, 3, 1, 1, 1, 8, 6, 2, 4, 2, 1, 1, 1, 0, 5, 5, 1, 0, 8, 9, 9, 10, 10, 7, 0, 5, 1, 8, 2, 7, 5, 1, 10, 6, 10, 8, 3, 9, 10, 4, 7, 9, 0, 3, 7, 8, 0, 10, 5, 0, 4, 0, 7, 6, 5, 0, 7, 3, 6, 7, 4, 0, 10, 10, 9, 9, 4, 3, 9, 0, 10, 3, 3, 9, 4, 7, 4, 7, 2, 10, 8, 4, 10, 10, 1, 0, 10, 5, 4, 7, 8, 9, 10, 4, 10, 3, 10, 5, 8, 0, 9, 0, 10, 7, 6, 8, 0, 8, 1, 2, 6, 3, 5, 3, 9, 3, 6, 7, 3, 2, 0, 6, 0, 9, 9, 5, 1, 0, 5, 9, 7, 1, 6, 1, 5, 5, 3, 5, 3, 9, 9, 9, 2, 5, 4, 5, 2, 10, 8, 4, 7, 3, 0, 6, 7, 0, 5, 7, 1, 0, 1, 6, 1, 7, 7, 2, 10, 5, 3, 10, 9, 9, 3, 3, 1, 7, 1, 5, 2, 2, 10, 1, 1, 2, 3, 10, 1, 9, 5, 3, 0, 7, 7, 8, 5, 0, 8, 8, 9, 7, 9, 10, 3, 5, 8, 2, 7, 9, 9, 7, 7, 0, 5, 10, 2, 4, 6, 5, 5, 3, 8, 8, 6, 2, 0, 1, 2, 7, 3, 2, 4, 10, 8, 6, 6, 0, 2, 7, 10, 0, 7, 6, 7, 2, 4, 2, 0, 9, 9, 10, 2, 6, 7, 9, 1, 2, 8, 5, 2, 4, 4, 6, 3, 1, 4, 7, 1, 10, 4, 2, 5, 0, 9, 10, 5, 0, 5, 7, 3, 6, 5, 6, 5, 9, 5, 1, 0, 0, 7, 7, 4, 2, 6, 10, 8, 9, 2, 5, 2, 9, 4, 0, 5, 0, 9, 10, 5, 0, 0, 7, 3, 1, 10, 4, 2, 2, 4, 9, 3, 7, 0, 8, 9, 4, 0, 0, 5, 6, 9, 9, 7, 7, 3, 9, 1, 10, 10, 5, 5, 7, 8, 3, 5, 10, 9, 7, 2, 3, 0, 3, 0, 5, 5, 1, 2, 0, 3, 7, 8, 4, 7, 3, 8, 0, 3, 2, 2, 1, 9, 10, 10, 4, 10, 6, 6, 5, 0, 6, 8, 2, 1, 9, 9, 5, 5, 9, 1, 3, 5, 7, 9, 10, 1, 8, 0, 6, 3, 6, 2, 4, 10, 0, 1, 2, 8, 2, 4, 0, 2, 5, 4, 9, 0, 7, 6, 9, 3, 0, 2, 6, 6, 9, 3, 7, 2, 4, 9, 0, 1, 3, 9, 6, 8, 4, 7, 0, 3, 5, 1, 8, 7, 10, 6, 10, 2, 5, 5, 7, 5, 1, 9, 5, 9, 4, 5, 9, 4, 5, 9, 7, 7, 2, 0, 6, 9, 3, 4, 8, 1, 8, 9, 1, 5, 0, 2, 0, 9, 7, 6, 2, 6, 9, 0, 10, 10, 0, 2, 1, 7, 3, 2, 7, 9, 6, 2, 6, 9, 0, 8, 2, 3, 6, 2, 10, 4, 7, 9, 6, 8, 6, 6, 9, 7, 8, 7, 4, 4, 9, 3, 0, 7, 4, 0, 7, 5, 9, 0, 7, 8, 0, 7, 9, 5, 5, 4, 8, 4, 6, 1, 5, 3, 0, 1, 4, 7, 1, 9, 4, 6, 8, 10, 7, 1, 0, 3, 9, 1, 4, 3, 10, 7, 8, 7, 9, 4, 0, 2, 3, 7, 6, 6, 8, 1, 7, 4, 0, 2, 0, 8, 6, 7],