{"val_acc": [0.16282642089093702, 0.22427035330261136, 0.29493087557603687, 0.3087557603686636, 0.3563748079877112, 0.4270353302611367, 0.45468509984639016, 0.5069124423963134, 0.5468509984639017, 0.5990783410138248], "val_loss": [2.179837576450746, 2.082394175002911, 1.9541464213944653, 1.8218109015306811, 1.710938930145802, 1.5816720994703608, 1.5233159596386132, 1.382831393666794, 1.2725119716002167, 1.1430049125859343], "train_loss": [2.265056085775371, 2.0834926044457327, 1.9607670031920261, 1.8984947305552617, 1.772787892509686, 1.6728607752759757, 1.5606644744005616, 1.4674691682582393, 1.318340601920672, 1.2094634159037452], "test_correct_in_batch": [2.0, 2.0, 1.0, 1.0, 3.0, 3.0, 0.0, 2.0, 2.0, 1.0, 3.0, 4.0, 1.0, 3.0, 2.0, 2.0, 3.0, 2.0, 1.0, 2.0, 1.0, 1.0, 2.0, 3.0, 1.0, 2.0, 2.0, 3.0, 1.0, 2.0, 0.0, 2.0, 4.0, 3.0, 2.0, 3.0, 4.0, 3.0, 2.0, 3.0, 2.0, 3.0, 3.0, 2.0, 1.0, 3.0, 4.0, 3.0, 2.0, 3.0, 1.0, 1.0, 2.0, 2.0, 2.0, 4.0, 3.0, 3.0, 3.0, 3.0, 4.0, 3.0, 3.0, 2.0, 2.0, 2.0, 2.0, 2.0, 3.0, 3.0, 2.0, 2.0, 1.0, 2.0, 2.0, 2.0, 3.0, 3.0, 0.0, 2.0, 1.0, 1.0, 4.0, 2.0, 0.0, 3.0, 3.0, 3.0, 2.0, 1.0, 3.0, 2.0, 3.0, 1.0, 4.0, 1.0, 2.0, 1.0, 2.0, 4.0, 2.0, 1.0, 3.0, 1.0, 2.0, 3.0, 1.0, 2.0, 3.0, 3.0, 3.0, 3.0, 3.0, 1.0, 3.0, 3.0, 3.0, 3.0, 2.0, 3.0, 3.0, 2.0, 3.0, 3.0, 1.0, 1.0, 3.0, 1.0, 2.0, 3.0, 2.0, 2.0, 2.0, 1.0, 1.0, 0.0, 3.0, 2.0, 2.0, 2.0, 3.0, 0.0, 2.0, 3.0, 1.0, 2.0, 2.0, 3.0, 2.0, 3.0, 3.0, 3.0, 3.0, 3.0, 3.0, 2.0, 2.0, 3.0, 2.0, 2.0, 4.0, 3.0, 2.0], "test_losses": [0.5474953651428223, 0.9410156011581421, 1.900808334350586, 1.6796648502349854, 0.9849421381950378, 1.0604168176651, 3.199429512023926, 1.0925192832946777, 1.0558524131774902, 1.3947408199310303, 0.9579113721847534, 0.46775633096694946, 2.6396536827087402, 0.6274675726890564, 1.034334659576416, 1.1448837518692017, 1.2823152542114258, 1.1162912845611572, 1.25648033618927, 1.5338139533996582, 1.390746831893921, 1.4013031721115112, 1.5295233726501465, 0.36302369832992554, 0.9427223205566406, 1.0999573469161987, 1.5063997507095337, 0.9645228981971741, 1.288611650466919, 1.834903597831726, 3.4227938652038574, 1.3356330394744873, 0.3302571475505829, 1.0738329887390137, 1.0164926052093506, 0.7950730323791504, 0.3258070945739746, 1.326533317565918, 1.6079756021499634, 0.48004472255706787, 1.19417142868042, 0.7665964365005493, 1.137644648551941, 1.0396677255630493, 1.8230760097503662, 0.770342230796814, 0.8590519428253174, 0.746030330657959, 1.85886549949646, 1.0302255153656006, 1.442432165145874, 3.5994327068328857, 1.3331221342086792, 1.3969388008117676, 1.2633874416351318, 0.29877057671546936, 1.1608912944793701, 0.9637952446937561, 0.8080419301986694, 1.565137267112732, 0.884022057056427, 0.682283878326416, 0.8410680890083313, 0.7936792969703674, 1.9141697883605957, 1.526764154434204, 0.9622716903686523, 1.2950642108917236, 1.2389371395111084, 0.812133252620697, 1.7531089782714844, 0.7870679497718811, 1.6731332540512085, 1.3899211883544922, 1.0931257009506226, 1.1902997493743896, 0.5064296722412109, 0.8199774622917175, 2.2279555797576904, 1.2974128723144531, 1.656787395477295, 1.3376648426055908, 0.7079964876174927, 1.2392017841339111, 1.6848043203353882, 1.2805503606796265, 0.7078069448471069, 1.0889478921890259, 1.1377143859863281, 1.8710401058197021, 0.9922847747802734, 1.213908314704895, 1.3438876867294312, 1.589834213256836, 0.429558664560318, 1.4990427494049072, 1.0956097841262817, 2.2291784286499023, 1.2401642799377441, 0.6424943208694458, 1.3145842552185059, 1.3468444347381592, 0.9081107974052429, 2.2961459159851074, 0.8286484479904175, 1.4008464813232422, 2.1357083320617676, 1.3258273601531982, 1.06976318359375, 0.7793352007865906, 1.230441927909851, 0.8687164783477783, 1.1049368381500244, 1.4965978860855103, 0.8386327028274536, 0.8926095366477966, 1.168428659439087, 0.4405178427696228, 1.5870718955993652, 0.9152586460113525, 0.7711172699928284, 1.6848223209381104, 0.9940522313117981, 0.6951971650123596, 1.4679651260375977, 1.9897273778915405, 1.3138140439987183, 1.5479915142059326, 1.5068477392196655, 0.8128678798675537, 1.2040002346038818, 1.3076131343841553, 1.282357931137085, 2.154874324798584, 1.494771957397461, 2.197577714920044, 0.7934718728065491, 1.3324379920959473, 1.819256067276001, 1.4073659181594849, 0.8648242354393005, 2.6503262519836426, 2.354994297027588, 0.5935196876525879, 1.8066684007644653, 1.9201480150222778, 1.4927783012390137, 1.2547434568405151, 0.9442101716995239, 0.7994953393936157, 0.6875625848770142, 0.8858729004859924, 0.885545015335083, 0.9876465797424316, 0.9588243961334229, 0.9659795761108398, 0.9366145133972168, 1.1120436191558838, 1.4947763681411743, 1.3047454357147217, 0.6104066371917725, 0.5035146474838257, 0.6655698418617249], "test_loss": 1.2398579345524676, "test_batch_lens": [4, 4, 4, 4, 4, 4, 4, 4, 4, 4, 4, 4, 4, 4, 4, 4, 4, 4, 4, 4, 4, 4, 4, 4, 4, 4, 4, 4, 4, 4, 4, 4, 4, 4, 4, 4, 4, 4, 4, 4, 4, 4, 4, 4, 4, 4, 4, 4, 4, 4, 4, 4, 4, 4, 4, 4, 4, 4, 4, 4, 4, 4, 4, 4, 4, 4, 4, 4, 4, 4, 4, 4, 4, 4, 4, 4, 4, 4, 4, 4, 4, 4, 4, 4, 4, 4, 4, 4, 4, 4, 4, 4, 4, 4, 4, 4, 4, 4, 4, 4, 4, 4, 4, 4, 4, 4, 4, 4, 4, 4, 4, 4, 4, 4, 4, 4, 4, 4, 4, 4, 4, 4, 4, 4, 4, 4, 4, 4, 4, 4, 4, 4, 4, 4, 4, 4, 4, 4, 4, 4, 4, 4, 4, 4, 4, 4, 4, 4, 4, 4, 4, 4, 4, 4, 4, 4, 4, 4, 4, 4, 4, 4, 3], "test_accuracy": 0.5606758832565284, "predictions": [7, 4, 8, 2, 7, 0, 7, 8, 3, 3, 9, 7, 3, 4, 3, 1, 9, 6, 4, 8, 8, 10, 0, 4, 3, 3, 4, 3, 6, 6, 2, 3, 3, 8, 6, 3, 2, 5, 0, 3, 10, 3, 6, 10, 7, 8, 4, 3, 6, 3, 3, 4, 3, 4, 6, 3, 9, 9, 3, 10, 2, 6, 8, 6, 5, 9, 8, 5, 5, 1, 3, 3, 0, 3, 8, 6, 6, 2, 2, 2, 3, 3, 1, 0, 5, 0, 3, 3, 0, 9, 9, 2, 10, 7, 3, 5, 8, 5, 6, 7, 5, 0, 10, 2, 2, 1, 3, 9, 10, 4, 7, 8, 3, 0, 7, 8, 0, 2, 9, 0, 9, 9, 0, 3, 5, 0, 7, 6, 6, 7, 4, 0, 10, 10, 8, 9, 4, 3, 9, 3, 2, 3, 3, 9, 4, 7, 4, 7, 2, 10, 0, 4, 10, 3, 10, 0, 2, 5, 4, 7, 5, 3, 10, 4, 2, 6, 10, 5, 8, 0, 8, 0, 2, 7, 6, 2, 5, 1, 1, 3, 6, 9, 5, 3, 9, 3, 4, 8, 3, 2, 0, 6, 9, 9, 9, 5, 3, 3, 5, 9, 9, 0, 6, 0, 1, 9, 0, 8, 3, 1, 8, 6, 6, 5, 4, 8, 8, 2, 8, 4, 7, 3, 0, 6, 7, 2, 5, 7, 1, 3, 1, 6, 3, 7, 7, 4, 10, 5, 3, 10, 9, 4, 3, 3, 3, 7, 8, 5, 2, 4, 10, 3, 3, 6, 3, 10, 8, 2, 5, 3, 3, 9, 7, 3, 5, 0, 8, 8, 0, 7, 3, 2, 3, 5, 9, 2, 7, 8, 9, 7, 9, 3, 8, 10, 9, 4, 6, 5, 5, 10, 5, 5, 3, 2, 0, 1, 6, 9, 3, 2, 5, 10, 1, 6, 6, 8, 2, 7, 10, 0, 7, 6, 4, 6, 4, 3, 9, 9, 9, 3, 6, 6, 9, 4, 3, 3, 7, 5, 2, 9, 4, 1, 3, 3, 4, 7, 3, 10, 4, 4, 5, 0, 5, 10, 8, 0, 5, 7, 3, 6, 5, 6, 9, 9, 5, 3, 0, 0, 9, 7, 4, 10, 6, 10, 10, 9, 10, 5, 6, 9, 4, 0, 5, 3, 1, 2, 5, 0, 3, 7, 3, 8, 3, 4, 3, 4, 4, 4, 3, 9, 5, 8, 4, 5, 0, 0, 5, 6, 9, 9, 8, 7, 3, 9, 3, 2, 8, 5, 5, 7, 0, 3, 0, 10, 4, 5, 2, 3, 3, 3, 0, 5, 5, 1, 6, 0, 3, 7, 7, 4, 7, 3, 8, 0, 3, 6, 2, 3, 9, 10, 10, 3, 10, 6, 6, 5, 0, 7, 8, 2, 0, 9, 5, 5, 5, 6, 9, 3, 5, 7, 9, 10, 3, 8, 1, 6, 3, 4, 2, 4, 10, 3, 1, 6, 7, 2, 4, 3, 2, 5, 4, 9, 0, 7, 6, 9, 3, 9, 2, 3, 6, 9, 3, 8, 2, 4, 8, 0, 0, 1, 3, 2, 8, 4, 8, 3, 3, 5, 9, 9, 7, 2, 3, 10, 6, 5, 5, 7, 5, 3, 9, 5, 8, 4, 5, 9, 4, 5, 9, 7, 8, 10, 1, 2, 5, 9, 4, 7, 0, 8, 8, 3, 5, 5, 2, 0, 3, 7, 6, 3, 6, 2, 0, 10, 10, 0, 6, 3, 7, 3, 2, 7, 3, 6, 2, 3, 5, 3, 8, 2, 3, 6, 2, 10, 4, 7, 3, 5, 6, 6, 6, 8, 7, 8, 7, 4, 4, 7, 3, 3, 7, 5, 0, 7, 5, 6, 0, 7, 3, 0, 7, 4, 6, 5, 4, 6, 6, 6, 0, 5, 3, 0, 1, 4, 7, 3, 9, 9, 6, 6, 2, 7, 3, 0, 3, 5, 3, 4, 8, 10, 7, 8, 3, 9, 4, 9, 6, 3, 9, 8, 6, 8, 1, 7, 4, 0, 2, 1, 1, 6, 7],