{"val_acc": [0.8955453149001537, 0.8632872503840245, 0.9155145929339478, 0.9385560675883257, 0.9247311827956989], "val_loss": [0.36569705311308237, 0.39416229297472855, 0.2696320814943786, 0.22045003644274558, 0.2713854363063619], "train_loss": [0.7360471295512307, 0.4049851952418189, 0.2997509396424148, 0.24855262920615298, 0.21074882147890717], "test_correct_in_batch": [4.0, 4.0, 4.0, 3.0, 4.0, 4.0, 2.0, 4.0, 4.0, 4.0, 4.0, 4.0, 2.0, 4.0, 4.0, 3.0, 3.0, 4.0, 4.0, 4.0, 4.0, 4.0, 4.0, 4.0, 4.0, 4.0, 4.0, 3.0, 3.0, 4.0, 2.0, 4.0, 4.0, 4.0, 4.0, 4.0, 4.0, 4.0, 4.0, 4.0, 4.0, 4.0, 3.0, 4.0, 3.0, 4.0, 4.0, 3.0, 4.0, 4.0, 3.0, 3.0, 3.0, 3.0, 4.0, 4.0, 4.0, 3.0, 4.0, 4.0, 4.0, 4.0, 4.0, 4.0, 3.0, 4.0, 4.0, 3.0, 3.0, 3.0, 3.0, 4.0, 4.0, 4.0, 4.0, 4.0, 4.0, 4.0, 4.0, 4.0, 4.0, 4.0, 3.0, 4.0, 3.0, 3.0, 4.0, 4.0, 4.0, 3.0, 4.0, 4.0, 3.0, 4.0, 4.0, 4.0, 4.0, 1.0, 4.0, 4.0, 3.0, 4.0, 3.0, 4.0, 4.0, 4.0, 4.0, 4.0, 4.0, 4.0, 4.0, 3.0, 4.0, 4.0, 4.0, 4.0, 3.0, 4.0, 4.0, 4.0, 4.0, 2.0, 4.0, 3.0, 3.0, 3.0, 4.0, 3.0, 4.0, 3.0, 3.0, 4.0, 4.0, 4.0, 4.0, 4.0, 4.0, 3.0, 4.0, 2.0, 4.0, 3.0, 4.0, 4.0, 4.0, 3.0, 4.0, 4.0, 2.0, 4.0, 3.0, 4.0, 4.0, 4.0, 4.0, 4.0, 4.0, 4.0, 4.0, 4.0, 4.0, 4.0, 3.0], "test_losses": [0.0001568276493344456, 0.009122648276388645, 0.054070498794317245, 0.36851468682289124, 0.003564652055501938, 0.00017738631868269295, 1.2215867042541504, 0.1175454631447792, 0.26596638560295105, 0.0005602749879471958, 0.08156437426805496, 0.004865683615207672, 1.5892542600631714, 0.001799904159270227, 0.05908829718828201, 1.8338981866836548, 0.896817684173584, 0.31237488985061646, 0.1857815682888031, 0.14183545112609863, 0.047678280621767044, 0.011200574226677418, 0.023520294576883316, 0.004337024874985218, 0.0012055453844368458, 0.0006518365698866546, 0.001957003027200699, 0.6665521264076233, 1.3421788215637207, 0.019019074738025665, 1.0272029638290405, 0.004043890628963709, 0.030512569472193718, 6.517035944852978e-05, 0.0014467353466898203, 0.016448987647891045, 0.0034836595878005028, 0.00405572634190321, 0.0005116292741149664, 0.03219418227672577, 0.001647350494749844, 7.169942546170205e-05, 0.5252360701560974, 0.0013352473033592105, 0.7176017165184021, 9.231810690835118e-05, 0.0480717197060585, 0.4735601544380188, 0.226229727268219, 0.006236220709979534, 2.3883144855499268, 1.8580906391143799, 0.3491889536380768, 0.22577369213104248, 0.003943536896258593, 0.015199261717498302, 0.0009974975837394595, 0.4308202564716339, 0.029476646333932877, 0.12028417736291885, 0.03145075961947441, 0.0037148792762309313, 0.15684662759304047, 5.101652641315013e-05, 0.36924055218696594, 0.039621904492378235, 0.007523269392549992, 1.2638580799102783, 0.49101972579956055, 0.4090433716773987, 0.9723212718963623, 0.0057984404265880585, 0.0300776194781065, 0.2081218659877777, 0.1740816980600357, 0.07927585393190384, 0.0017707210499793291, 0.02748897485435009, 0.43713656067848206, 0.0034496800508350134, 0.012453357689082623, 0.005268558394163847, 0.606430172920227, 0.1887061595916748, 0.39099687337875366, 1.1201972961425781, 0.009048271924257278, 0.002353038638830185, 0.0008454260532744229, 0.6640625, 0.0032412491273134947, 0.018181033432483673, 0.9126352667808533, 0.038256868720054626, 0.0027864298317581415, 0.011873826384544373, 0.0025504580698907375, 1.9043314456939697, 0.009149744175374508, 0.019764259457588196, 1.2779958248138428, 0.0036229300312697887, 0.26464003324508667, 0.06148988753557205, 0.0005526596214622259, 0.0012475954135879874, 0.00016080329078249633, 0.004050814546644688, 0.16786423325538635, 0.020420486107468605, 0.016147835180163383, 0.5298190116882324, 0.0015748367877677083, 0.0038254321552813053, 0.25470665097236633, 0.0023612359073013067, 0.5365372896194458, 5.092942956252955e-05, 0.10961990803480148, 0.1692512184381485, 0.01617751270532608, 1.5346202850341797, 0.24717167019844055, 0.51551753282547, 0.5944679379463196, 0.2975473999977112, 0.002259722677990794, 0.52000892162323, 0.08285144716501236, 0.7391756176948547, 0.8024060130119324, 0.03088197112083435, 0.013056148774921894, 0.15769363939762115, 0.022955873981118202, 0.0019632228650152683, 0.008105583488941193, 0.8293873071670532, 0.19982489943504333, 0.7630354166030884, 0.0006980688776820898, 0.2992398738861084, 0.020864645019173622, 0.010323789902031422, 0.05628051981329918, 0.743168830871582, 0.23938611149787903, 0.11854977905750275, 1.2189589738845825, 0.0008732446585781872, 0.3816903233528137, 0.008483250625431538, 0.00751514732837677, 0.005789182614535093, 0.034729279577732086, 0.003962118178606033, 0.008941387757658958, 0.19361558556556702, 0.028496555984020233, 0.009162978269159794, 0.0037161074578762054, 0.011190295219421387, 0.07031554728746414], "test_loss": 0.2621166119066078, "test_batch_lens": [4, 4, 4, 4, 4, 4, 4, 4, 4, 4, 4, 4, 4, 4, 4, 4, 4, 4, 4, 4, 4, 4, 4, 4, 4, 4, 4, 4, 4, 4, 4, 4, 4, 4, 4, 4, 4, 4, 4, 4, 4, 4, 4, 4, 4, 4, 4, 4, 4, 4, 4, 4, 4, 4, 4, 4, 4, 4, 4, 4, 4, 4, 4, 4, 4, 4, 4, 4, 4, 4, 4, 4, 4, 4, 4, 4, 4, 4, 4, 4, 4, 4, 4, 4, 4, 4, 4, 4, 4, 4, 4, 4, 4, 4, 4, 4, 4, 4, 4, 4, 4, 4, 4, 4, 4, 4, 4, 4, 4, 4, 4, 4, 4, 4, 4, 4, 4, 4, 4, 4, 4, 4, 4, 4, 4, 4, 4, 4, 4, 4, 4, 4, 4, 4, 4, 4, 4, 4, 4, 4, 4, 4, 4, 4, 4, 4, 4, 4, 4, 4, 4, 4, 4, 4, 4, 4, 4, 4, 4, 4, 4, 4, 3], "test_accuracy": 0.9201228878648233, "predictions": [7, 4, 1, 10, 7, 1, 8, 8, 0, 8, 4, 7, 1, 9, 8, 0, 9, 6, 4, 9, 8, 10, 1, 4, 8, 0, 8, 6, 6, 8, 2, 1, 1, 9, 6, 3, 10, 5, 5, 0, 10, 3, 2, 10, 7, 8, 4, 3, 8, 8, 3, 4, 3, 4, 6, 1, 1, 9, 1, 10, 10, 6, 9, 6, 5, 9, 8, 5, 8, 1, 3, 1, 1, 3, 1, 8, 6, 8, 9, 2, 3, 1, 3, 1, 5, 5, 1, 8, 0, 4, 9, 10, 10, 7, 1, 5, 1, 8, 2, 7, 5, 1, 10, 6, 10, 8, 3, 9, 10, 4, 7, 3, 0, 3, 7, 8, 0, 8, 0, 0, 4, 3, 7, 8, 5, 1, 7, 9, 6, 7, 4, 0, 10, 10, 7, 9, 4, 1, 9, 0, 10, 3, 3, 9, 4, 7, 4, 7, 2, 10, 2, 4, 10, 10, 1, 0, 10, 5, 4, 7, 8, 9, 10, 4, 2, 3, 10, 5, 8, 0, 3, 0, 10, 7, 6, 8, 3, 8, 1, 2, 6, 3, 5, 3, 9, 3, 4, 8, 3, 2, 3, 2, 0, 9, 9, 8, 1, 3, 5, 9, 4, 1, 6, 1, 4, 4, 4, 8, 3, 9, 5, 8, 2, 5, 4, 4, 2, 10, 8, 4, 7, 3, 0, 6, 7, 0, 5, 7, 1, 8, 1, 6, 3, 7, 7, 2, 10, 4, 3, 10, 9, 4, 3, 3, 1, 7, 8, 5, 2, 4, 10, 1, 1, 2, 3, 10, 6, 9, 4, 3, 3, 10, 7, 1, 5, 1, 8, 1, 1, 7, 3, 10, 3, 5, 10, 2, 7, 9, 9, 7, 1, 8, 8, 10, 2, 4, 2, 5, 5, 3, 8, 0, 8, 6, 0, 1, 2, 7, 3, 2, 4, 10, 8, 6, 6, 0, 2, 7, 10, 1, 7, 6, 9, 2, 5, 2, 0, 9, 4, 3, 2, 6, 7, 9, 1, 8, 8, 5, 2, 4, 4, 1, 1, 8, 4, 7, 1, 2, 4, 2, 5, 0, 9, 10, 5, 0, 5, 7, 3, 6, 4, 6, 4, 9, 5, 1, 8, 3, 7, 1, 4, 4, 6, 10, 8, 9, 8, 5, 6, 9, 4, 0, 5, 0, 9, 10, 5, 0, 3, 7, 3, 1, 8, 2, 2, 4, 4, 9, 3, 0, 5, 3, 9, 4, 0, 0, 5, 6, 9, 9, 7, 7, 0, 9, 1, 10, 10, 5, 5, 1, 3, 3, 5, 10, 9, 7, 2, 3, 1, 1, 0, 5, 4, 1, 2, 0, 1, 8, 8, 4, 8, 3, 8, 0, 3, 2, 2, 3, 7, 10, 10, 4, 10, 6, 6, 5, 0, 4, 8, 2, 1, 9, 9, 5, 9, 9, 1, 3, 5, 7, 9, 10, 1, 8, 1, 6, 3, 4, 2, 4, 10, 1, 1, 2, 8, 2, 4, 8, 2, 5, 9, 9, 0, 7, 6, 4, 3, 0, 2, 8, 6, 9, 3, 10, 2, 4, 8, 0, 1, 3, 4, 6, 3, 4, 6, 3, 3, 5, 3, 1, 7, 10, 4, 10, 2, 5, 5, 7, 4, 1, 4, 5, 1, 4, 5, 4, 9, 5, 9, 7, 7, 2, 0, 2, 4, 3, 2, 9, 1, 8, 9, 1, 8, 8, 2, 0, 9, 7, 6, 4, 6, 9, 0, 10, 8, 8, 4, 4, 9, 3, 2, 7, 9, 6, 7, 8, 4, 0, 8, 2, 10, 5, 2, 10, 8, 7, 9, 6, 8, 6, 6, 3, 7, 9, 7, 8, 4, 9, 3, 3, 7, 4, 1, 0, 4, 4, 0, 7, 8, 0, 4, 4, 5, 5, 4, 8, 6, 6, 1, 5, 3, 0, 1, 4, 7, 1, 9, 4, 6, 6, 10, 7, 1, 0, 3, 9, 1, 4, 3, 10, 7, 8, 9, 9, 4, 0, 2, 3, 7, 8, 6, 8, 1, 7, 4, 0, 2, 0, 8, 6, 7],