{"val_acc": [0.11367127496159754, 0.23195084485407066, 0.38556067588325654, 0.4823348694316436, 0.5299539170506913, 0.5821812596006144, 0.642089093701997, 0.6728110599078341, 0.7188940092165899, 0.7634408602150538], "val_loss": [2.3468470280887157, 2.257787681064723, 2.1391843316013825, 2.0330084686630343, 1.9368154278562113, 1.8375814560732227, 1.7473507337043621, 1.651632658543031, 1.5610485420636604, 1.4686300118276678], "train_loss": [2.3653123011125854, 2.285547466275764, 2.1745383404213374, 2.063090108565026, 1.9615831494196485, 1.867225388265184, 1.773256942010839, 1.6804030785676984, 1.589404472727488, 1.5004113533008614], "test_correct_in_batch": [3.0, 2.0, 3.0, 3.0, 4.0, 2.0, 2.0, 3.0, 2.0, 4.0, 4.0, 3.0, 1.0, 4.0, 4.0, 3.0, 2.0, 3.0, 1.0, 3.0, 2.0, 3.0, 2.0, 3.0, 2.0, 4.0, 3.0, 3.0, 3.0, 3.0, 2.0, 4.0, 4.0, 4.0, 3.0, 4.0, 4.0, 4.0, 4.0, 3.0, 3.0, 2.0, 2.0, 4.0, 1.0, 3.0, 3.0, 2.0, 2.0, 4.0, 3.0, 1.0, 4.0, 3.0, 3.0, 3.0, 4.0, 4.0, 3.0, 2.0, 4.0, 3.0, 3.0, 4.0, 2.0, 2.0, 4.0, 1.0, 3.0, 3.0, 1.0, 4.0, 3.0, 2.0, 4.0, 3.0, 2.0, 4.0, 3.0, 4.0, 3.0, 3.0, 4.0, 3.0, 3.0, 3.0, 3.0, 3.0, 4.0, 2.0, 3.0, 2.0, 1.0, 4.0, 4.0, 3.0, 3.0, 3.0, 4.0, 4.0, 2.0, 3.0, 3.0, 3.0, 3.0, 3.0, 2.0, 3.0, 2.0, 4.0, 3.0, 3.0, 3.0, 4.0, 2.0, 3.0, 3.0, 4.0, 3.0, 3.0, 4.0, 2.0, 2.0, 3.0, 3.0, 4.0, 3.0, 3.0, 3.0, 3.0, 4.0, 4.0, 4.0, 3.0, 2.0, 2.0, 4.0, 4.0, 1.0, 3.0, 4.0, 2.0, 2.0, 2.0, 3.0, 3.0, 3.0, 3.0, 3.0, 3.0, 2.0, 3.0, 3.0, 4.0, 3.0, 4.0, 4.0, 1.0, 4.0, 1.0, 3.0, 2.0, 3.0], "test_losses": [1.4113984107971191, 1.8524386882781982, 1.5717699527740479, 1.5255639553070068, 1.0463708639144897, 1.5356100797653198, 1.8002597093582153, 1.5158851146697998, 1.541163682937622, 1.3537064790725708, 1.2133368253707886, 1.6068885326385498, 2.164074420928955, 1.3791124820709229, 1.2048096656799316, 1.478803038597107, 1.8982477188110352, 1.5540815591812134, 1.7598786354064941, 1.43618643283844, 1.6428296566009521, 1.5195136070251465, 1.6285704374313354, 1.4938678741455078, 1.5926049947738647, 1.1628100872039795, 1.353871464729309, 1.4766091108322144, 1.652637243270874, 1.804051399230957, 1.705869436264038, 1.2574472427368164, 1.3840396404266357, 0.937095046043396, 1.4635789394378662, 1.3738741874694824, 1.3471064567565918, 1.158462643623352, 1.4697202444076538, 1.2578516006469727, 1.4224743843078613, 1.309536099433899, 1.832532286643982, 1.449718713760376, 1.7003790140151978, 1.2329683303833008, 1.6352838277816772, 1.68490469455719, 1.3801159858703613, 1.265627384185791, 1.5728000402450562, 2.050438642501831, 1.3583366870880127, 1.621964931488037, 1.4941033124923706, 1.3598027229309082, 1.2560482025146484, 1.2716710567474365, 1.2549285888671875, 1.3667887449264526, 1.2393035888671875, 1.537861704826355, 1.2997784614562988, 1.1627840995788574, 1.4332338571548462, 1.6659576892852783, 1.4723562002182007, 1.6972839832305908, 1.6857600212097168, 1.3410708904266357, 2.363187789916992, 1.173550009727478, 1.4936001300811768, 1.6717803478240967, 1.3229990005493164, 1.4126144647598267, 1.4735020399093628, 1.1812970638275146, 1.3844598531723022, 1.410301685333252, 1.4232203960418701, 1.7972609996795654, 1.2186343669891357, 1.4981186389923096, 1.3738244771957397, 1.498117446899414, 1.6139883995056152, 1.3080029487609863, 1.2776771783828735, 1.7336848974227905, 1.4033006429672241, 1.6914222240447998, 1.5671501159667969, 1.3691399097442627, 1.3953640460968018, 1.5896377563476562, 1.509163737297058, 1.8437339067459106, 1.4276835918426514, 1.0459455251693726, 1.8646366596221924, 1.2039648294448853, 1.5206365585327148, 1.3009637594223022, 1.5281671285629272, 1.5660786628723145, 1.5431783199310303, 1.6713335514068604, 1.6431629657745361, 1.2270246744155884, 1.0909172296524048, 1.4902238845825195, 1.3191213607788086, 0.894635796546936, 1.760257363319397, 1.3481111526489258, 1.7775969505310059, 1.1877622604370117, 1.331802248954773, 1.6564491987228394, 1.2540607452392578, 1.8058266639709473, 1.2248262166976929, 1.5551087856292725, 1.7975375652313232, 1.285027027130127, 1.4990538358688354, 1.3759422302246094, 1.3056443929672241, 1.4560885429382324, 1.4002618789672852, 1.216261386871338, 1.2004694938659668, 1.8219441175460815, 1.7205097675323486, 1.8419030904769897, 1.156569480895996, 1.001676321029663, 1.9229984283447266, 1.8900426626205444, 1.1463706493377686, 1.8789470195770264, 1.932491660118103, 1.4776414632797241, 1.2758939266204834, 1.3322858810424805, 1.5056184530258179, 1.5399556159973145, 1.5632511377334595, 1.608338713645935, 1.6507080793380737, 1.4110746383666992, 1.4992419481277466, 1.3120579719543457, 1.5451905727386475, 1.443821907043457, 1.2624030113220215, 1.7148406505584717, 1.288451910018921, 1.4994466304779053, 1.3315043449401855, 1.5521020889282227, 1.3611856698989868], "test_loss": 1.477612125361624, "test_batch_lens": [4, 4, 4, 4, 4, 4, 4, 4, 4, 4, 4, 4, 4, 4, 4, 4, 4, 4, 4, 4, 4, 4, 4, 4, 4, 4, 4, 4, 4, 4, 4, 4, 4, 4, 4, 4, 4, 4, 4, 4, 4, 4, 4, 4, 4, 4, 4, 4, 4, 4, 4, 4, 4, 4, 4, 4, 4, 4, 4, 4, 4, 4, 4, 4, 4, 4, 4, 4, 4, 4, 4, 4, 4, 4, 4, 4, 4, 4, 4, 4, 4, 4, 4, 4, 4, 4, 4, 4, 4, 4, 4, 4, 4, 4, 4, 4, 4, 4, 4, 4, 4, 4, 4, 4, 4, 4, 4, 4, 4, 4, 4, 4, 4, 4, 4, 4, 4, 4, 4, 4, 4, 4, 4, 4, 4, 4, 4, 4, 4, 4, 4, 4, 4, 4, 4, 4, 4, 4, 4, 4, 4, 4, 4, 4, 4, 4, 4, 4, 4, 4, 4, 4, 4, 4, 4, 4, 4, 4, 4, 4, 4, 4, 3], "test_accuracy": 0.7403993855606759, "predictions": [7, 4, 1, 6, 7, 1, 10, 2, 0, 1, 4, 7, 1, 9, 6, 0, 9, 6, 4, 9, 6, 10, 9, 4, 6, 0, 5, 6, 6, 10, 2, 1, 1, 1, 6, 1, 10, 5, 5, 0, 10, 3, 2, 10, 7, 1, 4, 3, 6, 1, 8, 4, 3, 4, 6, 1, 1, 9, 1, 10, 10, 6, 4, 6, 5, 9, 10, 5, 2, 1, 3, 1, 8, 1, 1, 6, 6, 6, 9, 2, 1, 1, 1, 1, 5, 5, 1, 2, 1, 5, 9, 10, 10, 7, 0, 5, 1, 6, 2, 9, 5, 1, 10, 6, 10, 2, 3, 9, 10, 4, 7, 9, 0, 3, 7, 2, 0, 10, 0, 0, 4, 1, 9, 6, 5, 1, 7, 9, 6, 7, 4, 0, 10, 10, 7, 9, 4, 1, 9, 1, 10, 3, 3, 9, 4, 7, 4, 7, 2, 10, 2, 4, 10, 10, 1, 0, 10, 5, 9, 7, 7, 9, 10, 4, 6, 1, 10, 5, 6, 0, 9, 9, 10, 7, 6, 8, 1, 6, 1, 6, 6, 1, 5, 3, 9, 3, 4, 10, 1, 2, 1, 2, 1, 9, 9, 6, 1, 3, 5, 9, 4, 1, 6, 1, 4, 4, 9, 2, 3, 9, 5, 6, 2, 5, 4, 9, 2, 10, 1, 4, 7, 3, 5, 6, 7, 0, 5, 7, 1, 0, 1, 6, 1, 7, 7, 2, 10, 9, 1, 10, 9, 4, 3, 3, 1, 7, 2, 5, 6, 4, 10, 1, 1, 2, 3, 10, 6, 9, 4, 1, 3, 6, 7, 9, 5, 1, 8, 1, 1, 9, 1, 10, 3, 5, 1, 2, 7, 9, 9, 7, 7, 1, 3, 10, 2, 4, 2, 5, 5, 3, 6, 0, 6, 6, 1, 1, 2, 7, 3, 2, 4, 10, 6, 6, 6, 5, 6, 7, 10, 1, 7, 6, 9, 2, 5, 6, 0, 9, 4, 3, 9, 6, 7, 9, 1, 7, 8, 5, 2, 9, 4, 1, 1, 3, 4, 7, 1, 2, 9, 2, 5, 0, 4, 10, 5, 1, 5, 7, 3, 6, 9, 6, 4, 9, 5, 1, 1, 3, 0, 7, 4, 7, 6, 10, 7, 9, 10, 5, 2, 9, 4, 9, 5, 0, 9, 10, 5, 0, 3, 7, 1, 1, 8, 2, 2, 7, 4, 9, 3, 7, 5, 9, 9, 4, 0, 0, 5, 6, 9, 9, 7, 7, 8, 3, 1, 10, 10, 4, 5, 7, 1, 3, 5, 10, 9, 9, 2, 1, 1, 1, 5, 5, 4, 1, 6, 0, 1, 7, 3, 4, 8, 3, 1, 0, 1, 2, 2, 3, 7, 10, 10, 5, 10, 6, 6, 5, 0, 4, 10, 2, 1, 9, 9, 5, 9, 9, 8, 1, 5, 7, 9, 10, 1, 10, 1, 6, 3, 4, 2, 4, 10, 1, 1, 2, 10, 2, 4, 2, 2, 5, 9, 9, 0, 7, 6, 4, 9, 0, 6, 1, 6, 9, 1, 7, 2, 4, 8, 0, 1, 3, 9, 6, 3, 4, 6, 1, 3, 5, 1, 1, 7, 10, 9, 10, 2, 5, 4, 7, 5, 1, 4, 5, 0, 4, 5, 4, 9, 5, 9, 7, 7, 2, 1, 2, 4, 3, 2, 0, 1, 6, 9, 1, 6, 9, 2, 0, 9, 7, 6, 9, 6, 9, 5, 10, 10, 1, 8, 1, 7, 3, 2, 7, 9, 6, 2, 6, 9, 0, 10, 2, 8, 5, 6, 10, 7, 7, 9, 6, 10, 6, 6, 9, 7, 9, 7, 9, 4, 9, 3, 3, 7, 9, 1, 9, 5, 4, 0, 7, 6, 0, 4, 4, 5, 4, 4, 6, 6, 6, 1, 5, 8, 0, 1, 4, 7, 1, 9, 4, 6, 0, 10, 7, 1, 0, 3, 9, 1, 4, 3, 3, 9, 2, 9, 9, 4, 0, 2, 1, 9, 6, 6, 1, 1, 7, 4, 9, 6, 0, 8, 6, 7],