{"val_acc": [0.5560675883256528, 0.7511520737327189, 0.7142857142857143, 0.7864823348694316, 0.7926267281105991, 0.8202764976958525, 0.8202764976958525, 0.847926267281106, 0.8310291858678955, 0.8402457757296466], "val_loss": [1.2305709396037587, 0.7611303704739348, 0.7829379137788265, 0.653409148720693, 0.6092432318426715, 0.5283775467688412, 0.5320937129343214, 0.4742450059271572, 0.45817107602131146, 0.47278922284307656], "train_loss": [1.6804164529836618, 1.0088643760509044, 0.7908681340832326, 0.7010693344875691, 0.6300105050449138, 0.5821679514739918, 0.5362221917507203, 0.5082338125123118, 0.4769191056902318, 0.4683281763187823], "test_correct_in_batch": [4.0, 4.0, 3.0, 3.0, 4.0, 4.0, 3.0, 4.0, 3.0, 4.0, 4.0, 3.0, 2.0, 4.0, 4.0, 3.0, 4.0, 4.0, 2.0, 4.0, 4.0, 3.0, 1.0, 3.0, 4.0, 3.0, 4.0, 3.0, 3.0, 4.0, 1.0, 4.0, 4.0, 4.0, 4.0, 4.0, 4.0, 4.0, 3.0, 4.0, 2.0, 3.0, 3.0, 4.0, 4.0, 4.0, 3.0, 4.0, 4.0, 4.0, 3.0, 2.0, 4.0, 4.0, 4.0, 4.0, 4.0, 4.0, 3.0, 3.0, 4.0, 4.0, 4.0, 4.0, 4.0, 4.0, 3.0, 3.0, 3.0, 3.0, 1.0, 4.0, 4.0, 2.0, 4.0, 4.0, 4.0, 4.0, 4.0, 4.0, 4.0, 3.0, 3.0, 2.0, 4.0, 4.0, 3.0, 3.0, 3.0, 4.0, 4.0, 4.0, 2.0, 3.0, 4.0, 4.0, 2.0, 2.0, 3.0, 4.0, 2.0, 4.0, 4.0, 2.0, 3.0, 4.0, 3.0, 4.0, 4.0, 4.0, 4.0, 3.0, 4.0, 4.0, 3.0, 4.0, 2.0, 4.0, 4.0, 2.0, 4.0, 3.0, 3.0, 4.0, 2.0, 3.0, 3.0, 3.0, 4.0, 4.0, 3.0, 4.0, 4.0, 3.0, 3.0, 3.0, 4.0, 3.0, 4.0, 2.0, 4.0, 3.0, 2.0, 4.0, 4.0, 3.0, 3.0, 3.0, 2.0, 4.0, 4.0, 3.0, 4.0, 4.0, 3.0, 3.0, 3.0, 2.0, 3.0, 4.0, 4.0, 4.0, 3.0], "test_losses": [0.1581321507692337, 0.07469790428876877, 0.7780859470367432, 1.4046648740768433, 0.05855396389961243, 0.06287392973899841, 1.6700260639190674, 0.33460673689842224, 0.604965090751648, 0.014706040732562542, 0.03415989130735397, 0.3178822696208954, 2.4607715606689453, 0.18461257219314575, 0.08682267367839813, 0.5928322076797485, 0.5562837719917297, 0.4521152675151825, 1.0871901512145996, 0.2671678364276886, 0.18852858245372772, 0.5096545219421387, 1.4412298202514648, 0.5266295075416565, 0.09615375846624374, 0.5126112699508667, 0.15698330104351044, 0.6092092394828796, 0.7826787233352661, 0.11835411190986633, 2.348907470703125, 0.1184728667140007, 0.10761716216802597, 0.07212264090776443, 0.24421370029449463, 0.14296643435955048, 0.12450606375932693, 0.020616648718714714, 0.4364229440689087, 0.06539247930049896, 0.9949145317077637, 0.7828226685523987, 0.7761359810829163, 0.01839754357933998, 0.3271026611328125, 0.014112353324890137, 0.46448788046836853, 0.13516007363796234, 0.14668816328048706, 0.24138858914375305, 0.8817040324211121, 1.6210755109786987, 0.148644357919693, 0.26748839020729065, 0.309654176235199, 0.02481723204255104, 0.025063779205083847, 0.0850207656621933, 0.3593982458114624, 0.4452759623527527, 0.17119523882865906, 0.0940101146697998, 0.07735377550125122, 0.08378651738166809, 0.18748927116394043, 0.21272656321525574, 0.498736172914505, 1.0720398426055908, 0.6759898662567139, 0.6772804260253906, 1.6247444152832031, 0.03989589959383011, 0.27149680256843567, 0.9701268672943115, 0.02320776879787445, 0.0636579617857933, 0.04886850714683533, 0.022402066737413406, 0.2716533839702606, 0.16255415976047516, 0.2636862099170685, 0.5476564764976501, 0.4614109992980957, 2.098977565765381, 0.08314433693885803, 0.045974187552928925, 0.5115482211112976, 0.3218986988067627, 0.5374122858047485, 0.4020586609840393, 0.23210160434246063, 0.08978814631700516, 1.1119524240493774, 0.3419479727745056, 0.03633970394730568, 0.080807626247406, 0.8777331709861755, 1.6854074001312256, 0.5100696086883545, 0.160899356007576, 1.5561424493789673, 0.07275286316871643, 0.2474067211151123, 0.8468403816223145, 0.9961700439453125, 0.3010091185569763, 0.9208853244781494, 0.22795800864696503, 0.2822093665599823, 0.1570628434419632, 0.0775037482380867, 0.7728890180587769, 0.07788410782814026, 0.05503559112548828, 0.3871360421180725, 0.09103740751743317, 1.2067794799804688, 0.11353232711553574, 0.06241299584507942, 1.092627763748169, 0.14990496635437012, 0.714048445224762, 0.7399393916130066, 0.2818548083305359, 0.9326494336128235, 0.38135308027267456, 1.2760158777236938, 1.3496901988983154, 0.18779700994491577, 0.07084406912326813, 0.23531726002693176, 0.04329194128513336, 0.11300602555274963, 0.4652678966522217, 0.8331051468849182, 0.764534056186676, 0.19112157821655273, 0.44620734453201294, 0.45317602157592773, 1.053666114807129, 0.08010140806436539, 1.0587671995162964, 0.9571737051010132, 0.09018075466156006, 0.058462221175432205, 0.6071519255638123, 1.116536021232605, 0.6013331413269043, 2.1598570346832275, 0.07902657985687256, 0.18984928727149963, 0.37429681420326233, 0.13361677527427673, 0.043483585119247437, 0.31227731704711914, 0.8086715340614319, 0.2740457355976105, 1.2350541353225708, 0.44568711519241333, 0.2502230405807495, 0.01953454129397869, 0.03736645355820656, 0.1456156075000763], "test_loss": 0.4714735185933168, "test_batch_lens": [4, 4, 4, 4, 4, 4, 4, 4, 4, 4, 4, 4, 4, 4, 4, 4, 4, 4, 4, 4, 4, 4, 4, 4, 4, 4, 4, 4, 4, 4, 4, 4, 4, 4, 4, 4, 4, 4, 4, 4, 4, 4, 4, 4, 4, 4, 4, 4, 4, 4, 4, 4, 4, 4, 4, 4, 4, 4, 4, 4, 4, 4, 4, 4, 4, 4, 4, 4, 4, 4, 4, 4, 4, 4, 4, 4, 4, 4, 4, 4, 4, 4, 4, 4, 4, 4, 4, 4, 4, 4, 4, 4, 4, 4, 4, 4, 4, 4, 4, 4, 4, 4, 4, 4, 4, 4, 4, 4, 4, 4, 4, 4, 4, 4, 4, 4, 4, 4, 4, 4, 4, 4, 4, 4, 4, 4, 4, 4, 4, 4, 4, 4, 4, 4, 4, 4, 4, 4, 4, 4, 4, 4, 4, 4, 4, 4, 4, 4, 4, 4, 4, 4, 4, 4, 4, 4, 4, 4, 4, 4, 4, 4, 3], "test_accuracy": 0.8509984639016898, "predictions": [7, 4, 1, 10, 7, 1, 8, 8, 0, 2, 4, 7, 1, 9, 8, 0, 9, 6, 4, 9, 8, 10, 1, 4, 6, 8, 4, 6, 6, 8, 2, 1, 1, 5, 6, 3, 10, 5, 5, 0, 10, 3, 2, 10, 7, 8, 2, 3, 8, 8, 8, 4, 3, 4, 6, 1, 1, 9, 1, 10, 10, 6, 9, 6, 5, 5, 8, 5, 8, 1, 3, 1, 5, 1, 1, 8, 6, 8, 9, 2, 3, 1, 3, 1, 5, 5, 1, 2, 8, 5, 9, 2, 10, 7, 0, 5, 1, 8, 2, 7, 5, 8, 10, 6, 10, 8, 3, 9, 10, 4, 7, 5, 0, 3, 7, 8, 0, 8, 0, 0, 9, 3, 7, 8, 5, 1, 7, 9, 6, 7, 4, 0, 10, 10, 7, 9, 4, 1, 9, 0, 10, 3, 3, 9, 4, 7, 4, 7, 2, 10, 2, 4, 10, 3, 1, 0, 10, 5, 4, 7, 4, 9, 0, 4, 2, 2, 10, 5, 8, 0, 5, 0, 10, 7, 6, 8, 0, 8, 1, 2, 6, 3, 5, 3, 4, 3, 4, 8, 3, 2, 0, 2, 0, 9, 9, 8, 1, 3, 5, 9, 2, 1, 6, 1, 4, 1, 5, 8, 3, 9, 5, 6, 2, 5, 4, 5, 2, 10, 8, 4, 7, 3, 0, 6, 7, 0, 5, 7, 1, 0, 1, 6, 1, 7, 7, 2, 10, 9, 3, 10, 9, 4, 3, 3, 1, 7, 8, 5, 2, 4, 10, 1, 1, 2, 3, 10, 6, 9, 5, 3, 3, 10, 7, 1, 5, 1, 2, 1, 1, 7, 3, 10, 3, 5, 4, 2, 7, 5, 9, 7, 5, 3, 5, 10, 2, 4, 2, 5, 5, 3, 8, 0, 6, 8, 0, 1, 2, 7, 3, 2, 4, 10, 8, 6, 6, 0, 2, 7, 10, 1, 7, 6, 9, 2, 5, 2, 0, 9, 4, 3, 2, 6, 7, 9, 1, 9, 8, 5, 2, 9, 4, 5, 3, 3, 4, 7, 1, 2, 7, 2, 5, 0, 7, 10, 5, 0, 8, 7, 3, 6, 9, 6, 9, 9, 5, 1, 8, 3, 7, 7, 4, 4, 6, 10, 8, 9, 8, 5, 2, 9, 4, 0, 5, 0, 8, 10, 5, 0, 3, 7, 3, 1, 8, 2, 10, 4, 4, 5, 3, 7, 1, 5, 9, 5, 0, 0, 5, 6, 9, 9, 7, 7, 8, 2, 1, 10, 10, 5, 5, 7, 3, 3, 5, 10, 4, 5, 2, 3, 0, 1, 0, 5, 4, 1, 2, 0, 1, 7, 8, 4, 8, 3, 8, 0, 3, 2, 2, 3, 7, 10, 10, 4, 10, 6, 6, 5, 0, 5, 8, 2, 1, 9, 9, 5, 9, 9, 1, 0, 5, 7, 9, 10, 1, 8, 0, 6, 3, 4, 2, 4, 10, 1, 1, 2, 8, 2, 4, 2, 2, 8, 9, 9, 0, 7, 6, 9, 5, 0, 2, 8, 6, 4, 3, 7, 2, 4, 10, 0, 0, 3, 1, 6, 3, 4, 8, 3, 3, 5, 0, 7, 7, 10, 4, 10, 2, 5, 5, 7, 5, 1, 9, 5, 0, 4, 5, 4, 9, 5, 9, 7, 7, 2, 0, 2, 5, 3, 2, 8, 1, 8, 9, 1, 6, 8, 2, 0, 9, 7, 6, 1, 6, 9, 0, 10, 8, 8, 3, 3, 7, 3, 2, 7, 9, 6, 8, 8, 9, 0, 8, 2, 8, 8, 2, 10, 8, 7, 9, 6, 8, 6, 6, 5, 7, 9, 7, 9, 4, 9, 3, 3, 7, 5, 1, 7, 8, 2, 0, 7, 8, 0, 7, 4, 5, 5, 4, 6, 6, 6, 1, 5, 3, 0, 1, 4, 7, 1, 9, 5, 6, 6, 10, 7, 3, 0, 3, 4, 1, 4, 1, 3, 7, 8, 9, 9, 4, 1, 2, 3, 7, 8, 6, 8, 1, 7, 4, 0, 2, 0, 8, 6, 7],