{"val_acc": [0.16129032258064516, 0.17050691244239632, 0.21351766513056836, 0.23809523809523808, 0.2534562211981567, 0.25960061443932414, 0.31490015360983103, 0.31797235023041476, 0.3087557603686636, 0.2964669738863287], "val_loss": [2.2586147258618126, 2.16924432596546, 2.0981026683116983, 2.0943712003391943, 2.1213878341979044, 2.0204950600313993, 1.8992481853332988, 1.9141965321967938, 1.9617084688935542, 1.9436454048917338], "train_loss": [2.302143364340303, 2.1960709157428586, 2.135345585149306, 2.103099703422671, 2.0745725376127764, 2.041225795437952, 2.0095067116330587, 1.9301315118798497, 1.9720293830183648, 1.961020996459027], "test_correct_in_batch": [1.0, 1.0, 1.0, 1.0, 3.0, 1.0, 0.0, 0.0, 1.0, 2.0, 3.0, 2.0, 1.0, 0.0, 1.0, 0.0, 0.0, 0.0, 0.0, 0.0, 0.0, 0.0, 1.0, 2.0, 1.0, 1.0, 1.0, 2.0, 1.0, 3.0, 0.0, 0.0, 2.0, 2.0, 0.0, 0.0, 2.0, 2.0, 1.0, 2.0, 0.0, 1.0, 1.0, 1.0, 1.0, 0.0, 1.0, 2.0, 0.0, 1.0, 0.0, 0.0, 0.0, 0.0, 2.0, 2.0, 2.0, 0.0, 3.0, 1.0, 1.0, 0.0, 2.0, 0.0, 0.0, 1.0, 0.0, 0.0, 0.0, 2.0, 1.0, 1.0, 2.0, 1.0, 0.0, 1.0, 1.0, 2.0, 2.0, 0.0, 0.0, 0.0, 1.0, 1.0, 2.0, 1.0, 2.0, 0.0, 0.0, 1.0, 1.0, 0.0, 2.0, 1.0, 2.0, 0.0, 3.0, 0.0, 2.0, 1.0, 1.0, 2.0, 1.0, 2.0, 0.0, 1.0, 1.0, 0.0, 1.0, 1.0, 2.0, 0.0, 1.0, 1.0, 1.0, 2.0, 0.0, 3.0, 1.0, 2.0, 1.0, 1.0, 0.0, 1.0, 1.0, 1.0, 0.0, 2.0, 1.0, 0.0, 1.0, 3.0, 1.0, 2.0, 1.0, 0.0, 3.0, 1.0, 2.0, 2.0, 1.0, 1.0, 1.0, 2.0, 1.0, 1.0, 1.0, 1.0, 1.0, 1.0, 0.0, 0.0, 0.0, 0.0, 0.0, 2.0, 1.0, 1.0, 2.0, 0.0, 1.0, 2.0, 1.0], "test_losses": [2.493701457977295, 2.2009167671203613, 2.0528459548950195, 2.283679485321045, 1.689277172088623, 1.6566814184188843, 2.324954032897949, 2.062002658843994, 1.9625244140625, 1.325429081916809, 0.9315601587295532, 1.4664126634597778, 2.0175843238830566, 2.2934060096740723, 1.7600373029708862, 2.6076772212982178, 2.4409773349761963, 2.066948652267456, 2.1332578659057617, 2.423520565032959, 2.204920530319214, 2.1658825874328613, 2.551567554473877, 1.1449718475341797, 1.46441650390625, 1.3490748405456543, 2.317633628845215, 2.293264389038086, 2.145886182785034, 2.039127826690674, 2.82149076461792, 2.2028849124908447, 1.8660128116607666, 1.6111814975738525, 2.129215955734253, 2.1211390495300293, 2.0164198875427246, 1.2974228858947754, 3.5641727447509766, 1.2817364931106567, 2.9034836292266846, 1.5759682655334473, 2.2773919105529785, 1.9903483390808105, 1.8427045345306396, 1.7721420526504517, 1.820875644683838, 1.5726464986801147, 2.3066823482513428, 2.0702834129333496, 1.8653432130813599, 3.0247859954833984, 2.2533135414123535, 2.0909180641174316, 1.8796360492706299, 1.9506516456604004, 1.4334142208099365, 1.9220783710479736, 1.082125186920166, 1.8793189525604248, 2.4344773292541504, 2.2914209365844727, 1.5336564779281616, 1.634763240814209, 2.0819039344787598, 2.3425040245056152, 2.1313045024871826, 2.080965757369995, 2.3787145614624023, 1.5112249851226807, 1.9144631624221802, 2.480707883834839, 2.060859441757202, 2.397362232208252, 1.7848711013793945, 2.080423593521118, 1.8249664306640625, 1.3382079601287842, 2.168823719024658, 2.3234128952026367, 2.200606107711792, 2.3339123725891113, 1.9299999475479126, 1.5124773979187012, 2.0000216960906982, 1.6429039239883423, 1.5192369222640991, 2.315460443496704, 2.0994274616241455, 1.808104395866394, 2.31266188621521, 2.5092034339904785, 1.9207662343978882, 1.874160885810852, 1.6512105464935303, 1.73685622215271, 2.0401268005371094, 2.653520107269287, 2.102602958679199, 1.9975440502166748, 1.7891361713409424, 1.507811427116394, 1.5358014106750488, 1.680996060371399, 1.7113064527511597, 2.4143857955932617, 1.705987811088562, 2.4300904273986816, 1.8011775016784668, 1.9113988876342773, 1.8792248964309692, 1.8737304210662842, 1.8840796947479248, 2.2365317344665527, 1.5366156101226807, 1.7872157096862793, 1.9360568523406982, 1.2649040222167969, 2.2308926582336426, 1.7588175535202026, 2.1186678409576416, 1.7575607299804688, 2.3548202514648438, 2.4882216453552246, 2.0711169242858887, 2.3659329414367676, 2.1059725284576416, 1.4862053394317627, 2.183544397354126, 1.9939473867416382, 2.110476016998291, 1.8636173009872437, 1.4545657634735107, 1.6981569528579712, 1.9482340812683105, 2.2534360885620117, 1.6744730472564697, 2.2904090881347656, 1.5107325315475464, 1.5104007720947266, 2.105137825012207, 2.797250270843506, 2.7231061458587646, 1.4367926120758057, 2.4077610969543457, 2.6568174362182617, 2.033057689666748, 2.3493876457214355, 1.6516759395599365, 1.7868043184280396, 2.566957473754883, 2.052095890045166, 2.246782064437866, 2.1624326705932617, 2.4406638145446777, 1.8269879817962646, 2.2085938453674316, 2.34806227684021, 2.0165631771087646, 2.520948886871338, 1.7625868320465088, 1.5975106954574585, 1.5085859298706055], "test_loss": 2.003527500146737, "test_batch_lens": [4, 4, 4, 4, 4, 4, 4, 4, 4, 4, 4, 4, 4, 4, 4, 4, 4, 4, 4, 4, 4, 4, 4, 4, 4, 4, 4, 4, 4, 4, 4, 4, 4, 4, 4, 4, 4, 4, 4, 4, 4, 4, 4, 4, 4, 4, 4, 4, 4, 4, 4, 4, 4, 4, 4, 4, 4, 4, 4, 4, 4, 4, 4, 4, 4, 4, 4, 4, 4, 4, 4, 4, 4, 4, 4, 4, 4, 4, 4, 4, 4, 4, 4, 4, 4, 4, 4, 4, 4, 4, 4, 4, 4, 4, 4, 4, 4, 4, 4, 4, 4, 4, 4, 4, 4, 4, 4, 4, 4, 4, 4, 4, 4, 4, 4, 4, 4, 4, 4, 4, 4, 4, 4, 4, 4, 4, 4, 4, 4, 4, 4, 4, 4, 4, 4, 4, 4, 4, 4, 4, 4, 4, 4, 4, 4, 4, 4, 4, 4, 4, 4, 4, 4, 4, 4, 4, 4, 4, 4, 4, 4, 4, 3], "test_accuracy": 0.2519201228878648, "predictions": [0, 4, 0, 4, 7, 7, 10, 7, 4, 9, 9, 7, 9, 9, 9, 7, 9, 4, 4, 9, 0, 10, 0, 9, 9, 10, 7, 9, 4, 2, 4, 9, 9, 9, 4, 5, 10, 0, 0, 0, 10, 0, 2, 10, 7, 7, 4, 0, 0, 0, 7, 4, 0, 9, 9, 0, 5, 0, 9, 10, 2, 4, 7, 9, 7, 7, 7, 9, 9, 0, 0, 0, 0, 4, 0, 0, 4, 4, 2, 4, 9, 9, 4, 0, 7, 0, 0, 9, 9, 0, 9, 4, 10, 7, 0, 0, 0, 0, 4, 7, 0, 0, 10, 4, 2, 5, 0, 9, 2, 4, 7, 10, 4, 0, 7, 0, 0, 10, 0, 0, 0, 0, 0, 0, 0, 9, 10, 0, 9, 7, 4, 7, 10, 10, 0, 0, 9, 9, 4, 7, 2, 9, 9, 5, 0, 7, 9, 7, 4, 10, 4, 4, 9, 9, 2, 0, 10, 4, 2, 7, 4, 0, 9, 9, 10, 0, 10, 0, 7, 0, 4, 5, 2, 7, 4, 9, 0, 0, 9, 4, 4, 0, 0, 0, 0, 0, 4, 7, 4, 2, 0, 4, 9, 4, 0, 9, 0, 9, 4, 9, 4, 0, 4, 0, 0, 0, 0, 9, 0, 7, 0, 9, 0, 0, 2, 0, 7, 10, 9, 4, 7, 4, 0, 9, 7, 9, 9, 7, 9, 9, 5, 4, 9, 7, 7, 2, 2, 7, 0, 10, 9, 0, 7, 0, 0, 5, 0, 0, 2, 0, 10, 0, 0, 4, 0, 2, 9, 4, 0, 0, 0, 0, 7, 0, 9, 0, 0, 0, 0, 0, 9, 2, 0, 0, 0, 4, 7, 0, 0, 7, 9, 0, 9, 10, 0, 4, 9, 0, 5, 9, 0, 0, 9, 7, 0, 5, 4, 0, 0, 4, 9, 10, 0, 10, 4, 0, 4, 0, 10, 0, 7, 4, 7, 2, 5, 0, 9, 0, 0, 0, 4, 9, 0, 7, 9, 2, 7, 9, 4, 4, 4, 4, 0, 0, 2, 7, 9, 0, 7, 2, 0, 5, 9, 10, 0, 0, 9, 7, 0, 9, 7, 4, 9, 0, 9, 5, 9, 0, 0, 7, 7, 10, 9, 10, 4, 4, 4, 9, 0, 0, 4, 0, 9, 0, 0, 2, 0, 0, 9, 7, 0, 0, 0, 4, 0, 4, 4, 9, 9, 0, 0, 4, 7, 4, 0, 9, 0, 4, 0, 9, 7, 0, 8, 0, 7, 10, 10, 0, 0, 7, 0, 0, 8, 10, 9, 0, 4, 9, 0, 0, 0, 7, 9, 9, 10, 0, 0, 7, 7, 0, 0, 9, 0, 0, 0, 4, 10, 9, 9, 10, 10, 0, 10, 0, 4, 0, 5, 4, 7, 2, 0, 0, 9, 0, 0, 0, 0, 0, 0, 7, 9, 10, 9, 10, 0, 9, 0, 7, 2, 4, 10, 0, 0, 9, 4, 2, 4, 9, 2, 0, 0, 0, 0, 0, 4, 9, 4, 7, 0, 5, 4, 7, 0, 4, 9, 4, 4, 0, 0, 9, 9, 10, 0, 0, 9, 9, 4, 0, 5, 7, 7, 10, 9, 10, 0, 9, 0, 0, 0, 9, 9, 0, 7, 4, 0, 4, 9, 5, 4, 7, 0, 4, 0, 4, 4, 0, 4, 9, 0, 9, 0, 0, 9, 4, 4, 0, 9, 7, 4, 0, 9, 9, 0, 10, 7, 9, 4, 9, 7, 0, 9, 7, 0, 10, 4, 0, 0, 0, 0, 2, 0, 9, 10, 10, 4, 7, 9, 0, 2, 2, 4, 10, 10, 9, 7, 9, 10, 7, 7, 5, 7, 0, 0, 7, 0, 9, 9, 7, 0, 9, 5, 0, 0, 9, 2, 4, 4, 9, 0, 0, 7, 7, 5, 10, 0, 9, 0, 0, 4, 0, 2, 7, 9, 0, 0, 0, 7, 4, 7, 2, 7, 0, 4, 4, 4, 0, 4, 9, 0, 0, 9, 7, 0, 7, 4, 9, 4, 0, 7, 4, 7],