{"val_acc": [0.08602150537634409, 0.0967741935483871, 0.0967741935483871, 0.08602150537634409, 0.38402457757296465, 0.7219662058371735, 0.8556067588325653, 0.9032258064516129, 0.9047619047619048, 0.9124423963133641], "val_loss": [2.3976554885232377, 2.4005429349793976, 2.3949977532486244, 2.395003441652637, 1.6812306382904756, 0.758518923388257, 0.4244121987904005, 0.29467113141936074, 0.31628487616805273, 0.285938329951112], "train_loss": [2.4099894946431117, 2.4050514845619184, 2.4022589420412936, 2.4015701182809193, 2.1681192509380818, 1.2598132992743438, 0.5872470732730876, 0.40033354738161825, 0.3087165848209149, 0.256745971243431], "test_correct_in_batch": [4.0, 3.0, 3.0, 3.0, 4.0, 4.0, 3.0, 2.0, 3.0, 4.0, 4.0, 4.0, 3.0, 4.0, 4.0, 3.0, 3.0, 3.0, 3.0, 4.0, 3.0, 3.0, 3.0, 4.0, 4.0, 4.0, 4.0, 3.0, 4.0, 4.0, 2.0, 4.0, 4.0, 4.0, 4.0, 4.0, 3.0, 3.0, 4.0, 4.0, 4.0, 4.0, 3.0, 4.0, 4.0, 4.0, 4.0, 4.0, 4.0, 4.0, 3.0, 1.0, 4.0, 4.0, 3.0, 4.0, 4.0, 4.0, 4.0, 3.0, 3.0, 4.0, 4.0, 4.0, 3.0, 4.0, 4.0, 2.0, 3.0, 3.0, 2.0, 4.0, 3.0, 4.0, 4.0, 4.0, 4.0, 4.0, 4.0, 4.0, 3.0, 3.0, 4.0, 3.0, 4.0, 3.0, 4.0, 4.0, 4.0, 3.0, 4.0, 4.0, 2.0, 4.0, 4.0, 4.0, 4.0, 2.0, 4.0, 4.0, 3.0, 4.0, 4.0, 3.0, 4.0, 3.0, 4.0, 4.0, 4.0, 4.0, 4.0, 4.0, 4.0, 4.0, 3.0, 4.0, 3.0, 4.0, 4.0, 2.0, 4.0, 3.0, 3.0, 3.0, 3.0, 4.0, 4.0, 4.0, 4.0, 4.0, 4.0, 4.0, 4.0, 3.0, 4.0, 4.0, 4.0, 3.0, 4.0, 3.0, 4.0, 3.0, 3.0, 4.0, 4.0, 3.0, 4.0, 4.0, 4.0, 4.0, 4.0, 3.0, 4.0, 4.0, 3.0, 3.0, 4.0, 4.0, 4.0, 4.0, 4.0, 4.0, 3.0], "test_losses": [0.20935633778572083, 0.4231641888618469, 0.7376958727836609, 0.39673346281051636, 0.00561985420063138, 0.10783053189516068, 0.5132612586021423, 1.6920369863510132, 1.0808147192001343, 0.001132671837694943, 0.03255268186330795, 0.0210257675498724, 0.5350422263145447, 0.007190512493252754, 0.039602115750312805, 1.332201361656189, 0.6965184211730957, 0.4337039291858673, 1.4355970621109009, 0.07399597764015198, 0.7457683086395264, 0.36379554867744446, 0.9117753505706787, 0.12459767609834671, 0.027640219777822495, 0.017911452800035477, 0.01701018400490284, 0.5451661944389343, 0.15196189284324646, 0.004533485043793917, 1.3419476747512817, 0.059817638248205185, 0.0029770415276288986, 0.0003603599907364696, 0.007133576553314924, 0.04300835356116295, 0.360350638628006, 0.5741226673126221, 0.16240599751472473, 0.05956153944134712, 0.04401974752545357, 0.03462957963347435, 0.5798330307006836, 0.011316067539155483, 0.02965669520199299, 0.022237753495573997, 0.10825838893651962, 0.012148156762123108, 0.03258983790874481, 0.2326589971780777, 0.8874285221099854, 2.660810947418213, 0.0973564088344574, 0.13061757385730743, 0.37321391701698303, 0.015021413564682007, 0.02320711314678192, 0.008678190410137177, 0.04015948623418808, 0.3054901957511902, 0.5803149938583374, 0.004518118686974049, 0.3416619896888733, 0.03208690881729126, 0.46887192130088806, 0.10067300498485565, 0.0019257240928709507, 1.0612022876739502, 0.9147963523864746, 0.6838988661766052, 1.638522982597351, 0.03145395591855049, 0.929793655872345, 0.11518168449401855, 0.011229357682168484, 0.06049742549657822, 0.04267941787838936, 0.002238222397863865, 0.15437136590480804, 0.028124187141656876, 0.7150245308876038, 0.33765891194343567, 0.06990022212266922, 0.28578996658325195, 0.05475930869579315, 0.651970624923706, 0.0012284741969779134, 0.035114727914333344, 0.1039043515920639, 0.38410142064094543, 0.029465870931744576, 0.009337218478322029, 0.45062801241874695, 0.035682305693626404, 0.07829809933900833, 0.013252992182970047, 0.2032511830329895, 1.5413575172424316, 0.20021940767765045, 0.03880995884537697, 0.5319367051124573, 0.008780388161540031, 0.033782679587602615, 0.9027333855628967, 0.07505913078784943, 1.375230073928833, 0.017470328137278557, 0.04814702644944191, 0.008113989606499672, 0.0005420356756076217, 0.031095854938030243, 0.19933296740055084, 0.013628855347633362, 0.02622564509510994, 0.28598639369010925, 0.0035304410848766565, 0.5860080122947693, 0.008071000687777996, 0.06788251549005508, 0.9902266263961792, 0.05782115459442139, 0.7082386612892151, 0.4897477328777313, 0.865990936756134, 0.6421007513999939, 0.21748051047325134, 0.20278707146644592, 0.0181423332542181, 0.20577314496040344, 0.12048551440238953, 0.12349216639995575, 0.10145324468612671, 0.004198708105832338, 0.7269212603569031, 0.11453953385353088, 0.014270685613155365, 0.0024770651943981647, 0.6243988871574402, 0.10178951919078827, 0.7517041563987732, 0.01579027809202671, 0.7346727252006531, 0.5186894536018372, 0.04951665550470352, 0.0035787324886769056, 0.6116861701011658, 0.15213248133659363, 0.12107595801353455, 0.09802282601594925, 0.0012750207679346204, 0.03706253692507744, 0.294793039560318, 0.16661134362220764, 0.0681857094168663, 1.2312763929367065, 0.2710801064968109, 0.01686478964984417, 0.07661046087741852, 0.09456554055213928, 0.04247035086154938, 0.0014701910549774766, 0.08362999558448792, 0.03195890411734581], "test_loss": 0.3031942825076996, "test_batch_lens": [4, 4, 4, 4, 4, 4, 4, 4, 4, 4, 4, 4, 4, 4, 4, 4, 4, 4, 4, 4, 4, 4, 4, 4, 4, 4, 4, 4, 4, 4, 4, 4, 4, 4, 4, 4, 4, 4, 4, 4, 4, 4, 4, 4, 4, 4, 4, 4, 4, 4, 4, 4, 4, 4, 4, 4, 4, 4, 4, 4, 4, 4, 4, 4, 4, 4, 4, 4, 4, 4, 4, 4, 4, 4, 4, 4, 4, 4, 4, 4, 4, 4, 4, 4, 4, 4, 4, 4, 4, 4, 4, 4, 4, 4, 4, 4, 4, 4, 4, 4, 4, 4, 4, 4, 4, 4, 4, 4, 4, 4, 4, 4, 4, 4, 4, 4, 4, 4, 4, 4, 4, 4, 4, 4, 4, 4, 4, 4, 4, 4, 4, 4, 4, 4, 4, 4, 4, 4, 4, 4, 4, 4, 4, 4, 4, 4, 4, 4, 4, 4, 4, 4, 4, 4, 4, 4, 4, 4, 4, 4, 4, 4, 3], "test_accuracy": 0.9001536098310292, "predictions": [7, 4, 1, 10, 7, 0, 8, 8, 0, 0, 4, 7, 1, 9, 8, 0, 9, 6, 4, 9, 8, 10, 1, 4, 6, 1, 8, 6, 6, 8, 8, 0, 1, 0, 6, 3, 10, 5, 5, 0, 10, 3, 2, 10, 7, 8, 4, 3, 8, 8, 9, 4, 3, 4, 6, 1, 1, 9, 1, 10, 10, 6, 9, 6, 5, 10, 8, 5, 8, 0, 3, 1, 6, 3, 1, 8, 6, 8, 9, 2, 3, 1, 1, 1, 5, 5, 1, 0, 0, 8, 9, 10, 10, 7, 1, 5, 1, 8, 2, 7, 5, 1, 10, 6, 10, 8, 3, 9, 10, 4, 7, 4, 0, 3, 7, 6, 0, 8, 0, 0, 9, 0, 7, 6, 5, 1, 7, 9, 6, 7, 4, 0, 10, 10, 7, 9, 4, 1, 9, 0, 10, 3, 3, 9, 4, 7, 9, 7, 2, 10, 8, 4, 10, 10, 1, 0, 10, 5, 4, 7, 8, 9, 10, 4, 2, 3, 10, 5, 8, 0, 4, 0, 10, 7, 6, 8, 0, 8, 1, 2, 6, 3, 5, 3, 9, 3, 4, 8, 3, 2, 0, 2, 0, 9, 9, 8, 1, 3, 5, 9, 7, 1, 6, 1, 4, 5, 9, 6, 3, 9, 5, 6, 2, 5, 4, 5, 10, 10, 8, 4, 7, 3, 0, 6, 7, 0, 5, 7, 1, 0, 1, 6, 3, 7, 7, 2, 10, 9, 3, 10, 9, 9, 3, 3, 1, 7, 8, 5, 2, 4, 10, 1, 1, 2, 3, 10, 6, 9, 5, 1, 3, 10, 7, 1, 5, 1, 8, 1, 0, 7, 0, 10, 3, 5, 3, 2, 7, 1, 9, 7, 0, 8, 0, 10, 2, 4, 2, 5, 5, 3, 5, 0, 8, 6, 0, 1, 2, 7, 3, 2, 4, 10, 8, 6, 6, 0, 2, 7, 10, 1, 7, 6, 9, 2, 5, 2, 0, 9, 4, 3, 9, 6, 7, 9, 8, 8, 8, 5, 2, 9, 4, 1, 1, 8, 8, 7, 1, 2, 7, 2, 5, 0, 9, 10, 5, 0, 5, 7, 3, 6, 4, 6, 4, 9, 5, 1, 5, 3, 7, 7, 4, 4, 6, 10, 8, 9, 8, 5, 8, 9, 4, 0, 5, 0, 9, 10, 5, 0, 3, 7, 3, 1, 8, 2, 2, 4, 4, 9, 3, 7, 5, 0, 9, 4, 0, 0, 5, 6, 9, 9, 7, 7, 1, 9, 1, 10, 10, 5, 5, 7, 3, 3, 5, 10, 4, 7, 2, 3, 1, 1, 0, 5, 4, 0, 2, 0, 1, 8, 8, 4, 8, 3, 8, 0, 3, 2, 2, 3, 7, 10, 10, 4, 10, 6, 6, 5, 0, 9, 8, 2, 1, 9, 9, 5, 9, 9, 0, 3, 5, 7, 9, 10, 1, 8, 1, 6, 0, 8, 2, 4, 10, 1, 1, 2, 8, 2, 4, 0, 2, 0, 9, 9, 0, 7, 6, 9, 10, 0, 2, 10, 6, 9, 0, 7, 2, 4, 2, 0, 1, 3, 9, 6, 3, 4, 6, 3, 3, 5, 0, 1, 7, 10, 4, 10, 2, 5, 5, 7, 5, 1, 4, 5, 0, 4, 5, 4, 9, 5, 9, 7, 7, 2, 0, 2, 5, 3, 2, 9, 1, 8, 9, 1, 8, 8, 2, 0, 9, 7, 6, 7, 6, 9, 0, 10, 8, 8, 9, 1, 7, 3, 2, 7, 9, 6, 8, 8, 9, 0, 8, 2, 9, 5, 2, 10, 8, 7, 9, 6, 8, 6, 6, 0, 7, 9, 7, 8, 4, 9, 3, 3, 7, 4, 1, 7, 5, 4, 0, 7, 8, 0, 7, 4, 5, 5, 4, 6, 6, 6, 1, 5, 3, 0, 1, 4, 7, 1, 9, 8, 6, 6, 10, 7, 8, 0, 3, 9, 1, 4, 3, 10, 7, 8, 9, 9, 4, 0, 2, 3, 7, 8, 6, 8, 1, 7, 4, 0, 2, 0, 8, 6, 7],