{"val_acc": [0.2672811059907834, 0.3794162826420891, 0.5161290322580645, 0.5560675883256528, 0.5929339477726574, 0.5990783410138248, 0.6159754224270353, 0.5990783410138248, 0.6666666666666666, 0.6651305683563749], "val_loss": [2.029592527933647, 1.758567862715458, 1.4713361888575407, 1.3286931660551966, 1.282226266030885, 1.1837921431459533, 1.1701320942285602, 1.1067972203796625, 1.035928982624247, 1.0214762290699717], "train_loss": [2.1701232854434047, 1.8244320071049918, 1.5683991528754861, 1.3955056126122138, 1.3023810385104255, 1.2297573029568667, 1.1401120640454279, 1.0767731852781286, 1.0507574067807062, 1.0026698638911593], "test_correct_in_batch": [4.0, 3.0, 2.0, 1.0, 4.0, 3.0, 2.0, 3.0, 2.0, 4.0, 3.0, 4.0, 2.0, 2.0, 3.0, 2.0, 2.0, 3.0, 0.0, 1.0, 1.0, 3.0, 2.0, 4.0, 2.0, 3.0, 2.0, 3.0, 2.0, 3.0, 1.0, 2.0, 3.0, 2.0, 2.0, 3.0, 3.0, 3.0, 2.0, 4.0, 2.0, 3.0, 3.0, 2.0, 2.0, 4.0, 2.0, 1.0, 2.0, 2.0, 3.0, 1.0, 1.0, 2.0, 3.0, 4.0, 3.0, 4.0, 3.0, 2.0, 4.0, 4.0, 4.0, 4.0, 3.0, 1.0, 2.0, 2.0, 2.0, 3.0, 1.0, 3.0, 1.0, 3.0, 3.0, 2.0, 3.0, 3.0, 3.0, 2.0, 2.0, 2.0, 4.0, 2.0, 1.0, 3.0, 2.0, 3.0, 3.0, 1.0, 2.0, 2.0, 1.0, 3.0, 3.0, 2.0, 3.0, 2.0, 3.0, 2.0, 2.0, 4.0, 2.0, 3.0, 2.0, 3.0, 1.0, 1.0, 2.0, 3.0, 3.0, 3.0, 3.0, 3.0, 2.0, 3.0, 1.0, 3.0, 4.0, 2.0, 3.0, 2.0, 3.0, 1.0, 2.0, 4.0, 2.0, 1.0, 2.0, 3.0, 3.0, 3.0, 3.0, 1.0, 3.0, 1.0, 3.0, 4.0, 3.0, 2.0, 2.0, 0.0, 1.0, 3.0, 2.0, 1.0, 2.0, 2.0, 3.0, 1.0, 2.0, 3.0, 3.0, 4.0, 3.0, 2.0, 4.0, 3.0, 1.0, 3.0, 4.0, 3.0, 2.0], "test_losses": [0.09907659143209457, 1.3616673946380615, 0.9932004809379578, 2.0120184421539307, 0.3591461479663849, 1.1598658561706543, 1.427990198135376, 1.088731288909912, 1.6268832683563232, 0.14523735642433167, 0.5085335373878479, 0.2188878357410431, 1.7549394369125366, 0.7844570279121399, 0.6285290718078613, 1.6425366401672363, 1.3760939836502075, 1.3967498540878296, 1.1948826313018799, 1.8232605457305908, 2.208043098449707, 0.7129071950912476, 1.8663723468780518, 0.14308741688728333, 0.8634361028671265, 0.48386454582214355, 1.2836830615997314, 0.8142942190170288, 1.6743162870407104, 0.749563455581665, 1.8675936460494995, 0.9255198240280151, 0.5810891389846802, 0.9895736575126648, 0.8550853133201599, 0.6456027626991272, 0.8153199553489685, 1.1801769733428955, 0.8310295939445496, 0.0454174168407917, 1.8435087203979492, 1.363380789756775, 0.7693144083023071, 0.9874409437179565, 1.6647523641586304, 0.45055052638053894, 0.9405320882797241, 1.370524525642395, 1.5600019693374634, 1.5772340297698975, 0.8899579644203186, 3.4224495887756348, 2.0269970893859863, 2.236008644104004, 1.2066575288772583, 0.40116333961486816, 1.0590070486068726, 0.30524665117263794, 0.6702457666397095, 0.7284938097000122, 0.2748962342739105, 0.5793071985244751, 0.3229602575302124, 0.1862337589263916, 1.3659390211105347, 1.483860969543457, 0.6574832797050476, 1.7663062810897827, 0.9757614731788635, 0.8582956790924072, 2.425792932510376, 1.0787590742111206, 1.674511194229126, 1.3259539604187012, 0.5037261247634888, 1.7291059494018555, 0.7636343240737915, 0.7962597608566284, 0.7423123121261597, 1.4804075956344604, 1.4314746856689453, 1.9201853275299072, 0.41476234793663025, 1.5926240682601929, 1.2822856903076172, 1.2871754169464111, 1.1297526359558105, 1.1863549947738647, 0.7561242580413818, 1.91488778591156, 2.202773332595825, 0.8276342153549194, 2.1221446990966797, 0.7641061544418335, 0.7473248839378357, 2.218508243560791, 1.536928415298462, 1.7991657257080078, 0.7513163089752197, 0.9101851582527161, 1.002288818359375, 0.4696885347366333, 1.5002723932266235, 0.8374234437942505, 1.0229507684707642, 1.0938221216201782, 1.8954161405563354, 2.0390331745147705, 0.8938700556755066, 1.1125853061676025, 1.1632901430130005, 1.2953237295150757, 0.8836992979049683, 0.8809581398963928, 0.8932526111602783, 0.489784836769104, 2.035071849822998, 0.3762627840042114, 0.5131320357322693, 1.0100263357162476, 0.8098310232162476, 1.5373769998550415, 0.6881165504455566, 1.7507362365722656, 2.1951169967651367, 0.5770702958106995, 1.500199556350708, 1.9201000928878784, 1.5196717977523804, 0.8813673853874207, 1.2023322582244873, 0.6927339434623718, 0.9476755857467651, 2.6989150047302246, 0.832974910736084, 2.1015748977661133, 0.7972008585929871, 0.30184078216552734, 0.7495735883712769, 1.7366201877593994, 0.8554006814956665, 2.862271308898926, 1.9418522119522095, 1.2157928943634033, 0.8370499014854431, 1.2047340869903564, 1.747970700263977, 1.3884351253509521, 1.5731359720230103, 1.782269835472107, 1.8984827995300293, 0.6034111976623535, 0.743321418762207, 0.3713819086551666, 1.1574820280075073, 1.3411141633987427, 0.5456106662750244, 1.103197455406189, 2.633432626724243, 0.8704929351806641, 0.09872816503047943, 0.8983595967292786, 0.909526526927948], "test_loss": 1.164613428268513, "test_batch_lens": [4, 4, 4, 4, 4, 4, 4, 4, 4, 4, 4, 4, 4, 4, 4, 4, 4, 4, 4, 4, 4, 4, 4, 4, 4, 4, 4, 4, 4, 4, 4, 4, 4, 4, 4, 4, 4, 4, 4, 4, 4, 4, 4, 4, 4, 4, 4, 4, 4, 4, 4, 4, 4, 4, 4, 4, 4, 4, 4, 4, 4, 4, 4, 4, 4, 4, 4, 4, 4, 4, 4, 4, 4, 4, 4, 4, 4, 4, 4, 4, 4, 4, 4, 4, 4, 4, 4, 4, 4, 4, 4, 4, 4, 4, 4, 4, 4, 4, 4, 4, 4, 4, 4, 4, 4, 4, 4, 4, 4, 4, 4, 4, 4, 4, 4, 4, 4, 4, 4, 4, 4, 4, 4, 4, 4, 4, 4, 4, 4, 4, 4, 4, 4, 4, 4, 4, 4, 4, 4, 4, 4, 4, 4, 4, 4, 4, 4, 4, 4, 4, 4, 4, 4, 4, 4, 4, 4, 4, 4, 4, 4, 4, 3], "test_accuracy": 0.6159754224270353, "predictions": [7, 4, 1, 10, 7, 1, 8, 5, 3, 0, 4, 7, 3, 9, 8, 8, 9, 6, 4, 9, 8, 10, 1, 3, 6, 10, 5, 6, 6, 6, 2, 1, 1, 8, 6, 9, 10, 5, 5, 0, 10, 3, 4, 10, 7, 8, 4, 3, 9, 8, 2, 4, 1, 9, 6, 1, 9, 9, 1, 10, 10, 6, 8, 8, 5, 2, 8, 8, 5, 1, 3, 1, 9, 1, 5, 5, 6, 2, 4, 9, 1, 1, 1, 7, 5, 5, 1, 3, 0, 5, 9, 2, 10, 7, 1, 5, 0, 5, 2, 7, 5, 0, 10, 6, 2, 8, 1, 9, 10, 4, 7, 9, 0, 1, 7, 1, 0, 6, 0, 0, 4, 0, 9, 3, 5, 0, 7, 2, 6, 7, 4, 5, 10, 10, 9, 3, 4, 3, 9, 1, 10, 1, 3, 9, 9, 7, 4, 7, 2, 10, 0, 4, 2, 10, 3, 0, 10, 5, 4, 7, 9, 9, 6, 4, 2, 9, 10, 5, 8, 0, 7, 0, 2, 7, 6, 6, 5, 1, 1, 2, 6, 3, 5, 3, 9, 1, 2, 8, 1, 2, 5, 6, 0, 6, 9, 5, 1, 5, 0, 9, 9, 1, 6, 1, 4, 9, 0, 9, 9, 1, 9, 6, 9, 5, 10, 5, 6, 10, 8, 4, 7, 3, 0, 6, 7, 8, 5, 7, 1, 0, 1, 6, 1, 7, 7, 2, 10, 9, 1, 10, 9, 4, 3, 3, 1, 7, 8, 5, 2, 4, 10, 1, 1, 2, 3, 10, 9, 9, 5, 3, 8, 9, 7, 3, 5, 1, 9, 3, 9, 7, 9, 10, 6, 5, 6, 2, 7, 9, 9, 7, 9, 1, 5, 10, 9, 4, 2, 5, 5, 8, 5, 5, 9, 6, 0, 1, 2, 9, 3, 2, 4, 10, 0, 10, 6, 0, 2, 8, 10, 8, 7, 6, 4, 2, 5, 2, 3, 9, 9, 3, 2, 6, 9, 7, 1, 2, 8, 6, 2, 9, 4, 1, 3, 1, 4, 7, 1, 6, 9, 9, 5, 0, 0, 10, 9, 1, 5, 7, 3, 6, 7, 6, 0, 9, 5, 1, 1, 1, 9, 7, 9, 6, 6, 10, 2, 9, 10, 5, 1, 9, 4, 9, 5, 1, 9, 10, 9, 0, 3, 7, 3, 9, 8, 4, 2, 3, 4, 9, 3, 7, 5, 4, 9, 5, 0, 0, 9, 6, 4, 9, 8, 7, 8, 9, 1, 10, 10, 5, 4, 9, 3, 3, 5, 10, 4, 7, 2, 1, 3, 1, 0, 5, 5, 1, 6, 0, 3, 7, 7, 7, 9, 3, 8, 0, 1, 9, 2, 3, 9, 10, 10, 3, 10, 6, 6, 5, 0, 0, 8, 2, 3, 9, 9, 5, 5, 9, 9, 10, 5, 7, 4, 10, 1, 8, 0, 6, 0, 2, 2, 4, 10, 3, 1, 2, 8, 2, 4, 1, 2, 8, 4, 9, 0, 7, 6, 9, 8, 9, 9, 8, 6, 9, 6, 9, 6, 4, 2, 0, 1, 1, 9, 6, 3, 4, 8, 3, 1, 5, 9, 8, 7, 2, 1, 10, 9, 5, 5, 9, 5, 1, 4, 5, 7, 4, 5, 4, 4, 5, 9, 7, 9, 2, 0, 6, 5, 7, 2, 2, 1, 8, 6, 1, 5, 5, 2, 0, 1, 7, 6, 9, 6, 9, 0, 10, 8, 5, 8, 3, 7, 3, 9, 7, 9, 10, 2, 6, 0, 3, 8, 5, 6, 6, 10, 10, 8, 7, 9, 6, 6, 2, 6, 7, 8, 8, 7, 9, 4, 4, 10, 3, 7, 9, 1, 7, 5, 9, 8, 0, 1, 0, 7, 7, 6, 5, 4, 6, 6, 6, 1, 9, 3, 0, 1, 4, 7, 1, 9, 9, 6, 6, 2, 7, 3, 0, 3, 9, 1, 4, 3, 8, 7, 8, 1, 5, 3, 0, 2, 3, 9, 8, 6, 8, 1, 7, 4, 5, 2, 0, 6, 6, 7],