{"val_acc": [0.7542242703533026, 0.8509984639016898, 0.9078341013824884, 0.9293394777265745, 0.9231950844854071, 0.9324116743471582, 0.9216589861751152, 0.9539170506912442, 0.9447004608294931, 0.9477726574500768], "val_loss": [0.836544535825589, 0.48882744003064427, 0.2984955173408601, 0.25512607815672583, 0.22179826525142815, 0.2040556421756253, 0.23042026336208069, 0.1654894144643538, 0.20509797450001643, 0.1768353427505533], "train_loss": [1.469098839897398, 0.5773969325776622, 0.4164318722438387, 0.26806777939709564, 0.22861579519602868, 0.1820723991180679, 0.15959525167990377, 0.12132609457243168, 0.0950484327900668, 0.09339505726700272], "test_correct_in_batch": [4.0, 4.0, 3.0, 4.0, 4.0, 4.0, 3.0, 4.0, 2.0, 4.0, 4.0, 4.0, 4.0, 4.0, 4.0, 3.0, 3.0, 3.0, 3.0, 4.0, 3.0, 4.0, 3.0, 4.0, 4.0, 4.0, 4.0, 3.0, 4.0, 4.0, 3.0, 4.0, 4.0, 4.0, 4.0, 4.0, 4.0, 4.0, 4.0, 4.0, 4.0, 4.0, 3.0, 4.0, 4.0, 4.0, 4.0, 4.0, 4.0, 4.0, 3.0, 2.0, 4.0, 4.0, 4.0, 4.0, 4.0, 4.0, 4.0, 3.0, 4.0, 4.0, 4.0, 4.0, 3.0, 4.0, 4.0, 3.0, 4.0, 3.0, 3.0, 4.0, 4.0, 2.0, 4.0, 4.0, 4.0, 4.0, 4.0, 4.0, 4.0, 4.0, 4.0, 4.0, 4.0, 3.0, 3.0, 3.0, 4.0, 4.0, 4.0, 4.0, 2.0, 4.0, 4.0, 4.0, 4.0, 2.0, 4.0, 4.0, 3.0, 4.0, 4.0, 3.0, 4.0, 4.0, 4.0, 4.0, 4.0, 4.0, 4.0, 4.0, 4.0, 4.0, 4.0, 4.0, 3.0, 3.0, 4.0, 3.0, 4.0, 3.0, 3.0, 4.0, 3.0, 4.0, 4.0, 4.0, 4.0, 4.0, 4.0, 4.0, 4.0, 4.0, 4.0, 4.0, 4.0, 4.0, 4.0, 3.0, 4.0, 4.0, 3.0, 4.0, 4.0, 3.0, 4.0, 4.0, 4.0, 4.0, 4.0, 3.0, 4.0, 4.0, 3.0, 4.0, 4.0, 3.0, 3.0, 4.0, 4.0, 4.0, 3.0], "test_losses": [0.0002487183373887092, 0.002173631452023983, 0.7038338780403137, 0.09388084709644318, 0.00021401264530140907, 0.0005694780847989023, 0.20488648116588593, 0.3431251347064972, 0.8216471076011658, 0.00014151477080304176, 0.0006465227343142033, 0.001220119185745716, 0.23826836049556732, 0.002924515400081873, 0.0002596550330054015, 3.3529889583587646, 0.8507702350616455, 0.4684927761554718, 1.1600890159606934, 0.0009550779941491783, 1.0040006637573242, 0.00039397765067406, 1.1001404523849487, 0.022834403440356255, 0.01423287857323885, 0.000748952035792172, 0.0064174942672252655, 0.5024778246879578, 0.0013595178024843335, 0.0008244556374847889, 0.6818493008613586, 0.0006206638645380735, 0.0028989289421588182, 4.079840437043458e-05, 0.00029366929084062576, 0.00031228800071403384, 0.0011183113092556596, 0.005380625370889902, 0.0003568172105588019, 0.0025512732099741697, 0.08065163344144821, 0.001703838468529284, 0.4466927647590637, 0.05514087527990341, 0.008333678357303143, 0.0013745144242420793, 0.0011041724355891347, 0.011767431162297726, 0.015610180795192719, 0.012188183143734932, 1.2084147930145264, 2.8131418228149414, 0.0037158061750233173, 0.005118267610669136, 0.10282078385353088, 0.00016945121751632541, 9.964717901311815e-05, 0.0004700985155068338, 0.006559014320373535, 0.4925745129585266, 0.002745505655184388, 0.037167806178331375, 0.06751727312803268, 0.00023325945949181914, 0.24252769351005554, 0.17319266498088837, 0.002492520958185196, 0.6669211983680725, 0.3332451581954956, 0.7255608439445496, 0.8560903072357178, 0.00045731867430731654, 0.0025368742644786835, 0.8639624714851379, 0.0002519230474717915, 0.036186136305332184, 0.00035153856151737273, 0.0002901861153077334, 0.0020136148668825626, 0.001034857938066125, 0.10987557470798492, 0.13862667977809906, 0.006378668826073408, 0.0020877413917332888, 0.004204186145216227, 2.5721373558044434, 0.20794567465782166, 0.1776724010705948, 0.0708247497677803, 0.13591639697551727, 0.04175775870680809, 0.014003641903400421, 1.8791168928146362, 0.001100950175896287, 0.002165611367672682, 0.021527264267206192, 0.0018829903565347195, 2.9594736099243164, 0.025609716773033142, 0.0007882841164246202, 0.8607670068740845, 0.00011625188926700503, 0.0007164684357121587, 0.3172646164894104, 0.0005882084369659424, 0.00024014018708840013, 0.004065774846822023, 0.0011856409255415201, 0.005554879084229469, 0.0002516737440600991, 0.0008279957110062242, 0.25667187571525574, 0.00023213724489323795, 0.0028449224773794413, 0.04187158867716789, 0.08273056894540787, 0.4451780915260315, 0.20680490136146545, 0.0004237781395204365, 0.4805728495121002, 0.0022725313901901245, 0.724163293838501, 0.34235507249832153, 0.014366948045790195, 0.7090676426887512, 0.005882635246962309, 0.011775923892855644, 0.014425829984247684, 0.031202470883727074, 0.11035849899053574, 0.003419036976993084, 0.0017644170438870788, 0.0003292551846243441, 0.13522788882255554, 0.002167973667383194, 0.005386239383369684, 0.00053414172725752, 0.06152480095624924, 0.009333510883152485, 0.46508651971817017, 0.00020903856784570962, 0.05962403863668442, 1.218256950378418, 0.006276318803429604, 0.0006264671101234853, 0.5246768593788147, 0.06550049781799316, 0.02282765507698059, 0.2677975296974182, 0.0005279254983179271, 0.0006310078897513449, 0.4112063944339752, 0.0002126574399881065, 0.010221263393759727, 1.262926459312439, 0.004486692603677511, 0.004021091852337122, 0.3177112936973572, 1.2059903144836426, 0.0006461617304012179, 0.0003466240887064487, 0.0004899175837635994, 0.0021233183797448874], "test_loss": 0.24539022447371375, "test_batch_lens": [4, 4, 4, 4, 4, 4, 4, 4, 4, 4, 4, 4, 4, 4, 4, 4, 4, 4, 4, 4, 4, 4, 4, 4, 4, 4, 4, 4, 4, 4, 4, 4, 4, 4, 4, 4, 4, 4, 4, 4, 4, 4, 4, 4, 4, 4, 4, 4, 4, 4, 4, 4, 4, 4, 4, 4, 4, 4, 4, 4, 4, 4, 4, 4, 4, 4, 4, 4, 4, 4, 4, 4, 4, 4, 4, 4, 4, 4, 4, 4, 4, 4, 4, 4, 4, 4, 4, 4, 4, 4, 4, 4, 4, 4, 4, 4, 4, 4, 4, 4, 4, 4, 4, 4, 4, 4, 4, 4, 4, 4, 4, 4, 4, 4, 4, 4, 4, 4, 4, 4, 4, 4, 4, 4, 4, 4, 4, 4, 4, 4, 4, 4, 4, 4, 4, 4, 4, 4, 4, 4, 4, 4, 4, 4, 4, 4, 4, 4, 4, 4, 4, 4, 4, 4, 4, 4, 4, 4, 4, 4, 4, 4, 3], "test_accuracy": 0.9308755760368663, "predictions": [7, 4, 1, 10, 7, 1, 8, 8, 0, 3, 4, 7, 1, 9, 3, 0, 9, 6, 4, 9, 8, 10, 1, 4, 6, 9, 8, 6, 6, 8, 2, 1, 3, 1, 6, 3, 10, 5, 5, 0, 10, 3, 2, 10, 7, 8, 4, 3, 3, 8, 9, 4, 3, 4, 6, 1, 1, 9, 1, 10, 10, 6, 2, 6, 5, 9, 8, 5, 8, 3, 3, 1, 9, 3, 1, 8, 6, 8, 9, 2, 3, 1, 1, 1, 5, 5, 1, 8, 0, 5, 9, 10, 10, 7, 1, 5, 1, 8, 2, 7, 5, 1, 10, 6, 10, 8, 3, 9, 10, 4, 7, 10, 0, 3, 7, 6, 0, 8, 0, 0, 4, 0, 7, 6, 5, 1, 7, 9, 6, 7, 4, 0, 10, 10, 7, 9, 4, 1, 9, 0, 10, 3, 3, 9, 4, 7, 4, 7, 2, 10, 2, 4, 10, 10, 1, 0, 10, 5, 4, 7, 8, 9, 10, 4, 2, 3, 10, 5, 8, 0, 10, 0, 10, 7, 6, 8, 0, 8, 1, 2, 6, 3, 5, 3, 9, 3, 4, 8, 3, 2, 0, 2, 0, 9, 9, 8, 1, 3, 5, 9, 9, 1, 6, 1, 4, 4, 9, 8, 3, 9, 5, 6, 2, 5, 4, 5, 2, 10, 8, 4, 7, 3, 0, 6, 7, 0, 5, 7, 1, 0, 1, 6, 3, 7, 7, 2, 10, 9, 3, 10, 9, 4, 3, 3, 1, 7, 8, 5, 2, 4, 10, 1, 1, 2, 3, 10, 6, 9, 5, 1, 3, 10, 7, 1, 5, 1, 8, 1, 1, 7, 3, 10, 3, 5, 2, 2, 7, 9, 9, 7, 10, 8, 8, 10, 2, 4, 2, 5, 5, 3, 8, 0, 6, 6, 3, 1, 2, 7, 3, 2, 4, 10, 8, 6, 6, 0, 2, 7, 10, 1, 7, 6, 9, 2, 5, 2, 0, 9, 4, 3, 2, 6, 7, 9, 1, 8, 8, 5, 2, 9, 4, 1, 1, 8, 4, 7, 1, 2, 7, 2, 5, 0, 4, 10, 5, 0, 9, 7, 3, 6, 9, 6, 4, 9, 5, 1, 8, 3, 7, 7, 4, 4, 6, 10, 8, 9, 8, 5, 3, 9, 4, 0, 5, 0, 9, 10, 5, 0, 3, 7, 3, 1, 8, 2, 2, 4, 4, 9, 3, 7, 5, 10, 9, 4, 0, 0, 5, 6, 9, 9, 7, 7, 8, 9, 1, 10, 10, 5, 5, 7, 3, 3, 5, 10, 4, 7, 2, 3, 1, 1, 0, 5, 4, 1, 2, 0, 1, 8, 8, 4, 8, 3, 8, 0, 3, 2, 2, 3, 7, 10, 10, 4, 10, 6, 6, 5, 0, 9, 8, 2, 1, 9, 9, 5, 9, 9, 1, 3, 5, 7, 9, 10, 1, 8, 1, 6, 3, 4, 10, 4, 10, 1, 1, 2, 8, 2, 4, 8, 2, 8, 9, 9, 0, 7, 6, 9, 1, 0, 2, 3, 6, 9, 3, 7, 2, 4, 10, 0, 1, 3, 9, 6, 3, 4, 6, 3, 3, 5, 0, 1, 7, 10, 4, 10, 2, 5, 5, 7, 5, 1, 4, 5, 0, 4, 5, 4, 9, 5, 9, 7, 7, 2, 0, 2, 4, 3, 2, 9, 1, 8, 9, 1, 8, 8, 2, 0, 9, 7, 6, 9, 6, 9, 0, 10, 8, 8, 5, 1, 7, 3, 2, 7, 9, 6, 7, 8, 9, 0, 8, 2, 7, 5, 2, 10, 8, 7, 9, 6, 8, 6, 6, 9, 7, 9, 7, 8, 4, 9, 3, 3, 7, 4, 1, 7, 5, 4, 0, 7, 8, 0, 7, 4, 5, 5, 4, 6, 6, 6, 1, 5, 3, 0, 1, 4, 7, 1, 9, 4, 6, 5, 10, 7, 1, 0, 3, 9, 1, 4, 3, 8, 7, 8, 9, 9, 4, 1, 2, 3, 7, 8, 6, 8, 1, 7, 4, 0, 2, 0, 8, 6, 7],