{"val_acc": [0.31797235023041476, 0.3794162826420891, 0.434715821812596, 0.5084485407066052, 0.5944700460829493, 0.5775729646697388, 0.6236559139784946, 0.6697388632872504, 0.6712749615975423, 0.6436251920122887], "val_loss": [1.927254509340766, 1.7183716278866026, 1.6002496329187617, 1.4461898661098598, 1.2651424644732037, 1.2013622834547166, 1.114933057385354, 1.01023092861373, 0.9702953470448044, 1.0355204895961505], "train_loss": [2.1483010782050225, 1.8499238404498186, 1.6697183165639633, 1.4962602178080702, 1.354493754076393, 1.2387534454862308, 1.1431138654681579, 1.0952461646541325, 1.0238943861766443, 0.9798437060433929], "test_correct_in_batch": [3.0, 2.0, 2.0, 1.0, 4.0, 4.0, 2.0, 2.0, 2.0, 4.0, 4.0, 4.0, 0.0, 3.0, 4.0, 3.0, 3.0, 3.0, 0.0, 3.0, 1.0, 2.0, 1.0, 3.0, 3.0, 4.0, 2.0, 3.0, 2.0, 2.0, 3.0, 2.0, 4.0, 3.0, 2.0, 2.0, 3.0, 3.0, 2.0, 4.0, 2.0, 2.0, 4.0, 3.0, 2.0, 4.0, 3.0, 2.0, 1.0, 2.0, 3.0, 1.0, 1.0, 2.0, 2.0, 2.0, 3.0, 3.0, 3.0, 3.0, 2.0, 3.0, 4.0, 4.0, 2.0, 2.0, 4.0, 2.0, 2.0, 3.0, 0.0, 4.0, 2.0, 2.0, 4.0, 3.0, 2.0, 3.0, 3.0, 2.0, 0.0, 1.0, 3.0, 2.0, 2.0, 2.0, 1.0, 3.0, 2.0, 2.0, 3.0, 3.0, 2.0, 3.0, 3.0, 1.0, 4.0, 1.0, 4.0, 3.0, 2.0, 4.0, 2.0, 3.0, 3.0, 1.0, 2.0, 3.0, 3.0, 4.0, 4.0, 3.0, 4.0, 2.0, 3.0, 4.0, 2.0, 3.0, 2.0, 2.0, 2.0, 2.0, 4.0, 3.0, 2.0, 2.0, 2.0, 2.0, 3.0, 4.0, 3.0, 3.0, 3.0, 2.0, 1.0, 1.0, 4.0, 3.0, 2.0, 2.0, 2.0, 1.0, 1.0, 3.0, 4.0, 2.0, 1.0, 3.0, 3.0, 2.0, 2.0, 2.0, 4.0, 4.0, 2.0, 3.0, 3.0, 3.0, 2.0, 3.0, 4.0, 1.0, 2.0], "test_losses": [0.6077256202697754, 0.8364160060882568, 1.542365312576294, 2.433439016342163, 0.2471742182970047, 0.5054686069488525, 1.440364956855774, 0.8710505962371826, 1.4214736223220825, 0.31800901889801025, 0.4107722342014313, 0.21309588849544525, 1.653188705444336, 0.5670337677001953, 0.22288595139980316, 1.2020050287246704, 0.7649194002151489, 0.7815258502960205, 2.2725515365600586, 1.07642662525177, 2.0671591758728027, 1.031804084777832, 1.5030584335327148, 0.7523726224899292, 0.41741880774497986, 0.14158213138580322, 1.2436431646347046, 0.801713228225708, 1.024086594581604, 1.5058914422988892, 1.1932661533355713, 0.7472559809684753, 0.13746806979179382, 0.5482699871063232, 1.2143148183822632, 1.3699225187301636, 0.4498768448829651, 1.7252305746078491, 0.8728464841842651, 0.2448287308216095, 1.3281219005584717, 1.5583773851394653, 1.0994725227355957, 1.0464352369308472, 1.3354425430297852, 0.28277134895324707, 0.7954761981964111, 1.7049797773361206, 2.2769055366516113, 1.233971118927002, 0.7396632432937622, 2.454164743423462, 1.4239041805267334, 1.465720295906067, 1.2064545154571533, 1.2699404954910278, 0.7229010462760925, 0.611763060092926, 0.5735761523246765, 0.6875995397567749, 1.0822255611419678, 0.6587290167808533, 0.28670722246170044, 0.21288204193115234, 1.361889362335205, 1.9973385334014893, 0.30272364616394043, 1.697106957435608, 1.2364152669906616, 0.8008285164833069, 2.726468324661255, 0.21835295855998993, 1.5433433055877686, 1.4722181558609009, 0.21509885787963867, 0.7238460183143616, 1.358585000038147, 0.4873894453048706, 0.8539318442344666, 1.570868730545044, 1.9272927045822144, 1.8443950414657593, 1.058457374572754, 1.51034414768219, 2.45843768119812, 1.7152893543243408, 2.1499547958374023, 1.1269304752349854, 0.8599648475646973, 1.2364991903305054, 0.8756421804428101, 0.8493815660476685, 1.93802011013031, 0.45772531628608704, 0.6375119090080261, 2.6327672004699707, 0.2430323213338852, 2.1392581462860107, 0.6131214499473572, 0.5080435276031494, 1.2547237873077393, 0.516869843006134, 1.4123079776763916, 0.7618851661682129, 0.9873001575469971, 2.988279342651367, 1.0155744552612305, 0.9614085555076599, 0.50095534324646, 0.218922957777977, 0.18077319860458374, 1.0649893283843994, 0.2830078899860382, 1.443172812461853, 0.7132847905158997, 0.3914243280887604, 1.7288453578948975, 0.26484203338623047, 0.5639187097549438, 1.0266437530517578, 1.5074304342269897, 1.426164150238037, 0.45326438546180725, 0.9554230570793152, 1.5444697141647339, 1.376718282699585, 2.363790988922119, 2.0840041637420654, 0.6124504208564758, 0.22191092371940613, 1.140363097190857, 0.4870505630970001, 0.7438225150108337, 1.2161991596221924, 1.3143590688705444, 2.799187660217285, 0.25662967562675476, 0.6655446887016296, 1.2480323314666748, 2.1725738048553467, 1.0781060457229614, 2.6317169666290283, 2.2993085384368896, 0.8407162427902222, 0.3394180238246918, 1.1030380725860596, 2.027193546295166, 1.15724515914917, 0.8347698450088501, 1.3803237676620483, 1.3468869924545288, 1.3884482383728027, 0.3480480909347534, 0.261442095041275, 1.4924006462097168, 0.5462443828582764, 0.5886796116828918, 0.7575674057006836, 1.3496971130371094, 0.7721818685531616, 0.10807491093873978, 2.0749292373657227, 0.624512255191803], "test_loss": 1.092061525702111, "test_batch_lens": [4, 4, 4, 4, 4, 4, 4, 4, 4, 4, 4, 4, 4, 4, 4, 4, 4, 4, 4, 4, 4, 4, 4, 4, 4, 4, 4, 4, 4, 4, 4, 4, 4, 4, 4, 4, 4, 4, 4, 4, 4, 4, 4, 4, 4, 4, 4, 4, 4, 4, 4, 4, 4, 4, 4, 4, 4, 4, 4, 4, 4, 4, 4, 4, 4, 4, 4, 4, 4, 4, 4, 4, 4, 4, 4, 4, 4, 4, 4, 4, 4, 4, 4, 4, 4, 4, 4, 4, 4, 4, 4, 4, 4, 4, 4, 4, 4, 4, 4, 4, 4, 4, 4, 4, 4, 4, 4, 4, 4, 4, 4, 4, 4, 4, 4, 4, 4, 4, 4, 4, 4, 4, 4, 4, 4, 4, 4, 4, 4, 4, 4, 4, 4, 4, 4, 4, 4, 4, 4, 4, 4, 4, 4, 4, 4, 4, 4, 4, 4, 4, 4, 4, 4, 4, 4, 4, 4, 4, 4, 4, 4, 4, 3], "test_accuracy": 0.6344086021505376, "predictions": [7, 4, 1, 6, 7, 3, 8, 5, 3, 2, 4, 7, 1, 5, 8, 8, 9, 6, 4, 9, 8, 10, 1, 4, 6, 6, 4, 6, 6, 10, 2, 0, 1, 1, 6, 9, 10, 5, 5, 0, 10, 3, 2, 10, 7, 8, 4, 3, 2, 1, 2, 9, 1, 4, 6, 1, 1, 9, 1, 10, 10, 6, 9, 6, 5, 9, 8, 5, 5, 1, 3, 1, 8, 1, 8, 5, 6, 2, 9, 2, 1, 1, 1, 7, 5, 5, 7, 3, 8, 2, 9, 2, 10, 7, 0, 5, 1, 5, 2, 7, 5, 1, 10, 6, 10, 1, 1, 9, 10, 4, 7, 9, 3, 1, 7, 6, 0, 10, 9, 0, 4, 2, 7, 6, 5, 3, 9, 9, 6, 7, 4, 0, 10, 10, 9, 9, 4, 3, 9, 1, 2, 3, 6, 9, 4, 7, 5, 7, 2, 10, 0, 4, 10, 2, 1, 1, 10, 5, 4, 7, 4, 1, 10, 4, 10, 9, 10, 5, 8, 0, 9, 0, 10, 7, 6, 6, 5, 8, 9, 2, 6, 3, 5, 3, 9, 1, 4, 8, 3, 2, 7, 6, 9, 6, 9, 5, 1, 1, 4, 9, 0, 1, 6, 1, 4, 5, 0, 2, 9, 9, 9, 2, 9, 5, 2, 5, 9, 10, 9, 4, 7, 9, 5, 6, 7, 8, 5, 7, 8, 0, 1, 6, 1, 7, 7, 2, 10, 4, 0, 10, 7, 4, 1, 3, 1, 7, 6, 5, 2, 4, 10, 1, 1, 2, 3, 10, 9, 5, 5, 3, 8, 9, 7, 1, 5, 1, 8, 1, 2, 7, 9, 10, 1, 5, 8, 2, 7, 9, 9, 7, 5, 1, 9, 3, 2, 4, 2, 5, 5, 1, 6, 0, 9, 8, 0, 1, 2, 7, 3, 2, 4, 10, 1, 6, 2, 5, 2, 7, 10, 1, 9, 6, 9, 2, 4, 2, 0, 9, 9, 0, 4, 9, 9, 7, 8, 2, 8, 8, 2, 4, 4, 1, 3, 1, 4, 7, 1, 1, 4, 2, 5, 3, 0, 10, 4, 1, 6, 7, 3, 6, 5, 6, 4, 3, 5, 3, 9, 3, 9, 7, 4, 2, 6, 10, 4, 9, 8, 5, 6, 4, 4, 9, 5, 0, 1, 10, 9, 0, 3, 7, 3, 2, 1, 4, 2, 4, 4, 9, 1, 9, 5, 9, 9, 4, 0, 0, 5, 6, 4, 9, 7, 9, 8, 9, 1, 10, 10, 5, 5, 9, 9, 3, 5, 10, 4, 7, 2, 1, 1, 1, 1, 5, 5, 9, 6, 0, 1, 7, 7, 4, 8, 3, 8, 3, 3, 2, 2, 3, 7, 10, 10, 4, 10, 6, 6, 5, 0, 8, 8, 2, 1, 9, 5, 5, 5, 9, 6, 3, 5, 7, 9, 10, 1, 8, 8, 6, 3, 2, 2, 4, 10, 3, 1, 6, 7, 2, 4, 9, 2, 8, 4, 4, 0, 7, 6, 9, 9, 9, 2, 8, 6, 9, 1, 7, 2, 4, 8, 0, 1, 1, 9, 6, 2, 5, 7, 3, 5, 5, 1, 7, 7, 10, 4, 10, 4, 5, 5, 7, 5, 1, 4, 5, 9, 4, 5, 4, 4, 5, 9, 8, 7, 2, 0, 10, 4, 5, 4, 8, 1, 6, 6, 1, 5, 4, 2, 0, 9, 7, 6, 1, 6, 9, 1, 10, 8, 0, 6, 3, 7, 3, 6, 7, 9, 2, 4, 6, 9, 1, 7, 2, 9, 8, 2, 10, 4, 7, 9, 6, 8, 6, 6, 9, 7, 5, 7, 9, 10, 5, 3, 3, 7, 5, 1, 7, 5, 2, 8, 7, 6, 0, 7, 7, 6, 5, 4, 6, 4, 6, 1, 5, 3, 0, 1, 4, 7, 1, 9, 5, 6, 9, 2, 7, 1, 0, 3, 4, 1, 4, 9, 10, 7, 8, 9, 4, 4, 9, 2, 3, 7, 6, 6, 8, 1, 7, 9, 9, 2, 1, 2, 6, 7],