{"val_acc": [0.7864823348694316, 0.7926267281105991, 0.8187403993855606, 0.8341013824884793, 0.8448540706605223], "val_loss": [0.6778689024090035, 0.6265796331940162, 0.5486719694639917, 0.4713220194930588, 0.4655548676825557], "train_loss": [1.1480810248789879, 0.6025129423224017, 0.46965716418037823, 0.388745495860459, 0.33041590986212577], "test_correct_in_batch": [4.0, 3.0, 3.0, 3.0, 4.0, 3.0, 1.0, 2.0, 2.0, 4.0, 4.0, 2.0, 2.0, 4.0, 4.0, 3.0, 2.0, 3.0, 2.0, 3.0, 3.0, 3.0, 3.0, 3.0, 2.0, 4.0, 4.0, 4.0, 4.0, 4.0, 1.0, 4.0, 3.0, 4.0, 4.0, 3.0, 4.0, 4.0, 3.0, 3.0, 4.0, 4.0, 3.0, 4.0, 3.0, 4.0, 4.0, 3.0, 3.0, 3.0, 4.0, 1.0, 2.0, 4.0, 4.0, 4.0, 4.0, 3.0, 4.0, 4.0, 4.0, 3.0, 4.0, 4.0, 4.0, 3.0, 3.0, 2.0, 3.0, 2.0, 3.0, 4.0, 4.0, 3.0, 3.0, 3.0, 4.0, 4.0, 3.0, 2.0, 4.0, 3.0, 4.0, 2.0, 3.0, 2.0, 3.0, 4.0, 4.0, 3.0, 4.0, 3.0, 3.0, 4.0, 3.0, 4.0, 4.0, 2.0, 4.0, 4.0, 1.0, 4.0, 3.0, 3.0, 4.0, 2.0, 3.0, 3.0, 3.0, 4.0, 4.0, 3.0, 4.0, 4.0, 4.0, 2.0, 3.0, 3.0, 4.0, 2.0, 4.0, 1.0, 3.0, 4.0, 2.0, 3.0, 4.0, 4.0, 3.0, 4.0, 4.0, 3.0, 4.0, 4.0, 4.0, 3.0, 4.0, 4.0, 3.0, 2.0, 3.0, 2.0, 2.0, 4.0, 3.0, 3.0, 3.0, 4.0, 3.0, 4.0, 2.0, 4.0, 4.0, 4.0, 3.0, 4.0, 4.0, 4.0, 4.0, 3.0, 4.0, 4.0, 3.0], "test_losses": [0.07689227163791656, 0.52569979429245, 0.5761678814888, 0.6818824410438538, 0.04916071891784668, 0.4440954923629761, 1.2059215307235718, 0.8597573041915894, 1.3502321243286133, 0.06844846159219742, 0.049385808408260345, 1.2256561517715454, 1.6567343473434448, 0.09985718131065369, 0.20509618520736694, 2.3675999641418457, 1.07813560962677, 0.8922982811927795, 0.796747088432312, 0.5539823770523071, 0.691475510597229, 0.3751802444458008, 0.9671196341514587, 0.5879221558570862, 0.9197601675987244, 0.09015605598688126, 0.0912632942199707, 0.3549031615257263, 0.15476499497890472, 0.20655964314937592, 1.9626426696777344, 0.21532553434371948, 0.3373185098171234, 0.013667332008481026, 0.2046404778957367, 0.30299144983291626, 0.31580621004104614, 0.10348083078861237, 0.6514899730682373, 0.2886511981487274, 0.18738147616386414, 0.09971915930509567, 0.8672466278076172, 0.06407585740089417, 0.3181138336658478, 0.08036323636770248, 0.2288871854543686, 0.5504403114318848, 0.3880085051059723, 0.39175722002983093, 0.3656177520751953, 1.359519600868225, 0.6496255397796631, 0.28777745366096497, 0.030883608385920525, 0.009728602133691311, 0.06834406405687332, 0.7704340219497681, 0.14902791380882263, 0.18938790261745453, 0.06223367899656296, 0.4367384612560272, 0.16760340332984924, 0.06160496547818184, 0.07482262700796127, 1.2385045289993286, 0.336031049489975, 1.716241478919983, 0.656952440738678, 0.9216344952583313, 1.3376538753509521, 0.07647451013326645, 0.13409897685050964, 0.8322692513465881, 0.29999175667762756, 0.2570320963859558, 0.03552428260445595, 0.2836351692676544, 0.2953932285308838, 0.584922730922699, 0.01699460856616497, 0.4687826335430145, 0.12673690915107727, 2.5791430473327637, 0.657974898815155, 0.4565609395503998, 0.35112208127975464, 0.021077394485473633, 0.1159704327583313, 0.46415597200393677, 0.13201482594013214, 0.6703697443008423, 1.6430015563964844, 0.054229557514190674, 0.7616693377494812, 0.17408496141433716, 0.405681312084198, 1.7026094198226929, 0.04104642570018768, 0.04190693795681, 1.6597769260406494, 0.10173038393259048, 0.49690353870391846, 0.7281111478805542, 0.31258097290992737, 0.8989433646202087, 0.34797006845474243, 0.646819531917572, 0.42492517828941345, 0.03587542474269867, 0.04734408110380173, 0.8599779605865479, 0.058536022901535034, 0.1648375391960144, 0.20224273204803467, 0.6960347890853882, 1.4970799684524536, 0.2286839634180069, 0.13383862376213074, 0.9241549968719482, 0.10494642704725266, 1.8412842750549316, 0.7266855239868164, 0.2422315776348114, 2.0660574436187744, 0.2871493995189667, 0.16184768080711365, 0.07819224894046783, 0.5247421264648438, 0.32435858249664307, 0.21453256905078888, 0.24345678091049194, 0.010676647536456585, 0.09657416492700577, 0.2188989818096161, 0.7054871320724487, 0.006769568659365177, 0.15371102094650269, 0.7489986419677734, 1.2819416522979736, 0.29561764001846313, 1.3757227659225464, 0.986752986907959, 0.0748039111495018, 0.8966319561004639, 0.5964652299880981, 0.6998914480209351, 0.10353294759988785, 0.9312049150466919, 0.12107524275779724, 1.1876213550567627, 0.42134860157966614, 0.03373144194483757, 0.12439658492803574, 0.3358752429485321, 0.05714902654290199, 0.2518756687641144, 0.26753365993499756, 0.07219202071428299, 0.43091946840286255, 0.0613352470099926, 0.2008943259716034, 0.06275737285614014], "test_loss": 0.49965610220868345, "test_batch_lens": [4, 4, 4, 4, 4, 4, 4, 4, 4, 4, 4, 4, 4, 4, 4, 4, 4, 4, 4, 4, 4, 4, 4, 4, 4, 4, 4, 4, 4, 4, 4, 4, 4, 4, 4, 4, 4, 4, 4, 4, 4, 4, 4, 4, 4, 4, 4, 4, 4, 4, 4, 4, 4, 4, 4, 4, 4, 4, 4, 4, 4, 4, 4, 4, 4, 4, 4, 4, 4, 4, 4, 4, 4, 4, 4, 4, 4, 4, 4, 4, 4, 4, 4, 4, 4, 4, 4, 4, 4, 4, 4, 4, 4, 4, 4, 4, 4, 4, 4, 4, 4, 4, 4, 4, 4, 4, 4, 4, 4, 4, 4, 4, 4, 4, 4, 4, 4, 4, 4, 4, 4, 4, 4, 4, 4, 4, 4, 4, 4, 4, 4, 4, 4, 4, 4, 4, 4, 4, 4, 4, 4, 4, 4, 4, 4, 4, 4, 4, 4, 4, 4, 4, 4, 4, 4, 4, 4, 4, 4, 4, 4, 4, 3], "test_accuracy": 0.8202764976958525, "predictions": [7, 4, 1, 10, 7, 1, 10, 8, 0, 3, 4, 7, 3, 9, 3, 0, 9, 6, 4, 9, 8, 10, 0, 4, 8, 0, 6, 6, 6, 7, 8, 1, 1, 1, 6, 0, 10, 5, 5, 0, 10, 3, 2, 10, 7, 3, 2, 3, 3, 10, 8, 4, 3, 4, 6, 1, 1, 9, 1, 10, 10, 6, 9, 6, 0, 1, 8, 5, 8, 0, 3, 1, 8, 3, 1, 6, 6, 6, 9, 2, 3, 1, 1, 1, 5, 5, 1, 0, 0, 3, 9, 10, 10, 7, 0, 5, 3, 6, 2, 7, 5, 1, 10, 6, 10, 8, 3, 9, 10, 4, 7, 1, 0, 3, 7, 6, 0, 8, 0, 0, 4, 3, 1, 8, 5, 1, 7, 9, 6, 7, 4, 3, 10, 10, 7, 9, 4, 1, 9, 0, 10, 3, 1, 9, 4, 7, 4, 7, 2, 10, 2, 4, 10, 10, 3, 0, 2, 5, 4, 7, 8, 9, 10, 4, 2, 3, 10, 5, 8, 0, 1, 0, 10, 7, 6, 8, 3, 8, 1, 2, 6, 3, 5, 3, 9, 3, 4, 8, 3, 2, 3, 2, 0, 9, 9, 5, 3, 3, 5, 9, 8, 1, 6, 1, 4, 8, 9, 2, 0, 9, 8, 6, 2, 5, 4, 5, 2, 10, 8, 4, 7, 3, 0, 6, 7, 0, 5, 7, 8, 0, 1, 6, 3, 7, 7, 2, 10, 4, 3, 10, 9, 4, 3, 3, 8, 7, 8, 5, 2, 4, 10, 1, 1, 2, 3, 10, 6, 9, 5, 3, 3, 10, 7, 0, 5, 0, 8, 1, 3, 7, 7, 10, 3, 5, 7, 2, 7, 1, 7, 7, 4, 8, 8, 10, 2, 4, 2, 5, 5, 3, 8, 0, 8, 6, 1, 1, 2, 9, 3, 2, 4, 10, 6, 6, 6, 0, 2, 7, 10, 1, 7, 6, 4, 2, 5, 2, 0, 4, 2, 3, 2, 6, 7, 9, 1, 0, 8, 5, 2, 9, 4, 1, 3, 3, 4, 7, 1, 2, 9, 2, 5, 1, 4, 10, 8, 0, 5, 7, 3, 6, 4, 6, 4, 9, 5, 1, 8, 3, 8, 7, 4, 4, 6, 10, 8, 9, 2, 5, 6, 9, 4, 0, 5, 0, 9, 10, 5, 0, 0, 7, 3, 1, 8, 2, 2, 4, 4, 9, 3, 7, 5, 1, 9, 4, 0, 0, 5, 6, 9, 9, 7, 4, 8, 8, 1, 10, 10, 5, 5, 7, 0, 3, 5, 10, 9, 4, 2, 3, 1, 1, 0, 5, 5, 0, 2, 0, 1, 7, 10, 4, 8, 3, 1, 0, 3, 2, 2, 3, 7, 10, 10, 4, 10, 6, 6, 5, 0, 10, 8, 2, 1, 9, 9, 5, 9, 9, 1, 3, 5, 7, 9, 10, 3, 2, 1, 6, 3, 3, 2, 4, 10, 3, 1, 2, 8, 2, 4, 0, 2, 8, 9, 9, 0, 7, 6, 4, 1, 1, 2, 1, 6, 9, 3, 7, 2, 4, 10, 0, 8, 3, 1, 6, 3, 4, 6, 3, 3, 5, 0, 1, 7, 10, 4, 10, 2, 8, 5, 7, 5, 1, 4, 5, 0, 4, 5, 4, 4, 5, 9, 7, 7, 2, 0, 2, 4, 3, 2, 9, 1, 8, 9, 1, 6, 8, 2, 0, 9, 7, 6, 9, 6, 9, 0, 10, 8, 3, 10, 3, 7, 3, 2, 8, 9, 6, 8, 8, 9, 3, 3, 2, 2, 5, 2, 10, 8, 7, 10, 6, 8, 6, 6, 1, 7, 9, 7, 7, 4, 9, 3, 3, 7, 4, 1, 1, 5, 4, 0, 7, 8, 0, 8, 4, 8, 5, 4, 8, 6, 6, 1, 5, 3, 0, 1, 4, 7, 1, 9, 4, 2, 6, 10, 7, 1, 0, 3, 9, 1, 4, 3, 10, 7, 8, 9, 9, 4, 0, 2, 3, 0, 8, 6, 8, 1, 7, 4, 0, 2, 0, 8, 6, 7],