{"val_acc": [0.10445468509984639, 0.0967741935483871, 0.10445468509984639, 0.0706605222734255, 0.07987711213517665, 0.08602150537634409, 0.0967741935483871, 0.0967741935483871, 0.12749615975422426, 0.08602150537634409], "val_loss": [2.3966881073325688, 2.398979067071084, 2.395952160373056, 2.3987624820756035, 2.3976574850960013, 2.397953419597602, 2.3966306879476535, 2.397920440311081, 2.398217185143313, 2.3977336693395137], "train_loss": [2.399473170500417, 2.3988500188621273, 2.3986100251096234, 2.3985168647550315, 2.398362329862837, 2.398346926296241, 2.398519166744794, 2.3984969819094957, 2.398419820840397, 2.398400369822661], "test_correct_in_batch": [0.0, 0.0, 0.0, 1.0, 0.0, 0.0, 0.0, 0.0, 1.0, 0.0, 1.0, 1.0, 1.0, 1.0, 0.0, 0.0, 0.0, 1.0, 1.0, 0.0, 2.0, 0.0, 0.0, 0.0, 0.0, 0.0, 1.0, 0.0, 1.0, 0.0, 0.0, 0.0, 0.0, 0.0, 0.0, 2.0, 0.0, 0.0, 0.0, 0.0, 0.0, 1.0, 0.0, 0.0, 0.0, 2.0, 1.0, 1.0, 0.0, 1.0, 0.0, 1.0, 1.0, 0.0, 0.0, 1.0, 0.0, 0.0, 1.0, 1.0, 2.0, 0.0, 0.0, 1.0, 1.0, 1.0, 0.0, 1.0, 1.0, 1.0, 0.0, 0.0, 1.0, 0.0, 1.0, 0.0, 0.0, 0.0, 0.0, 1.0, 0.0, 0.0, 0.0, 0.0, 0.0, 0.0, 0.0, 1.0, 0.0, 1.0, 0.0, 0.0, 0.0, 0.0, 1.0, 1.0, 0.0, 1.0, 0.0, 0.0, 0.0, 0.0, 2.0, 0.0, 1.0, 0.0, 0.0, 1.0, 1.0, 1.0, 0.0, 0.0, 0.0, 0.0, 1.0, 0.0, 1.0, 0.0, 0.0, 0.0, 0.0, 0.0, 0.0, 1.0, 2.0, 1.0, 2.0, 0.0, 0.0, 0.0, 0.0, 0.0, 0.0, 1.0, 0.0, 0.0, 0.0, 0.0, 0.0, 1.0, 0.0, 0.0, 0.0, 0.0, 0.0, 0.0, 0.0, 2.0, 0.0, 0.0, 0.0, 0.0, 1.0, 0.0, 0.0, 0.0, 1.0, 1.0, 0.0, 1.0, 0.0, 0.0, 0.0], "test_losses": [2.3924813270568848, 2.3847877979278564, 2.3906993865966797, 2.3857996463775635, 2.3950791358947754, 2.393202781677246, 2.3984146118164062, 2.4106171131134033, 2.389742136001587, 2.4049413204193115, 2.4010987281799316, 2.382920742034912, 2.383500099182129, 2.394881010055542, 2.391254425048828, 2.404301881790161, 2.4060494899749756, 2.3850271701812744, 2.3850271701812744, 2.4072842597961426, 2.3813540935516357, 2.40132999420166, 2.393975257873535, 2.3953945636749268, 2.4018476009368896, 2.4041643142700195, 2.381200075149536, 2.3924810886383057, 2.390077590942383, 2.3946352005004883, 2.394641876220703, 2.3925559520721436, 2.398747444152832, 2.386848211288452, 2.3944694995880127, 2.3775269985198975, 2.390869140625, 2.424131393432617, 2.395008087158203, 2.3972008228302, 2.3898696899414062, 2.4063122272491455, 2.390387535095215, 2.3923416137695312, 2.40667462348938, 2.390930652618408, 2.383500099182129, 2.416870594024658, 2.3861398696899414, 2.3896045684814453, 2.3967480659484863, 2.388638973236084, 2.3944616317749023, 2.4201955795288086, 2.407071828842163, 2.390077590942383, 2.3928914070129395, 2.4008536338806152, 2.3942623138427734, 2.389035701751709, 2.3798270225524902, 2.392698049545288, 2.4102625846862793, 2.40159273147583, 2.3944616317749023, 2.3838114738464355, 2.3966104984283447, 2.3806204795837402, 2.420675277709961, 2.3770604133605957, 2.3930630683898926, 2.42934513092041, 2.3906614780426025, 2.397662878036499, 2.412043571472168, 2.3980600833892822, 2.4108104705810547, 2.3955326080322266, 2.424206256866455, 2.387605667114258, 2.4065628051757812, 2.3934197425842285, 2.407423734664917, 2.389784574508667, 2.418907403945923, 2.3963093757629395, 2.4015231132507324, 2.399738311767578, 2.3982741832733154, 2.3772025108337402, 2.4030566215515137, 2.3900866508483887, 2.398747444152832, 2.3968887329101562, 2.389939785003662, 2.3988962173461914, 2.4092297554016113, 2.3776397705078125, 2.3953843116760254, 2.3979926109313965, 2.3887813091278076, 2.398813009262085, 2.3821611404418945, 2.392061948776245, 2.4020867347717285, 2.402521848678589, 2.40667462348938, 2.3836421966552734, 2.399810791015625, 2.3976802825927734, 2.400756597518921, 2.40224027633667, 2.4024269580841064, 2.3898024559020996, 2.3890252113342285, 2.388063907623291, 2.3898842334747314, 2.4102625846862793, 2.419628858566284, 2.412285327911377, 2.38541841506958, 2.4113898277282715, 2.4072842597961426, 2.3999805450439453, 2.3822686672210693, 2.3915481567382812, 2.390930652618408, 2.391590118408203, 2.4149820804595947, 2.4006083011627197, 2.404327869415283, 2.402993679046631, 2.3977932929992676, 2.4048075675964355, 2.4024269580841064, 2.3853671550750732, 2.402620315551758, 2.398130416870117, 2.3891208171844482, 2.3861114978790283, 2.4065628051757812, 2.3855605125427246, 2.409985303878784, 2.401353597640991, 2.3982725143432617, 2.3944997787475586, 2.3864517211914062, 2.3792476654052734, 2.3976948261260986, 2.389808177947998, 2.402414321899414, 2.403411388397217, 2.3938522338867188, 2.392975330352783, 2.4032692909240723, 2.391589879989624, 2.386690855026245, 2.3806207180023193, 2.391136646270752, 2.3949837684631348, 2.392835855484009, 2.412586212158203, 2.39208722114563], "test_loss": 2.3964555716953395, "test_batch_lens": [4, 4, 4, 4, 4, 4, 4, 4, 4, 4, 4, 4, 4, 4, 4, 4, 4, 4, 4, 4, 4, 4, 4, 4, 4, 4, 4, 4, 4, 4, 4, 4, 4, 4, 4, 4, 4, 4, 4, 4, 4, 4, 4, 4, 4, 4, 4, 4, 4, 4, 4, 4, 4, 4, 4, 4, 4, 4, 4, 4, 4, 4, 4, 4, 4, 4, 4, 4, 4, 4, 4, 4, 4, 4, 4, 4, 4, 4, 4, 4, 4, 4, 4, 4, 4, 4, 4, 4, 4, 4, 4, 4, 4, 4, 4, 4, 4, 4, 4, 4, 4, 4, 4, 4, 4, 4, 4, 4, 4, 4, 4, 4, 4, 4, 4, 4, 4, 4, 4, 4, 4, 4, 4, 4, 4, 4, 4, 4, 4, 4, 4, 4, 4, 4, 4, 4, 4, 4, 4, 4, 4, 4, 4, 4, 4, 4, 4, 4, 4, 4, 4, 4, 4, 4, 4, 4, 4, 4, 4, 4, 4, 4, 3], "test_accuracy": 0.0967741935483871, "predictions": [3, 3, 3, 3, 3, 3, 3, 3, 3, 3, 3, 3, 3, 3, 3, 3, 3, 3, 3, 3, 3, 3, 3, 3, 3, 3, 3, 3, 3, 3, 3, 3, 3, 3, 3, 3, 3, 3, 3, 3, 3, 3, 3, 3, 3, 3, 3, 3, 3, 3, 3, 3, 3, 3, 3, 3, 3, 3, 3, 3, 3, 3, 3, 3, 3, 3, 3, 3, 3, 3, 3, 3, 3, 3, 3, 3, 3, 3, 3, 3, 3, 3, 3, 3, 3, 3, 3, 3, 3, 3, 3, 3, 3, 3, 3, 3, 3, 3, 3, 3, 3, 3, 3, 3, 3, 3, 3, 3, 3, 3, 3, 3, 3, 3, 3, 3, 3, 3, 3, 3, 3, 3, 3, 3, 3, 3, 3, 3, 3, 3, 3, 3, 3, 3, 3, 3, 3, 3, 3, 3, 3, 3, 3, 3, 3, 3, 3, 3, 3, 3, 3, 3, 3, 3, 3, 3, 3, 3, 3, 3, 3, 3, 3, 3, 3, 3, 3, 3, 3, 3, 3, 3, 3, 3, 3, 3, 3, 3, 3, 3, 3, 3, 3, 3, 3, 3, 3, 3, 3, 3, 3, 3, 3, 3, 3, 3, 3, 3, 3, 3, 3, 3, 3, 3, 3, 3, 3, 3, 3, 3, 3, 3, 3, 3, 3, 3, 3, 3, 3, 3, 3, 3, 3, 3, 3, 3, 3, 3, 3, 3, 3, 3, 3, 3, 3, 3, 3, 3, 3, 3, 3, 3, 3, 3, 3, 3, 3, 3, 3, 3, 3, 3, 3, 3, 3, 3, 3, 3, 3, 3, 3, 3, 3, 3, 3, 3, 3, 3, 3, 3, 3, 3, 3, 3, 3, 3, 3, 3, 3, 3, 3, 3, 3, 3, 3, 3, 3, 3, 3, 3, 3, 3, 3, 3, 3, 3, 3, 3, 3, 3, 3, 3, 3, 3, 3, 3, 3, 3, 3, 3, 3, 3, 3, 3, 3, 3, 3, 3, 3, 3, 3, 3, 3, 3, 3, 3, 3, 3, 3, 3, 3, 3, 3, 3, 3, 3, 3, 3, 3, 3, 3, 3, 3, 3, 3, 3, 3, 3, 3, 3, 3, 3, 3, 3, 3, 3, 3, 3, 3, 3, 3, 3, 3, 3, 3, 3, 3, 3, 3, 3, 3, 3, 3, 3, 3, 3, 3, 3, 3, 3, 3, 3, 3, 3, 3, 3, 3, 3, 3, 3, 3, 3, 3, 3, 3, 3, 3, 3, 3, 3, 3, 3, 3, 3, 3, 3, 3, 3, 3, 3, 3, 3, 3, 3, 3, 3, 3, 3, 3, 3, 3, 3, 3, 3, 3, 3, 3, 3, 3, 3, 3, 3, 3, 3, 3, 3, 3, 3, 3, 3, 3, 3, 3, 3, 3, 3, 3, 3, 3, 3, 3, 3, 3, 3, 3, 3, 3, 3, 3, 3, 3, 3, 3, 3, 3, 3, 3, 3, 3, 3, 3, 3, 3, 3, 3, 3, 3, 3, 3, 3, 3, 3, 3, 3, 3, 3, 3, 3, 3, 3, 3, 3, 3, 3, 3, 3, 3, 3, 3, 3, 3, 3, 3, 3, 3, 3, 3, 3, 3, 3, 3, 3, 3, 3, 3, 3, 3, 3, 3, 3, 3, 3, 3, 3, 3, 3, 3, 3, 3, 3, 3, 3, 3, 3, 3, 3, 3, 3, 3, 3, 3, 3, 3, 3, 3, 3, 3, 3, 3, 3, 3, 3, 3, 3, 3, 3, 3, 3, 3, 3, 3, 3, 3, 3, 3, 3, 3, 3, 3, 3, 3, 3, 3, 3, 3, 3, 3, 3, 3, 3, 3, 3, 3, 3, 3, 3, 3, 3, 3, 3, 3, 3, 3, 3, 3, 3, 3, 3, 3, 3, 3, 3, 3, 3, 3, 3, 3, 3, 3, 3, 3, 3, 3, 3, 3, 3, 3, 3, 3, 3, 3, 3, 3, 3, 3, 3, 3, 3, 3, 3, 3, 3, 3, 3, 3, 3, 3, 3, 3, 3, 3, 3, 3, 3, 3, 3, 3, 3, 3, 3, 3],