{"val_acc": [0.3640552995391705, 0.565284178187404, 0.6067588325652842, 0.6758832565284179, 0.6466973886328725, 0.6943164362519201, 0.728110599078341, 0.7311827956989247, 0.7603686635944701, 0.7434715821812596], "val_loss": [1.7805665239600317, 1.3585796049036132, 1.2162157425119833, 0.9903616033540181, 0.9870063156300893, 0.9366896807050412, 0.8503257152538723, 0.8080552622927296, 0.7610095180285398, 0.7599002416959844], "train_loss": [2.093289558762627, 1.56357495636061, 1.2903721967011483, 1.118676314128318, 0.9923878888371824, 0.923302522294027, 0.8576105624835932, 0.8067273747649195, 0.7395868134468551, 0.6948963886633255], "test_correct_in_batch": [3.0, 3.0, 3.0, 2.0, 4.0, 4.0, 2.0, 3.0, 3.0, 4.0, 4.0, 4.0, 1.0, 3.0, 3.0, 3.0, 2.0, 2.0, 3.0, 2.0, 2.0, 3.0, 2.0, 3.0, 3.0, 3.0, 3.0, 3.0, 2.0, 3.0, 1.0, 3.0, 3.0, 3.0, 3.0, 2.0, 3.0, 3.0, 4.0, 3.0, 3.0, 3.0, 1.0, 4.0, 4.0, 4.0, 0.0, 2.0, 2.0, 1.0, 3.0, 1.0, 2.0, 3.0, 4.0, 4.0, 4.0, 4.0, 4.0, 4.0, 4.0, 4.0, 2.0, 3.0, 2.0, 1.0, 3.0, 2.0, 4.0, 3.0, 1.0, 4.0, 3.0, 3.0, 4.0, 4.0, 4.0, 4.0, 3.0, 3.0, 2.0, 2.0, 4.0, 2.0, 2.0, 3.0, 3.0, 3.0, 4.0, 2.0, 2.0, 2.0, 4.0, 2.0, 4.0, 4.0, 3.0, 1.0, 3.0, 2.0, 2.0, 4.0, 4.0, 4.0, 2.0, 3.0, 3.0, 4.0, 4.0, 4.0, 3.0, 3.0, 4.0, 3.0, 4.0, 3.0, 2.0, 4.0, 4.0, 2.0, 2.0, 3.0, 4.0, 4.0, 4.0, 1.0, 2.0, 3.0, 4.0, 4.0, 3.0, 3.0, 3.0, 3.0, 2.0, 2.0, 4.0, 3.0, 2.0, 3.0, 3.0, 0.0, 1.0, 3.0, 3.0, 2.0, 2.0, 3.0, 3.0, 4.0, 2.0, 4.0, 4.0, 4.0, 3.0, 3.0, 2.0, 3.0, 3.0, 4.0, 4.0, 3.0, 3.0], "test_losses": [1.417098045349121, 0.9509279727935791, 1.1707228422164917, 1.4228293895721436, 0.502108097076416, 0.10343269258737564, 1.1802618503570557, 1.1194634437561035, 1.0596586465835571, 0.0928860530257225, 0.10026649385690689, 0.027831710875034332, 3.312833070755005, 0.5059633851051331, 0.4208148419857025, 0.6765859723091125, 1.4316262006759644, 0.6887786388397217, 0.794202983379364, 1.0968650579452515, 0.8279039263725281, 0.914237380027771, 1.0008810758590698, 0.6579607129096985, 0.38872650265693665, 0.7731581926345825, 0.34505704045295715, 0.8066415190696716, 1.0867061614990234, 0.8460100293159485, 1.6844676733016968, 0.615466833114624, 0.7663089036941528, 0.9931551218032837, 0.7494634985923767, 0.6301207542419434, 0.3852889835834503, 0.8546252250671387, 0.3686778247356415, 0.540961503982544, 1.0218112468719482, 1.1185134649276733, 1.5104358196258545, 0.2075997292995453, 0.4071677625179291, 0.35841721296310425, 1.7165132761001587, 1.3199551105499268, 1.0253615379333496, 1.8922655582427979, 1.076637625694275, 2.5540432929992676, 1.431639552116394, 1.0227001905441284, 0.41890349984169006, 0.045888446271419525, 0.28232547640800476, 0.09748067706823349, 0.09829333424568176, 0.3754757046699524, 0.47040730714797974, 0.19358454644680023, 0.5384937524795532, 0.5601632595062256, 1.0478185415267944, 1.5553758144378662, 0.46211951971054077, 1.113569736480713, 0.5991905927658081, 0.5608841180801392, 1.9325754642486572, 0.11623422801494598, 0.7965130805969238, 0.5603017210960388, 0.07967811077833176, 0.2221255898475647, 0.016744602471590042, 0.3272164762020111, 0.7235947847366333, 0.7701233625411987, 0.9529810547828674, 1.0987602472305298, 0.32319098711013794, 0.9874962568283081, 1.0151686668395996, 1.2456157207489014, 0.7365816235542297, 0.6476035118103027, 0.3521629571914673, 1.3339259624481201, 1.9515434503555298, 1.1444072723388672, 0.618259608745575, 1.32985258102417, 0.11824555695056915, 0.2639318108558655, 0.6855500936508179, 3.022094964981079, 0.8998708724975586, 0.6554405689239502, 1.7635520696640015, 0.18602252006530762, 0.3121153712272644, 0.1282142549753189, 1.090454339981079, 0.9301981925964355, 0.7110913991928101, 0.4031621515750885, 0.08543156832456589, 0.13273295760154724, 1.2251166105270386, 0.8795156478881836, 0.5051360130310059, 1.211085557937622, 0.2687588334083557, 0.4781979024410248, 1.9752880334854126, 0.20483726263046265, 0.05932120233774185, 2.088425874710083, 1.0272406339645386, 1.1179319620132446, 0.2750699818134308, 0.22680552303791046, 0.23258742690086365, 1.4963736534118652, 1.4015727043151855, 0.619306743144989, 0.29531627893447876, 0.25343579053878784, 1.218311071395874, 0.33801573514938354, 0.7290303111076355, 0.8559179306030273, 0.8085679411888123, 1.7691798210144043, 0.15865136682987213, 0.567408561706543, 1.9508259296417236, 0.6643450260162354, 0.3672650158405304, 3.70394229888916, 2.120856761932373, 0.6333305239677429, 0.41480398178100586, 1.2825536727905273, 0.8084595203399658, 0.6473677158355713, 0.9055755138397217, 0.19113847613334656, 1.1702492237091064, 0.1273771971464157, 0.03914644196629524, 0.3256200850009918, 0.9972900152206421, 0.6655703783035278, 0.7005707621574402, 1.1835066080093384, 0.7088019847869873, 0.14758062362670898, 0.015913594514131546, 0.6115245819091797, 0.23953445255756378], "test_loss": 0.8096584953093455, "test_batch_lens": [4, 4, 4, 4, 4, 4, 4, 4, 4, 4, 4, 4, 4, 4, 4, 4, 4, 4, 4, 4, 4, 4, 4, 4, 4, 4, 4, 4, 4, 4, 4, 4, 4, 4, 4, 4, 4, 4, 4, 4, 4, 4, 4, 4, 4, 4, 4, 4, 4, 4, 4, 4, 4, 4, 4, 4, 4, 4, 4, 4, 4, 4, 4, 4, 4, 4, 4, 4, 4, 4, 4, 4, 4, 4, 4, 4, 4, 4, 4, 4, 4, 4, 4, 4, 4, 4, 4, 4, 4, 4, 4, 4, 4, 4, 4, 4, 4, 4, 4, 4, 4, 4, 4, 4, 4, 4, 4, 4, 4, 4, 4, 4, 4, 4, 4, 4, 4, 4, 4, 4, 4, 4, 4, 4, 4, 4, 4, 4, 4, 4, 4, 4, 4, 4, 4, 4, 4, 4, 4, 4, 4, 4, 4, 4, 4, 4, 4, 4, 4, 4, 4, 4, 4, 4, 4, 4, 4, 4, 4, 4, 4, 4, 3], "test_accuracy": 0.7311827956989247, "predictions": [7, 4, 1, 6, 7, 3, 8, 8, 0, 3, 4, 7, 1, 0, 8, 0, 9, 6, 4, 9, 8, 10, 1, 4, 6, 1, 9, 6, 6, 8, 2, 0, 1, 3, 6, 3, 10, 5, 5, 0, 10, 3, 2, 10, 7, 8, 4, 3, 2, 1, 2, 4, 1, 4, 6, 1, 0, 9, 1, 10, 10, 6, 0, 6, 5, 9, 8, 6, 0, 1, 3, 3, 1, 3, 1, 6, 6, 2, 4, 2, 1, 1, 1, 1, 5, 5, 1, 3, 0, 9, 9, 2, 10, 7, 0, 5, 9, 8, 2, 7, 5, 0, 10, 6, 2, 8, 3, 9, 10, 4, 7, 6, 0, 0, 7, 8, 0, 10, 0, 0, 4, 9, 0, 8, 5, 1, 8, 9, 6, 7, 4, 8, 10, 10, 7, 1, 4, 3, 9, 0, 10, 1, 3, 7, 9, 7, 4, 7, 2, 10, 9, 4, 10, 10, 1, 0, 10, 0, 4, 7, 8, 0, 10, 4, 2, 9, 10, 5, 5, 0, 10, 7, 10, 7, 6, 8, 0, 8, 1, 2, 6, 3, 5, 3, 7, 1, 2, 7, 1, 2, 0, 6, 0, 8, 9, 5, 3, 1, 5, 7, 0, 1, 6, 1, 4, 7, 0, 5, 3, 7, 9, 6, 6, 5, 4, 5, 2, 10, 8, 4, 7, 3, 0, 6, 7, 0, 5, 7, 1, 0, 1, 6, 3, 7, 7, 2, 10, 4, 3, 10, 9, 4, 3, 3, 1, 7, 8, 5, 6, 4, 10, 3, 3, 2, 3, 10, 3, 4, 5, 3, 0, 9, 7, 0, 5, 3, 8, 1, 9, 7, 9, 10, 3, 5, 2, 2, 7, 9, 9, 7, 9, 3, 4, 10, 2, 4, 2, 5, 5, 10, 8, 0, 6, 6, 0, 1, 2, 7, 3, 2, 4, 10, 8, 6, 6, 0, 2, 7, 10, 1, 7, 6, 4, 2, 5, 2, 0, 7, 4, 3, 2, 6, 9, 7, 3, 2, 8, 5, 2, 9, 4, 1, 3, 1, 4, 7, 1, 10, 9, 2, 5, 0, 0, 10, 5, 1, 5, 7, 3, 6, 5, 6, 4, 9, 5, 1, 9, 3, 9, 7, 6, 6, 6, 10, 2, 9, 10, 5, 6, 7, 4, 0, 5, 0, 1, 2, 5, 0, 3, 7, 3, 1, 8, 2, 2, 1, 4, 9, 3, 3, 0, 2, 9, 4, 8, 0, 5, 6, 7, 7, 7, 9, 8, 9, 1, 10, 10, 5, 5, 7, 3, 3, 5, 10, 9, 7, 2, 3, 8, 3, 0, 5, 5, 1, 2, 0, 3, 8, 8, 4, 8, 3, 8, 0, 3, 2, 2, 3, 7, 10, 10, 2, 10, 6, 6, 5, 0, 2, 8, 2, 1, 9, 9, 5, 4, 9, 1, 3, 5, 7, 9, 10, 1, 2, 0, 6, 0, 8, 2, 4, 10, 1, 1, 2, 8, 2, 4, 3, 2, 8, 4, 4, 0, 7, 6, 9, 8, 0, 2, 8, 6, 9, 3, 7, 2, 4, 3, 0, 1, 3, 1, 2, 3, 9, 7, 3, 1, 5, 3, 1, 7, 10, 4, 10, 2, 5, 5, 7, 5, 1, 4, 5, 1, 4, 5, 4, 4, 5, 9, 7, 7, 3, 0, 6, 4, 3, 2, 8, 1, 6, 9, 1, 5, 5, 2, 0, 9, 7, 6, 4, 6, 9, 0, 10, 10, 0, 8, 1, 7, 3, 2, 8, 9, 6, 2, 6, 5, 3, 3, 2, 3, 6, 2, 10, 9, 7, 9, 8, 8, 6, 6, 9, 7, 8, 7, 9, 4, 7, 3, 3, 7, 9, 1, 7, 5, 2, 0, 7, 8, 0, 7, 9, 8, 5, 4, 8, 6, 6, 1, 5, 3, 0, 1, 4, 7, 1, 9, 7, 6, 6, 10, 7, 3, 0, 3, 4, 3, 4, 3, 8, 7, 8, 1, 9, 4, 0, 2, 3, 7, 8, 6, 8, 1, 7, 4, 1, 2, 0, 8, 6, 7],