{"val_acc": [0.8341013824884793, 0.8494623655913979, 0.9109062980030722, 0.9247311827956989, 0.9324116743471582], "val_loss": [0.5205692339722822, 0.5204714477984264, 0.28950207544443557, 0.287115418625727, 0.24758548250755014], "train_loss": [1.1050467141801672, 0.48280126454600736, 0.3785735684734355, 0.3096301896126029, 0.2614665496264596], "test_correct_in_batch": [4.0, 4.0, 4.0, 4.0, 4.0, 4.0, 3.0, 4.0, 3.0, 4.0, 4.0, 4.0, 3.0, 4.0, 4.0, 3.0, 3.0, 4.0, 3.0, 3.0, 4.0, 4.0, 4.0, 4.0, 3.0, 4.0, 4.0, 3.0, 3.0, 4.0, 2.0, 4.0, 4.0, 4.0, 4.0, 4.0, 4.0, 4.0, 4.0, 4.0, 3.0, 4.0, 3.0, 4.0, 3.0, 4.0, 4.0, 4.0, 3.0, 4.0, 3.0, 1.0, 4.0, 4.0, 3.0, 4.0, 4.0, 4.0, 4.0, 3.0, 4.0, 4.0, 3.0, 4.0, 3.0, 4.0, 4.0, 3.0, 3.0, 3.0, 3.0, 4.0, 4.0, 3.0, 4.0, 4.0, 4.0, 4.0, 3.0, 4.0, 4.0, 4.0, 3.0, 4.0, 4.0, 3.0, 4.0, 4.0, 4.0, 4.0, 4.0, 4.0, 3.0, 4.0, 4.0, 4.0, 4.0, 1.0, 4.0, 4.0, 3.0, 4.0, 4.0, 4.0, 4.0, 4.0, 4.0, 4.0, 4.0, 4.0, 4.0, 3.0, 4.0, 4.0, 4.0, 4.0, 3.0, 4.0, 4.0, 4.0, 4.0, 2.0, 4.0, 4.0, 3.0, 4.0, 4.0, 2.0, 4.0, 3.0, 4.0, 4.0, 4.0, 3.0, 4.0, 3.0, 4.0, 3.0, 3.0, 2.0, 4.0, 4.0, 4.0, 4.0, 4.0, 3.0, 3.0, 4.0, 4.0, 4.0, 3.0, 3.0, 3.0, 4.0, 4.0, 4.0, 4.0, 4.0, 4.0, 4.0, 4.0, 4.0, 3.0], "test_losses": [0.0004465249949134886, 0.17797710001468658, 0.13648253679275513, 0.036842212080955505, 0.00022643309785053134, 0.009199544787406921, 0.7929739952087402, 0.2249322235584259, 1.030623435974121, 0.002065890235826373, 0.010403091087937355, 0.014823829755187035, 2.211408853530884, 0.09027809649705887, 0.0355653241276741, 2.1105129718780518, 0.5412331819534302, 0.04807733744382858, 0.630207359790802, 0.2956194579601288, 0.048199787735939026, 0.013636097311973572, 0.09668169170618057, 0.002569617237895727, 0.2020343691110611, 0.0026338472962379456, 0.011189845390617847, 0.7363445162773132, 0.8985527157783508, 0.026314929127693176, 1.1702768802642822, 0.000563468667678535, 0.0017590131610631943, 0.0004932844312861562, 0.02022809162735939, 0.01367091853171587, 0.01987672597169876, 0.06058935821056366, 0.0006726763094775379, 0.016519788652658463, 0.5775322914123535, 0.0011352789588272572, 0.8342803120613098, 0.03984595090150833, 0.21517527103424072, 0.0024895600508898497, 0.10034948587417603, 0.15779997408390045, 0.552648663520813, 0.0324680395424366, 0.741269588470459, 1.725478172302246, 0.013695280998945236, 0.07294467091560364, 0.49175119400024414, 0.0032496387138962746, 0.004382329061627388, 0.16577990353107452, 0.006007717456668615, 1.0979245901107788, 0.025758393108844757, 0.026135075837373734, 0.9712167382240295, 0.005778175313025713, 0.3716619312763214, 0.029919574037194252, 0.05377739667892456, 0.679735004901886, 0.8427014350891113, 0.6734815835952759, 0.44829511642456055, 0.06013588234782219, 0.027693090960383415, 0.6624518036842346, 0.0034622864332050085, 0.17399442195892334, 0.022049689665436745, 0.001263968413695693, 0.4857511818408966, 0.036971766501665115, 0.006506298203021288, 0.061163123697042465, 0.2399132251739502, 0.0974007397890091, 0.08990875631570816, 0.9619339108467102, 0.041222598403692245, 0.015985775738954544, 0.07246683537960052, 0.3126364052295685, 0.012871143408119678, 0.11691690981388092, 1.1973237991333008, 0.007773301564157009, 0.0024192037526518106, 0.09293873608112335, 0.10570710897445679, 2.573801279067993, 0.04760158434510231, 0.05822530761361122, 0.7705153822898865, 0.000309669878333807, 0.002047278918325901, 0.09519877284765244, 0.04768921062350273, 0.018868740648031235, 0.01310560293495655, 0.09884732961654663, 0.061440251767635345, 0.007981323637068272, 0.006034520920366049, 1.0213207006454468, 0.006981493905186653, 0.00056834815768525, 0.2527567446231842, 0.08682692050933838, 0.49261564016342163, 0.003432305296882987, 0.018250687047839165, 0.09218909591436386, 0.0176077913492918, 1.0521037578582764, 0.20884570479393005, 0.08366633206605911, 0.8024172782897949, 0.15194086730480194, 0.018742799758911133, 0.8377671837806702, 0.04269751161336899, 0.7773614525794983, 0.05786814168095589, 0.11053640395402908, 0.017061032354831696, 0.32991185784339905, 0.007568337023258209, 0.4692458510398865, 0.000854708079714328, 0.590294361114502, 0.3917884826660156, 0.8989984393119812, 0.0012909594224765897, 0.14031758904457092, 0.23441550135612488, 0.03795076161623001, 0.013942526653409004, 0.9397857189178467, 0.6809205412864685, 0.0018706161063164473, 0.24823033809661865, 0.03733363002538681, 0.18585516512393951, 0.6338135004043579, 0.26745617389678955, 0.011575176380574703, 0.06750279664993286, 0.002652029739692807, 0.003801134880632162, 0.16587498784065247, 0.006822959054261446, 0.16793310642242432, 0.001212920295074582, 0.010673115961253643, 0.07434432953596115], "test_loss": 0.2711392600547117, "test_batch_lens": [4, 4, 4, 4, 4, 4, 4, 4, 4, 4, 4, 4, 4, 4, 4, 4, 4, 4, 4, 4, 4, 4, 4, 4, 4, 4, 4, 4, 4, 4, 4, 4, 4, 4, 4, 4, 4, 4, 4, 4, 4, 4, 4, 4, 4, 4, 4, 4, 4, 4, 4, 4, 4, 4, 4, 4, 4, 4, 4, 4, 4, 4, 4, 4, 4, 4, 4, 4, 4, 4, 4, 4, 4, 4, 4, 4, 4, 4, 4, 4, 4, 4, 4, 4, 4, 4, 4, 4, 4, 4, 4, 4, 4, 4, 4, 4, 4, 4, 4, 4, 4, 4, 4, 4, 4, 4, 4, 4, 4, 4, 4, 4, 4, 4, 4, 4, 4, 4, 4, 4, 4, 4, 4, 4, 4, 4, 4, 4, 4, 4, 4, 4, 4, 4, 4, 4, 4, 4, 4, 4, 4, 4, 4, 4, 4, 4, 4, 4, 4, 4, 4, 4, 4, 4, 4, 4, 4, 4, 4, 4, 4, 4, 3], "test_accuracy": 0.9139784946236559, "predictions": [7, 4, 1, 10, 7, 1, 8, 8, 0, 8, 4, 7, 1, 9, 3, 0, 9, 6, 4, 9, 8, 10, 1, 4, 6, 0, 8, 6, 6, 8, 2, 1, 1, 6, 6, 3, 10, 5, 5, 0, 10, 3, 2, 10, 7, 8, 4, 3, 3, 8, 3, 4, 3, 4, 6, 1, 1, 9, 1, 10, 10, 6, 9, 6, 5, 6, 8, 5, 8, 1, 3, 1, 4, 3, 1, 8, 6, 6, 9, 2, 3, 1, 3, 1, 5, 5, 1, 8, 0, 4, 9, 10, 10, 7, 1, 5, 1, 6, 2, 7, 5, 1, 10, 6, 10, 8, 3, 9, 10, 4, 7, 6, 0, 3, 7, 8, 0, 8, 0, 0, 4, 0, 0, 6, 5, 1, 7, 9, 6, 7, 4, 0, 10, 10, 7, 9, 4, 1, 9, 0, 10, 3, 3, 9, 4, 7, 4, 7, 2, 10, 2, 4, 10, 10, 1, 0, 10, 5, 4, 7, 4, 9, 10, 4, 2, 3, 10, 5, 8, 0, 6, 0, 10, 7, 6, 8, 3, 8, 1, 2, 6, 3, 5, 3, 9, 3, 4, 8, 3, 2, 0, 2, 0, 9, 9, 5, 1, 3, 5, 9, 4, 1, 6, 1, 4, 4, 9, 9, 3, 9, 5, 6, 2, 5, 4, 5, 2, 10, 5, 4, 7, 3, 0, 6, 7, 0, 5, 7, 1, 0, 1, 6, 3, 7, 7, 2, 10, 9, 3, 10, 9, 4, 3, 3, 1, 7, 8, 5, 2, 4, 10, 8, 1, 2, 3, 10, 6, 9, 9, 3, 3, 10, 7, 1, 5, 1, 8, 1, 3, 7, 3, 10, 3, 5, 6, 2, 7, 6, 9, 7, 1, 8, 8, 10, 2, 4, 2, 5, 5, 3, 8, 0, 6, 6, 0, 1, 2, 7, 3, 2, 4, 10, 8, 6, 6, 0, 2, 7, 10, 1, 7, 6, 9, 8, 5, 2, 0, 9, 4, 3, 2, 6, 7, 9, 1, 8, 8, 5, 2, 4, 4, 1, 1, 8, 4, 7, 1, 2, 7, 2, 5, 0, 9, 10, 5, 0, 5, 7, 3, 6, 4, 6, 4, 9, 5, 1, 8, 3, 7, 7, 4, 4, 6, 10, 8, 9, 8, 5, 6, 9, 4, 0, 5, 0, 9, 10, 5, 0, 3, 7, 3, 1, 8, 2, 2, 4, 4, 9, 3, 0, 5, 6, 9, 4, 0, 0, 5, 6, 9, 9, 7, 7, 8, 9, 1, 10, 10, 5, 5, 7, 3, 3, 5, 10, 9, 7, 2, 3, 1, 1, 0, 5, 4, 1, 2, 0, 1, 8, 8, 4, 8, 3, 8, 0, 3, 2, 2, 3, 7, 10, 10, 4, 10, 6, 6, 5, 0, 5, 8, 2, 1, 9, 9, 5, 9, 9, 1, 3, 5, 7, 9, 10, 1, 8, 1, 6, 3, 4, 2, 4, 10, 1, 1, 2, 8, 2, 4, 8, 2, 5, 9, 9, 0, 7, 6, 4, 6, 0, 2, 8, 6, 9, 3, 7, 2, 4, 8, 0, 1, 3, 9, 6, 3, 4, 6, 3, 3, 5, 3, 8, 7, 10, 4, 10, 2, 5, 5, 7, 5, 3, 4, 5, 0, 4, 5, 4, 9, 5, 9, 7, 7, 2, 0, 6, 4, 3, 2, 9, 1, 8, 9, 1, 5, 8, 2, 0, 9, 7, 6, 4, 6, 9, 0, 10, 8, 1, 8, 8, 7, 3, 2, 7, 9, 6, 7, 8, 9, 0, 8, 2, 10, 5, 2, 10, 8, 7, 9, 6, 8, 6, 6, 6, 7, 9, 7, 4, 4, 9, 3, 3, 7, 4, 1, 7, 5, 4, 0, 7, 8, 0, 4, 4, 5, 5, 4, 6, 6, 6, 1, 5, 8, 0, 1, 4, 7, 1, 9, 4, 6, 6, 10, 7, 1, 0, 3, 9, 1, 4, 3, 10, 7, 8, 9, 9, 4, 0, 2, 3, 7, 8, 6, 8, 1, 7, 4, 0, 2, 0, 8, 6, 7],