{"val_acc": [0.09831029185867896, 0.07987711213517665, 0.0706605222734255, 0.0967741935483871, 0.07987711213517665, 0.08602150537634409, 0.06144393241167435, 0.0967741935483871, 0.0967741935483871, 0.06144393241167435], "val_loss": [2.3976327041906815, 2.3998272126437694, 2.4011387386205008, 2.398594661724348, 2.3990276518043565, 2.4004667010044027, 2.400432206370348, 2.399024565527044, 2.397165536880493, 2.3981418536484607], "train_loss": [2.39946166151499, 2.3987405606496885, 2.398694886902297, 2.398596927347795, 2.3985268778343936, 2.398509435050993, 2.3984443656227135, 2.3984718060327768, 2.3983254567552157, 2.398514476176204], "test_correct_in_batch": [0.0, 0.0, 0.0, 1.0, 2.0, 0.0, 0.0, 0.0, 1.0, 0.0, 0.0, 0.0, 1.0, 0.0, 1.0, 0.0, 0.0, 0.0, 0.0, 1.0, 0.0, 0.0, 1.0, 0.0, 0.0, 0.0, 1.0, 0.0, 0.0, 0.0, 0.0, 1.0, 0.0, 1.0, 1.0, 1.0, 0.0, 0.0, 0.0, 0.0, 1.0, 0.0, 1.0, 0.0, 0.0, 0.0, 1.0, 0.0, 2.0, 1.0, 0.0, 0.0, 1.0, 0.0, 0.0, 0.0, 0.0, 0.0, 0.0, 0.0, 1.0, 0.0, 0.0, 0.0, 1.0, 0.0, 0.0, 0.0, 0.0, 1.0, 0.0, 0.0, 0.0, 0.0, 0.0, 0.0, 0.0, 0.0, 1.0, 1.0, 1.0, 0.0, 1.0, 0.0, 0.0, 0.0, 0.0, 0.0, 1.0, 0.0, 0.0, 1.0, 0.0, 1.0, 0.0, 0.0, 1.0, 2.0, 1.0, 2.0, 1.0, 0.0, 0.0, 1.0, 0.0, 0.0, 0.0, 0.0, 0.0, 0.0, 0.0, 1.0, 1.0, 3.0, 0.0, 1.0, 0.0, 0.0, 0.0, 0.0, 2.0, 1.0, 1.0, 0.0, 0.0, 1.0, 0.0, 0.0, 0.0, 0.0, 0.0, 1.0, 1.0, 0.0, 1.0, 1.0, 1.0, 2.0, 0.0, 0.0, 1.0, 1.0, 0.0, 0.0, 1.0, 1.0, 1.0, 0.0, 0.0, 0.0, 0.0, 0.0, 0.0, 0.0, 1.0, 0.0, 1.0, 0.0, 2.0, 0.0, 0.0, 0.0, 0.0], "test_losses": [2.397855758666992, 2.41099214553833, 2.4034829139709473, 2.387129783630371, 2.387874126434326, 2.403646230697632, 2.4177663326263428, 2.409701347351074, 2.393887758255005, 2.390899181365967, 2.394972324371338, 2.406726360321045, 2.3984382152557373, 2.4035799503326416, 2.3876681327819824, 2.4027304649353027, 2.4020533561706543, 2.4043314456939697, 2.4043314456939697, 2.4019086360931396, 2.3981661796569824, 2.4027726650238037, 2.386444568634033, 2.3952372074127197, 2.406562089920044, 2.39837646484375, 2.3940744400024414, 2.3978559970855713, 2.399052619934082, 2.394841432571411, 2.410240888595581, 2.389908790588379, 2.400831699371338, 2.3856992721557617, 2.388909101486206, 2.387908935546875, 2.4027152061462402, 2.401071310043335, 2.3898732662200928, 2.397136688232422, 2.3958535194396973, 2.3967175483703613, 2.390172004699707, 2.405876874923706, 2.4029433727264404, 2.4010815620422363, 2.3984382152557373, 2.3986332416534424, 2.385502338409424, 2.389533758163452, 2.407845973968506, 2.408130407333374, 2.3931684494018555, 2.4002418518066406, 2.4055016040802, 2.399052619934082, 2.395073652267456, 2.398437023162842, 2.4008920192718506, 2.395016670227051, 2.39227294921875, 2.403987169265747, 2.3992159366607666, 2.3974366188049316, 2.3931684494018555, 2.3960766792297363, 2.403491973876953, 2.40236234664917, 2.4010372161865234, 2.3912439346313477, 2.4116673469543457, 2.4028165340423584, 2.40048885345459, 2.4047226905822754, 2.402251958847046, 2.407280921936035, 2.400787830352783, 2.3995912075042725, 2.3931241035461426, 2.3890292644500732, 2.3961181640625, 2.4097776412963867, 2.393887519836426, 2.4066061973571777, 2.4021317958831787, 2.3921139240264893, 2.3938591480255127, 2.407214641571045, 2.391312837600708, 2.405322313308716, 2.402894973754883, 2.401984691619873, 2.400831699371338, 2.3838257789611816, 2.3946986198425293, 2.406186819076538, 2.395787239074707, 2.38295578956604, 2.3857855796813965, 2.3852553367614746, 2.3947582244873047, 2.392277479171753, 2.397942304611206, 2.387444496154785, 2.3999011516571045, 2.395982503890991, 2.4029433727264404, 2.4125168323516846, 2.4030635356903076, 2.3979320526123047, 2.398530960083008, 2.389925003051758, 2.3982739448547363, 2.3738279342651367, 2.3978219032287598, 2.393954038619995, 2.407966136932373, 2.3992159366607666, 2.4079220294952393, 2.4072468280792236, 2.3797121047973633, 2.3924994468688965, 2.4019086360931396, 2.4022960662841797, 2.395042896270752, 2.395787239074707, 2.4010815620422363, 2.3928332328796387, 2.398496627807617, 2.396982192993164, 2.3978819847106934, 2.3905937671661377, 2.3929789066314697, 2.3986775875091553, 2.3982737064361572, 2.4027040004730225, 2.3893604278564453, 2.3896093368530273, 2.404909133911133, 2.4004406929016113, 2.3961181640625, 2.3937904834747314, 2.4028828144073486, 2.404097557067871, 2.4036877155303955, 2.396162509918213, 2.398813247680664, 2.4005610942840576, 2.3996009826660156, 2.3984599113464355, 2.398881673812866, 2.4133801460266113, 2.3942031860351562, 2.400320529937744, 2.399301528930664, 2.3928332328796387, 2.3921525478363037, 2.40236234664917, 2.3811161518096924, 2.406682252883911, 2.408341407775879, 2.3954339027404785, 2.411813259124756], "test_loss": 2.3982140184180136, "test_batch_lens": [4, 4, 4, 4, 4, 4, 4, 4, 4, 4, 4, 4, 4, 4, 4, 4, 4, 4, 4, 4, 4, 4, 4, 4, 4, 4, 4, 4, 4, 4, 4, 4, 4, 4, 4, 4, 4, 4, 4, 4, 4, 4, 4, 4, 4, 4, 4, 4, 4, 4, 4, 4, 4, 4, 4, 4, 4, 4, 4, 4, 4, 4, 4, 4, 4, 4, 4, 4, 4, 4, 4, 4, 4, 4, 4, 4, 4, 4, 4, 4, 4, 4, 4, 4, 4, 4, 4, 4, 4, 4, 4, 4, 4, 4, 4, 4, 4, 4, 4, 4, 4, 4, 4, 4, 4, 4, 4, 4, 4, 4, 4, 4, 4, 4, 4, 4, 4, 4, 4, 4, 4, 4, 4, 4, 4, 4, 4, 4, 4, 4, 4, 4, 4, 4, 4, 4, 4, 4, 4, 4, 4, 4, 4, 4, 4, 4, 4, 4, 4, 4, 4, 4, 4, 4, 4, 4, 4, 4, 4, 4, 4, 4, 3], "test_accuracy": 0.09984639016897082, "predictions": [9, 9, 9, 9, 9, 9, 9, 9, 9, 9, 9, 9, 9, 9, 9, 9, 9, 9, 9, 9, 9, 9, 9, 9, 9, 9, 9, 9, 9, 9, 9, 9, 9, 9, 9, 9, 9, 9, 9, 9, 9, 9, 9, 9, 9, 9, 9, 9, 9, 9, 9, 9, 9, 9, 9, 9, 9, 9, 9, 9, 9, 9, 9, 9, 9, 9, 9, 9, 9, 9, 9, 9, 9, 9, 9, 9, 9, 9, 9, 9, 9, 9, 9, 9, 9, 9, 9, 9, 9, 9, 9, 9, 9, 9, 9, 9, 9, 9, 9, 9, 9, 9, 9, 9, 9, 9, 9, 9, 9, 9, 9, 9, 9, 9, 9, 9, 9, 9, 9, 9, 9, 9, 9, 9, 9, 9, 9, 9, 9, 9, 9, 9, 9, 9, 9, 9, 9, 9, 9, 9, 9, 9, 9, 9, 9, 9, 9, 9, 9, 9, 9, 9, 9, 9, 9, 9, 9, 9, 9, 9, 9, 9, 9, 9, 9, 9, 9, 9, 9, 9, 9, 9, 9, 9, 9, 9, 9, 9, 9, 9, 9, 9, 9, 9, 9, 9, 9, 9, 9, 9, 9, 9, 9, 9, 9, 9, 9, 9, 9, 9, 9, 9, 9, 9, 9, 9, 9, 9, 9, 9, 9, 9, 9, 9, 9, 9, 9, 9, 9, 9, 9, 9, 9, 9, 9, 9, 9, 9, 9, 9, 9, 9, 9, 9, 9, 9, 9, 9, 9, 9, 9, 9, 9, 9, 9, 9, 9, 9, 9, 9, 9, 9, 9, 9, 9, 9, 9, 9, 9, 9, 9, 9, 9, 9, 9, 9, 9, 9, 9, 9, 9, 9, 9, 9, 9, 9, 9, 9, 9, 9, 9, 9, 9, 9, 9, 9, 9, 9, 9, 9, 9, 9, 9, 9, 9, 9, 9, 9, 9, 9, 9, 9, 9, 9, 9, 9, 9, 9, 9, 9, 9, 9, 9, 9, 9, 9, 9, 9, 9, 9, 9, 9, 9, 9, 9, 9, 9, 9, 9, 9, 9, 9, 9, 9, 9, 9, 9, 9, 9, 9, 9, 9, 9, 9, 9, 9, 9, 9, 9, 9, 9, 9, 9, 9, 9, 9, 9, 9, 9, 9, 9, 9, 9, 9, 9, 9, 9, 9, 9, 9, 9, 9, 9, 9, 9, 9, 9, 9, 9, 9, 9, 9, 9, 9, 9, 9, 9, 9, 9, 9, 9, 9, 9, 9, 9, 9, 9, 9, 9, 9, 9, 9, 9, 9, 9, 9, 9, 9, 9, 9, 9, 9, 9, 9, 9, 9, 9, 9, 9, 9, 9, 9, 9, 9, 9, 9, 9, 9, 9, 9, 9, 9, 9, 9, 9, 9, 9, 9, 9, 9, 9, 9, 9, 9, 9, 9, 9, 9, 9, 9, 9, 9, 9, 9, 9, 9, 9, 9, 9, 9, 9, 9, 9, 9, 9, 9, 9, 9, 9, 9, 9, 9, 9, 9, 9, 9, 9, 9, 9, 9, 9, 9, 9, 9, 9, 9, 9, 9, 9, 9, 9, 9, 9, 9, 9, 9, 9, 9, 9, 9, 9, 9, 9, 9, 9, 9, 9, 9, 9, 9, 9, 9, 9, 9, 9, 9, 9, 9, 9, 9, 9, 9, 9, 9, 9, 9, 9, 9, 9, 9, 9, 9, 9, 9, 9, 9, 9, 9, 9, 9, 9, 9, 9, 9, 9, 9, 9, 9, 9, 9, 9, 9, 9, 9, 9, 9, 9, 9, 9, 9, 9, 9, 9, 9, 9, 9, 9, 9, 9, 9, 9, 9, 9, 9, 9, 9, 9, 9, 9, 9, 9, 9, 9, 9, 9, 9, 9, 9, 9, 9, 9, 9, 9, 9, 9, 9, 9, 9, 9, 9, 9, 9, 9, 9, 9, 9, 9, 9, 9, 9, 9, 9, 9, 9, 9, 9, 9, 9, 9, 9, 9, 9, 9, 9, 9, 9, 9, 9, 9, 9, 9, 9, 9, 9, 9, 9, 9, 9, 9, 9, 9, 9, 9, 9, 9, 9, 9, 9, 9, 9, 9],