{"val_acc": [0.08602150537634409, 0.06144393241167435, 0.08602150537634409, 0.06144393241167435, 0.08602150537634409, 0.0706605222734255, 0.06144393241167435, 0.10445468509984639, 0.06144393241167435, 0.08602150537634409], "val_loss": [2.4009268795785728, 2.3992964753344017, 2.3992463050444433, 2.401028416639457, 2.399557432514027, 2.397450912218152, 2.3997867473064023, 2.39824945502486, 2.399142702664334, 2.39780166836604], "train_loss": [2.399241730337172, 2.3984725131575426, 2.3984217564740202, 2.398307198254265, 2.398373340585418, 2.398391064022207, 2.3984684739529807, 2.3982973610890475, 2.3984622841257455, 2.398362004585445], "test_correct_in_batch": [0.0, 0.0, 0.0, 1.0, 0.0, 0.0, 0.0, 0.0, 1.0, 0.0, 1.0, 1.0, 1.0, 1.0, 0.0, 0.0, 0.0, 1.0, 1.0, 0.0, 2.0, 0.0, 0.0, 0.0, 0.0, 0.0, 1.0, 0.0, 1.0, 0.0, 0.0, 0.0, 0.0, 0.0, 0.0, 2.0, 0.0, 0.0, 0.0, 0.0, 0.0, 1.0, 0.0, 0.0, 0.0, 2.0, 1.0, 1.0, 0.0, 1.0, 0.0, 1.0, 1.0, 0.0, 0.0, 1.0, 0.0, 0.0, 1.0, 1.0, 2.0, 0.0, 0.0, 1.0, 1.0, 1.0, 0.0, 1.0, 1.0, 1.0, 0.0, 0.0, 1.0, 0.0, 1.0, 0.0, 0.0, 0.0, 0.0, 1.0, 0.0, 0.0, 0.0, 0.0, 0.0, 0.0, 0.0, 1.0, 0.0, 1.0, 0.0, 0.0, 0.0, 0.0, 1.0, 1.0, 0.0, 1.0, 0.0, 0.0, 0.0, 0.0, 2.0, 0.0, 1.0, 0.0, 0.0, 1.0, 1.0, 1.0, 0.0, 0.0, 0.0, 0.0, 1.0, 0.0, 1.0, 0.0, 0.0, 0.0, 0.0, 0.0, 0.0, 1.0, 2.0, 1.0, 2.0, 0.0, 0.0, 0.0, 0.0, 0.0, 0.0, 1.0, 0.0, 0.0, 0.0, 0.0, 0.0, 1.0, 0.0, 0.0, 0.0, 0.0, 0.0, 0.0, 0.0, 2.0, 0.0, 0.0, 0.0, 0.0, 1.0, 0.0, 0.0, 0.0, 1.0, 1.0, 0.0, 1.0, 0.0, 0.0, 0.0], "test_losses": [2.400731325149536, 2.388946294784546, 2.3989663124084473, 2.3956379890441895, 2.406219005584717, 2.4058868885040283, 2.3866519927978516, 2.3998403549194336, 2.388293504714966, 2.4120492935180664, 2.3901238441467285, 2.3827404975891113, 2.3926167488098145, 2.392874240875244, 2.4071083068847656, 2.394937753677368, 2.4104180335998535, 2.3901987075805664, 2.3901987075805664, 2.398759365081787, 2.3804931640625, 2.4088473320007324, 2.4113261699676514, 2.3988025188446045, 2.3955087661743164, 2.403134346008301, 2.385798931121826, 2.400731086730957, 2.3791353702545166, 2.4078614711761475, 2.3916218280792236, 2.4010400772094727, 2.3981423377990723, 2.3928322792053223, 2.414644718170166, 2.3760933876037598, 2.3965916633605957, 2.413209915161133, 2.4055893421173096, 2.4023020267486572, 2.4048056602478027, 2.3950133323669434, 2.4060616493225098, 2.3848037719726562, 2.4071850776672363, 2.3754379749298096, 2.3926167488098145, 2.398240089416504, 2.404262065887451, 2.3964900970458984, 2.399080276489258, 2.3971974849700928, 2.389864206314087, 2.4189093112945557, 2.406647205352783, 2.3791353702545166, 2.3918819427490234, 2.4056005477905273, 2.3748457431793213, 2.3928627967834473, 2.382911443710327, 2.3963189125061035, 2.412449359893799, 2.3934426307678223, 2.389864206314087, 2.3817243576049805, 2.4072766304016113, 2.375922679901123, 2.399092197418213, 2.373004198074341, 2.3899593353271484, 2.4180989265441895, 2.3924877643585205, 2.3997983932495117, 2.386564016342163, 2.399260997772217, 2.3954033851623535, 2.390605926513672, 2.4135184288024902, 2.399137258529663, 2.393603801727295, 2.401474714279175, 2.414686679840088, 2.398247718811035, 2.402071237564087, 2.3995208740234375, 2.4044101238250732, 2.3862481117248535, 2.415496826171875, 2.36828351020813, 2.408562183380127, 2.400393486022949, 2.3981423377990723, 2.4093973636627197, 2.3873322010040283, 2.3909590244293213, 2.4181861877441406, 2.382880687713623, 2.415363073348999, 2.4042904376983643, 2.381885528564453, 2.4064416885375977, 2.3711063861846924, 2.397721290588379, 2.396761178970337, 2.4172964096069336, 2.4071850776672363, 2.3878960609436035, 2.3916776180267334, 2.3824849128723145, 2.4017443656921387, 2.406090259552002, 2.4053852558135986, 2.40983510017395, 2.386613607406616, 2.40130615234375, 2.383572816848755, 2.412449359893799, 2.407227039337158, 2.411536693572998, 2.399106502532959, 2.4052798748016357, 2.398759365081787, 2.3893027305603027, 2.381211757659912, 2.3917930126190186, 2.3754382133483887, 2.3979501724243164, 2.41402006149292, 2.4036917686462402, 2.4207959175109863, 2.417067527770996, 2.3892719745635986, 2.4009790420532227, 2.4053852558135986, 2.398822784423828, 2.4009480476379395, 2.3960938453674316, 2.397303819656372, 2.388542413711548, 2.393603801727295, 2.394385576248169, 2.4047186374664307, 2.3921902179718018, 2.3913729190826416, 2.3963427543640137, 2.3971667289733887, 2.373034954071045, 2.405620574951172, 2.3961851596832275, 2.407191276550293, 2.395953416824341, 2.398289918899536, 2.404049873352051, 2.400674343109131, 2.3979501724243164, 2.39841890335083, 2.375922441482544, 2.4135634899139404, 2.3800015449523926, 2.388122320175171, 2.4172048568725586, 2.3803272247314453], "test_loss": 2.397266937911145, "test_batch_lens": [4, 4, 4, 4, 4, 4, 4, 4, 4, 4, 4, 4, 4, 4, 4, 4, 4, 4, 4, 4, 4, 4, 4, 4, 4, 4, 4, 4, 4, 4, 4, 4, 4, 4, 4, 4, 4, 4, 4, 4, 4, 4, 4, 4, 4, 4, 4, 4, 4, 4, 4, 4, 4, 4, 4, 4, 4, 4, 4, 4, 4, 4, 4, 4, 4, 4, 4, 4, 4, 4, 4, 4, 4, 4, 4, 4, 4, 4, 4, 4, 4, 4, 4, 4, 4, 4, 4, 4, 4, 4, 4, 4, 4, 4, 4, 4, 4, 4, 4, 4, 4, 4, 4, 4, 4, 4, 4, 4, 4, 4, 4, 4, 4, 4, 4, 4, 4, 4, 4, 4, 4, 4, 4, 4, 4, 4, 4, 4, 4, 4, 4, 4, 4, 4, 4, 4, 4, 4, 4, 4, 4, 4, 4, 4, 4, 4, 4, 4, 4, 4, 4, 4, 4, 4, 4, 4, 4, 4, 4, 4, 4, 4, 3], "test_accuracy": 0.0967741935483871, "predictions": [3, 3, 3, 3, 3, 3, 3, 3, 3, 3, 3, 3, 3, 3, 3, 3, 3, 3, 3, 3, 3, 3, 3, 3, 3, 3, 3, 3, 3, 3, 3, 3, 3, 3, 3, 3, 3, 3, 3, 3, 3, 3, 3, 3, 3, 3, 3, 3, 3, 3, 3, 3, 3, 3, 3, 3, 3, 3, 3, 3, 3, 3, 3, 3, 3, 3, 3, 3, 3, 3, 3, 3, 3, 3, 3, 3, 3, 3, 3, 3, 3, 3, 3, 3, 3, 3, 3, 3, 3, 3, 3, 3, 3, 3, 3, 3, 3, 3, 3, 3, 3, 3, 3, 3, 3, 3, 3, 3, 3, 3, 3, 3, 3, 3, 3, 3, 3, 3, 3, 3, 3, 3, 3, 3, 3, 3, 3, 3, 3, 3, 3, 3, 3, 3, 3, 3, 3, 3, 3, 3, 3, 3, 3, 3, 3, 3, 3, 3, 3, 3, 3, 3, 3, 3, 3, 3, 3, 3, 3, 3, 3, 3, 3, 3, 3, 3, 3, 3, 3, 3, 3, 3, 3, 3, 3, 3, 3, 3, 3, 3, 3, 3, 3, 3, 3, 3, 3, 3, 3, 3, 3, 3, 3, 3, 3, 3, 3, 3, 3, 3, 3, 3, 3, 3, 3, 3, 3, 3, 3, 3, 3, 3, 3, 3, 3, 3, 3, 3, 3, 3, 3, 3, 3, 3, 3, 3, 3, 3, 3, 3, 3, 3, 3, 3, 3, 3, 3, 3, 3, 3, 3, 3, 3, 3, 3, 3, 3, 3, 3, 3, 3, 3, 3, 3, 3, 3, 3, 3, 3, 3, 3, 3, 3, 3, 3, 3, 3, 3, 3, 3, 3, 3, 3, 3, 3, 3, 3, 3, 3, 3, 3, 3, 3, 3, 3, 3, 3, 3, 3, 3, 3, 3, 3, 3, 3, 3, 3, 3, 3, 3, 3, 3, 3, 3, 3, 3, 3, 3, 3, 3, 3, 3, 3, 3, 3, 3, 3, 3, 3, 3, 3, 3, 3, 3, 3, 3, 3, 3, 3, 3, 3, 3, 3, 3, 3, 3, 3, 3, 3, 3, 3, 3, 3, 3, 3, 3, 3, 3, 3, 3, 3, 3, 3, 3, 3, 3, 3, 3, 3, 3, 3, 3, 3, 3, 3, 3, 3, 3, 3, 3, 3, 3, 3, 3, 3, 3, 3, 3, 3, 3, 3, 3, 3, 3, 3, 3, 3, 3, 3, 3, 3, 3, 3, 3, 3, 3, 3, 3, 3, 3, 3, 3, 3, 3, 3, 3, 3, 3, 3, 3, 3, 3, 3, 3, 3, 3, 3, 3, 3, 3, 3, 3, 3, 3, 3, 3, 3, 3, 3, 3, 3, 3, 3, 3, 3, 3, 3, 3, 3, 3, 3, 3, 3, 3, 3, 3, 3, 3, 3, 3, 3, 3, 3, 3, 3, 3, 3, 3, 3, 3, 3, 3, 3, 3, 3, 3, 3, 3, 3, 3, 3, 3, 3, 3, 3, 3, 3, 3, 3, 3, 3, 3, 3, 3, 3, 3, 3, 3, 3, 3, 3, 3, 3, 3, 3, 3, 3, 3, 3, 3, 3, 3, 3, 3, 3, 3, 3, 3, 3, 3, 3, 3, 3, 3, 3, 3, 3, 3, 3, 3, 3, 3, 3, 3, 3, 3, 3, 3, 3, 3, 3, 3, 3, 3, 3, 3, 3, 3, 3, 3, 3, 3, 3, 3, 3, 3, 3, 3, 3, 3, 3, 3, 3, 3, 3, 3, 3, 3, 3, 3, 3, 3, 3, 3, 3, 3, 3, 3, 3, 3, 3, 3, 3, 3, 3, 3, 3, 3, 3, 3, 3, 3, 3, 3, 3, 3, 3, 3, 3, 3, 3, 3, 3, 3, 3, 3, 3, 3, 3, 3, 3, 3, 3, 3, 3, 3, 3, 3, 3, 3, 3, 3, 3, 3, 3, 3, 3, 3, 3, 3, 3, 3, 3, 3, 3, 3, 3, 3, 3, 3, 3, 3, 3, 3, 3, 3, 3, 3, 3, 3, 3, 3, 3, 3, 3, 3, 3, 3, 3, 3, 3],