{"val_acc": [0.8433179723502304, 0.9109062980030722, 0.9155145929339478, 0.9508448540706606, 0.9247311827956989, 0.9508448540706606, 0.9585253456221198, 0.9416282642089093, 0.9508448540706606, 0.9324116743471582], "val_loss": [0.576967929107097, 0.34718523680752406, 0.25843015000898323, 0.1734331685198368, 0.22700499102653238, 0.1471690752270683, 0.1406554093607987, 0.1945124577457354, 0.17063711491642675, 0.21283380192257406], "train_loss": [1.3160863215104046, 0.6260885549938005, 0.295473260926864, 0.22446563957765286, 0.16113890573446804, 0.13520758967230104, 0.10162066287202352, 0.0897537365674954, 0.08823236239819711, 0.09444688177757762], "test_correct_in_batch": [4.0, 4.0, 3.0, 4.0, 4.0, 4.0, 3.0, 4.0, 3.0, 4.0, 4.0, 4.0, 3.0, 4.0, 4.0, 3.0, 3.0, 4.0, 3.0, 4.0, 3.0, 4.0, 3.0, 4.0, 4.0, 4.0, 4.0, 4.0, 3.0, 4.0, 4.0, 4.0, 4.0, 4.0, 4.0, 4.0, 4.0, 4.0, 4.0, 4.0, 4.0, 4.0, 3.0, 4.0, 3.0, 4.0, 4.0, 4.0, 4.0, 4.0, 3.0, 1.0, 3.0, 4.0, 4.0, 4.0, 4.0, 4.0, 4.0, 3.0, 4.0, 4.0, 4.0, 4.0, 4.0, 4.0, 4.0, 3.0, 3.0, 4.0, 3.0, 4.0, 3.0, 4.0, 4.0, 4.0, 4.0, 4.0, 4.0, 4.0, 4.0, 4.0, 4.0, 4.0, 3.0, 3.0, 4.0, 3.0, 4.0, 3.0, 4.0, 4.0, 3.0, 4.0, 4.0, 4.0, 4.0, 2.0, 4.0, 4.0, 3.0, 4.0, 4.0, 4.0, 4.0, 4.0, 4.0, 4.0, 4.0, 4.0, 4.0, 3.0, 4.0, 4.0, 4.0, 4.0, 4.0, 4.0, 4.0, 4.0, 4.0, 3.0, 3.0, 3.0, 3.0, 4.0, 4.0, 3.0, 3.0, 4.0, 4.0, 4.0, 4.0, 4.0, 4.0, 4.0, 4.0, 4.0, 4.0, 3.0, 4.0, 4.0, 3.0, 4.0, 4.0, 2.0, 3.0, 3.0, 4.0, 4.0, 4.0, 3.0, 4.0, 4.0, 3.0, 4.0, 4.0, 4.0, 3.0, 4.0, 4.0, 4.0, 3.0], "test_losses": [0.0038314517587423325, 0.06376664340496063, 1.0517607927322388, 0.07176006585359573, 0.0004401721234899014, 0.001322348602116108, 1.1356205940246582, 0.08601544797420502, 0.4677446484565735, 0.009676789864897728, 0.0028738107066601515, 0.002428166102617979, 1.0911096334457397, 0.0020883039105683565, 0.006814310327172279, 2.2932634353637695, 0.6686300039291382, 0.03504195436835289, 1.9620848894119263, 0.009136589244008064, 0.6435590982437134, 0.002278519794344902, 0.2736724615097046, 0.06927420198917389, 0.00708857411518693, 0.002051467075943947, 0.013333985581994057, 0.3847448527812958, 0.2303956151008606, 0.007913697510957718, 0.045042652636766434, 0.001182610634714365, 0.0008385683759115636, 0.0002874443307518959, 0.020991697907447815, 0.004048303235322237, 0.008249863050878048, 0.010467437095940113, 0.02316167950630188, 0.011796936392784119, 0.007760308682918549, 0.004908115137368441, 0.5658972859382629, 0.0009909023065119982, 0.7022021412849426, 0.034931037575006485, 0.14462226629257202, 0.08565911650657654, 0.003458611899986863, 0.1098238006234169, 1.8661167621612549, 2.4561424255371094, 0.2470351606607437, 0.03566509485244751, 0.013931727036833763, 0.0021898637060076, 0.00018525696941651404, 0.0006026155315339565, 0.011784698814153671, 0.9843973517417908, 0.0038083032704889774, 0.0067258570343256, 0.12503713369369507, 0.004480683244764805, 0.030497029423713684, 0.007617553696036339, 0.05935124307870865, 1.3369543552398682, 0.37538203597068787, 0.39556822180747986, 1.2176796197891235, 0.0011498199310153723, 0.545850932598114, 0.27105075120925903, 0.002149630803614855, 0.002452980959787965, 0.006778922863304615, 0.0015995856374502182, 0.13209831714630127, 0.12494444847106934, 0.0031490286346524954, 0.03234649449586868, 0.006933911237865686, 0.003172977827489376, 0.2492775022983551, 1.0193573236465454, 0.15566276013851166, 0.5451712608337402, 0.08163580298423767, 0.7595557570457458, 0.030275437980890274, 0.009736985899508, 1.7305923700332642, 0.0023418026976287365, 0.0007675326196476817, 0.0038329483941197395, 0.007686208933591843, 3.252129554748535, 0.008798091672360897, 0.016113411635160446, 0.6836568713188171, 0.0018036430701613426, 0.009672768414020538, 0.1071867048740387, 0.0033763472456485033, 0.007948332466185093, 0.0020099435932934284, 0.0023061896208673716, 0.006789572071284056, 0.0012549356324598193, 0.023310236632823944, 0.2501002252101898, 0.0020398718770593405, 0.0006682262755930424, 0.09800948202610016, 0.0028220019303262234, 0.03634276241064072, 0.0009475225815549493, 0.0015534982085227966, 0.01482783816754818, 0.023102454841136932, 0.6299295425415039, 0.8631142973899841, 0.22671140730381012, 0.9725289940834045, 0.06463257968425751, 0.18051284551620483, 0.4901280999183655, 0.7250891327857971, 0.07759597897529602, 0.0017650986555963755, 0.0018420616397634149, 0.01531847845762968, 0.12460934370756149, 0.0011476107174530625, 0.0090806744992733, 0.0010033947182819247, 0.2412019670009613, 0.006765127182006836, 1.299017071723938, 0.0031901514157652855, 0.11632103472948074, 0.4927811920642853, 0.0031869153026491404, 0.003325927071273327, 0.807929277420044, 1.7415050268173218, 0.5451762080192566, 0.06411051005125046, 0.0009729322628118098, 0.004918565973639488, 0.4134863615036011, 0.06685718148946762, 0.0038424732629209757, 0.6924620866775513, 0.003973481711000204, 0.005455359350889921, 0.19942115247249603, 0.622161328792572, 0.0020076653454452753, 0.0005795751931145787, 0.004221070557832718, 0.020639529451727867], "test_loss": 0.26750955210592986, "test_batch_lens": [4, 4, 4, 4, 4, 4, 4, 4, 4, 4, 4, 4, 4, 4, 4, 4, 4, 4, 4, 4, 4, 4, 4, 4, 4, 4, 4, 4, 4, 4, 4, 4, 4, 4, 4, 4, 4, 4, 4, 4, 4, 4, 4, 4, 4, 4, 4, 4, 4, 4, 4, 4, 4, 4, 4, 4, 4, 4, 4, 4, 4, 4, 4, 4, 4, 4, 4, 4, 4, 4, 4, 4, 4, 4, 4, 4, 4, 4, 4, 4, 4, 4, 4, 4, 4, 4, 4, 4, 4, 4, 4, 4, 4, 4, 4, 4, 4, 4, 4, 4, 4, 4, 4, 4, 4, 4, 4, 4, 4, 4, 4, 4, 4, 4, 4, 4, 4, 4, 4, 4, 4, 4, 4, 4, 4, 4, 4, 4, 4, 4, 4, 4, 4, 4, 4, 4, 4, 4, 4, 4, 4, 4, 4, 4, 4, 4, 4, 4, 4, 4, 4, 4, 4, 4, 4, 4, 4, 4, 4, 4, 4, 4, 3], "test_accuracy": 0.9293394777265745, "predictions": [7, 4, 1, 10, 7, 1, 8, 8, 0, 1, 4, 7, 1, 9, 3, 0, 9, 6, 4, 9, 8, 10, 1, 4, 6, 1, 8, 6, 6, 8, 2, 1, 1, 1, 6, 3, 10, 5, 5, 0, 10, 3, 2, 10, 7, 8, 4, 3, 3, 8, 3, 4, 3, 4, 6, 1, 1, 9, 1, 10, 10, 6, 4, 6, 5, 3, 8, 5, 8, 1, 3, 1, 6, 3, 1, 8, 6, 8, 9, 2, 3, 1, 1, 1, 5, 5, 1, 8, 0, 5, 9, 10, 10, 7, 1, 5, 1, 8, 2, 7, 5, 1, 10, 6, 10, 8, 3, 9, 10, 4, 7, 1, 0, 3, 7, 8, 0, 8, 0, 0, 4, 8, 7, 6, 5, 1, 7, 9, 6, 7, 4, 0, 10, 10, 7, 9, 4, 1, 9, 0, 10, 3, 3, 9, 4, 7, 4, 7, 2, 10, 2, 4, 10, 10, 1, 0, 10, 5, 4, 7, 8, 9, 10, 4, 2, 3, 10, 5, 8, 0, 1, 0, 10, 7, 6, 8, 0, 8, 3, 2, 6, 3, 5, 3, 9, 3, 4, 8, 3, 2, 0, 2, 0, 9, 9, 8, 1, 3, 5, 9, 2, 1, 6, 1, 4, 4, 9, 9, 3, 9, 8, 6, 2, 5, 4, 5, 2, 10, 8, 4, 7, 3, 0, 6, 7, 0, 5, 7, 1, 0, 1, 6, 3, 7, 7, 2, 10, 9, 3, 10, 9, 4, 3, 3, 1, 7, 8, 5, 2, 4, 10, 1, 1, 2, 3, 10, 6, 9, 5, 3, 3, 10, 7, 1, 5, 1, 8, 1, 1, 7, 3, 10, 3, 5, 3, 2, 7, 3, 9, 7, 1, 8, 8, 10, 2, 4, 2, 5, 5, 3, 8, 1, 8, 6, 0, 1, 2, 7, 3, 2, 4, 10, 8, 6, 6, 0, 2, 7, 10, 1, 7, 6, 9, 2, 5, 2, 0, 9, 4, 3, 2, 6, 7, 9, 1, 8, 8, 5, 2, 9, 4, 1, 1, 8, 4, 7, 1, 2, 9, 2, 5, 0, 4, 10, 5, 0, 5, 7, 3, 6, 9, 6, 4, 9, 5, 1, 8, 3, 1, 7, 4, 4, 6, 10, 8, 9, 8, 5, 6, 9, 4, 0, 5, 0, 9, 10, 5, 0, 3, 7, 3, 1, 8, 2, 2, 4, 4, 9, 3, 7, 5, 1, 9, 4, 0, 0, 5, 6, 9, 9, 7, 7, 8, 9, 1, 10, 10, 5, 5, 7, 3, 3, 5, 10, 9, 7, 2, 3, 1, 1, 0, 5, 4, 1, 2, 0, 1, 8, 8, 4, 8, 3, 8, 0, 3, 2, 2, 3, 7, 10, 10, 4, 10, 6, 6, 5, 0, 4, 8, 2, 1, 9, 9, 5, 9, 9, 1, 3, 5, 7, 9, 10, 1, 8, 1, 6, 3, 8, 2, 4, 10, 1, 1, 2, 8, 2, 4, 8, 2, 5, 9, 9, 0, 7, 6, 9, 1, 0, 2, 3, 6, 9, 3, 9, 2, 4, 1, 0, 1, 3, 9, 6, 3, 4, 6, 3, 3, 5, 1, 1, 7, 10, 1, 10, 2, 5, 5, 7, 5, 1, 4, 5, 0, 4, 5, 4, 9, 5, 9, 7, 7, 2, 0, 2, 4, 3, 2, 9, 1, 8, 9, 1, 8, 8, 2, 0, 9, 7, 6, 9, 6, 9, 0, 10, 8, 8, 8, 1, 7, 3, 2, 7, 9, 6, 7, 8, 9, 0, 8, 2, 10, 8, 2, 10, 8, 7, 9, 6, 8, 6, 6, 1, 7, 4, 7, 1, 4, 9, 3, 3, 7, 9, 1, 7, 5, 4, 0, 7, 8, 0, 7, 4, 5, 5, 4, 6, 6, 6, 1, 5, 3, 0, 1, 4, 7, 1, 9, 4, 6, 8, 10, 7, 1, 0, 3, 9, 1, 4, 3, 10, 7, 8, 9, 9, 4, 1, 2, 3, 7, 8, 6, 8, 1, 7, 4, 0, 2, 0, 8, 6, 7],