{"val_acc": [0.21505376344086022, 0.49615975422427033, 0.6175115207373272, 0.6728110599078341, 0.7296466973886329, 0.728110599078341, 0.738863287250384, 0.7726574500768049, 0.7880184331797235, 0.7972350230414746], "val_loss": [2.090039928266607, 1.3343278495080633, 1.065693776666021, 0.9336247365076118, 0.82717468205588, 0.8458574436879231, 0.7467830700662695, 0.677001812718123, 0.6227577180013152, 0.6431951043453136], "train_loss": [2.3606126199385953, 1.6637754343246554, 1.223748548900164, 1.0285377477471664, 0.898051631938126, 0.7975958888102109, 0.7429943999469145, 0.6898838554228097, 0.662975494844602, 0.6346340755740786], "test_correct_in_batch": [4.0, 4.0, 3.0, 3.0, 4.0, 4.0, 3.0, 3.0, 3.0, 4.0, 3.0, 2.0, 1.0, 3.0, 4.0, 3.0, 2.0, 1.0, 3.0, 3.0, 2.0, 4.0, 3.0, 3.0, 3.0, 4.0, 3.0, 3.0, 3.0, 3.0, 1.0, 4.0, 4.0, 4.0, 4.0, 2.0, 4.0, 4.0, 4.0, 3.0, 2.0, 4.0, 3.0, 3.0, 3.0, 4.0, 3.0, 4.0, 3.0, 3.0, 3.0, 1.0, 4.0, 3.0, 4.0, 4.0, 4.0, 3.0, 4.0, 3.0, 4.0, 3.0, 4.0, 4.0, 4.0, 3.0, 4.0, 2.0, 3.0, 3.0, 1.0, 2.0, 4.0, 3.0, 3.0, 4.0, 4.0, 4.0, 2.0, 3.0, 4.0, 1.0, 3.0, 2.0, 3.0, 3.0, 4.0, 3.0, 4.0, 4.0, 3.0, 3.0, 0.0, 4.0, 4.0, 4.0, 3.0, 3.0, 3.0, 3.0, 1.0, 4.0, 3.0, 4.0, 4.0, 4.0, 3.0, 3.0, 4.0, 3.0, 4.0, 3.0, 3.0, 4.0, 3.0, 4.0, 2.0, 3.0, 4.0, 2.0, 3.0, 3.0, 4.0, 3.0, 2.0, 3.0, 3.0, 2.0, 3.0, 2.0, 4.0, 4.0, 4.0, 2.0, 2.0, 3.0, 4.0, 3.0, 2.0, 3.0, 3.0, 2.0, 2.0, 3.0, 3.0, 2.0, 3.0, 3.0, 3.0, 3.0, 4.0, 3.0, 4.0, 4.0, 2.0, 2.0, 3.0, 1.0, 2.0, 2.0, 3.0, 4.0, 3.0], "test_losses": [0.0350523479282856, 0.556118369102478, 0.4610593616962433, 1.0031969547271729, 0.08512277901172638, 0.2886122763156891, 1.089924931526184, 0.578370988368988, 1.1577130556106567, 0.01628205180168152, 0.3977832794189453, 1.3675802946090698, 2.053943157196045, 0.5658093690872192, 0.1280088871717453, 0.7199401259422302, 1.1778513193130493, 1.8828182220458984, 1.5746264457702637, 0.3504323661327362, 0.9338703155517578, 0.21150356531143188, 0.470634400844574, 0.27529215812683105, 1.024031162261963, 0.22027646005153656, 0.8450213074684143, 0.5894564390182495, 0.4538588225841522, 0.558509111404419, 3.419581890106201, 0.15479649603366852, 0.23348210752010345, 0.007631033658981323, 0.11475609242916107, 1.1553547382354736, 0.3050820827484131, 0.052815187722444534, 0.1306745857000351, 0.23599831759929657, 1.230230450630188, 0.02981695905327797, 0.6847304105758667, 0.9479163289070129, 0.8584628701210022, 0.03957139328122139, 0.9784969091415405, 0.5142155289649963, 0.9692363739013672, 0.6847063302993774, 0.39327821135520935, 2.6984386444091797, 0.17335808277130127, 0.7295445799827576, 0.3352467119693756, 0.3422984778881073, 0.024114277213811874, 0.29035019874572754, 0.10949642211198807, 0.952288806438446, 0.1417052000761032, 0.4882350265979767, 0.37522560358047485, 0.014713792130351067, 0.20578917860984802, 0.4173576831817627, 0.3791671395301819, 1.449778437614441, 0.7103177905082703, 0.6516790390014648, 1.5143299102783203, 1.041479229927063, 0.51976078748703, 0.710588812828064, 0.7151349782943726, 0.26216232776641846, 0.30407246947288513, 0.09018288552761078, 1.1732370853424072, 0.6033948659896851, 0.12440609931945801, 1.984870433807373, 0.30093881487846375, 1.6411103010177612, 0.56440669298172, 0.9356935620307922, 0.2622036039829254, 0.3749253451824188, 0.12500132620334625, 0.6380653381347656, 0.7895671129226685, 0.5914795398712158, 2.3412373065948486, 0.19145190715789795, 0.06189386919140816, 0.367247611284256, 1.3240209817886353, 1.6999574899673462, 0.6146442890167236, 0.296543151140213, 1.7237577438354492, 0.12120717763900757, 0.4563567042350769, 0.3306407928466797, 0.39252179861068726, 0.13628223538398743, 0.5115171670913696, 0.7709614634513855, 0.17057207226753235, 0.2808210849761963, 0.13680382072925568, 0.6518679261207581, 0.4863128066062927, 0.14541929960250854, 0.8606430292129517, 0.21103435754776, 1.0082423686981201, 0.24174103140830994, 0.26522478461265564, 1.2225667238235474, 0.4782193899154663, 0.8120437860488892, 0.1586555540561676, 0.5473949313163757, 1.1170920133590698, 0.4791240096092224, 0.423800528049469, 0.5489780306816101, 0.4437798857688904, 1.212963342666626, 0.286642462015152, 0.08874431252479553, 0.07248710840940475, 0.9152325391769409, 1.6247390508651733, 0.7063090801239014, 0.05579783022403717, 1.3245183229446411, 1.1558674573898315, 1.156915545463562, 0.42526644468307495, 1.4103342294692993, 1.8740472793579102, 1.165466547012329, 0.41083377599716187, 0.9732882380485535, 0.6664029955863953, 0.5137318968772888, 0.8819211721420288, 0.5310692191123962, 0.08144424110651016, 0.3924870789051056, 0.0318324901163578, 0.2618584632873535, 0.8157203197479248, 0.6649044156074524, 0.6887471675872803, 1.8513717651367188, 0.8449693918228149, 0.907569408416748, 0.23839472234249115, 0.13144055008888245, 0.3131055533885956], "test_loss": 0.6544580047870158, "test_batch_lens": [4, 4, 4, 4, 4, 4, 4, 4, 4, 4, 4, 4, 4, 4, 4, 4, 4, 4, 4, 4, 4, 4, 4, 4, 4, 4, 4, 4, 4, 4, 4, 4, 4, 4, 4, 4, 4, 4, 4, 4, 4, 4, 4, 4, 4, 4, 4, 4, 4, 4, 4, 4, 4, 4, 4, 4, 4, 4, 4, 4, 4, 4, 4, 4, 4, 4, 4, 4, 4, 4, 4, 4, 4, 4, 4, 4, 4, 4, 4, 4, 4, 4, 4, 4, 4, 4, 4, 4, 4, 4, 4, 4, 4, 4, 4, 4, 4, 4, 4, 4, 4, 4, 4, 4, 4, 4, 4, 4, 4, 4, 4, 4, 4, 4, 4, 4, 4, 4, 4, 4, 4, 4, 4, 4, 4, 4, 4, 4, 4, 4, 4, 4, 4, 4, 4, 4, 4, 4, 4, 4, 4, 4, 4, 4, 4, 4, 4, 4, 4, 4, 4, 4, 4, 4, 4, 4, 4, 4, 4, 4, 4, 4, 3], "test_accuracy": 0.7726574500768049, "predictions": [7, 4, 1, 10, 7, 1, 8, 8, 0, 2, 4, 7, 1, 9, 8, 0, 9, 6, 4, 9, 8, 10, 1, 4, 6, 8, 4, 6, 6, 8, 2, 0, 3, 9, 6, 3, 10, 5, 5, 0, 10, 8, 2, 10, 7, 3, 5, 3, 8, 2, 8, 4, 3, 4, 8, 1, 1, 9, 1, 10, 10, 6, 9, 6, 5, 9, 10, 5, 3, 8, 0, 1, 8, 3, 1, 8, 6, 6, 9, 2, 1, 1, 1, 1, 5, 5, 1, 8, 0, 4, 9, 8, 10, 7, 0, 5, 1, 6, 2, 7, 5, 1, 10, 6, 10, 8, 1, 9, 10, 4, 7, 9, 0, 3, 7, 8, 0, 8, 7, 0, 4, 0, 1, 10, 5, 1, 7, 9, 6, 7, 4, 0, 10, 10, 7, 9, 4, 1, 9, 0, 10, 3, 8, 4, 4, 7, 4, 7, 2, 10, 2, 4, 10, 10, 1, 0, 10, 5, 9, 7, 9, 9, 10, 5, 2, 3, 10, 5, 5, 0, 9, 0, 0, 7, 6, 8, 3, 8, 1, 2, 6, 3, 5, 3, 9, 0, 4, 8, 3, 2, 0, 2, 0, 1, 9, 8, 1, 10, 5, 9, 7, 1, 6, 1, 4, 1, 9, 2, 3, 9, 5, 6, 8, 5, 4, 5, 2, 10, 8, 4, 7, 3, 0, 6, 7, 0, 5, 7, 1, 0, 1, 8, 3, 7, 7, 2, 10, 9, 3, 10, 9, 4, 3, 3, 1, 1, 8, 5, 2, 4, 10, 1, 1, 2, 3, 10, 6, 9, 5, 3, 3, 10, 7, 0, 5, 1, 8, 1, 1, 7, 8, 10, 3, 5, 9, 2, 7, 9, 9, 7, 9, 8, 3, 2, 6, 4, 8, 5, 5, 3, 8, 0, 8, 6, 7, 1, 2, 1, 3, 2, 4, 10, 8, 6, 6, 0, 2, 7, 10, 1, 7, 6, 9, 2, 4, 8, 0, 9, 9, 3, 2, 6, 7, 9, 8, 2, 8, 8, 2, 7, 4, 1, 3, 8, 9, 7, 1, 2, 9, 2, 5, 0, 9, 10, 5, 0, 5, 7, 3, 6, 9, 6, 4, 9, 5, 1, 8, 3, 7, 7, 4, 9, 6, 10, 9, 9, 8, 5, 8, 9, 5, 7, 5, 0, 9, 10, 5, 0, 3, 7, 3, 1, 8, 2, 10, 4, 4, 9, 3, 7, 8, 9, 1, 4, 0, 0, 5, 6, 9, 4, 1, 7, 8, 1, 1, 10, 10, 5, 5, 7, 0, 3, 5, 10, 9, 7, 2, 3, 1, 1, 0, 5, 4, 1, 2, 0, 1, 7, 3, 4, 8, 3, 8, 0, 3, 2, 2, 3, 7, 8, 10, 4, 10, 6, 6, 5, 0, 8, 3, 2, 1, 9, 9, 5, 9, 9, 1, 8, 5, 7, 9, 10, 1, 8, 3, 6, 3, 9, 10, 4, 10, 1, 1, 2, 8, 2, 5, 0, 2, 5, 4, 9, 0, 7, 6, 9, 9, 0, 2, 8, 6, 9, 3, 9, 2, 4, 8, 0, 8, 3, 1, 6, 3, 4, 6, 3, 3, 6, 1, 0, 7, 10, 9, 10, 2, 5, 5, 7, 6, 3, 4, 5, 0, 4, 5, 4, 9, 5, 9, 7, 7, 2, 0, 2, 5, 8, 8, 8, 1, 8, 9, 1, 6, 8, 2, 0, 9, 7, 5, 9, 6, 9, 8, 10, 8, 1, 8, 1, 7, 3, 2, 0, 9, 6, 8, 3, 9, 0, 3, 2, 8, 5, 2, 10, 1, 7, 1, 6, 8, 6, 6, 9, 1, 9, 7, 9, 4, 9, 3, 3, 7, 1, 1, 9, 5, 4, 0, 0, 8, 0, 7, 4, 5, 5, 4, 8, 8, 6, 1, 5, 3, 0, 1, 4, 7, 1, 9, 1, 6, 2, 10, 1, 1, 3, 3, 4, 1, 4, 1, 8, 7, 6, 9, 9, 8, 1, 6, 3, 7, 6, 8, 8, 1, 7, 4, 0, 2, 0, 8, 6, 7],