{"val_acc": [0.18433179723502305, 0.23809523809523808, 0.34408602150537637, 0.38402457757296465, 0.4147465437788018, 0.4946236559139785, 0.5268817204301075, 0.5253456221198156, 0.5683563748079877, 0.6021505376344086], "val_loss": [2.207518834277896, 2.064003958292534, 1.8430927962613253, 1.7361270303557987, 1.6649141666347995, 1.4755949445663055, 1.372803560155301, 1.3084671089619946, 1.2562324454996483, 1.215588599077763], "train_loss": [2.297068356908888, 2.1008300202833503, 1.9818652411240916, 1.8232860256805932, 1.7192993879544634, 1.5647628037883679, 1.4308491688705192, 1.3521037046989197, 1.2734616501496165, 1.21518188098836], "test_correct_in_batch": [4.0, 1.0, 2.0, 1.0, 2.0, 3.0, 1.0, 1.0, 3.0, 4.0, 4.0, 4.0, 1.0, 3.0, 1.0, 2.0, 2.0, 1.0, 1.0, 1.0, 2.0, 2.0, 2.0, 4.0, 2.0, 3.0, 2.0, 2.0, 4.0, 3.0, 1.0, 1.0, 2.0, 3.0, 2.0, 2.0, 2.0, 3.0, 3.0, 2.0, 0.0, 2.0, 2.0, 2.0, 1.0, 4.0, 2.0, 4.0, 1.0, 2.0, 2.0, 0.0, 1.0, 3.0, 2.0, 3.0, 2.0, 4.0, 3.0, 1.0, 2.0, 4.0, 2.0, 3.0, 2.0, 1.0, 2.0, 3.0, 3.0, 3.0, 1.0, 3.0, 2.0, 1.0, 3.0, 2.0, 3.0, 4.0, 3.0, 1.0, 1.0, 2.0, 2.0, 1.0, 2.0, 3.0, 2.0, 3.0, 1.0, 1.0, 2.0, 2.0, 2.0, 0.0, 3.0, 2.0, 4.0, 2.0, 4.0, 2.0, 2.0, 3.0, 2.0, 4.0, 3.0, 2.0, 3.0, 3.0, 3.0, 4.0, 3.0, 2.0, 2.0, 2.0, 2.0, 2.0, 1.0, 4.0, 3.0, 1.0, 2.0, 1.0, 3.0, 3.0, 3.0, 3.0, 1.0, 2.0, 3.0, 1.0, 2.0, 3.0, 2.0, 2.0, 1.0, 1.0, 3.0, 4.0, 2.0, 2.0, 2.0, 2.0, 2.0, 2.0, 2.0, 1.0, 2.0, 3.0, 2.0, 3.0, 3.0, 2.0, 3.0, 3.0, 2.0, 2.0, 3.0, 2.0, 4.0, 2.0, 4.0, 3.0, 2.0], "test_losses": [0.1427534520626068, 1.398659348487854, 1.488208532333374, 1.9811296463012695, 1.3191601037979126, 0.6945777535438538, 2.140644073486328, 2.0692718029022217, 1.0118753910064697, 0.23485057055950165, 0.4694535732269287, 0.24949946999549866, 2.3938148021698, 0.8144217133522034, 1.2582976818084717, 1.3051806688308716, 2.1240758895874023, 1.9457435607910156, 1.5305826663970947, 1.9409120082855225, 1.5502984523773193, 1.2758944034576416, 1.4398869276046753, 0.4427206218242645, 1.5299501419067383, 0.4632760286331177, 0.850546658039093, 1.441562533378601, 0.6298941373825073, 1.3304176330566406, 2.6751022338867188, 2.478511333465576, 0.7303751707077026, 0.44389471411705017, 1.6188881397247314, 1.109204888343811, 0.833348274230957, 1.3795925378799438, 0.6605541706085205, 0.9294450283050537, 2.235581159591675, 0.9047804474830627, 1.9018909931182861, 1.4819929599761963, 1.9748321771621704, 0.39441952109336853, 1.1623220443725586, 0.5256649851799011, 1.547438621520996, 1.301218032836914, 1.0866508483886719, 3.4949491024017334, 1.7705703973770142, 0.7713041305541992, 1.1668505668640137, 0.6161344051361084, 1.2359142303466797, 0.4479602575302124, 0.575201153755188, 1.0860897302627563, 1.5748575925827026, 0.5514569878578186, 0.7727953195571899, 0.5366546511650085, 1.3403936624526978, 2.4854843616485596, 0.8873533606529236, 1.0583690404891968, 1.4799805879592896, 0.8778988718986511, 2.683835744857788, 0.5177026391029358, 1.2964823246002197, 1.6730488538742065, 0.6380115151405334, 1.3675124645233154, 0.7670835852622986, 0.3778257668018341, 0.844956636428833, 1.7134038209915161, 2.357018232345581, 2.626171350479126, 1.4636988639831543, 1.2333656549453735, 1.356540560722351, 1.2549784183502197, 1.8493249416351318, 1.4607442617416382, 1.559941053390503, 1.5511608123779297, 1.0410561561584473, 1.6608010530471802, 1.6217098236083984, 2.070472002029419, 0.7382758855819702, 1.264161229133606, 0.796738862991333, 1.4438152313232422, 0.8605199456214905, 1.242429494857788, 1.4076604843139648, 0.7087961435317993, 1.5458050966262817, 0.49303075671195984, 1.0453903675079346, 1.4358819723129272, 0.773754358291626, 1.1422550678253174, 0.7268732786178589, 0.29063236713409424, 0.6193761825561523, 1.6862950325012207, 0.8838802576065063, 0.92917400598526, 1.0121724605560303, 0.7783768177032471, 2.5277671813964844, 0.36445748805999756, 0.8586311936378479, 1.8943902254104614, 1.3676284551620483, 1.3731181621551514, 0.6314705014228821, 1.071642279624939, 0.8684998750686646, 1.1157318353652954, 1.6379008293151855, 1.8805148601531982, 1.2065541744232178, 0.9839953780174255, 1.4414881467819214, 0.47145071625709534, 0.7752569913864136, 1.66413414478302, 1.7358711957931519, 1.6206769943237305, 0.6646729111671448, 0.5580523014068604, 1.5709497928619385, 2.0081567764282227, 1.2861790657043457, 2.4436933994293213, 1.712559461593628, 1.365919828414917, 1.1652190685272217, 1.738018274307251, 1.3247389793395996, 1.3414838314056396, 1.6371475458145142, 0.5368551015853882, 1.0651931762695312, 1.177464485168457, 1.2001891136169434, 1.0604225397109985, 1.5536261796951294, 0.9578508734703064, 0.7574266195297241, 1.878204345703125, 0.6715094447135925, 1.165505290031433, 0.2705517113208771, 0.8249351978302002, 1.1761542558670044], "test_loss": 1.2453342881853595, "test_batch_lens": [4, 4, 4, 4, 4, 4, 4, 4, 4, 4, 4, 4, 4, 4, 4, 4, 4, 4, 4, 4, 4, 4, 4, 4, 4, 4, 4, 4, 4, 4, 4, 4, 4, 4, 4, 4, 4, 4, 4, 4, 4, 4, 4, 4, 4, 4, 4, 4, 4, 4, 4, 4, 4, 4, 4, 4, 4, 4, 4, 4, 4, 4, 4, 4, 4, 4, 4, 4, 4, 4, 4, 4, 4, 4, 4, 4, 4, 4, 4, 4, 4, 4, 4, 4, 4, 4, 4, 4, 4, 4, 4, 4, 4, 4, 4, 4, 4, 4, 4, 4, 4, 4, 4, 4, 4, 4, 4, 4, 4, 4, 4, 4, 4, 4, 4, 4, 4, 4, 4, 4, 4, 4, 4, 4, 4, 4, 4, 4, 4, 4, 4, 4, 4, 4, 4, 4, 4, 4, 4, 4, 4, 4, 4, 4, 4, 4, 4, 4, 4, 4, 4, 4, 4, 4, 4, 4, 4, 4, 4, 4, 4, 4, 3], "test_accuracy": 0.5683563748079877, "predictions": [7, 4, 1, 10, 7, 3, 9, 5, 3, 3, 4, 7, 3, 9, 6, 7, 7, 6, 4, 2, 8, 10, 0, 4, 6, 3, 4, 3, 2, 10, 2, 3, 1, 3, 6, 3, 10, 5, 5, 0, 10, 3, 2, 10, 7, 8, 4, 3, 3, 3, 2, 9, 3, 9, 6, 1, 0, 5, 3, 10, 2, 6, 8, 6, 8, 2, 8, 5, 5, 8, 3, 10, 0, 3, 0, 0, 6, 3, 4, 9, 3, 1, 8, 0, 5, 0, 1, 3, 0, 0, 9, 2, 10, 7, 1, 5, 5, 5, 2, 7, 5, 1, 10, 2, 2, 7, 3, 9, 10, 9, 7, 8, 0, 3, 7, 6, 0, 10, 0, 0, 4, 3, 0, 1, 5, 0, 10, 3, 2, 7, 4, 5, 10, 10, 7, 1, 4, 3, 9, 1, 2, 3, 3, 7, 4, 8, 9, 7, 2, 10, 0, 4, 10, 10, 3, 0, 2, 6, 4, 7, 2, 3, 2, 3, 4, 2, 10, 5, 8, 0, 10, 3, 2, 7, 6, 6, 5, 8, 3, 6, 6, 3, 5, 3, 9, 3, 2, 6, 3, 2, 0, 2, 1, 6, 9, 5, 0, 0, 5, 9, 0, 1, 6, 3, 9, 0, 0, 0, 2, 2, 5, 2, 2, 5, 10, 5, 3, 10, 1, 4, 7, 2, 0, 6, 7, 3, 5, 0, 1, 0, 1, 6, 1, 7, 7, 2, 2, 5, 1, 10, 7, 9, 3, 3, 1, 7, 8, 5, 6, 4, 10, 3, 3, 2, 3, 10, 5, 2, 5, 3, 0, 0, 7, 3, 5, 3, 8, 3, 2, 7, 3, 10, 3, 5, 0, 2, 7, 9, 9, 7, 5, 3, 3, 10, 2, 4, 3, 5, 5, 2, 6, 0, 9, 2, 0, 3, 6, 7, 3, 2, 4, 10, 3, 10, 2, 0, 2, 7, 10, 1, 7, 6, 9, 2, 9, 2, 1, 4, 4, 2, 2, 2, 5, 7, 8, 2, 8, 5, 2, 7, 4, 6, 3, 1, 10, 7, 1, 3, 2, 2, 5, 0, 0, 10, 2, 1, 5, 7, 3, 6, 5, 6, 9, 1, 0, 1, 9, 0, 2, 7, 4, 2, 2, 10, 10, 9, 6, 5, 6, 9, 4, 9, 2, 1, 1, 2, 9, 0, 3, 7, 3, 3, 8, 4, 2, 4, 4, 9, 3, 7, 0, 2, 9, 4, 0, 0, 9, 6, 9, 7, 8, 7, 0, 9, 1, 10, 10, 9, 3, 7, 3, 0, 5, 10, 9, 7, 2, 3, 1, 3, 0, 5, 9, 3, 2, 0, 3, 8, 8, 2, 8, 3, 8, 1, 3, 2, 2, 3, 7, 10, 10, 2, 10, 6, 6, 5, 1, 2, 8, 2, 3, 6, 9, 5, 5, 5, 3, 3, 5, 8, 9, 10, 3, 6, 6, 6, 0, 2, 2, 4, 10, 1, 1, 2, 1, 2, 9, 3, 2, 8, 5, 9, 1, 7, 2, 9, 6, 1, 2, 6, 6, 9, 3, 9, 2, 4, 9, 0, 1, 3, 9, 6, 3, 5, 9, 1, 2, 5, 1, 7, 7, 10, 3, 10, 2, 5, 0, 7, 0, 3, 9, 5, 9, 4, 5, 4, 4, 5, 1, 7, 7, 10, 0, 6, 5, 3, 4, 7, 1, 3, 6, 1, 6, 5, 2, 0, 2, 7, 6, 9, 6, 9, 0, 10, 10, 0, 6, 3, 7, 3, 2, 7, 2, 3, 2, 6, 9, 0, 8, 2, 2, 6, 10, 10, 9, 7, 9, 6, 2, 2, 6, 10, 8, 0, 7, 9, 4, 7, 3, 3, 7, 9, 1, 7, 0, 9, 0, 7, 6, 0, 7, 4, 6, 5, 4, 9, 5, 6, 1, 9, 3, 0, 1, 10, 7, 1, 9, 9, 2, 6, 2, 7, 3, 0, 3, 9, 3, 4, 3, 6, 7, 6, 9, 9, 4, 0, 2, 3, 9, 6, 6, 8, 1, 7, 4, 3, 2, 0, 3, 6, 7],