{"val_acc": [0.7311827956989247, 0.8003072196620584, 0.7956989247311828, 0.8494623655913979, 0.8294930875576036, 0.8509984639016898, 0.8571428571428571, 0.8632872503840245, 0.8279569892473119, 0.8187403993855606], "val_loss": [0.8521492154754561, 0.6168707604548591, 0.6235450764580921, 0.5065469109229, 0.5240688103156884, 0.4994367859811962, 0.4383525241164925, 0.42956372987667524, 0.4885855101043947, 0.5118206209446692], "train_loss": [1.2104973860475783, 0.7344281083059138, 0.6145934143575718, 0.5546433329225648, 0.5141243807548275, 0.48316676984033086, 0.47157186698130693, 0.4487565621855669, 0.44417633156867387, 0.4313638035507925], "test_correct_in_batch": [4.0, 4.0, 3.0, 3.0, 4.0, 4.0, 2.0, 1.0, 4.0, 4.0, 3.0, 4.0, 2.0, 4.0, 4.0, 3.0, 2.0, 2.0, 3.0, 3.0, 3.0, 4.0, 3.0, 4.0, 4.0, 4.0, 4.0, 3.0, 3.0, 4.0, 1.0, 3.0, 4.0, 4.0, 4.0, 4.0, 2.0, 4.0, 4.0, 4.0, 4.0, 4.0, 4.0, 4.0, 3.0, 4.0, 4.0, 2.0, 3.0, 3.0, 3.0, 1.0, 4.0, 2.0, 3.0, 4.0, 3.0, 4.0, 4.0, 3.0, 3.0, 4.0, 4.0, 4.0, 4.0, 3.0, 4.0, 2.0, 3.0, 3.0, 3.0, 4.0, 3.0, 2.0, 4.0, 4.0, 3.0, 4.0, 3.0, 4.0, 2.0, 4.0, 4.0, 2.0, 3.0, 3.0, 4.0, 3.0, 3.0, 2.0, 3.0, 3.0, 2.0, 4.0, 4.0, 4.0, 2.0, 3.0, 2.0, 4.0, 2.0, 4.0, 4.0, 3.0, 4.0, 4.0, 4.0, 3.0, 4.0, 4.0, 4.0, 3.0, 4.0, 4.0, 4.0, 4.0, 3.0, 4.0, 4.0, 1.0, 4.0, 3.0, 4.0, 4.0, 2.0, 4.0, 4.0, 2.0, 4.0, 4.0, 2.0, 4.0, 4.0, 3.0, 4.0, 2.0, 3.0, 4.0, 3.0, 3.0, 4.0, 2.0, 4.0, 4.0, 4.0, 3.0, 3.0, 3.0, 4.0, 4.0, 3.0, 3.0, 4.0, 3.0, 3.0, 4.0, 4.0, 3.0, 3.0, 3.0, 4.0, 3.0, 3.0], "test_losses": [0.0021713068708777428, 0.35248491168022156, 0.8405541777610779, 0.4151912033557892, 0.07126651704311371, 0.0073651038110256195, 0.9816092848777771, 1.8051906824111938, 0.2800465524196625, 0.00944436527788639, 0.6903003454208374, 0.1275462508201599, 1.6936627626419067, 0.01256260834634304, 0.026012489572167397, 0.6231529712677002, 1.2178103923797607, 1.271519422531128, 1.012239694595337, 0.5467603206634521, 0.7669976949691772, 0.08266224712133408, 0.8237403631210327, 0.08549018949270248, 0.053010351955890656, 0.04522423818707466, 0.19280149042606354, 0.5817444324493408, 0.3247828781604767, 0.04500463232398033, 1.942171573638916, 1.1935126781463623, 0.04103870689868927, 0.05378695949912071, 0.07881110906600952, 0.09924481809139252, 0.6299350261688232, 0.09833639115095139, 0.009151725098490715, 0.03850415349006653, 0.18993473052978516, 0.04875945299863815, 0.7271689176559448, 0.0017696297727525234, 0.5799648761749268, 0.023031484335660934, 0.06937682628631592, 0.8672757148742676, 0.418532133102417, 0.5587223172187805, 0.6044113636016846, 2.001404285430908, 0.18781201541423798, 1.4734487533569336, 0.7474259734153748, 0.027227595448493958, 0.35726919770240784, 0.20580299198627472, 0.10802318155765533, 0.30711913108825684, 0.7092748880386353, 0.2064637392759323, 0.1458560973405838, 0.09074681997299194, 0.062933050096035, 0.4031537175178528, 0.05524633079767227, 1.1793923377990723, 0.8891955018043518, 0.6843402981758118, 0.9256224036216736, 0.10407382994890213, 0.4640432596206665, 1.1981974840164185, 0.006071624346077442, 0.19069638848304749, 0.24780532717704773, 0.08733318746089935, 0.549751877784729, 0.03960172086954117, 1.0575965642929077, 0.1760750263929367, 0.034344591200351715, 0.988922119140625, 1.3836110830307007, 0.5186694264411926, 0.06900474429130554, 1.332788348197937, 0.22378161549568176, 1.4266369342803955, 0.8138386011123657, 0.35453227162361145, 1.5887309312820435, 0.021430345252156258, 0.0837925374507904, 0.36871862411499023, 0.6313333511352539, 2.0263161659240723, 1.5811485052108765, 0.042827777564525604, 1.3658709526062012, 0.057876795530319214, 0.028218146413564682, 0.35163095593452454, 0.03969904035329819, 0.22387966513633728, 0.10628554224967957, 0.44108450412750244, 0.09324673563241959, 0.007553749717772007, 0.01269543543457985, 0.7973218560218811, 0.327046662569046, 0.11477988958358765, 0.15798823535442352, 0.01429782249033451, 0.9884019494056702, 0.11157087236642838, 0.19834735989570618, 0.917629599571228, 0.02187218703329563, 0.9389849305152893, 0.07445545494556427, 0.2715702950954437, 0.7898308038711548, 0.15450629591941833, 0.15351377427577972, 0.7616848945617676, 0.12991127371788025, 0.11826784908771515, 0.8753688931465149, 0.06419390439987183, 0.002224998315796256, 1.5335743427276611, 0.16087542474269867, 0.8520199656486511, 0.8166072964668274, 0.12310437858104706, 0.2353915423154831, 1.0456722974777222, 0.17069946229457855, 0.9683030843734741, 0.20093989372253418, 0.05212605372071266, 0.10269971936941147, 0.6443236470222473, 0.44652169942855835, 1.1690375804901123, 0.04934759438037872, 0.08146066963672638, 0.5109808444976807, 0.6144773364067078, 0.10295674204826355, 0.7209250926971436, 0.8780856132507324, 0.1074608638882637, 0.13944248855113983, 0.9414892792701721, 0.6343145966529846, 0.45226702094078064, 0.008840503171086311, 0.26705148816108704, 0.26169371604919434], "test_loss": 0.47021916936197394, "test_batch_lens": [4, 4, 4, 4, 4, 4, 4, 4, 4, 4, 4, 4, 4, 4, 4, 4, 4, 4, 4, 4, 4, 4, 4, 4, 4, 4, 4, 4, 4, 4, 4, 4, 4, 4, 4, 4, 4, 4, 4, 4, 4, 4, 4, 4, 4, 4, 4, 4, 4, 4, 4, 4, 4, 4, 4, 4, 4, 4, 4, 4, 4, 4, 4, 4, 4, 4, 4, 4, 4, 4, 4, 4, 4, 4, 4, 4, 4, 4, 4, 4, 4, 4, 4, 4, 4, 4, 4, 4, 4, 4, 4, 4, 4, 4, 4, 4, 4, 4, 4, 4, 4, 4, 4, 4, 4, 4, 4, 4, 4, 4, 4, 4, 4, 4, 4, 4, 4, 4, 4, 4, 4, 4, 4, 4, 4, 4, 4, 4, 4, 4, 4, 4, 4, 4, 4, 4, 4, 4, 4, 4, 4, 4, 4, 4, 4, 4, 4, 4, 4, 4, 4, 4, 4, 4, 4, 4, 4, 4, 4, 4, 4, 4, 3], "test_accuracy": 0.8356374807987711, "predictions": [7, 4, 1, 10, 7, 1, 8, 8, 0, 3, 4, 7, 1, 9, 8, 0, 9, 6, 4, 9, 8, 10, 1, 4, 8, 8, 4, 6, 2, 10, 2, 0, 1, 9, 6, 3, 10, 5, 5, 0, 10, 3, 6, 10, 7, 8, 4, 3, 8, 8, 10, 4, 3, 4, 6, 1, 1, 9, 1, 10, 10, 6, 9, 6, 8, 9, 8, 5, 8, 0, 0, 1, 9, 3, 1, 8, 8, 8, 9, 2, 3, 1, 1, 1, 5, 5, 1, 8, 0, 1, 9, 10, 10, 7, 1, 5, 1, 8, 2, 7, 5, 1, 10, 6, 10, 8, 3, 9, 10, 4, 7, 9, 0, 3, 7, 8, 0, 8, 0, 0, 4, 3, 5, 8, 5, 1, 7, 2, 6, 7, 4, 0, 10, 10, 7, 9, 4, 1, 9, 0, 10, 3, 3, 9, 4, 7, 9, 0, 2, 10, 2, 4, 10, 10, 1, 0, 10, 5, 4, 7, 8, 9, 10, 4, 2, 3, 10, 5, 8, 0, 9, 0, 10, 7, 6, 8, 0, 8, 1, 3, 6, 3, 5, 3, 9, 3, 4, 8, 3, 2, 8, 9, 0, 9, 9, 0, 9, 3, 5, 9, 7, 1, 6, 1, 4, 1, 0, 2, 3, 9, 5, 6, 8, 6, 4, 5, 10, 10, 8, 4, 7, 3, 0, 6, 7, 1, 5, 7, 1, 0, 1, 6, 3, 7, 7, 2, 10, 4, 0, 10, 9, 9, 3, 3, 1, 7, 8, 5, 2, 4, 10, 1, 1, 2, 3, 10, 6, 9, 5, 3, 3, 10, 7, 0, 5, 1, 8, 1, 1, 7, 2, 10, 3, 5, 7, 2, 7, 9, 9, 7, 9, 8, 8, 10, 2, 4, 2, 5, 5, 3, 6, 0, 6, 2, 0, 1, 2, 7, 3, 2, 4, 10, 8, 6, 6, 5, 2, 7, 10, 1, 7, 6, 9, 2, 4, 2, 0, 9, 4, 3, 6, 2, 7, 9, 1, 8, 8, 5, 2, 9, 4, 1, 1, 3, 8, 7, 1, 2, 5, 2, 5, 0, 9, 10, 5, 0, 5, 7, 3, 6, 9, 6, 9, 9, 5, 1, 0, 3, 6, 7, 4, 9, 6, 10, 8, 9, 6, 5, 3, 9, 4, 0, 5, 0, 9, 10, 5, 0, 3, 7, 3, 1, 8, 2, 10, 9, 4, 9, 3, 7, 8, 9, 7, 5, 0, 0, 5, 6, 9, 9, 7, 7, 8, 2, 1, 10, 10, 5, 5, 7, 3, 3, 5, 10, 4, 7, 2, 3, 1, 1, 0, 5, 4, 1, 2, 0, 1, 8, 8, 8, 8, 3, 8, 0, 3, 2, 2, 3, 7, 10, 10, 4, 10, 6, 6, 5, 0, 10, 8, 2, 1, 9, 9, 5, 9, 9, 1, 3, 5, 7, 9, 10, 1, 8, 1, 6, 3, 4, 2, 4, 10, 1, 1, 2, 8, 2, 9, 3, 2, 8, 9, 9, 0, 7, 6, 9, 6, 0, 2, 8, 6, 9, 3, 7, 2, 4, 8, 0, 8, 3, 9, 6, 3, 4, 6, 3, 3, 5, 1, 7, 7, 10, 4, 10, 2, 5, 5, 7, 5, 1, 9, 5, 8, 4, 5, 4, 9, 5, 9, 7, 7, 2, 0, 2, 5, 3, 2, 9, 1, 8, 6, 1, 8, 0, 2, 0, 1, 7, 6, 9, 6, 9, 0, 10, 8, 3, 3, 1, 7, 3, 2, 7, 9, 6, 8, 3, 9, 0, 8, 2, 10, 5, 2, 10, 8, 7, 9, 6, 8, 6, 6, 9, 7, 9, 7, 9, 4, 9, 3, 3, 7, 0, 1, 7, 5, 4, 0, 7, 8, 0, 7, 4, 5, 8, 4, 8, 4, 6, 1, 5, 3, 0, 1, 8, 7, 1, 9, 4, 6, 5, 10, 7, 1, 0, 3, 9, 1, 4, 3, 8, 7, 8, 9, 9, 9, 0, 2, 3, 7, 0, 6, 8, 1, 7, 9, 0, 2, 0, 8, 6, 7],