{"val_acc": [0.25960061443932414, 0.36098310291858676, 0.4362519201228879, 0.5084485407066052, 0.5360983102918587, 0.5591397849462365, 0.6267281105990783, 0.6082949308755761, 0.65284178187404, 0.6559139784946236], "val_loss": [2.063576519854961, 1.8203634425906317, 1.5257563404510357, 1.381211457808325, 1.3488759771446508, 1.2601658664415218, 1.1200449916482702, 1.1474032720173795, 1.0098229035552293, 1.013891809968495], "train_loss": [2.2294702109100553, 1.9352221973150059, 1.6809238538288118, 1.520279705240246, 1.382033690485061, 1.249890545456855, 1.1719843493595403, 1.1004869648158617, 1.0499050606753246, 0.9776725414538274], "test_correct_in_batch": [4.0, 2.0, 2.0, 1.0, 3.0, 3.0, 1.0, 1.0, 2.0, 4.0, 4.0, 3.0, 1.0, 2.0, 2.0, 1.0, 1.0, 2.0, 2.0, 2.0, 2.0, 2.0, 2.0, 3.0, 2.0, 3.0, 4.0, 3.0, 4.0, 1.0, 1.0, 3.0, 3.0, 2.0, 3.0, 3.0, 4.0, 3.0, 4.0, 3.0, 3.0, 2.0, 3.0, 3.0, 3.0, 4.0, 3.0, 3.0, 3.0, 3.0, 2.0, 1.0, 3.0, 2.0, 3.0, 4.0, 2.0, 3.0, 3.0, 3.0, 4.0, 3.0, 3.0, 3.0, 2.0, 2.0, 2.0, 2.0, 2.0, 3.0, 1.0, 4.0, 3.0, 2.0, 4.0, 3.0, 3.0, 4.0, 1.0, 3.0, 2.0, 1.0, 1.0, 2.0, 2.0, 3.0, 3.0, 3.0, 2.0, 1.0, 3.0, 3.0, 2.0, 3.0, 4.0, 3.0, 3.0, 2.0, 3.0, 3.0, 2.0, 4.0, 3.0, 3.0, 1.0, 2.0, 3.0, 1.0, 4.0, 3.0, 3.0, 2.0, 2.0, 3.0, 2.0, 3.0, 0.0, 4.0, 3.0, 2.0, 3.0, 3.0, 3.0, 3.0, 2.0, 2.0, 2.0, 2.0, 4.0, 2.0, 3.0, 3.0, 1.0, 2.0, 2.0, 2.0, 4.0, 3.0, 2.0, 3.0, 4.0, 2.0, 2.0, 2.0, 2.0, 2.0, 2.0, 4.0, 1.0, 3.0, 1.0, 2.0, 3.0, 3.0, 2.0, 3.0, 2.0, 3.0, 3.0, 2.0, 3.0, 3.0, 2.0], "test_losses": [0.26096609234809875, 1.0665256977081299, 1.3306833505630493, 2.4403042793273926, 0.7423643469810486, 0.6269350647926331, 1.9618312120437622, 2.381437301635742, 1.7753328084945679, 0.11951954662799835, 0.3780512809753418, 0.49885115027427673, 3.413595676422119, 0.7500338554382324, 1.4782239198684692, 1.6128337383270264, 2.8112802505493164, 1.2556630373001099, 1.5773601531982422, 1.824326753616333, 1.5343518257141113, 1.3329668045043945, 1.6676769256591797, 0.8733538389205933, 0.6713013052940369, 0.4364933669567108, 0.47303593158721924, 0.9008581638336182, 0.505154013633728, 1.9398717880249023, 2.225471019744873, 0.4972514510154724, 0.4587212800979614, 0.6924618482589722, 0.7971903681755066, 0.7344646453857422, 0.07907877117395401, 0.8054139018058777, 0.307973712682724, 0.2655702829360962, 1.0067912340164185, 1.0380241870880127, 0.7104122638702393, 1.1091346740722656, 0.6391243934631348, 0.3625847101211548, 1.1716519594192505, 0.8064079880714417, 1.0043730735778809, 1.1222529411315918, 1.198643684387207, 3.0177316665649414, 1.0408599376678467, 1.1135246753692627, 1.0062280893325806, 0.3878634572029114, 1.1928995847702026, 0.7906923294067383, 0.769437313079834, 0.5692944526672363, 0.3218923509120941, 0.42298829555511475, 0.46746590733528137, 0.4145001471042633, 1.4031792879104614, 1.3201605081558228, 0.9460688829421997, 1.526249647140503, 0.965116560459137, 0.7824105620384216, 2.4859604835510254, 0.3688727915287018, 1.0510839223861694, 1.4875621795654297, 0.3145711123943329, 0.8939251899719238, 1.1668617725372314, 0.2810060977935791, 1.6734153032302856, 0.7355837821960449, 1.4771870374679565, 2.6275174617767334, 1.2750647068023682, 1.8079510927200317, 2.325706720352173, 1.09583580493927, 0.6719725131988525, 0.5562450885772705, 0.9522209167480469, 1.748753309249878, 1.4141960144042969, 0.7960072755813599, 1.902740478515625, 1.024056077003479, 0.5184462666511536, 1.3942975997924805, 0.6427574753761292, 2.392634868621826, 0.8276731967926025, 0.7946867942810059, 1.4014708995819092, 0.47070378065109253, 0.909642219543457, 0.917442262172699, 1.7679126262664795, 1.3197176456451416, 0.9997276067733765, 1.176997184753418, 0.23493407666683197, 0.9100791215896606, 1.348487138748169, 2.5848357677459717, 0.7973068952560425, 0.9340280890464783, 1.4073208570480347, 0.46873289346694946, 2.239564895629883, 0.24875861406326294, 0.5305835604667664, 1.0860177278518677, 0.7487128973007202, 1.2396037578582764, 0.5839859247207642, 0.6631031036376953, 1.1388218402862549, 1.7387722730636597, 2.0950944423675537, 1.8219256401062012, 0.12379033863544464, 1.1776243448257446, 1.2700186967849731, 1.320926547050476, 1.4295930862426758, 1.2773425579071045, 1.3455185890197754, 1.59163236618042, 0.20932063460350037, 0.7122939229011536, 1.1923599243164062, 1.4271090030670166, 0.33151721954345703, 2.941887855529785, 0.993827223777771, 1.0131210088729858, 1.0465905666351318, 1.5689295530319214, 1.536689043045044, 0.34877634048461914, 1.4578688144683838, 0.8226882815361023, 1.1122848987579346, 1.3775370121002197, 0.9987293481826782, 1.2200336456298828, 1.3942270278930664, 0.8583968281745911, 1.1604382991790771, 0.7634896636009216, 1.1264903545379639, 1.6392515897750854, 0.4645477831363678, 1.0692058801651, 0.87290358543396], "test_loss": 1.1154526652642553, "test_batch_lens": [4, 4, 4, 4, 4, 4, 4, 4, 4, 4, 4, 4, 4, 4, 4, 4, 4, 4, 4, 4, 4, 4, 4, 4, 4, 4, 4, 4, 4, 4, 4, 4, 4, 4, 4, 4, 4, 4, 4, 4, 4, 4, 4, 4, 4, 4, 4, 4, 4, 4, 4, 4, 4, 4, 4, 4, 4, 4, 4, 4, 4, 4, 4, 4, 4, 4, 4, 4, 4, 4, 4, 4, 4, 4, 4, 4, 4, 4, 4, 4, 4, 4, 4, 4, 4, 4, 4, 4, 4, 4, 4, 4, 4, 4, 4, 4, 4, 4, 4, 4, 4, 4, 4, 4, 4, 4, 4, 4, 4, 4, 4, 4, 4, 4, 4, 4, 4, 4, 4, 4, 4, 4, 4, 4, 4, 4, 4, 4, 4, 4, 4, 4, 4, 4, 4, 4, 4, 4, 4, 4, 4, 4, 4, 4, 4, 4, 4, 4, 4, 4, 4, 4, 4, 4, 4, 4, 4, 4, 4, 4, 4, 4, 3], "test_accuracy": 0.6359447004608295, "predictions": [7, 4, 1, 10, 7, 9, 8, 5, 3, 3, 4, 7, 0, 9, 6, 8, 9, 6, 4, 2, 8, 10, 0, 4, 6, 3, 5, 2, 2, 10, 2, 0, 3, 3, 6, 3, 10, 5, 5, 0, 10, 3, 2, 10, 8, 8, 4, 3, 2, 3, 2, 4, 1, 4, 6, 0, 7, 9, 9, 10, 10, 2, 0, 2, 5, 8, 6, 4, 6, 1, 3, 9, 0, 3, 1, 6, 6, 2, 2, 2, 1, 1, 3, 0, 5, 5, 0, 0, 8, 7, 9, 10, 10, 7, 0, 5, 0, 5, 2, 7, 5, 1, 10, 2, 10, 8, 3, 9, 10, 4, 7, 9, 0, 3, 7, 6, 0, 10, 5, 5, 4, 3, 5, 3, 5, 0, 7, 9, 6, 7, 4, 5, 10, 10, 9, 3, 4, 3, 9, 0, 10, 3, 9, 9, 4, 7, 4, 7, 2, 10, 9, 4, 10, 10, 1, 0, 10, 5, 2, 7, 4, 9, 10, 4, 10, 4, 10, 5, 8, 0, 7, 0, 10, 7, 2, 8, 0, 6, 1, 2, 6, 3, 5, 3, 9, 3, 2, 8, 3, 2, 5, 2, 0, 9, 9, 4, 8, 3, 5, 9, 7, 1, 6, 9, 4, 0, 8, 4, 3, 9, 5, 2, 9, 4, 4, 5, 2, 10, 9, 4, 7, 3, 0, 6, 7, 2, 5, 9, 1, 0, 1, 2, 1, 7, 7, 2, 10, 9, 3, 10, 9, 4, 3, 3, 1, 9, 8, 5, 2, 4, 10, 3, 3, 2, 3, 10, 2, 4, 5, 3, 3, 9, 7, 0, 5, 1, 9, 3, 9, 7, 9, 10, 2, 5, 8, 2, 7, 9, 9, 7, 9, 3, 4, 10, 2, 4, 2, 5, 5, 3, 8, 2, 2, 9, 0, 1, 2, 7, 3, 2, 4, 10, 1, 6, 6, 0, 2, 8, 10, 1, 7, 6, 4, 2, 4, 8, 9, 9, 4, 3, 2, 2, 9, 9, 8, 2, 7, 5, 10, 4, 4, 9, 3, 1, 4, 7, 1, 10, 2, 2, 5, 0, 0, 10, 5, 0, 8, 7, 3, 6, 5, 6, 9, 9, 5, 3, 9, 3, 9, 9, 4, 2, 6, 10, 8, 9, 2, 5, 9, 9, 4, 0, 4, 0, 9, 10, 5, 0, 3, 7, 3, 1, 8, 4, 10, 4, 4, 9, 3, 7, 0, 10, 9, 4, 3, 0, 5, 6, 4, 9, 8, 7, 8, 9, 1, 10, 10, 5, 4, 7, 3, 3, 5, 10, 4, 7, 2, 9, 0, 3, 0, 5, 5, 9, 2, 0, 3, 8, 7, 7, 7, 3, 8, 0, 3, 2, 2, 3, 7, 8, 10, 2, 10, 6, 2, 5, 0, 6, 7, 2, 1, 4, 9, 5, 5, 9, 0, 2, 5, 7, 9, 10, 3, 8, 0, 2, 0, 2, 2, 4, 10, 1, 1, 6, 8, 2, 4, 9, 2, 8, 4, 9, 0, 7, 6, 9, 8, 0, 2, 8, 6, 4, 3, 9, 2, 4, 8, 0, 0, 3, 9, 2, 8, 4, 9, 1, 3, 5, 9, 7, 7, 10, 4, 10, 2, 5, 5, 4, 4, 1, 4, 5, 1, 4, 5, 4, 4, 5, 9, 8, 8, 10, 5, 2, 4, 8, 2, 8, 1, 6, 9, 1, 5, 9, 2, 0, 9, 7, 6, 9, 6, 2, 0, 10, 10, 4, 6, 1, 7, 3, 2, 7, 9, 6, 2, 8, 5, 0, 7, 2, 3, 5, 10, 10, 2, 7, 9, 6, 10, 2, 6, 8, 7, 4, 7, 4, 4, 4, 3, 3, 7, 4, 0, 7, 0, 9, 5, 7, 8, 0, 7, 9, 8, 4, 4, 4, 4, 6, 1, 9, 3, 0, 1, 10, 7, 1, 9, 9, 6, 4, 10, 7, 8, 0, 3, 4, 9, 4, 3, 10, 7, 6, 9, 4, 4, 0, 2, 1, 7, 6, 6, 8, 9, 7, 4, 4, 2, 0, 2, 6, 7],