{"val_acc": [0.46390168970814133, 0.5729646697388633, 0.6682027649769585, 0.631336405529954, 0.6989247311827957, 0.685099846390169, 0.7096774193548387, 0.7158218125960062, 0.7142857142857143, 0.7465437788018433], "val_loss": [1.4606552498837921, 1.1263155919368282, 0.9360891398659513, 1.0245909317870814, 0.8639760061732831, 0.8722367202463143, 0.7919230651498937, 0.8231128540998496, 0.8332144372119494, 0.7372842405985561], "train_loss": [1.7255995190064588, 1.2959833554652582, 1.100156366925657, 1.0078548791158854, 0.953488737636768, 0.8964357309239697, 0.8613913490083077, 0.8405970076292618, 0.8023452693167474, 0.7874857643960881], "test_correct_in_batch": [4.0, 3.0, 2.0, 1.0, 4.0, 3.0, 2.0, 3.0, 2.0, 4.0, 3.0, 2.0, 3.0, 4.0, 4.0, 3.0, 3.0, 2.0, 1.0, 1.0, 1.0, 3.0, 2.0, 3.0, 2.0, 3.0, 4.0, 3.0, 4.0, 3.0, 2.0, 3.0, 4.0, 4.0, 2.0, 3.0, 3.0, 3.0, 3.0, 4.0, 3.0, 4.0, 3.0, 3.0, 2.0, 2.0, 2.0, 3.0, 3.0, 2.0, 2.0, 2.0, 3.0, 3.0, 3.0, 4.0, 3.0, 4.0, 3.0, 4.0, 3.0, 3.0, 3.0, 4.0, 3.0, 4.0, 2.0, 4.0, 3.0, 3.0, 1.0, 3.0, 3.0, 2.0, 3.0, 4.0, 4.0, 4.0, 1.0, 3.0, 3.0, 3.0, 2.0, 2.0, 3.0, 3.0, 3.0, 2.0, 3.0, 2.0, 3.0, 4.0, 1.0, 2.0, 4.0, 4.0, 3.0, 1.0, 2.0, 4.0, 1.0, 3.0, 3.0, 3.0, 3.0, 3.0, 2.0, 4.0, 3.0, 4.0, 4.0, 4.0, 3.0, 3.0, 3.0, 3.0, 2.0, 2.0, 3.0, 2.0, 2.0, 2.0, 3.0, 3.0, 2.0, 3.0, 2.0, 2.0, 4.0, 3.0, 2.0, 3.0, 4.0, 3.0, 1.0, 1.0, 4.0, 4.0, 3.0, 3.0, 4.0, 2.0, 3.0, 3.0, 4.0, 3.0, 3.0, 2.0, 2.0, 4.0, 3.0, 3.0, 3.0, 3.0, 3.0, 3.0, 2.0, 4.0, 1.0, 3.0, 4.0, 3.0, 3.0], "test_losses": [0.09508971869945526, 0.5876628160476685, 1.372003436088562, 2.0550849437713623, 0.22113458812236786, 0.4356798529624939, 1.2572031021118164, 0.8821893930435181, 1.177055835723877, 0.09253522753715515, 0.5121234655380249, 0.8615079522132874, 1.6995642185211182, 0.34590405225753784, 0.306030809879303, 1.621385097503662, 0.7995126247406006, 1.0310982465744019, 1.788191795349121, 1.741381287574768, 1.3322967290878296, 0.8455784916877747, 1.9489078521728516, 0.4212753176689148, 1.569557785987854, 0.6330531239509583, 0.11504032462835312, 0.6423348188400269, 0.43999215960502625, 0.5230196714401245, 2.264472484588623, 1.4947917461395264, 0.08285859227180481, 0.3717914819717407, 0.8563171625137329, 0.5602051019668579, 0.6778525114059448, 0.46421873569488525, 0.654267430305481, 0.07826445996761322, 1.0314180850982666, 0.3064630329608917, 0.8860042095184326, 0.4456150531768799, 1.5406150817871094, 0.7328794598579407, 0.8160432577133179, 1.3624093532562256, 0.6809465289115906, 1.1310429573059082, 1.7854945659637451, 2.2170557975769043, 0.8604021072387695, 0.9764120578765869, 0.7805765867233276, 0.19782453775405884, 0.6317653059959412, 0.38065406680107117, 0.3638432025909424, 0.5842148661613464, 0.6333408355712891, 0.6764024496078491, 0.4087763726711273, 0.3079553246498108, 0.7588815689086914, 0.45135247707366943, 1.0434184074401855, 0.6373879909515381, 1.4086413383483887, 0.7500451803207397, 2.373008966445923, 0.41742610931396484, 0.9723654985427856, 0.7551648616790771, 0.584889829158783, 0.32292941212654114, 0.2669053077697754, 0.14701518416404724, 1.5432796478271484, 0.479961097240448, 0.5703517198562622, 0.7111307382583618, 1.1762193441390991, 0.8921846747398376, 0.781781792640686, 0.826032280921936, 0.49517446756362915, 1.1110060214996338, 0.43784910440444946, 1.673535704612732, 0.4491478204727173, 0.3267980217933655, 1.4465031623840332, 0.9169278144836426, 0.15987950563430786, 0.6441273093223572, 1.4472414255142212, 2.3953163623809814, 0.47751766443252563, 0.10877226293087006, 2.8136227130889893, 0.697240948677063, 0.36018991470336914, 0.755792498588562, 0.5876193642616272, 0.8811671137809753, 1.1070579290390015, 0.3724876344203949, 0.7363324165344238, 0.3780488669872284, 0.10205701738595963, 0.37779760360717773, 0.5414485931396484, 0.5564014911651611, 0.5827288627624512, 0.5532872080802917, 2.078223466873169, 1.1040527820587158, 0.5777269601821899, 0.9461492300033569, 0.9394189715385437, 1.2231351137161255, 1.435912847518921, 0.8047184348106384, 1.3008100986480713, 0.8899322152137756, 1.0228248834609985, 0.9606195092201233, 0.2274402230978012, 0.6326040625572205, 1.1097774505615234, 0.7536662220954895, 0.22008129954338074, 1.089737892150879, 1.3312326669692993, 1.51725172996521, 0.3059886395931244, 0.45138150453567505, 0.770125150680542, 1.0761209726333618, 0.18707464635372162, 2.345341444015503, 1.0524653196334839, 0.7889142036437988, 0.11775986850261688, 0.7149404287338257, 0.4557769298553467, 2.143073081970215, 1.0669159889221191, 0.3945298194885254, 0.569141685962677, 1.3965871334075928, 0.34600114822387695, 0.3558198809623718, 0.8800699710845947, 1.1522433757781982, 0.8014156222343445, 0.53323894739151, 1.1893398761749268, 0.7387966513633728, 0.21236340701580048, 1.1853901147842407, 0.4661889970302582], "test_loss": 0.8455359549975834, "test_batch_lens": [4, 4, 4, 4, 4, 4, 4, 4, 4, 4, 4, 4, 4, 4, 4, 4, 4, 4, 4, 4, 4, 4, 4, 4, 4, 4, 4, 4, 4, 4, 4, 4, 4, 4, 4, 4, 4, 4, 4, 4, 4, 4, 4, 4, 4, 4, 4, 4, 4, 4, 4, 4, 4, 4, 4, 4, 4, 4, 4, 4, 4, 4, 4, 4, 4, 4, 4, 4, 4, 4, 4, 4, 4, 4, 4, 4, 4, 4, 4, 4, 4, 4, 4, 4, 4, 4, 4, 4, 4, 4, 4, 4, 4, 4, 4, 4, 4, 4, 4, 4, 4, 4, 4, 4, 4, 4, 4, 4, 4, 4, 4, 4, 4, 4, 4, 4, 4, 4, 4, 4, 4, 4, 4, 4, 4, 4, 4, 4, 4, 4, 4, 4, 4, 4, 4, 4, 4, 4, 4, 4, 4, 4, 4, 4, 4, 4, 4, 4, 4, 4, 4, 4, 4, 4, 4, 4, 4, 4, 4, 4, 4, 4, 3], "test_accuracy": 0.7142857142857143, "predictions": [7, 4, 1, 10, 7, 1, 8, 9, 1, 1, 4, 7, 3, 9, 0, 2, 9, 6, 4, 9, 8, 10, 0, 4, 6, 8, 4, 8, 6, 10, 2, 1, 3, 1, 6, 3, 10, 5, 5, 0, 10, 3, 6, 10, 7, 7, 9, 3, 3, 8, 8, 4, 3, 4, 6, 1, 1, 9, 1, 10, 10, 6, 8, 6, 5, 6, 8, 5, 8, 8, 3, 3, 7, 1, 1, 0, 8, 6, 2, 2, 1, 1, 6, 0, 5, 5, 1, 3, 3, 0, 9, 10, 10, 7, 0, 5, 1, 6, 4, 7, 5, 0, 10, 6, 10, 8, 3, 9, 10, 4, 7, 6, 0, 3, 7, 6, 0, 10, 0, 0, 4, 3, 7, 8, 5, 1, 7, 0, 6, 7, 4, 0, 10, 10, 7, 9, 4, 3, 9, 1, 10, 3, 2, 9, 4, 7, 9, 7, 2, 10, 6, 4, 10, 10, 3, 0, 10, 5, 4, 7, 4, 9, 10, 4, 2, 3, 10, 5, 8, 0, 1, 0, 2, 7, 6, 8, 8, 5, 1, 2, 5, 1, 5, 3, 4, 10, 4, 8, 3, 4, 0, 2, 0, 9, 9, 5, 9, 1, 5, 9, 9, 1, 6, 0, 4, 0, 7, 8, 3, 9, 5, 0, 6, 5, 4, 5, 6, 10, 8, 4, 7, 3, 0, 6, 7, 1, 5, 7, 1, 0, 1, 6, 1, 7, 7, 2, 10, 4, 3, 10, 9, 9, 3, 3, 1, 7, 5, 5, 2, 5, 10, 1, 1, 2, 3, 10, 6, 2, 5, 3, 3, 10, 7, 1, 5, 0, 5, 1, 8, 7, 3, 10, 3, 5, 1, 2, 7, 6, 9, 7, 1, 1, 5, 10, 2, 4, 2, 8, 5, 3, 8, 8, 8, 2, 1, 1, 2, 9, 3, 2, 4, 10, 8, 6, 6, 0, 2, 7, 10, 1, 7, 6, 4, 2, 4, 3, 0, 9, 4, 8, 4, 6, 7, 9, 3, 8, 8, 5, 2, 4, 4, 9, 3, 3, 4, 7, 1, 3, 7, 2, 5, 0, 5, 10, 5, 1, 5, 7, 3, 6, 9, 2, 4, 9, 5, 3, 8, 3, 0, 8, 5, 4, 6, 10, 8, 9, 8, 5, 8, 9, 4, 1, 5, 1, 8, 10, 5, 0, 3, 7, 3, 1, 8, 2, 3, 4, 4, 9, 3, 1, 0, 6, 7, 4, 1, 0, 5, 6, 9, 9, 7, 1, 1, 6, 1, 10, 10, 4, 5, 7, 1, 3, 5, 10, 7, 7, 2, 3, 1, 3, 1, 5, 4, 1, 2, 0, 3, 7, 8, 4, 8, 3, 8, 1, 3, 2, 2, 3, 7, 10, 10, 4, 10, 6, 6, 5, 0, 9, 8, 2, 3, 9, 9, 5, 9, 7, 3, 3, 5, 7, 9, 10, 3, 8, 1, 5, 3, 9, 10, 4, 10, 3, 1, 8, 8, 2, 4, 1, 2, 8, 4, 9, 1, 7, 6, 9, 1, 1, 9, 8, 6, 9, 3, 1, 2, 4, 10, 0, 8, 3, 9, 6, 8, 4, 5, 2, 3, 5, 1, 7, 7, 10, 4, 10, 2, 5, 5, 7, 5, 3, 9, 5, 8, 4, 5, 4, 4, 5, 9, 7, 7, 2, 0, 2, 5, 3, 2, 8, 0, 6, 9, 3, 5, 0, 2, 0, 9, 7, 6, 9, 6, 9, 1, 10, 8, 8, 8, 1, 7, 3, 2, 7, 9, 6, 8, 2, 9, 0, 8, 2, 1, 5, 10, 10, 8, 7, 9, 6, 8, 6, 6, 5, 7, 9, 7, 9, 4, 9, 3, 8, 7, 9, 1, 10, 5, 2, 0, 7, 8, 0, 7, 4, 6, 5, 4, 8, 4, 6, 1, 5, 3, 1, 3, 4, 7, 1, 9, 4, 8, 6, 10, 7, 1, 3, 3, 1, 0, 4, 3, 10, 7, 8, 9, 4, 2, 1, 2, 3, 7, 5, 6, 8, 1, 7, 4, 8, 2, 0, 8, 6, 7],