{"val_acc": [0.4838709677419355, 0.5913978494623656, 0.6574500768049155, 0.6728110599078341, 0.6758832565284179, 0.7035330261136713, 0.7219662058371735, 0.6881720430107527, 0.7142857142857143, 0.7204301075268817], "val_loss": [1.467428144501762, 1.2719681793195339, 1.0036636051133367, 0.9929198437581764, 0.9637972989056739, 0.8793399408916754, 0.8571957755159655, 0.9049948211645056, 0.848794279517206, 0.8248519705939878], "train_loss": [1.9569012862700184, 1.3634632145039134, 1.129486952770001, 0.9886219315397934, 0.8928560222668719, 0.8300502111544314, 0.7537191343101707, 0.7181791632617753, 0.6965840415727587, 0.6575730554766276], "test_correct_in_batch": [3.0, 1.0, 2.0, 2.0, 4.0, 3.0, 2.0, 2.0, 1.0, 4.0, 2.0, 4.0, 2.0, 4.0, 3.0, 2.0, 3.0, 1.0, 2.0, 3.0, 0.0, 4.0, 1.0, 4.0, 4.0, 3.0, 3.0, 3.0, 3.0, 3.0, 1.0, 2.0, 4.0, 3.0, 2.0, 4.0, 4.0, 3.0, 3.0, 3.0, 4.0, 4.0, 2.0, 2.0, 2.0, 4.0, 4.0, 4.0, 1.0, 3.0, 3.0, 1.0, 2.0, 1.0, 1.0, 4.0, 4.0, 4.0, 3.0, 2.0, 4.0, 3.0, 3.0, 4.0, 2.0, 2.0, 3.0, 2.0, 3.0, 3.0, 1.0, 3.0, 2.0, 2.0, 4.0, 3.0, 3.0, 3.0, 2.0, 2.0, 3.0, 2.0, 3.0, 2.0, 2.0, 2.0, 3.0, 3.0, 4.0, 2.0, 3.0, 2.0, 1.0, 4.0, 3.0, 3.0, 3.0, 1.0, 3.0, 3.0, 3.0, 4.0, 3.0, 2.0, 2.0, 3.0, 3.0, 4.0, 3.0, 3.0, 3.0, 3.0, 4.0, 4.0, 2.0, 4.0, 1.0, 2.0, 4.0, 2.0, 4.0, 2.0, 4.0, 4.0, 3.0, 4.0, 2.0, 1.0, 3.0, 2.0, 3.0, 3.0, 4.0, 3.0, 3.0, 2.0, 3.0, 3.0, 2.0, 2.0, 3.0, 2.0, 1.0, 3.0, 3.0, 2.0, 2.0, 2.0, 2.0, 2.0, 2.0, 2.0, 4.0, 2.0, 3.0, 2.0, 4.0, 3.0, 4.0, 4.0, 4.0, 2.0, 2.0], "test_losses": [0.41875672340393066, 1.1212842464447021, 1.2041776180267334, 2.055021286010742, 0.11093728244304657, 0.5147421360015869, 1.5497671365737915, 0.6364545226097107, 1.4979426860809326, 0.10652286559343338, 1.5439974069595337, 0.09008064866065979, 3.474785804748535, 0.14530907571315765, 0.8607701659202576, 1.4880716800689697, 0.731210470199585, 1.6159157752990723, 1.1729340553283691, 0.8022299408912659, 1.762255311012268, 0.5219177007675171, 1.7704780101776123, 0.12034402787685394, 0.2123977094888687, 0.5042619109153748, 0.7353596687316895, 1.1290172338485718, 0.7093874216079712, 1.1587060689926147, 3.0886073112487793, 1.095241904258728, 0.11190935969352722, 0.28812146186828613, 1.935783863067627, 0.4038424789905548, 0.2317945659160614, 1.3990776538848877, 0.7731502652168274, 0.7622132301330566, 0.49616876244544983, 0.28144368529319763, 1.346097707748413, 0.6331894993782043, 1.179010272026062, 0.0948212519288063, 0.3170674443244934, 0.32777053117752075, 2.4812073707580566, 1.2094578742980957, 0.6325500011444092, 2.951829195022583, 1.5694472789764404, 1.7632774114608765, 1.5381239652633667, 0.38400405645370483, 0.4987531006336212, 0.2947646677494049, 0.5677199959754944, 0.731277585029602, 0.4448319673538208, 1.103249192237854, 0.3352503478527069, 0.15574190020561218, 2.427586793899536, 1.5505894422531128, 0.6882099509239197, 1.6984660625457764, 0.9687900543212891, 1.0771251916885376, 2.757966995239258, 0.6032015085220337, 1.1925076246261597, 1.0082366466522217, 0.026276061311364174, 0.6995429992675781, 0.2786295711994171, 0.5633034110069275, 1.0335274934768677, 1.5570285320281982, 0.6130669116973877, 1.7246060371398926, 0.8928161263465881, 1.7304035425186157, 2.0827879905700684, 0.9325832724571228, 0.4212755560874939, 1.0830178260803223, 0.1793190985918045, 1.6747891902923584, 1.7712764739990234, 1.3660329580307007, 1.7272616624832153, 0.45703572034835815, 0.39465200901031494, 0.7043657302856445, 0.48922231793403625, 2.8955941200256348, 0.8909345865249634, 0.5388582944869995, 0.6537656784057617, 0.13797716796398163, 1.7193135023117065, 1.4565876722335815, 1.0659449100494385, 1.1284953355789185, 0.6887136697769165, 0.34124839305877686, 0.4046235978603363, 0.6228788495063782, 0.6183680295944214, 0.8274320960044861, 0.2559519410133362, 0.3278230130672455, 0.9669414758682251, 0.2531929910182953, 2.1224000453948975, 1.0424740314483643, 0.08398386836051941, 0.9581523537635803, 0.4013482630252838, 1.1186230182647705, 0.23469652235507965, 0.14286434650421143, 1.9173449277877808, 0.16305121779441833, 1.1929283142089844, 1.5910911560058594, 0.34322383999824524, 0.6926704049110413, 0.9541693925857544, 0.41553887724876404, 0.1594552993774414, 1.6092610359191895, 0.6435816287994385, 2.444350242614746, 0.5249341726303101, 0.6045640110969543, 1.720679759979248, 1.4024651050567627, 0.5325852632522583, 2.294670343399048, 1.1062772274017334, 1.0475988388061523, 0.7542716860771179, 1.215257167816162, 0.8797684907913208, 1.2588965892791748, 1.0564911365509033, 1.6275357007980347, 1.4115124940872192, 1.1342864036560059, 0.058877453207969666, 1.0256539583206177, 0.7468565702438354, 0.9387323260307312, 0.21913349628448486, 1.6113554239273071, 0.369975209236145, 0.3923228681087494, 0.04739036038517952, 2.128556489944458, 0.3307417333126068], "test_loss": 0.9695372938812693, "test_batch_lens": [4, 4, 4, 4, 4, 4, 4, 4, 4, 4, 4, 4, 4, 4, 4, 4, 4, 4, 4, 4, 4, 4, 4, 4, 4, 4, 4, 4, 4, 4, 4, 4, 4, 4, 4, 4, 4, 4, 4, 4, 4, 4, 4, 4, 4, 4, 4, 4, 4, 4, 4, 4, 4, 4, 4, 4, 4, 4, 4, 4, 4, 4, 4, 4, 4, 4, 4, 4, 4, 4, 4, 4, 4, 4, 4, 4, 4, 4, 4, 4, 4, 4, 4, 4, 4, 4, 4, 4, 4, 4, 4, 4, 4, 4, 4, 4, 4, 4, 4, 4, 4, 4, 4, 4, 4, 4, 4, 4, 4, 4, 4, 4, 4, 4, 4, 4, 4, 4, 4, 4, 4, 4, 4, 4, 4, 4, 4, 4, 4, 4, 4, 4, 4, 4, 4, 4, 4, 4, 4, 4, 4, 4, 4, 4, 4, 4, 4, 4, 4, 4, 4, 4, 4, 4, 4, 4, 4, 4, 4, 4, 4, 4, 3], "test_accuracy": 0.6820276497695853, "predictions": [7, 2, 1, 10, 4, 3, 8, 5, 10, 3, 4, 7, 1, 9, 1, 8, 9, 6, 4, 9, 6, 10, 1, 4, 6, 3, 5, 6, 6, 6, 2, 0, 3, 3, 6, 1, 10, 5, 5, 0, 10, 3, 6, 2, 7, 8, 4, 3, 8, 8, 2, 4, 3, 4, 6, 1, 0, 9, 1, 10, 2, 6, 7, 6, 5, 9, 8, 5, 5, 3, 3, 3, 0, 3, 9, 8, 6, 8, 2, 2, 1, 3, 1, 9, 5, 5, 1, 8, 8, 2, 9, 2, 10, 7, 1, 5, 1, 8, 2, 7, 5, 0, 10, 6, 10, 0, 3, 9, 10, 4, 7, 6, 0, 3, 7, 3, 0, 10, 0, 0, 4, 0, 9, 3, 5, 5, 8, 9, 6, 7, 4, 0, 10, 10, 9, 9, 4, 3, 9, 1, 10, 3, 3, 9, 4, 7, 4, 7, 2, 10, 9, 4, 10, 2, 1, 0, 10, 5, 8, 7, 8, 9, 10, 4, 2, 3, 10, 5, 5, 0, 8, 0, 2, 7, 6, 6, 8, 8, 1, 6, 6, 3, 5, 3, 9, 3, 4, 8, 3, 2, 0, 2, 1, 8, 9, 5, 1, 3, 2, 9, 9, 1, 6, 1, 4, 9, 3, 3, 2, 9, 5, 9, 9, 4, 2, 5, 6, 2, 0, 4, 7, 3, 0, 6, 7, 0, 5, 7, 1, 0, 1, 6, 9, 7, 7, 2, 10, 5, 0, 10, 9, 4, 3, 3, 1, 7, 1, 5, 2, 4, 2, 1, 1, 2, 3, 10, 3, 4, 5, 3, 3, 4, 7, 0, 5, 3, 8, 1, 1, 7, 9, 10, 3, 5, 8, 2, 7, 7, 9, 7, 9, 3, 5, 10, 9, 4, 2, 5, 5, 6, 6, 0, 2, 9, 0, 1, 2, 7, 3, 2, 4, 10, 0, 6, 6, 0, 2, 8, 10, 8, 7, 6, 4, 2, 4, 2, 9, 9, 9, 3, 2, 6, 7, 7, 1, 2, 7, 5, 2, 4, 4, 1, 3, 1, 4, 7, 1, 6, 1, 2, 5, 3, 5, 10, 5, 1, 5, 7, 3, 6, 5, 6, 4, 9, 5, 1, 0, 3, 7, 8, 4, 2, 6, 10, 2, 9, 10, 5, 9, 9, 4, 3, 5, 0, 9, 10, 5, 0, 0, 7, 3, 8, 8, 2, 3, 4, 4, 9, 3, 9, 0, 2, 7, 4, 0, 0, 5, 6, 9, 4, 7, 7, 6, 2, 1, 10, 10, 5, 5, 3, 3, 3, 5, 10, 4, 5, 2, 3, 3, 3, 0, 5, 5, 1, 2, 0, 3, 8, 8, 4, 8, 3, 8, 3, 3, 2, 2, 3, 9, 10, 10, 8, 10, 6, 6, 5, 0, 5, 8, 2, 1, 9, 9, 5, 9, 9, 3, 10, 5, 7, 9, 10, 1, 8, 0, 6, 0, 4, 2, 9, 10, 3, 1, 2, 8, 2, 4, 3, 2, 8, 9, 9, 0, 7, 6, 4, 2, 3, 2, 8, 6, 9, 3, 7, 2, 4, 2, 0, 1, 3, 9, 6, 3, 4, 4, 3, 8, 5, 9, 7, 7, 2, 9, 10, 2, 5, 5, 9, 5, 3, 4, 5, 2, 4, 5, 4, 4, 5, 9, 7, 7, 2, 0, 6, 4, 3, 2, 2, 1, 8, 8, 1, 8, 5, 2, 0, 1, 7, 6, 1, 6, 9, 0, 10, 10, 0, 8, 3, 7, 3, 2, 7, 9, 2, 2, 8, 5, 0, 7, 2, 3, 9, 2, 10, 4, 7, 2, 6, 8, 6, 6, 9, 7, 4, 7, 4, 10, 9, 0, 3, 7, 8, 1, 7, 0, 2, 8, 7, 6, 0, 4, 9, 5, 5, 4, 6, 4, 6, 1, 5, 3, 0, 3, 10, 7, 1, 9, 5, 6, 6, 2, 7, 3, 0, 3, 9, 1, 4, 3, 1, 7, 8, 9, 9, 4, 0, 2, 3, 7, 8, 6, 8, 1, 7, 4, 9, 2, 1, 6, 6, 7],