{"val_acc": [0.8310291858678955, 0.8448540706605223, 0.8725038402457758, 0.8709677419354839, 0.8878648233486943, 0.8509984639016898, 0.869431643625192, 0.8832565284178188, 0.9032258064516129, 0.8663594470046083], "val_loss": [0.5038012034278306, 0.4725476094333032, 0.4024868040530231, 0.3760493648559158, 0.3643021567761605, 0.450903460717462, 0.4204895141789777, 0.395518986467535, 0.3585849154458411, 0.4196644858543857], "train_loss": [0.9126111654310457, 0.48367341146299087, 0.3671121017323693, 0.30666588249852456, 0.26336750786460983, 0.2345800747941494, 0.21512828945829393, 0.19453182294598914, 0.18405757066442735, 0.1699344773745978], "test_correct_in_batch": [4.0, 4.0, 3.0, 4.0, 4.0, 4.0, 3.0, 4.0, 3.0, 4.0, 4.0, 2.0, 4.0, 3.0, 4.0, 3.0, 3.0, 2.0, 3.0, 4.0, 3.0, 4.0, 3.0, 4.0, 4.0, 4.0, 4.0, 3.0, 4.0, 4.0, 1.0, 4.0, 4.0, 4.0, 4.0, 4.0, 4.0, 3.0, 4.0, 4.0, 4.0, 3.0, 2.0, 4.0, 4.0, 4.0, 4.0, 3.0, 3.0, 4.0, 4.0, 1.0, 4.0, 3.0, 3.0, 4.0, 4.0, 4.0, 3.0, 3.0, 4.0, 3.0, 3.0, 4.0, 3.0, 3.0, 3.0, 3.0, 3.0, 3.0, 2.0, 4.0, 3.0, 3.0, 4.0, 4.0, 4.0, 4.0, 4.0, 3.0, 4.0, 2.0, 3.0, 3.0, 4.0, 3.0, 4.0, 4.0, 4.0, 3.0, 4.0, 4.0, 3.0, 4.0, 3.0, 4.0, 4.0, 2.0, 4.0, 4.0, 2.0, 4.0, 2.0, 2.0, 4.0, 4.0, 4.0, 3.0, 2.0, 4.0, 4.0, 4.0, 3.0, 4.0, 3.0, 3.0, 3.0, 4.0, 4.0, 4.0, 4.0, 2.0, 3.0, 4.0, 2.0, 4.0, 4.0, 3.0, 4.0, 4.0, 4.0, 4.0, 4.0, 3.0, 4.0, 3.0, 4.0, 4.0, 3.0, 2.0, 4.0, 4.0, 2.0, 4.0, 3.0, 3.0, 3.0, 3.0, 3.0, 4.0, 3.0, 3.0, 4.0, 4.0, 4.0, 4.0, 2.0, 3.0, 3.0, 4.0, 4.0, 4.0, 3.0], "test_losses": [0.001057505956850946, 0.14147651195526123, 0.6822758316993713, 0.06036313250660896, 0.047996971756219864, 0.0007669130573049188, 0.5203987956047058, 0.315635085105896, 0.8909889459609985, 0.0014402616070583463, 0.08533875644207001, 1.5749937295913696, 0.28480175137519836, 0.9280811548233032, 0.003932555206120014, 2.4070804119110107, 0.9273841977119446, 1.970136046409607, 0.7477777004241943, 0.004668805748224258, 1.6298242807388306, 0.15353676676750183, 0.35003894567489624, 0.000266755378106609, 0.048052769154310226, 0.06084864214062691, 0.0022150760050863028, 0.7732619047164917, 0.007106667850166559, 0.0007980209193192422, 2.0954227447509766, 0.0029858453199267387, 0.13433635234832764, 0.0012404872104525566, 0.008758045732975006, 0.09701672196388245, 0.0050468952395021915, 0.23029781877994537, 0.07427451014518738, 0.021222537383437157, 0.40995991230010986, 0.273143470287323, 0.9570223093032837, 0.05204158276319504, 0.1090681329369545, 0.03251490369439125, 0.03674274682998657, 1.1981501579284668, 0.6654876470565796, 0.1004888266324997, 0.06591735780239105, 1.1459333896636963, 0.00599253922700882, 0.4512728452682495, 1.0220768451690674, 0.00011809349234681576, 0.0012514331610873342, 0.12946024537086487, 0.9742135405540466, 0.7968207597732544, 0.20695705711841583, 0.3762674927711487, 0.298921138048172, 0.0033951846417039633, 0.2830086052417755, 0.8968437910079956, 0.3663574159145355, 1.1558650732040405, 0.8735954761505127, 0.3968234956264496, 2.069535255432129, 0.00016751271323300898, 0.43799257278442383, 0.5760613083839417, 0.026717262342572212, 0.0206463560461998, 0.00021823684801347554, 0.08074473589658737, 0.10128092765808105, 0.4763049781322479, 0.005531042814254761, 1.4382537603378296, 1.4107598066329956, 1.0554592609405518, 0.09858250617980957, 1.3287172317504883, 0.07980933040380478, 0.022320667281746864, 0.012951303273439407, 1.0643367767333984, 0.0015424028970301151, 0.1606469601392746, 1.2502323389053345, 0.0004850147815886885, 1.1952264308929443, 0.030300866812467575, 0.07141590118408203, 2.763334274291992, 0.008623014204204082, 0.0002678590826690197, 2.004474639892578, 0.01745411939918995, 0.7248495817184448, 1.7425715923309326, 0.07870654761791229, 0.04137831926345825, 0.009225429967045784, 0.37667539715766907, 1.4930834770202637, 0.008859869092702866, 0.00016978892381303012, 0.1758405566215515, 0.3540617525577545, 0.03290879353880882, 0.7475883960723877, 0.3572009801864624, 1.876775860786438, 0.0006217954796738923, 0.007590761408209801, 0.005470698233693838, 0.011285490356385708, 0.959560751914978, 1.2149263620376587, 0.0006296839565038681, 2.0356507301330566, 0.014363985508680344, 0.027535105124115944, 0.7590512633323669, 0.006142299156636, 0.0013863485073670745, 0.034746136516332626, 0.012100178748369217, 0.00011626602645264938, 0.39961326122283936, 0.010100433602929115, 0.20082750916481018, 5.3849187679588795e-05, 0.1298520267009735, 1.2126593589782715, 1.099595308303833, 0.005579562392085791, 0.23988008499145508, 1.4221993684768677, 0.0053290813229978085, 1.359912633895874, 0.7354077100753784, 0.8614169359207153, 1.1152435541152954, 0.7629554867744446, 0.001871609129011631, 0.3138316571712494, 0.3676894009113312, 0.00443920586258173, 0.0071439677849411964, 0.00892822165042162, 0.00022283123689703643, 1.0765753984451294, 2.326655626296997, 0.8675474524497986, 0.006435969844460487, 0.0007628032471984625, 0.013426213525235653, 0.0026926754508167505], "test_loss": 0.4666207139540526, "test_batch_lens": [4, 4, 4, 4, 4, 4, 4, 4, 4, 4, 4, 4, 4, 4, 4, 4, 4, 4, 4, 4, 4, 4, 4, 4, 4, 4, 4, 4, 4, 4, 4, 4, 4, 4, 4, 4, 4, 4, 4, 4, 4, 4, 4, 4, 4, 4, 4, 4, 4, 4, 4, 4, 4, 4, 4, 4, 4, 4, 4, 4, 4, 4, 4, 4, 4, 4, 4, 4, 4, 4, 4, 4, 4, 4, 4, 4, 4, 4, 4, 4, 4, 4, 4, 4, 4, 4, 4, 4, 4, 4, 4, 4, 4, 4, 4, 4, 4, 4, 4, 4, 4, 4, 4, 4, 4, 4, 4, 4, 4, 4, 4, 4, 4, 4, 4, 4, 4, 4, 4, 4, 4, 4, 4, 4, 4, 4, 4, 4, 4, 4, 4, 4, 4, 4, 4, 4, 4, 4, 4, 4, 4, 4, 4, 4, 4, 4, 4, 4, 4, 4, 4, 4, 4, 4, 4, 4, 4, 4, 4, 4, 4, 4, 3], "test_accuracy": 0.8617511520737328}