{"val_acc": [0.40706605222734255, 0.6697388632872504, 0.8079877112135176, 0.8509984639016898, 0.8863287250384024, 0.9155145929339478, 0.9247311827956989, 0.9247311827956989, 0.9447004608294931, 0.9324116743471582], "val_loss": [2.1501134919242624, 1.6219047190952887, 1.0627004383531815, 0.7474741917446347, 0.5377245459454191, 0.40428199865883846, 0.3317483607565333, 0.3083205117266968, 0.24400562349638324, 0.2503568704919947], "train_loss": [2.310639466783891, 1.8700463894073656, 1.3080343175814921, 0.8552914197921406, 0.6007532899197072, 0.45713034787364165, 0.3605124573466397, 0.30066559076338106, 0.25050162151576305, 0.21092083001533696], "test_correct_in_batch": [4.0, 4.0, 4.0, 4.0, 4.0, 4.0, 3.0, 3.0, 3.0, 4.0, 4.0, 4.0, 3.0, 4.0, 4.0, 3.0, 3.0, 4.0, 3.0, 4.0, 2.0, 4.0, 3.0, 4.0, 4.0, 4.0, 4.0, 3.0, 3.0, 4.0, 3.0, 3.0, 4.0, 4.0, 3.0, 4.0, 4.0, 4.0, 4.0, 4.0, 4.0, 4.0, 3.0, 4.0, 4.0, 4.0, 4.0, 4.0, 4.0, 3.0, 4.0, 2.0, 4.0, 3.0, 3.0, 4.0, 4.0, 4.0, 4.0, 3.0, 4.0, 4.0, 4.0, 4.0, 3.0, 3.0, 4.0, 3.0, 3.0, 3.0, 3.0, 4.0, 4.0, 4.0, 4.0, 4.0, 4.0, 4.0, 3.0, 3.0, 4.0, 4.0, 4.0, 4.0, 4.0, 3.0, 4.0, 2.0, 4.0, 4.0, 4.0, 3.0, 3.0, 4.0, 4.0, 4.0, 4.0, 3.0, 4.0, 4.0, 3.0, 4.0, 4.0, 4.0, 4.0, 4.0, 4.0, 4.0, 4.0, 4.0, 4.0, 3.0, 4.0, 4.0, 4.0, 4.0, 4.0, 4.0, 4.0, 3.0, 4.0, 3.0, 4.0, 4.0, 3.0, 3.0, 4.0, 4.0, 3.0, 4.0, 4.0, 4.0, 4.0, 3.0, 4.0, 4.0, 4.0, 4.0, 4.0, 3.0, 4.0, 4.0, 4.0, 4.0, 4.0, 3.0, 4.0, 4.0, 3.0, 4.0, 4.0, 4.0, 4.0, 4.0, 3.0, 4.0, 4.0, 3.0, 4.0, 4.0, 4.0, 4.0, 3.0], "test_losses": [0.04031597822904587, 0.11313126981258392, 0.36803674697875977, 0.3326532244682312, 0.029985550791025162, 0.06223275512456894, 0.6913073062896729, 0.5248066186904907, 1.114673137664795, 0.05229603126645088, 0.06897765398025513, 0.10306627303361893, 0.6286829113960266, 0.11384818702936172, 0.052548717707395554, 1.0518614053726196, 0.6648616194725037, 0.320659875869751, 1.0029165744781494, 0.10233570635318756, 0.8260049223899841, 0.08370167016983032, 0.48873212933540344, 0.1792326718568802, 0.07660350203514099, 0.061784520745277405, 0.15241870284080505, 0.6512949466705322, 0.6741958260536194, 0.06765337288379669, 0.5603162050247192, 0.3993653655052185, 0.03422217816114426, 0.03648098558187485, 0.5320734977722168, 0.13237659633159637, 0.050984784960746765, 0.08805134892463684, 0.05941955745220184, 0.07578298449516296, 0.21633456647396088, 0.05286755412817001, 0.48647889494895935, 0.08500640094280243, 0.08293888717889786, 0.18338821828365326, 0.16819259524345398, 0.11530789732933044, 0.05051784962415695, 0.5446437001228333, 0.291504830121994, 2.4506962299346924, 0.13320764899253845, 0.9012202024459839, 0.45266884565353394, 0.04717336222529411, 0.041630230844020844, 0.024564510211348534, 0.0808018371462822, 0.4281585216522217, 0.036415886133909225, 0.103055939078331, 0.1287265568971634, 0.27649012207984924, 0.302223265171051, 0.5540416836738586, 0.13434089720249176, 0.5548468828201294, 0.9787249565124512, 0.5717993974685669, 1.144038200378418, 0.04577755555510521, 0.1806696504354477, 0.23153293132781982, 0.056749068200588226, 0.1073613241314888, 0.03565341606736183, 0.0332527756690979, 0.6570461988449097, 0.2952132821083069, 0.09105545282363892, 0.3742079436779022, 0.133064866065979, 0.07521259784698486, 0.0553404837846756, 0.6102542281150818, 0.07258709520101547, 0.7144082188606262, 0.19160373508930206, 0.29387277364730835, 0.1437678188085556, 0.7634875774383545, 0.715484619140625, 0.045510344207286835, 0.040931154042482376, 0.08320993185043335, 0.08400781452655792, 1.870750904083252, 0.07673526555299759, 0.08223697543144226, 1.1860778331756592, 0.06714218854904175, 0.050346679985523224, 0.2055533230304718, 0.0789366289973259, 0.0959845706820488, 0.06049094349145889, 0.05967432260513306, 0.10961515456438065, 0.05026724189519882, 0.05679876357316971, 1.076127052307129, 0.07397346198558807, 0.12387926876544952, 0.12585732340812683, 0.07344847917556763, 0.21832820773124695, 0.03906497359275818, 0.16623102128505707, 0.4699293375015259, 0.2030819058418274, 0.9923696517944336, 0.0683751329779625, 0.23658514022827148, 0.7666635513305664, 0.402321457862854, 0.22615109384059906, 0.18675315380096436, 0.6994332671165466, 0.23102515935897827, 0.08428849279880524, 0.12621814012527466, 0.05467385798692703, 0.767471432685852, 0.11379808187484741, 0.2209394872188568, 0.021392028778791428, 0.07072751969099045, 0.1242360919713974, 1.046588659286499, 0.05878248065710068, 0.26301002502441406, 0.23167093098163605, 0.1206207126379013, 0.055019572377204895, 0.47661441564559937, 0.3141750693321228, 0.1111840158700943, 0.7491092085838318, 0.06926947087049484, 0.07638471573591232, 0.2610287368297577, 0.04547379910945892, 0.10700434446334839, 1.3897838592529297, 0.05962996184825897, 0.0733330026268959, 0.36686277389526367, 0.06945474445819855, 0.0701979547739029, 0.05931484326720238, 0.041402898728847504, 0.0654732808470726], "test_loss": 0.29827304777512154, "test_batch_lens": [4, 4, 4, 4, 4, 4, 4, 4, 4, 4, 4, 4, 4, 4, 4, 4, 4, 4, 4, 4, 4, 4, 4, 4, 4, 4, 4, 4, 4, 4, 4, 4, 4, 4, 4, 4, 4, 4, 4, 4, 4, 4, 4, 4, 4, 4, 4, 4, 4, 4, 4, 4, 4, 4, 4, 4, 4, 4, 4, 4, 4, 4, 4, 4, 4, 4, 4, 4, 4, 4, 4, 4, 4, 4, 4, 4, 4, 4, 4, 4, 4, 4, 4, 4, 4, 4, 4, 4, 4, 4, 4, 4, 4, 4, 4, 4, 4, 4, 4, 4, 4, 4, 4, 4, 4, 4, 4, 4, 4, 4, 4, 4, 4, 4, 4, 4, 4, 4, 4, 4, 4, 4, 4, 4, 4, 4, 4, 4, 4, 4, 4, 4, 4, 4, 4, 4, 4, 4, 4, 4, 4, 4, 4, 4, 4, 4, 4, 4, 4, 4, 4, 4, 4, 4, 4, 4, 4, 4, 4, 4, 4, 4, 3], "test_accuracy": 0.9247311827956989, "predictions": [7, 4, 1, 10, 7, 1, 8, 8, 0, 8, 4, 7, 1, 9, 3, 0, 9, 6, 4, 9, 8, 10, 1, 4, 6, 1, 8, 6, 6, 8, 8, 1, 1, 3, 6, 3, 10, 5, 5, 0, 10, 3, 2, 10, 7, 8, 4, 3, 3, 8, 1, 4, 3, 4, 6, 1, 1, 9, 1, 10, 10, 6, 9, 6, 5, 3, 8, 5, 8, 1, 3, 1, 10, 3, 1, 8, 6, 8, 9, 2, 1, 1, 1, 1, 5, 5, 1, 8, 0, 8, 9, 10, 10, 7, 1, 5, 1, 8, 2, 7, 5, 1, 10, 6, 10, 8, 3, 9, 10, 4, 7, 10, 0, 3, 7, 8, 0, 8, 0, 0, 4, 0, 7, 6, 5, 0, 7, 9, 6, 7, 4, 0, 10, 10, 7, 9, 4, 0, 9, 0, 10, 3, 3, 9, 4, 7, 4, 7, 2, 10, 2, 4, 10, 10, 1, 0, 10, 5, 4, 7, 8, 9, 10, 4, 2, 3, 10, 5, 8, 0, 10, 0, 10, 7, 6, 8, 0, 8, 1, 2, 6, 3, 5, 3, 9, 3, 4, 8, 3, 2, 0, 2, 0, 9, 9, 8, 1, 8, 5, 9, 8, 1, 6, 1, 4, 4, 9, 8, 3, 9, 5, 6, 2, 5, 4, 9, 2, 10, 5, 4, 7, 3, 0, 6, 7, 0, 5, 7, 1, 0, 1, 6, 3, 7, 7, 2, 10, 9, 3, 10, 9, 4, 3, 3, 1, 7, 8, 5, 2, 4, 10, 1, 1, 2, 3, 10, 6, 9, 5, 1, 3, 10, 7, 9, 5, 1, 8, 1, 1, 7, 3, 10, 3, 5, 1, 2, 7, 9, 9, 7, 0, 8, 8, 10, 2, 4, 2, 5, 5, 3, 8, 0, 8, 6, 0, 1, 2, 7, 3, 2, 4, 10, 8, 6, 6, 0, 2, 7, 10, 1, 7, 6, 4, 2, 5, 2, 0, 4, 4, 3, 2, 6, 7, 9, 1, 8, 8, 5, 2, 9, 4, 1, 1, 8, 4, 7, 1, 2, 7, 2, 5, 0, 4, 10, 5, 0, 5, 7, 1, 6, 9, 6, 4, 9, 5, 1, 8, 3, 7, 7, 4, 4, 6, 10, 8, 9, 10, 5, 2, 7, 4, 0, 5, 0, 9, 10, 5, 0, 3, 7, 3, 1, 8, 2, 2, 4, 4, 9, 3, 7, 5, 9, 9, 4, 0, 0, 5, 6, 9, 9, 7, 7, 8, 9, 1, 10, 10, 5, 5, 7, 3, 3, 5, 10, 9, 7, 2, 3, 1, 1, 0, 5, 4, 1, 2, 0, 1, 8, 8, 4, 8, 3, 8, 0, 3, 2, 2, 3, 7, 10, 10, 4, 10, 6, 6, 5, 0, 8, 8, 2, 1, 9, 9, 5, 9, 9, 1, 3, 5, 7, 9, 10, 1, 8, 1, 6, 3, 8, 2, 4, 10, 1, 1, 2, 8, 2, 4, 8, 2, 8, 9, 9, 0, 7, 6, 9, 10, 0, 2, 8, 6, 9, 3, 7, 2, 4, 2, 0, 1, 3, 1, 6, 3, 4, 6, 3, 3, 5, 0, 1, 7, 10, 1, 10, 2, 5, 5, 7, 5, 1, 4, 5, 0, 4, 5, 4, 9, 5, 9, 7, 7, 2, 0, 2, 4, 8, 2, 9, 1, 8, 9, 1, 8, 8, 2, 0, 9, 7, 6, 9, 6, 9, 0, 10, 8, 8, 8, 1, 7, 3, 2, 7, 9, 6, 7, 8, 9, 0, 8, 2, 10, 5, 2, 10, 8, 7, 9, 6, 8, 6, 6, 9, 7, 9, 7, 8, 4, 9, 3, 3, 7, 4, 1, 9, 5, 4, 0, 7, 8, 0, 7, 4, 5, 5, 4, 8, 6, 6, 1, 5, 3, 0, 1, 4, 7, 1, 9, 4, 6, 8, 10, 7, 1, 0, 3, 9, 1, 4, 3, 10, 7, 0, 9, 9, 4, 0, 2, 3, 7, 8, 6, 8, 1, 7, 4, 0, 2, 0, 8, 6, 7],