{"val_acc": [0.4162826420890937, 0.5453149001536098, 0.6036866359447005, 0.6497695852534562, 0.6989247311827957, 0.706605222734255, 0.7342549923195084, 0.7265745007680492, 0.7588325652841782, 0.7572964669738863], "val_loss": [1.7241496443748474, 1.381457473054254, 1.222898282613491, 1.006596127444981, 0.910434177316771, 0.8708186365344042, 0.7930045659236747, 0.8140845008057319, 0.7451079701661972, 0.7649570715676514], "train_loss": [2.0317376493511707, 1.4979543262216257, 1.2188047733557077, 1.066091574249807, 0.9571321216910591, 0.8700864956162825, 0.8120196983124865, 0.7614551423129109, 0.7078792860212384, 0.6683203229325108], "test_correct_in_batch": [4.0, 2.0, 2.0, 1.0, 4.0, 4.0, 3.0, 3.0, 3.0, 4.0, 4.0, 4.0, 2.0, 4.0, 4.0, 3.0, 2.0, 3.0, 3.0, 2.0, 2.0, 2.0, 4.0, 3.0, 4.0, 3.0, 3.0, 3.0, 2.0, 2.0, 3.0, 3.0, 3.0, 3.0, 2.0, 2.0, 3.0, 3.0, 4.0, 3.0, 4.0, 2.0, 3.0, 4.0, 0.0, 4.0, 4.0, 2.0, 2.0, 1.0, 3.0, 2.0, 4.0, 3.0, 3.0, 4.0, 4.0, 4.0, 4.0, 4.0, 4.0, 3.0, 3.0, 4.0, 4.0, 1.0, 3.0, 2.0, 3.0, 3.0, 2.0, 3.0, 1.0, 3.0, 4.0, 3.0, 4.0, 4.0, 2.0, 2.0, 2.0, 2.0, 2.0, 2.0, 2.0, 3.0, 3.0, 3.0, 3.0, 2.0, 3.0, 2.0, 3.0, 3.0, 4.0, 4.0, 3.0, 1.0, 3.0, 3.0, 2.0, 4.0, 4.0, 3.0, 3.0, 2.0, 2.0, 4.0, 4.0, 4.0, 3.0, 3.0, 3.0, 3.0, 3.0, 3.0, 1.0, 3.0, 3.0, 2.0, 3.0, 1.0, 4.0, 3.0, 3.0, 3.0, 2.0, 1.0, 3.0, 3.0, 2.0, 3.0, 3.0, 4.0, 3.0, 2.0, 4.0, 3.0, 3.0, 3.0, 3.0, 2.0, 1.0, 3.0, 4.0, 3.0, 3.0, 2.0, 3.0, 2.0, 2.0, 2.0, 4.0, 4.0, 2.0, 3.0, 4.0, 1.0, 3.0, 2.0, 4.0, 3.0, 3.0], "test_losses": [0.04167850315570831, 1.3505260944366455, 1.182682752609253, 2.549062490463257, 0.2960231304168701, 0.1155896931886673, 1.2020165920257568, 0.8415326476097107, 0.7729731798171997, 0.01924634724855423, 0.17465677857398987, 0.21460570394992828, 2.083651542663574, 0.17238686978816986, 0.16348585486412048, 1.311110019683838, 1.195723056793213, 0.7900075912475586, 1.1185877323150635, 1.0298852920532227, 1.0570355653762817, 1.1948200464248657, 0.48576730489730835, 0.44531115889549255, 0.12257292866706848, 0.38952240347862244, 0.6015018224716187, 0.9918894171714783, 1.1934118270874023, 1.4981248378753662, 1.2112364768981934, 0.5480940937995911, 0.8474633097648621, 0.792229413986206, 1.7345590591430664, 0.7010212540626526, 0.7218918800354004, 0.7268654704093933, 0.3822692632675171, 0.26129695773124695, 0.6351079344749451, 1.102123737335205, 0.7218113541603088, 0.14955314993858337, 1.7166541814804077, 0.10304126143455505, 0.5313464403152466, 0.8583139181137085, 0.8580492734909058, 1.663454532623291, 0.8044479489326477, 2.387284517288208, 0.38179782032966614, 1.0088320970535278, 0.5717360377311707, 0.17749691009521484, 0.27172166109085083, 0.09491642564535141, 0.268917053937912, 0.3134932518005371, 0.31620171666145325, 0.26478248834609985, 0.3595644235610962, 0.17036759853363037, 0.48282331228256226, 1.5637251138687134, 0.5328078269958496, 1.3690979480743408, 0.7928937673568726, 0.6352263689041138, 1.3043502569198608, 0.4343852698802948, 1.2502244710922241, 0.5441007614135742, 0.06244197115302086, 1.0212359428405762, 0.038353729993104935, 0.25646623969078064, 1.046712040901184, 0.8121308088302612, 1.5093393325805664, 0.8435595035552979, 1.2853630781173706, 1.2845548391342163, 1.4823198318481445, 0.9765961766242981, 0.7937174439430237, 0.6298893690109253, 0.816902220249176, 1.3333455324172974, 1.8373260498046875, 0.7665736079216003, 0.6209672689437866, 0.5743605494499207, 0.17743916809558868, 0.22859831154346466, 1.1483430862426758, 3.1061859130859375, 0.7113634347915649, 0.42292094230651855, 1.352522611618042, 0.2198304831981659, 0.3175625801086426, 0.4179055392742157, 0.5528868436813354, 1.4424023628234863, 1.7086275815963745, 0.3054439127445221, 0.2337782084941864, 0.08672836422920227, 1.0374850034713745, 1.0781035423278809, 0.5763235688209534, 0.8537715077400208, 0.5638678669929504, 0.9704630374908447, 1.246535301208496, 0.7740281820297241, 0.7609042525291443, 0.6640540361404419, 1.035560131072998, 1.743717908859253, 0.13315975666046143, 0.5381631851196289, 1.1999412775039673, 0.8086503744125366, 1.4683653116226196, 3.041457176208496, 0.530524730682373, 0.6513615250587463, 1.9415875673294067, 0.2744539678096771, 0.6737122535705566, 0.43547677993774414, 0.8378455638885498, 1.7559123039245605, 0.06281843036413193, 0.5311245322227478, 0.35985496640205383, 1.1816951036453247, 0.8507838249206543, 2.2902259826660156, 1.3784444332122803, 0.5903860330581665, 0.2960258722305298, 1.1899290084838867, 0.7816290855407715, 0.7805846929550171, 1.4203059673309326, 0.47354480624198914, 1.3442866802215576, 0.864086389541626, 0.23521128296852112, 0.09291248023509979, 1.014728307723999, 0.4987019896507263, 0.3281792998313904, 1.5522702932357788, 0.4098540246486664, 0.5258171558380127, 0.012328391894698143, 0.6739197373390198, 0.20310313999652863], "test_loss": 0.8167842950991875, "test_batch_lens": [4, 4, 4, 4, 4, 4, 4, 4, 4, 4, 4, 4, 4, 4, 4, 4, 4, 4, 4, 4, 4, 4, 4, 4, 4, 4, 4, 4, 4, 4, 4, 4, 4, 4, 4, 4, 4, 4, 4, 4, 4, 4, 4, 4, 4, 4, 4, 4, 4, 4, 4, 4, 4, 4, 4, 4, 4, 4, 4, 4, 4, 4, 4, 4, 4, 4, 4, 4, 4, 4, 4, 4, 4, 4, 4, 4, 4, 4, 4, 4, 4, 4, 4, 4, 4, 4, 4, 4, 4, 4, 4, 4, 4, 4, 4, 4, 4, 4, 4, 4, 4, 4, 4, 4, 4, 4, 4, 4, 4, 4, 4, 4, 4, 4, 4, 4, 4, 4, 4, 4, 4, 4, 4, 4, 4, 4, 4, 4, 4, 4, 4, 4, 4, 4, 4, 4, 4, 4, 4, 4, 4, 4, 4, 4, 4, 4, 4, 4, 4, 4, 4, 4, 4, 4, 4, 4, 4, 4, 4, 4, 4, 4, 3], "test_accuracy": 0.7188940092165899, "predictions": [7, 4, 1, 10, 7, 3, 8, 5, 3, 3, 4, 7, 8, 9, 8, 8, 9, 6, 4, 9, 8, 10, 1, 4, 6, 8, 9, 6, 6, 8, 2, 0, 1, 3, 6, 3, 10, 5, 5, 0, 10, 3, 2, 10, 7, 8, 4, 3, 2, 8, 2, 4, 3, 4, 6, 1, 1, 9, 1, 10, 10, 6, 7, 6, 5, 6, 8, 8, 8, 1, 3, 3, 8, 3, 1, 8, 6, 2, 9, 9, 1, 1, 3, 0, 8, 5, 1, 1, 0, 4, 9, 10, 10, 7, 0, 5, 1, 8, 2, 7, 5, 0, 10, 6, 10, 7, 3, 9, 10, 4, 7, 8, 0, 0, 7, 8, 0, 10, 0, 8, 4, 8, 7, 8, 5, 1, 7, 3, 6, 7, 4, 5, 10, 10, 9, 9, 4, 3, 9, 1, 10, 3, 8, 7, 9, 7, 4, 7, 2, 10, 8, 4, 10, 10, 1, 0, 10, 8, 4, 7, 8, 9, 10, 4, 8, 8, 10, 5, 8, 0, 7, 0, 10, 7, 6, 8, 5, 6, 9, 8, 6, 3, 5, 3, 9, 3, 4, 8, 3, 2, 8, 8, 1, 9, 9, 4, 8, 8, 5, 7, 9, 1, 6, 1, 4, 9, 3, 8, 3, 9, 5, 6, 2, 5, 4, 9, 6, 10, 8, 4, 7, 3, 0, 6, 7, 0, 5, 7, 1, 0, 1, 6, 3, 7, 7, 2, 10, 4, 3, 10, 9, 4, 3, 3, 1, 7, 8, 8, 2, 4, 2, 1, 1, 2, 3, 10, 6, 9, 5, 3, 1, 0, 7, 0, 5, 0, 8, 1, 9, 7, 9, 10, 3, 5, 4, 2, 7, 9, 9, 7, 9, 8, 5, 10, 2, 4, 6, 5, 5, 10, 5, 2, 9, 6, 0, 1, 2, 7, 3, 2, 4, 10, 0, 6, 6, 0, 2, 7, 10, 1, 7, 6, 4, 2, 4, 2, 3, 9, 9, 3, 6, 6, 7, 7, 1, 2, 7, 5, 10, 7, 4, 1, 3, 1, 4, 7, 1, 10, 9, 2, 5, 0, 8, 10, 5, 1, 5, 7, 3, 6, 8, 6, 4, 9, 5, 3, 9, 3, 8, 7, 4, 2, 6, 10, 4, 9, 10, 5, 6, 1, 4, 0, 5, 0, 2, 10, 5, 0, 3, 7, 3, 1, 8, 2, 2, 8, 4, 9, 3, 9, 0, 2, 7, 4, 0, 0, 5, 6, 7, 9, 7, 4, 8, 9, 1, 10, 10, 5, 5, 7, 3, 3, 5, 10, 4, 7, 2, 3, 1, 3, 0, 5, 5, 9, 2, 0, 3, 7, 8, 4, 8, 3, 8, 0, 3, 2, 2, 3, 7, 10, 10, 3, 10, 6, 6, 5, 0, 10, 8, 2, 1, 7, 9, 5, 5, 9, 0, 3, 5, 7, 9, 7, 1, 8, 0, 6, 0, 6, 2, 4, 10, 3, 1, 6, 8, 2, 4, 9, 2, 8, 4, 9, 0, 7, 6, 4, 7, 1, 2, 8, 6, 9, 3, 8, 2, 4, 2, 0, 1, 3, 9, 6, 1, 4, 7, 3, 8, 5, 9, 7, 7, 2, 4, 10, 4, 5, 5, 9, 5, 1, 9, 5, 6, 4, 5, 4, 4, 5, 9, 7, 0, 2, 0, 2, 4, 3, 2, 7, 1, 8, 8, 1, 8, 9, 2, 0, 9, 7, 6, 0, 6, 9, 0, 10, 8, 0, 8, 1, 7, 3, 9, 7, 9, 6, 2, 8, 9, 3, 7, 2, 8, 8, 10, 10, 8, 7, 9, 6, 8, 6, 6, 7, 7, 9, 7, 9, 4, 9, 3, 1, 7, 5, 1, 7, 5, 9, 8, 7, 6, 0, 7, 9, 8, 5, 4, 6, 2, 6, 1, 5, 3, 0, 1, 4, 7, 1, 9, 9, 9, 6, 10, 7, 3, 0, 3, 9, 1, 4, 3, 8, 9, 2, 9, 9, 4, 9, 2, 3, 9, 6, 6, 8, 1, 7, 4, 8, 2, 0, 8, 6, 7],