{"val_acc": [0.7895545314900153, 0.8448540706605223, 0.9247311827956989, 0.9262672811059908, 0.9385560675883257, 0.9493087557603687, 0.9431643625192012, 0.9354838709677419, 0.946236559139785, 0.9554531490015361], "val_loss": [0.7083614646611404, 0.4865969348230336, 0.2764244620099755, 0.24640930317516546, 0.23526498596355364, 0.19962453705071545, 0.18035865266360285, 0.19956926119487384, 0.1820960365840826, 0.1520279805473962], "train_loss": [1.4511381037008237, 0.5203816418322106, 0.3380895775170217, 0.2582677664470511, 0.2050611925075169, 0.1677282482618071, 0.14240664225458247, 0.11701246269503984, 0.09926217766853193, 0.08707330361314848], "test_correct_in_batch": [4.0, 4.0, 3.0, 4.0, 4.0, 4.0, 3.0, 4.0, 3.0, 4.0, 4.0, 4.0, 3.0, 4.0, 4.0, 3.0, 3.0, 4.0, 3.0, 4.0, 3.0, 3.0, 2.0, 4.0, 4.0, 4.0, 3.0, 3.0, 4.0, 4.0, 4.0, 4.0, 3.0, 4.0, 4.0, 4.0, 4.0, 4.0, 4.0, 4.0, 4.0, 4.0, 3.0, 4.0, 4.0, 4.0, 4.0, 4.0, 4.0, 4.0, 3.0, 2.0, 4.0, 4.0, 4.0, 4.0, 4.0, 4.0, 4.0, 4.0, 4.0, 4.0, 4.0, 4.0, 4.0, 3.0, 4.0, 3.0, 3.0, 3.0, 3.0, 4.0, 4.0, 4.0, 4.0, 4.0, 4.0, 4.0, 4.0, 4.0, 4.0, 4.0, 4.0, 4.0, 4.0, 3.0, 4.0, 4.0, 4.0, 4.0, 4.0, 4.0, 3.0, 4.0, 4.0, 4.0, 4.0, 2.0, 4.0, 3.0, 3.0, 3.0, 4.0, 4.0, 4.0, 4.0, 4.0, 4.0, 4.0, 4.0, 4.0, 4.0, 4.0, 4.0, 3.0, 4.0, 4.0, 4.0, 4.0, 4.0, 4.0, 3.0, 4.0, 4.0, 3.0, 3.0, 4.0, 4.0, 4.0, 4.0, 4.0, 4.0, 4.0, 4.0, 4.0, 4.0, 4.0, 2.0, 4.0, 4.0, 4.0, 3.0, 3.0, 4.0, 4.0, 3.0, 3.0, 4.0, 3.0, 4.0, 4.0, 3.0, 4.0, 4.0, 4.0, 4.0, 3.0, 3.0, 4.0, 4.0, 4.0, 4.0, 3.0], "test_losses": [0.024269958958029747, 0.02196086384356022, 0.8681071400642395, 0.016193294897675514, 0.00020234417752362788, 0.0012466475600376725, 1.0889374017715454, 0.181595578789711, 0.9778586030006409, 0.0005057690432295203, 0.0030686166137456894, 0.002574207726866007, 1.0458639860153198, 0.0014345876406878233, 0.0010722134029492736, 1.7681653499603271, 0.7702117562294006, 0.04446541890501976, 1.1398332118988037, 0.08513741195201874, 1.2453927993774414, 0.2121681571006775, 1.254346251487732, 0.0010084577370435, 0.01899849623441696, 0.0014261293690651655, 0.6894916296005249, 0.5392521023750305, 0.01515421736985445, 0.0013911251444369555, 0.15410786867141724, 0.007803048472851515, 0.2484353631734848, 0.00011580455611692742, 0.0024010848719626665, 0.0003657141060102731, 0.0006992986891418695, 0.07342822849750519, 0.028387829661369324, 0.0653478354215622, 0.0019335201941430569, 0.007534320466220379, 0.5867515802383423, 0.004526844713836908, 0.0029249272774904966, 0.0007459316402673721, 0.0030995854176580906, 0.052358731627464294, 0.17095117270946503, 0.03477105498313904, 0.8242607712745667, 2.097276210784912, 0.000891077215783298, 0.03912566602230072, 0.12692099809646606, 0.0006758894305676222, 0.0005433551850728691, 0.0008037721854634583, 0.002218334935605526, 0.1405075192451477, 0.0010231849737465382, 0.0014282976044341922, 0.007580673787742853, 0.0006404010346159339, 0.047509290277957916, 0.5725207924842834, 0.0511094368994236, 0.29613444209098816, 0.3800395727157593, 0.6243147253990173, 0.9215922951698303, 0.0005965474410913885, 0.008773941546678543, 0.019673967733979225, 0.0002139489515684545, 0.027489785104990005, 0.0031887730583548546, 0.00065395119599998, 0.17214974761009216, 0.0008974438533186913, 0.12863153219223022, 0.01565883308649063, 0.002076495438814163, 0.0034972671419382095, 0.0009527516667731106, 1.5605357885360718, 0.003394401865079999, 0.001076193293556571, 0.019696952775120735, 0.10305514931678772, 0.0040429700165987015, 0.001173697179183364, 1.796643853187561, 0.0933796837925911, 0.0007298545679077506, 0.0013512356672436, 0.0034866598434746265, 2.261019229888916, 0.06534014642238617, 0.218996062874794, 0.4006248712539673, 0.7587252855300903, 0.000720692565664649, 0.15927818417549133, 0.0012869593920186162, 0.006607982330024242, 0.002480803057551384, 0.004135061055421829, 0.0017571774078533053, 0.00015024827735032886, 0.00023789059196133167, 0.03675684705376625, 0.02599082887172699, 0.0337979793548584, 0.47942420840263367, 0.0006030149525031447, 0.2127051204442978, 0.0005838314536958933, 0.0009423154406249523, 0.049611639231443405, 0.008933703415095806, 0.754927933216095, 0.018160654231905937, 0.0048236302100121975, 0.790282666683197, 1.2604628801345825, 0.03284280002117157, 0.005464843474328518, 0.007225832901895046, 0.0027247550897300243, 0.010421697981655598, 0.06536328792572021, 0.0013945864047855139, 0.030097756534814835, 0.01901557482779026, 0.01398001704365015, 0.028989627957344055, 0.7829287052154541, 0.13402505218982697, 0.03709467500448227, 0.00011976722453255206, 0.4413440525531769, 0.7404434084892273, 0.005110024940222502, 0.010556487366557121, 0.6598758101463318, 0.9952458143234253, 0.004278658889234066, 0.8400947451591492, 0.0003547742962837219, 0.006840769201517105, 1.1307761669158936, 0.0009668361744843423, 0.005813051946461201, 0.25837981700897217, 0.0025886977091431618, 0.2065962702035904, 0.819269597530365, 0.003386926371604204, 0.0009274677140638232, 0.0017143537988886237, 0.00037808960769325495, 0.0032504324335604906], "test_loss": 0.23587368519638738, "test_batch_lens": [4, 4, 4, 4, 4, 4, 4, 4, 4, 4, 4, 4, 4, 4, 4, 4, 4, 4, 4, 4, 4, 4, 4, 4, 4, 4, 4, 4, 4, 4, 4, 4, 4, 4, 4, 4, 4, 4, 4, 4, 4, 4, 4, 4, 4, 4, 4, 4, 4, 4, 4, 4, 4, 4, 4, 4, 4, 4, 4, 4, 4, 4, 4, 4, 4, 4, 4, 4, 4, 4, 4, 4, 4, 4, 4, 4, 4, 4, 4, 4, 4, 4, 4, 4, 4, 4, 4, 4, 4, 4, 4, 4, 4, 4, 4, 4, 4, 4, 4, 4, 4, 4, 4, 4, 4, 4, 4, 4, 4, 4, 4, 4, 4, 4, 4, 4, 4, 4, 4, 4, 4, 4, 4, 4, 4, 4, 4, 4, 4, 4, 4, 4, 4, 4, 4, 4, 4, 4, 4, 4, 4, 4, 4, 4, 4, 4, 4, 4, 4, 4, 4, 4, 4, 4, 4, 4, 4, 4, 4, 4, 4, 4, 3], "test_accuracy": 0.9324116743471582, "predictions": [7, 4, 1, 10, 7, 1, 8, 8, 0, 3, 4, 7, 1, 9, 3, 0, 9, 6, 4, 9, 8, 10, 1, 4, 6, 1, 8, 6, 6, 8, 2, 1, 1, 0, 6, 3, 10, 5, 5, 0, 10, 3, 2, 10, 7, 8, 4, 3, 3, 8, 1, 4, 3, 4, 6, 1, 1, 9, 1, 10, 10, 6, 4, 6, 5, 1, 8, 5, 8, 1, 3, 1, 8, 3, 1, 8, 6, 8, 9, 2, 3, 1, 1, 1, 5, 5, 1, 0, 0, 5, 9, 2, 10, 7, 1, 5, 1, 8, 2, 7, 5, 1, 10, 6, 10, 8, 3, 7, 10, 4, 7, 6, 0, 3, 7, 6, 0, 8, 0, 0, 4, 8, 7, 6, 5, 1, 7, 9, 6, 7, 9, 0, 10, 10, 7, 9, 4, 1, 9, 0, 10, 3, 3, 9, 4, 7, 4, 7, 2, 10, 2, 4, 10, 10, 1, 0, 10, 5, 4, 7, 8, 9, 10, 4, 2, 3, 10, 5, 8, 0, 6, 0, 10, 7, 6, 8, 0, 8, 1, 2, 6, 3, 5, 3, 9, 3, 4, 8, 3, 2, 0, 2, 0, 9, 9, 8, 1, 3, 5, 9, 4, 1, 6, 1, 4, 5, 9, 8, 3, 9, 5, 6, 2, 5, 4, 5, 2, 10, 8, 4, 7, 3, 0, 6, 7, 0, 5, 7, 1, 0, 1, 6, 3, 7, 7, 2, 10, 4, 3, 10, 9, 4, 3, 3, 1, 7, 8, 5, 2, 4, 10, 1, 1, 2, 3, 10, 6, 9, 5, 3, 3, 10, 7, 0, 5, 1, 8, 1, 1, 7, 3, 10, 3, 5, 6, 2, 7, 6, 9, 7, 5, 8, 8, 10, 2, 4, 2, 5, 5, 3, 8, 0, 8, 6, 0, 1, 2, 7, 3, 2, 4, 10, 8, 6, 6, 0, 2, 7, 10, 1, 7, 6, 9, 2, 5, 2, 0, 9, 4, 3, 2, 6, 7, 9, 1, 8, 8, 5, 2, 9, 4, 1, 1, 8, 4, 7, 1, 2, 7, 2, 5, 0, 4, 10, 5, 0, 5, 7, 3, 6, 4, 6, 4, 9, 5, 1, 8, 3, 7, 7, 4, 4, 6, 10, 8, 9, 8, 5, 6, 9, 4, 0, 5, 0, 9, 10, 5, 0, 3, 7, 3, 1, 8, 2, 2, 4, 4, 9, 3, 7, 5, 6, 9, 4, 0, 0, 5, 6, 9, 4, 7, 7, 6, 2, 1, 10, 10, 4, 5, 7, 3, 3, 5, 10, 9, 7, 2, 3, 1, 1, 0, 5, 4, 1, 2, 0, 1, 8, 8, 4, 8, 3, 8, 0, 3, 2, 2, 3, 7, 10, 10, 4, 10, 6, 6, 5, 0, 9, 8, 2, 1, 9, 9, 5, 9, 9, 1, 1, 5, 7, 9, 10, 1, 8, 1, 6, 3, 8, 2, 4, 10, 1, 1, 2, 8, 2, 4, 8, 2, 5, 9, 9, 0, 7, 6, 9, 6, 0, 2, 8, 6, 9, 3, 7, 2, 4, 2, 0, 1, 3, 4, 6, 3, 4, 6, 3, 3, 5, 0, 1, 7, 10, 4, 10, 2, 5, 5, 7, 5, 1, 4, 5, 0, 4, 5, 4, 9, 5, 9, 7, 7, 2, 0, 2, 4, 3, 2, 9, 1, 8, 9, 1, 8, 8, 2, 0, 9, 7, 6, 4, 6, 4, 0, 10, 8, 8, 4, 1, 7, 3, 2, 7, 9, 6, 8, 8, 9, 0, 8, 2, 0, 5, 2, 10, 8, 7, 9, 6, 8, 6, 6, 6, 7, 9, 7, 4, 4, 9, 3, 3, 7, 4, 1, 1, 5, 4, 0, 7, 8, 0, 7, 4, 5, 5, 4, 6, 6, 6, 1, 5, 3, 0, 1, 4, 7, 1, 9, 4, 6, 6, 10, 7, 1, 0, 3, 7, 1, 4, 3, 10, 7, 6, 9, 9, 4, 0, 2, 3, 7, 8, 6, 8, 1, 7, 4, 0, 2, 0, 8, 6, 7],