{"val_acc": [0.31490015360983103, 0.5314900153609831, 0.5668202764976958, 0.6344086021505376, 0.6835637480798771, 0.6912442396313364, 0.706605222734255, 0.7434715821812596, 0.7127496159754224, 0.7373271889400922], "val_loss": [1.8935231028890318, 1.4168721455737856, 1.2853254653924813, 1.073982236438368, 0.9831971245949254, 0.890750538054968, 0.8772371076275965, 0.7910188624601057, 0.8732768810965532, 0.7814843929858387], "train_loss": [2.133166941558677, 1.6390447618696595, 1.308342849589789, 1.1750126829301915, 1.0454642095875355, 0.9389418077409624, 0.8739703666190438, 0.8227127487589826, 0.7686832775585372, 0.7133603363657042], "test_correct_in_batch": [4.0, 3.0, 2.0, 3.0, 4.0, 4.0, 3.0, 1.0, 4.0, 3.0, 4.0, 4.0, 0.0, 3.0, 3.0, 2.0, 3.0, 2.0, 1.0, 3.0, 2.0, 2.0, 2.0, 4.0, 4.0, 3.0, 2.0, 3.0, 2.0, 3.0, 2.0, 4.0, 3.0, 3.0, 2.0, 2.0, 3.0, 3.0, 3.0, 4.0, 1.0, 4.0, 4.0, 3.0, 3.0, 4.0, 3.0, 3.0, 3.0, 2.0, 3.0, 1.0, 4.0, 3.0, 2.0, 3.0, 4.0, 4.0, 3.0, 4.0, 3.0, 4.0, 2.0, 4.0, 3.0, 1.0, 4.0, 2.0, 3.0, 3.0, 2.0, 4.0, 3.0, 3.0, 3.0, 3.0, 3.0, 4.0, 2.0, 2.0, 4.0, 3.0, 4.0, 2.0, 2.0, 3.0, 4.0, 3.0, 3.0, 1.0, 2.0, 3.0, 1.0, 3.0, 4.0, 2.0, 3.0, 2.0, 4.0, 4.0, 3.0, 4.0, 2.0, 3.0, 2.0, 3.0, 3.0, 3.0, 3.0, 3.0, 3.0, 3.0, 4.0, 2.0, 3.0, 4.0, 1.0, 3.0, 3.0, 2.0, 2.0, 2.0, 2.0, 3.0, 3.0, 3.0, 1.0, 3.0, 4.0, 3.0, 2.0, 3.0, 4.0, 3.0, 2.0, 0.0, 3.0, 2.0, 3.0, 3.0, 3.0, 2.0, 1.0, 3.0, 3.0, 3.0, 2.0, 3.0, 2.0, 4.0, 2.0, 3.0, 4.0, 4.0, 3.0, 3.0, 3.0, 2.0, 3.0, 3.0, 4.0, 2.0, 3.0], "test_losses": [0.1301952600479126, 1.4289344549179077, 1.1399625539779663, 0.79132080078125, 0.3126748204231262, 0.08991529792547226, 1.7402280569076538, 1.351152777671814, 0.5317177772521973, 0.38379496335983276, 0.34093916416168213, 0.0677231177687645, 1.9231314659118652, 0.38467153906822205, 0.5833248496055603, 1.4190142154693604, 0.8568094968795776, 1.2739028930664062, 1.9471627473831177, 0.6080583930015564, 1.7501975297927856, 0.7048141956329346, 1.154028296470642, 0.16145795583724976, 0.2529108226299286, 0.7830260992050171, 1.8150080442428589, 0.8916933536529541, 0.6022522449493408, 0.7521724700927734, 1.5884344577789307, 0.5413551926612854, 0.3679896593093872, 0.6427533626556396, 1.1066030263900757, 0.7873402237892151, 0.5205869078636169, 0.7488955855369568, 0.4874242842197418, 0.2238142490386963, 1.922210931777954, 0.5137267112731934, 0.7848867774009705, 0.5113343000411987, 0.9029902815818787, 0.1346527487039566, 1.4933842420578003, 0.4472408890724182, 0.6710206270217896, 1.0050249099731445, 0.4859606623649597, 2.6522092819213867, 0.5672905445098877, 0.5154204964637756, 0.7539894580841064, 0.4745882451534271, 0.392219603061676, 0.1714492291212082, 0.7116124629974365, 0.40548813343048096, 0.6097207069396973, 0.23570236563682556, 0.6441032886505127, 0.10614799708127975, 1.6204590797424316, 1.6267858743667603, 0.27876016497612, 1.4951462745666504, 0.8645852208137512, 0.8167120814323425, 1.3949655294418335, 0.13084469735622406, 0.6618629097938538, 0.9072651863098145, 0.40280282497406006, 1.0703872442245483, 0.48448818922042847, 0.14992864429950714, 1.3123674392700195, 1.5111454725265503, 0.14985056221485138, 1.5061378479003906, 0.14064238965511322, 1.5671937465667725, 1.4776792526245117, 1.1384555101394653, 0.3148278295993805, 0.9325470328330994, 0.5350695848464966, 2.2124228477478027, 1.7176692485809326, 0.6204658150672913, 2.2202024459838867, 0.5935403108596802, 0.1427273005247116, 0.9076294898986816, 0.5438653826713562, 1.7823102474212646, 0.26194143295288086, 0.4081995487213135, 1.7670722007751465, 0.33198651671409607, 1.0112106800079346, 0.966642439365387, 1.1211340427398682, 1.3614228963851929, 0.7525661587715149, 0.5199015140533447, 0.6304743885993958, 0.9858081340789795, 0.8644169569015503, 0.6081993579864502, 0.4641385078430176, 1.102654218673706, 0.6775649785995483, 0.37460339069366455, 1.5764126777648926, 0.7206465601921082, 0.4809226393699646, 1.138715147972107, 0.9414470791816711, 1.7115375995635986, 1.44622004032135, 0.32363563776016235, 1.2193944454193115, 0.6658213138580322, 1.823690414428711, 0.9849755167961121, 0.2702121436595917, 0.30046379566192627, 1.3018641471862793, 0.31498488783836365, 0.35801422595977783, 0.7333604097366333, 0.9887726306915283, 3.386822462081909, 0.30385491251945496, 0.691224217414856, 1.2903366088867188, 0.9244305491447449, 0.3931589126586914, 1.8298239707946777, 1.7195165157318115, 0.7070439457893372, 0.5567464828491211, 1.2696552276611328, 1.3614500761032104, 0.5840643644332886, 1.307257890701294, 0.1141405925154686, 0.6879348158836365, 1.2923694849014282, 0.11248467117547989, 0.1762424111366272, 0.9809956550598145, 1.19991135597229, 0.4812306761741638, 1.403526782989502, 0.6298180222511292, 0.8013752698898315, 0.036498308181762695, 1.0986335277557373, 0.19058234989643097], "test_loss": 0.8624151528704386, "test_batch_lens": [4, 4, 4, 4, 4, 4, 4, 4, 4, 4, 4, 4, 4, 4, 4, 4, 4, 4, 4, 4, 4, 4, 4, 4, 4, 4, 4, 4, 4, 4, 4, 4, 4, 4, 4, 4, 4, 4, 4, 4, 4, 4, 4, 4, 4, 4, 4, 4, 4, 4, 4, 4, 4, 4, 4, 4, 4, 4, 4, 4, 4, 4, 4, 4, 4, 4, 4, 4, 4, 4, 4, 4, 4, 4, 4, 4, 4, 4, 4, 4, 4, 4, 4, 4, 4, 4, 4, 4, 4, 4, 4, 4, 4, 4, 4, 4, 4, 4, 4, 4, 4, 4, 4, 4, 4, 4, 4, 4, 4, 4, 4, 4, 4, 4, 4, 4, 4, 4, 4, 4, 4, 4, 4, 4, 4, 4, 4, 4, 4, 4, 4, 4, 4, 4, 4, 4, 4, 4, 4, 4, 4, 4, 4, 4, 4, 4, 4, 4, 4, 4, 4, 4, 4, 4, 4, 4, 4, 4, 4, 4, 4, 4, 3], "test_accuracy": 0.7081413210445469, "predictions": [7, 4, 1, 10, 7, 1, 8, 5, 3, 9, 4, 7, 1, 9, 0, 0, 9, 6, 4, 9, 8, 10, 1, 4, 6, 8, 4, 6, 2, 6, 2, 0, 1, 9, 6, 3, 10, 5, 5, 3, 10, 3, 2, 10, 7, 8, 4, 3, 0, 1, 0, 8, 1, 4, 6, 1, 0, 9, 1, 10, 10, 6, 7, 8, 5, 9, 8, 5, 5, 1, 3, 3, 5, 1, 1, 6, 6, 8, 2, 2, 1, 1, 1, 1, 5, 0, 1, 0, 0, 5, 9, 2, 10, 7, 1, 5, 1, 8, 2, 7, 5, 0, 10, 6, 2, 1, 3, 9, 10, 4, 7, 9, 0, 1, 7, 8, 0, 10, 0, 0, 4, 0, 1, 6, 5, 1, 7, 9, 6, 7, 4, 5, 10, 10, 7, 3, 4, 3, 9, 1, 2, 3, 0, 9, 9, 7, 4, 7, 2, 10, 8, 4, 10, 10, 3, 0, 10, 5, 4, 7, 4, 3, 2, 4, 2, 3, 10, 5, 8, 0, 9, 0, 2, 7, 6, 8, 8, 8, 1, 2, 6, 3, 5, 3, 9, 3, 6, 8, 3, 2, 0, 6, 0, 9, 9, 5, 3, 1, 5, 9, 9, 1, 6, 1, 4, 1, 3, 5, 3, 9, 5, 6, 6, 5, 4, 5, 6, 10, 9, 4, 7, 1, 0, 6, 7, 0, 5, 7, 1, 0, 1, 6, 1, 7, 7, 2, 10, 4, 3, 10, 9, 9, 3, 3, 1, 7, 8, 5, 2, 4, 2, 3, 1, 2, 3, 10, 3, 9, 5, 3, 0, 7, 7, 0, 5, 1, 8, 1, 1, 7, 9, 10, 3, 5, 9, 2, 7, 4, 9, 7, 9, 8, 5, 10, 2, 4, 2, 5, 5, 10, 8, 0, 2, 6, 0, 1, 2, 9, 3, 2, 4, 10, 0, 6, 9, 0, 2, 7, 10, 1, 7, 6, 4, 2, 4, 2, 9, 9, 9, 3, 2, 6, 7, 9, 1, 2, 8, 5, 2, 9, 4, 1, 3, 1, 4, 7, 1, 10, 9, 2, 5, 0, 0, 10, 5, 0, 5, 7, 3, 6, 5, 6, 5, 9, 5, 1, 1, 0, 7, 9, 9, 2, 6, 10, 4, 9, 8, 5, 2, 9, 4, 9, 9, 0, 9, 10, 5, 0, 3, 7, 1, 3, 8, 2, 2, 2, 4, 9, 3, 7, 0, 2, 9, 4, 0, 0, 5, 6, 9, 9, 7, 7, 8, 9, 1, 10, 10, 5, 4, 7, 8, 3, 5, 10, 4, 7, 2, 1, 1, 3, 0, 5, 5, 1, 2, 0, 3, 8, 7, 4, 8, 3, 8, 0, 1, 2, 2, 3, 9, 10, 10, 9, 10, 6, 6, 5, 0, 8, 8, 2, 1, 9, 9, 5, 5, 2, 8, 3, 5, 7, 9, 10, 1, 8, 0, 6, 0, 9, 10, 4, 10, 1, 1, 2, 8, 6, 4, 3, 2, 8, 4, 9, 1, 7, 6, 9, 8, 1, 9, 6, 6, 9, 1, 7, 2, 4, 9, 0, 1, 3, 4, 6, 3, 4, 0, 0, 1, 5, 9, 1, 7, 10, 4, 10, 2, 5, 5, 9, 5, 1, 9, 5, 9, 4, 5, 4, 4, 5, 9, 7, 7, 2, 0, 6, 4, 3, 2, 1, 1, 6, 6, 3, 5, 5, 2, 0, 1, 7, 8, 1, 6, 9, 0, 10, 8, 0, 3, 1, 7, 3, 2, 7, 9, 2, 2, 6, 9, 0, 7, 2, 0, 8, 2, 10, 9, 7, 9, 6, 10, 6, 6, 2, 7, 9, 7, 9, 10, 9, 3, 3, 7, 5, 0, 7, 5, 9, 0, 7, 8, 0, 7, 9, 8, 5, 4, 8, 5, 6, 1, 5, 3, 0, 1, 4, 7, 1, 9, 9, 6, 6, 2, 7, 1, 0, 3, 9, 3, 4, 3, 1, 7, 6, 9, 4, 4, 0, 2, 3, 4, 8, 6, 8, 1, 7, 4, 9, 2, 1, 8, 6, 7],