{"val_acc": [0.3333333333333333, 0.3901689708141321, 0.5023041474654378, 0.4731182795698925, 0.5622119815668203, 0.631336405529954, 0.6774193548387096, 0.6774193548387096, 0.7019969278033794, 0.7204301075268817], "val_loss": [1.7537703323949334, 1.6048432968876845, 1.3854425699432935, 1.4086171748356584, 1.2146959959820736, 1.073405851798555, 0.9777863371454499, 0.9254772908345688, 0.8520732101715781, 0.8733699615999051], "train_loss": [1.9560189939901673, 1.7269486792160387, 1.5970605877526882, 1.454792523412514, 1.3819509121647016, 1.2027633859141782, 1.087480095468783, 0.9970826023112708, 0.9189255944619815, 0.8619068553422868], "test_correct_in_batch": [4.0, 3.0, 2.0, 2.0, 3.0, 3.0, 2.0, 2.0, 2.0, 4.0, 3.0, 3.0, 2.0, 3.0, 2.0, 2.0, 2.0, 3.0, 1.0, 1.0, 2.0, 3.0, 2.0, 3.0, 4.0, 3.0, 3.0, 3.0, 3.0, 3.0, 3.0, 3.0, 3.0, 4.0, 2.0, 3.0, 3.0, 4.0, 3.0, 4.0, 2.0, 2.0, 3.0, 4.0, 4.0, 3.0, 2.0, 2.0, 3.0, 1.0, 1.0, 1.0, 2.0, 2.0, 3.0, 4.0, 3.0, 2.0, 3.0, 2.0, 3.0, 2.0, 3.0, 2.0, 1.0, 2.0, 2.0, 2.0, 3.0, 3.0, 1.0, 3.0, 2.0, 2.0, 4.0, 2.0, 3.0, 4.0, 3.0, 3.0, 2.0, 1.0, 3.0, 3.0, 2.0, 3.0, 4.0, 3.0, 3.0, 3.0, 4.0, 4.0, 1.0, 2.0, 4.0, 2.0, 2.0, 3.0, 3.0, 3.0, 3.0, 4.0, 3.0, 4.0, 3.0, 3.0, 3.0, 2.0, 4.0, 3.0, 4.0, 3.0, 3.0, 3.0, 3.0, 3.0, 1.0, 2.0, 2.0, 2.0, 3.0, 1.0, 2.0, 3.0, 2.0, 3.0, 2.0, 3.0, 4.0, 3.0, 2.0, 3.0, 3.0, 3.0, 4.0, 1.0, 3.0, 3.0, 2.0, 2.0, 4.0, 1.0, 3.0, 2.0, 2.0, 3.0, 3.0, 2.0, 3.0, 4.0, 4.0, 2.0, 2.0, 4.0, 3.0, 2.0, 3.0, 2.0, 3.0, 4.0, 4.0, 3.0, 2.0], "test_losses": [0.17550387978553772, 0.9956579208374023, 1.2365179061889648, 1.948437213897705, 0.5118803381919861, 0.5493691563606262, 1.6698999404907227, 2.003566026687622, 1.2608880996704102, 0.07689154148101807, 0.5133568048477173, 1.0441906452178955, 2.570636510848999, 0.38871076703071594, 0.7675354480743408, 0.9360675811767578, 1.1416326761245728, 0.9816938042640686, 2.0827224254608154, 1.8920345306396484, 0.8819253444671631, 0.7885485887527466, 2.0548224449157715, 0.30288559198379517, 0.27423179149627686, 0.8227409720420837, 0.7402574419975281, 0.7275680303573608, 0.7513725757598877, 0.5599396228790283, 0.8015475869178772, 0.7468063831329346, 0.8707818388938904, 0.07260391116142273, 1.1182427406311035, 1.192225456237793, 0.4876180589199066, 0.2618667185306549, 0.38306349515914917, 0.1224314421415329, 1.6601730585098267, 1.0547550916671753, 0.5990137457847595, 0.12706993520259857, 0.2616053819656372, 0.42865514755249023, 0.8953659534454346, 1.5202993154525757, 0.5612378120422363, 1.1125857830047607, 1.8766919374465942, 2.2657065391540527, 1.6103119850158691, 1.6443281173706055, 0.8448675870895386, 0.16672667860984802, 0.6930327415466309, 1.3188337087631226, 0.22787342965602875, 0.9966958165168762, 0.548936128616333, 0.6401399374008179, 0.6416245102882385, 0.5414119362831116, 1.9293112754821777, 1.1456693410873413, 0.7543584704399109, 1.166095495223999, 0.8406788110733032, 0.8080632090568542, 1.593353271484375, 0.7276902198791504, 0.8133273720741272, 1.5813713073730469, 0.3248082995414734, 0.9752276539802551, 0.8151276111602783, 0.09445063024759293, 0.7363908886909485, 0.6215333938598633, 1.3122680187225342, 1.4593896865844727, 0.9334874749183655, 0.7873481512069702, 0.9352699518203735, 0.6105352640151978, 0.2600299119949341, 0.912268877029419, 1.0670204162597656, 0.7846764326095581, 0.1709916889667511, 0.32345083355903625, 1.9492677450180054, 1.332175374031067, 0.15423429012298584, 1.6956366300582886, 1.5727293491363525, 1.6899436712265015, 0.5475738048553467, 0.5565292835235596, 0.4521064758300781, 0.26935309171676636, 0.8991223573684692, 0.16049742698669434, 0.5158848762512207, 0.3852013051509857, 0.3260784447193146, 1.2639997005462646, 0.5525476932525635, 0.4704688787460327, 0.11235931515693665, 1.361580729484558, 0.7085596323013306, 1.0210278034210205, 0.80066978931427, 0.43989020586013794, 1.6520718336105347, 0.6943817734718323, 0.5510995984077454, 1.2916672229766846, 0.8637515902519226, 1.4266968965530396, 1.11305570602417, 0.967566728591919, 1.4848955869674683, 1.291277289390564, 2.1928272247314453, 1.3422772884368896, 0.32128357887268066, 0.5673276782035828, 1.575282335281372, 0.7927515506744385, 0.7757895588874817, 1.2076245546340942, 0.5087876915931702, 1.804614782333374, 0.6178166270256042, 1.246302604675293, 1.4240484237670898, 0.721183717250824, 0.09166234731674194, 2.1248722076416016, 0.6160781383514404, 1.0707327127456665, 1.501268744468689, 0.6078071594238281, 1.360297441482544, 1.5274429321289062, 1.1319278478622437, 0.24370284378528595, 0.3900831341743469, 1.3841373920440674, 1.05112886428833, 0.22105321288108826, 0.8692954778671265, 1.343640923500061, 1.0682446956634521, 1.045715570449829, 1.2761472463607788, 0.5692129731178284, 0.16951307654380798, 0.45626115798950195, 0.28420454263687134], "test_loss": 0.9172212260723845, "test_batch_lens": [4, 4, 4, 4, 4, 4, 4, 4, 4, 4, 4, 4, 4, 4, 4, 4, 4, 4, 4, 4, 4, 4, 4, 4, 4, 4, 4, 4, 4, 4, 4, 4, 4, 4, 4, 4, 4, 4, 4, 4, 4, 4, 4, 4, 4, 4, 4, 4, 4, 4, 4, 4, 4, 4, 4, 4, 4, 4, 4, 4, 4, 4, 4, 4, 4, 4, 4, 4, 4, 4, 4, 4, 4, 4, 4, 4, 4, 4, 4, 4, 4, 4, 4, 4, 4, 4, 4, 4, 4, 4, 4, 4, 4, 4, 4, 4, 4, 4, 4, 4, 4, 4, 4, 4, 4, 4, 4, 4, 4, 4, 4, 4, 4, 4, 4, 4, 4, 4, 4, 4, 4, 4, 4, 4, 4, 4, 4, 4, 4, 4, 4, 4, 4, 4, 4, 4, 4, 4, 4, 4, 4, 4, 4, 4, 4, 4, 4, 4, 4, 4, 4, 4, 4, 4, 4, 4, 4, 4, 4, 4, 4, 4, 3], "test_accuracy": 0.674347158218126, "predictions": [7, 4, 1, 10, 7, 1, 8, 5, 8, 1, 4, 7, 3, 9, 8, 0, 9, 6, 4, 2, 8, 10, 0, 4, 6, 8, 4, 8, 2, 6, 2, 1, 3, 8, 6, 3, 10, 5, 5, 0, 10, 3, 6, 10, 7, 8, 2, 3, 8, 8, 8, 4, 3, 4, 6, 0, 3, 7, 1, 10, 10, 6, 0, 8, 8, 9, 8, 5, 8, 1, 0, 1, 9, 3, 5, 5, 6, 3, 2, 3, 1, 1, 1, 1, 5, 5, 1, 3, 8, 3, 9, 10, 10, 7, 0, 5, 1, 8, 2, 7, 5, 0, 10, 6, 10, 8, 3, 2, 10, 4, 7, 9, 0, 3, 7, 5, 0, 6, 0, 0, 4, 0, 7, 6, 5, 1, 7, 3, 6, 7, 4, 8, 10, 10, 7, 9, 4, 3, 7, 0, 10, 3, 8, 9, 4, 7, 9, 7, 2, 10, 2, 4, 10, 10, 3, 0, 10, 5, 4, 7, 8, 4, 3, 4, 6, 1, 10, 5, 8, 0, 7, 0, 10, 7, 6, 8, 0, 8, 1, 2, 6, 1, 5, 3, 9, 10, 4, 2, 1, 2, 8, 2, 0, 9, 9, 5, 5, 1, 5, 4, 9, 0, 6, 0, 4, 1, 0, 9, 1, 9, 5, 1, 5, 5, 4, 8, 6, 10, 8, 4, 7, 3, 0, 6, 7, 3, 5, 7, 7, 3, 1, 6, 1, 7, 7, 2, 10, 1, 0, 10, 9, 9, 3, 3, 3, 7, 5, 5, 2, 5, 10, 1, 3, 2, 1, 10, 6, 5, 8, 1, 0, 10, 7, 7, 5, 3, 8, 8, 4, 7, 1, 10, 3, 5, 1, 2, 7, 8, 9, 7, 9, 0, 0, 10, 2, 4, 3, 5, 5, 8, 5, 0, 2, 6, 8, 1, 2, 7, 3, 2, 5, 10, 5, 6, 6, 5, 2, 7, 10, 1, 7, 6, 9, 2, 5, 3, 0, 9, 4, 0, 6, 6, 7, 7, 8, 2, 8, 8, 2, 9, 4, 9, 3, 8, 4, 7, 1, 2, 0, 4, 5, 8, 7, 10, 5, 0, 5, 7, 3, 6, 1, 6, 4, 9, 8, 1, 0, 3, 7, 7, 4, 4, 6, 10, 8, 9, 8, 5, 1, 9, 4, 1, 5, 1, 3, 10, 5, 0, 3, 7, 3, 0, 6, 2, 10, 2, 4, 9, 3, 7, 0, 9, 7, 4, 0, 0, 4, 6, 9, 9, 7, 7, 6, 8, 1, 10, 10, 5, 0, 7, 3, 3, 5, 10, 9, 7, 2, 1, 1, 1, 0, 5, 4, 3, 2, 0, 3, 8, 8, 5, 8, 0, 8, 0, 3, 2, 2, 1, 7, 10, 10, 4, 10, 6, 6, 5, 7, 9, 8, 2, 1, 8, 9, 5, 5, 9, 1, 0, 5, 7, 9, 10, 3, 8, 0, 5, 3, 2, 10, 4, 10, 3, 3, 2, 7, 2, 5, 3, 2, 5, 4, 9, 0, 7, 6, 1, 9, 1, 9, 8, 6, 4, 0, 7, 2, 4, 10, 0, 0, 3, 9, 6, 0, 4, 0, 1, 3, 5, 0, 7, 7, 10, 4, 10, 2, 5, 0, 7, 5, 1, 9, 5, 7, 4, 5, 4, 4, 5, 5, 7, 7, 2, 0, 2, 5, 3, 2, 9, 1, 8, 9, 3, 6, 0, 2, 0, 1, 7, 6, 1, 6, 9, 8, 10, 8, 3, 2, 3, 7, 3, 2, 7, 9, 6, 2, 2, 5, 0, 8, 2, 2, 5, 10, 10, 6, 7, 1, 5, 8, 6, 6, 9, 7, 9, 7, 9, 4, 9, 8, 3, 7, 5, 1, 7, 5, 2, 0, 7, 8, 0, 7, 4, 5, 5, 4, 6, 5, 6, 0, 5, 1, 0, 1, 4, 7, 1, 9, 5, 6, 6, 10, 7, 3, 3, 3, 0, 1, 4, 1, 8, 7, 8, 1, 9, 4, 0, 2, 3, 7, 8, 6, 8, 1, 7, 4, 8, 2, 0, 6, 6, 7],