{"val_acc": [0.7342549923195084, 0.8279569892473119, 0.8141321044546851, 0.8248847926267281, 0.8033794162826421, 0.8387096774193549, 0.8402457757296466, 0.8248847926267281, 0.8233486943164362, 0.8556067588325653], "val_loss": [0.7722721701385054, 0.57552125310651, 0.5574749896125697, 0.5088803920897718, 0.5555802608091681, 0.46720007060422775, 0.47881226412640554, 0.5047373760283062, 0.5767660294998683, 0.5031942116093759], "train_loss": [1.1328541230062916, 0.6040675312534146, 0.4730467872709338, 0.39920001704000746, 0.3382719425935824, 0.2952371943099448, 0.2625912362579246, 0.23706901314998316, 0.21144371614525298, 0.2014049347916022], "test_correct_in_batch": [4.0, 4.0, 3.0, 3.0, 4.0, 4.0, 1.0, 3.0, 2.0, 4.0, 3.0, 2.0, 2.0, 3.0, 4.0, 3.0, 3.0, 3.0, 4.0, 4.0, 3.0, 3.0, 3.0, 4.0, 4.0, 4.0, 4.0, 3.0, 3.0, 4.0, 1.0, 4.0, 4.0, 4.0, 3.0, 3.0, 3.0, 3.0, 4.0, 4.0, 4.0, 4.0, 3.0, 4.0, 3.0, 4.0, 4.0, 4.0, 4.0, 4.0, 4.0, 1.0, 3.0, 3.0, 4.0, 4.0, 4.0, 4.0, 3.0, 3.0, 4.0, 4.0, 4.0, 4.0, 4.0, 3.0, 4.0, 3.0, 3.0, 3.0, 3.0, 4.0, 4.0, 3.0, 4.0, 4.0, 4.0, 4.0, 4.0, 2.0, 4.0, 4.0, 4.0, 4.0, 3.0, 3.0, 4.0, 4.0, 4.0, 2.0, 4.0, 4.0, 3.0, 4.0, 3.0, 4.0, 4.0, 2.0, 3.0, 4.0, 2.0, 4.0, 3.0, 2.0, 2.0, 2.0, 3.0, 4.0, 1.0, 4.0, 3.0, 3.0, 3.0, 3.0, 1.0, 3.0, 3.0, 4.0, 4.0, 2.0, 4.0, 3.0, 4.0, 3.0, 2.0, 3.0, 4.0, 2.0, 3.0, 4.0, 4.0, 4.0, 4.0, 4.0, 4.0, 3.0, 4.0, 3.0, 3.0, 2.0, 4.0, 2.0, 1.0, 4.0, 3.0, 4.0, 3.0, 4.0, 3.0, 4.0, 3.0, 3.0, 4.0, 4.0, 3.0, 4.0, 3.0, 4.0, 4.0, 4.0, 4.0, 4.0, 3.0], "test_losses": [0.022867821156978607, 0.18577790260314941, 0.5537309646606445, 0.9975188970565796, 0.0430983230471611, 0.007515536155551672, 1.242749810218811, 0.6542482972145081, 1.1953532695770264, 0.03718118369579315, 0.4245709180831909, 1.2482349872589111, 2.1029818058013916, 0.857896089553833, 0.0686083510518074, 1.2509019374847412, 0.9743037223815918, 1.1277697086334229, 0.12486002594232559, 0.025295671075582504, 1.7269794940948486, 0.7640092372894287, 1.0006670951843262, 0.05008190870285034, 0.21524854004383087, 0.00713357562199235, 0.04587854444980621, 0.5663374066352844, 1.2759572267532349, 0.014917843975126743, 2.239469289779663, 0.10274940729141235, 0.27151650190353394, 0.024304132908582687, 0.36567577719688416, 0.33546411991119385, 0.44759252667427063, 0.237216979265213, 0.13800641894340515, 0.025191649794578552, 0.06996931880712509, 0.006968671455979347, 0.5928009748458862, 0.07492782175540924, 0.5153628587722778, 0.02094333991408348, 0.18700700998306274, 0.06164903938770294, 0.12029871344566345, 0.2216140478849411, 0.22253747284412384, 1.2729358673095703, 0.7553408741950989, 0.6358294486999512, 0.01623242348432541, 0.002181602641940117, 0.07913276553153992, 0.20482273399829865, 0.8462722301483154, 0.3795030415058136, 0.011933019384741783, 0.06442315131425858, 0.1254597306251526, 0.012081644497811794, 0.13209268450737, 1.0153207778930664, 0.21924631297588348, 2.318458318710327, 1.6671258211135864, 0.6886734962463379, 1.893667459487915, 0.0810779482126236, 0.03093288093805313, 0.8606461882591248, 0.02284340001642704, 0.0879792794585228, 0.1497446596622467, 0.0922449380159378, 0.12455680221319199, 0.8871831893920898, 0.058408286422491074, 0.29870638251304626, 0.09391435980796814, 0.1370992362499237, 0.3369852304458618, 0.3409052789211273, 0.09113530814647675, 0.0050589535385370255, 0.07098302990198135, 2.0863699913024902, 0.20537076890468597, 0.06624220311641693, 1.1542283296585083, 0.031110474839806557, 0.5955812335014343, 0.04602520912885666, 0.04395413398742676, 2.594808578491211, 0.30956146121025085, 0.17399245500564575, 1.605665683746338, 0.029698029160499573, 0.8585094809532166, 1.374773621559143, 0.8874455094337463, 0.7107893824577332, 0.4336971342563629, 0.19874252378940582, 1.8186767101287842, 0.007950818166136742, 0.27825817465782166, 0.3731106221675873, 0.3696918487548828, 0.5549720525741577, 2.206346273422241, 0.9340075850486755, 0.7242677807807922, 0.042243603616952896, 0.12102513760328293, 0.8750255107879639, 0.21581970155239105, 0.8007275462150574, 0.1818457990884781, 0.5269286632537842, 2.0123276710510254, 0.2723596692085266, 0.017215639352798462, 0.44463983178138733, 0.40232422947883606, 0.025471409782767296, 0.12663514912128448, 0.12013767659664154, 0.11044006794691086, 0.09703271836042404, 0.027523718774318695, 0.4086587429046631, 0.004229973070323467, 0.962824285030365, 1.1203253269195557, 1.3751413822174072, 0.16950055956840515, 0.7875871062278748, 2.405195713043213, 0.048958223313093185, 0.7760827541351318, 0.6654897928237915, 1.6694755554199219, 0.02545047178864479, 1.2993422746658325, 0.010750547051429749, 0.5290808081626892, 0.37189313769340515, 0.010319949127733707, 0.06222100928425789, 1.306298851966858, 0.014522545970976353, 0.640183687210083, 0.23656180500984192, 0.16473539173603058, 0.09868677705526352, 0.1880853772163391, 0.04360178858041763, 0.10773485153913498], "test_loss": 0.5141201928040824, "test_batch_lens": [4, 4, 4, 4, 4, 4, 4, 4, 4, 4, 4, 4, 4, 4, 4, 4, 4, 4, 4, 4, 4, 4, 4, 4, 4, 4, 4, 4, 4, 4, 4, 4, 4, 4, 4, 4, 4, 4, 4, 4, 4, 4, 4, 4, 4, 4, 4, 4, 4, 4, 4, 4, 4, 4, 4, 4, 4, 4, 4, 4, 4, 4, 4, 4, 4, 4, 4, 4, 4, 4, 4, 4, 4, 4, 4, 4, 4, 4, 4, 4, 4, 4, 4, 4, 4, 4, 4, 4, 4, 4, 4, 4, 4, 4, 4, 4, 4, 4, 4, 4, 4, 4, 4, 4, 4, 4, 4, 4, 4, 4, 4, 4, 4, 4, 4, 4, 4, 4, 4, 4, 4, 4, 4, 4, 4, 4, 4, 4, 4, 4, 4, 4, 4, 4, 4, 4, 4, 4, 4, 4, 4, 4, 4, 4, 4, 4, 4, 4, 4, 4, 4, 4, 4, 4, 4, 4, 4, 4, 4, 4, 4, 4, 3], "test_accuracy": 0.8402457757296466, "predictions": [7, 4, 1, 10, 7, 1, 8, 8, 0, 0, 4, 7, 1, 9, 8, 0, 9, 6, 4, 9, 8, 10, 1, 4, 8, 1, 5, 6, 6, 8, 8, 1, 1, 3, 6, 0, 10, 5, 5, 0, 10, 1, 2, 10, 7, 3, 2, 3, 3, 1, 2, 4, 3, 4, 2, 1, 1, 9, 1, 10, 10, 6, 7, 6, 5, 4, 8, 5, 8, 1, 1, 1, 1, 3, 1, 8, 6, 8, 9, 2, 3, 1, 1, 1, 5, 5, 1, 0, 0, 0, 9, 10, 10, 7, 1, 5, 1, 8, 2, 7, 5, 1, 10, 6, 10, 8, 3, 9, 10, 4, 7, 0, 0, 3, 7, 8, 0, 8, 0, 0, 4, 2, 1, 8, 5, 1, 7, 9, 6, 7, 4, 0, 10, 10, 7, 9, 5, 1, 9, 0, 10, 3, 1, 9, 5, 7, 4, 7, 2, 10, 8, 4, 10, 10, 1, 0, 10, 5, 4, 7, 8, 9, 10, 4, 2, 3, 10, 5, 8, 0, 0, 0, 10, 7, 6, 8, 3, 8, 1, 2, 6, 3, 5, 3, 9, 3, 4, 8, 3, 2, 0, 2, 0, 9, 9, 8, 1, 3, 5, 9, 8, 1, 6, 1, 4, 8, 7, 9, 3, 9, 8, 6, 2, 5, 4, 7, 2, 10, 8, 4, 7, 3, 0, 6, 7, 0, 5, 7, 1, 0, 1, 6, 1, 7, 7, 2, 10, 4, 0, 10, 9, 4, 3, 3, 1, 7, 8, 5, 2, 4, 10, 1, 1, 2, 3, 10, 6, 9, 5, 3, 3, 10, 7, 0, 5, 1, 8, 1, 3, 7, 3, 10, 3, 5, 8, 2, 7, 4, 9, 7, 8, 8, 8, 10, 2, 4, 2, 5, 5, 3, 8, 0, 8, 6, 3, 1, 2, 7, 3, 2, 4, 10, 8, 6, 6, 0, 2, 7, 10, 1, 7, 6, 9, 2, 5, 2, 0, 4, 2, 3, 2, 6, 7, 9, 1, 8, 8, 5, 2, 9, 4, 1, 1, 8, 4, 7, 1, 2, 9, 2, 5, 0, 4, 10, 5, 0, 5, 7, 3, 6, 4, 6, 4, 9, 5, 1, 8, 3, 0, 0, 4, 4, 6, 10, 8, 9, 8, 5, 6, 9, 4, 0, 5, 0, 9, 10, 5, 0, 0, 7, 3, 1, 8, 2, 2, 4, 4, 9, 3, 7, 8, 0, 4, 4, 0, 0, 5, 6, 9, 9, 7, 7, 8, 8, 1, 10, 10, 5, 5, 7, 0, 3, 5, 10, 4, 8, 2, 3, 8, 3, 0, 5, 5, 3, 2, 0, 1, 7, 8, 4, 8, 3, 1, 3, 1, 2, 2, 3, 7, 10, 10, 3, 10, 6, 6, 5, 0, 4, 0, 2, 1, 9, 1, 5, 9, 9, 8, 1, 5, 8, 9, 10, 3, 8, 1, 6, 3, 3, 2, 4, 10, 1, 1, 2, 8, 2, 4, 0, 2, 8, 9, 9, 0, 7, 6, 9, 4, 0, 2, 8, 6, 9, 3, 8, 2, 4, 2, 0, 2, 3, 1, 6, 3, 4, 6, 3, 3, 5, 1, 1, 7, 8, 7, 10, 2, 5, 5, 7, 5, 1, 4, 5, 0, 4, 5, 4, 9, 5, 9, 7, 7, 2, 0, 2, 4, 3, 2, 9, 1, 8, 9, 1, 8, 5, 2, 0, 9, 7, 6, 2, 6, 9, 0, 10, 8, 3, 8, 3, 7, 3, 2, 7, 9, 6, 8, 8, 4, 0, 3, 2, 2, 8, 2, 10, 8, 7, 2, 6, 8, 6, 6, 4, 7, 9, 7, 3, 4, 9, 3, 3, 7, 4, 1, 9, 5, 4, 0, 7, 8, 0, 7, 4, 8, 5, 4, 6, 6, 6, 1, 5, 3, 0, 1, 4, 7, 1, 9, 4, 2, 6, 10, 7, 1, 0, 3, 1, 1, 4, 3, 10, 7, 8, 9, 9, 4, 0, 2, 3, 7, 8, 6, 8, 1, 7, 4, 0, 2, 0, 8, 6, 7],