{"val_acc": [0.8602150537634409, 0.9339477726574501, 0.9477726574500768, 0.9539170506912442, 0.946236559139785, 0.9615975422427036, 0.9493087557603687, 0.9600614439324117, 0.9539170506912442, 0.9554531490015361], "val_loss": [0.4587487995487415, 0.23070380778731836, 0.17446181766525984, 0.15495813107300133, 0.1733478938652191, 0.13379360668656154, 0.17756713220274342, 0.15779198898775454, 0.1902333902910818, 0.18113044951109472], "train_loss": [1.1966626746759135, 0.32029582336097917, 0.19961111090103179, 0.14801021724592772, 0.1167356102664489, 0.092272666295668, 0.07767114984188207, 0.06663854374144283, 0.059522284421650674, 0.05401399629220888], "test_correct_in_batch": [4.0, 4.0, 3.0, 4.0, 4.0, 4.0, 3.0, 3.0, 3.0, 4.0, 4.0, 4.0, 3.0, 4.0, 4.0, 3.0, 3.0, 4.0, 3.0, 4.0, 4.0, 4.0, 3.0, 4.0, 4.0, 4.0, 4.0, 3.0, 4.0, 4.0, 4.0, 4.0, 4.0, 4.0, 4.0, 4.0, 4.0, 4.0, 4.0, 4.0, 4.0, 4.0, 3.0, 4.0, 4.0, 4.0, 4.0, 4.0, 4.0, 4.0, 3.0, 2.0, 4.0, 4.0, 4.0, 4.0, 4.0, 4.0, 4.0, 3.0, 4.0, 3.0, 4.0, 4.0, 4.0, 3.0, 4.0, 3.0, 4.0, 3.0, 3.0, 4.0, 4.0, 3.0, 4.0, 4.0, 4.0, 4.0, 4.0, 4.0, 4.0, 4.0, 4.0, 4.0, 4.0, 3.0, 4.0, 4.0, 4.0, 4.0, 4.0, 4.0, 3.0, 4.0, 4.0, 4.0, 4.0, 2.0, 4.0, 4.0, 4.0, 4.0, 4.0, 4.0, 4.0, 4.0, 4.0, 4.0, 4.0, 4.0, 4.0, 4.0, 4.0, 3.0, 4.0, 4.0, 4.0, 4.0, 3.0, 3.0, 4.0, 3.0, 3.0, 4.0, 4.0, 4.0, 4.0, 3.0, 4.0, 3.0, 4.0, 4.0, 4.0, 4.0, 4.0, 4.0, 4.0, 4.0, 4.0, 3.0, 4.0, 4.0, 4.0, 4.0, 4.0, 2.0, 3.0, 4.0, 4.0, 4.0, 4.0, 4.0, 4.0, 4.0, 3.0, 4.0, 4.0, 4.0, 4.0, 4.0, 4.0, 4.0, 3.0], "test_losses": [0.0002167374623240903, 0.015260964632034302, 0.4427433907985687, 0.07225102931261063, 4.970795998815447e-05, 0.001263848738744855, 0.4150574207305908, 0.7696892023086548, 0.818226158618927, 0.0001964188413694501, 0.0022767677437514067, 0.0003889302024617791, 1.1605761051177979, 0.04837874695658684, 0.0005178578430786729, 1.0257172584533691, 0.4910452663898468, 0.0036701885983347893, 2.2089180946350098, 0.0032876282930374146, 0.007892433553934097, 0.00021243610535748303, 0.7756665349006653, 0.11687569320201874, 0.001743457978591323, 0.0002107044419972226, 0.00043479580199345946, 0.766149640083313, 0.0033001864794641733, 0.0005497789825312793, 0.11046429723501205, 0.0002641980827320367, 0.08564458042383194, 4.559592343866825e-05, 0.0005085059092380106, 0.0003106938675045967, 0.007193319965153933, 0.017165711149573326, 0.00015459436690434813, 0.0032582783605903387, 0.002706977305933833, 0.0004652294737752527, 0.8659880757331848, 0.0006463169120252132, 0.01011983584612608, 0.00012020899157505482, 0.001074733561836183, 0.007853027433156967, 0.019730163738131523, 0.03414090722799301, 1.0839635133743286, 2.7999842166900635, 0.0007228829781524837, 0.0353148877620697, 0.020576059818267822, 0.0002448324812576175, 0.0004967353888787329, 0.00022371869999915361, 0.00021897772967349738, 1.3978177309036255, 0.0006022147135809064, 0.5963461399078369, 0.02348078042268753, 0.0029783076606690884, 0.0025302793364971876, 0.399253249168396, 0.0012759036617353559, 0.6772627234458923, 0.2511950731277466, 0.8654028177261353, 0.6584599614143372, 0.0027242994401603937, 0.0018972940742969513, 1.183554768562317, 0.0019166908459737897, 0.005404662806540728, 0.005282836966216564, 0.00018410847405903041, 0.04517267644405365, 0.00032894444302655756, 0.0012902328744530678, 0.006319587118923664, 0.0009352621273137629, 0.01069819089025259, 0.021148014813661575, 0.2694104313850403, 0.0029680905863642693, 0.04834273084998131, 0.006267503369599581, 0.18376031517982483, 0.04099787771701813, 0.0031753883231431246, 2.080462694168091, 0.0005626754718832672, 0.0004765232733916491, 0.003884414443746209, 0.01549459993839264, 2.689816951751709, 0.0047771562822163105, 0.0008139754645526409, 0.02608988806605339, 0.0002857714716810733, 0.058427974581718445, 0.01147520076483488, 0.005858590826392174, 0.004133136942982674, 0.004212802276015282, 0.0013940671924501657, 0.001642551738768816, 0.001554945600219071, 0.0003174272715114057, 0.11757063865661621, 0.0009987448574975133, 0.25230711698532104, 0.000676388037391007, 0.000173630949575454, 0.18854008615016937, 0.000425499863922596, 0.3563770055770874, 0.3487415313720703, 0.009475567378103733, 0.9480188488960266, 0.29982876777648926, 0.0015613730065524578, 0.15348109602928162, 0.060453422367572784, 0.004483026452362537, 1.0049479007720947, 0.03668462857604027, 0.18748383224010468, 0.002438228577375412, 0.012896060012280941, 0.0006376742385327816, 0.14837904274463654, 0.030192948877811432, 0.04795260354876518, 8.213083492591977e-05, 0.002849099924787879, 0.0002591719676274806, 1.2574827671051025, 0.00040964456275105476, 0.1912814825773239, 0.15330924093723297, 0.0003888694627676159, 0.0008026070427149534, 1.3405643701553345, 0.515731155872345, 0.018601033836603165, 0.00783188734203577, 0.00018613957217894495, 0.003247972810640931, 0.0003861536388285458, 0.0003059779410250485, 0.004172982648015022, 0.32522961497306824, 0.0010710384231060743, 0.000638289493508637, 0.14802737534046173, 0.0013535702601075172, 0.06686530262231827, 0.00042310095159336925, 0.008571271784603596, 0.00021021101565565914], "test_loss": 0.20955486518371583, "test_batch_lens": [4, 4, 4, 4, 4, 4, 4, 4, 4, 4, 4, 4, 4, 4, 4, 4, 4, 4, 4, 4, 4, 4, 4, 4, 4, 4, 4, 4, 4, 4, 4, 4, 4, 4, 4, 4, 4, 4, 4, 4, 4, 4, 4, 4, 4, 4, 4, 4, 4, 4, 4, 4, 4, 4, 4, 4, 4, 4, 4, 4, 4, 4, 4, 4, 4, 4, 4, 4, 4, 4, 4, 4, 4, 4, 4, 4, 4, 4, 4, 4, 4, 4, 4, 4, 4, 4, 4, 4, 4, 4, 4, 4, 4, 4, 4, 4, 4, 4, 4, 4, 4, 4, 4, 4, 4, 4, 4, 4, 4, 4, 4, 4, 4, 4, 4, 4, 4, 4, 4, 4, 4, 4, 4, 4, 4, 4, 4, 4, 4, 4, 4, 4, 4, 4, 4, 4, 4, 4, 4, 4, 4, 4, 4, 4, 4, 4, 4, 4, 4, 4, 4, 4, 4, 4, 4, 4, 4, 4, 4, 4, 4, 4, 3], "test_accuracy": 0.9431643625192012, "predictions": [7, 4, 1, 10, 7, 1, 8, 8, 0, 10, 4, 7, 1, 9, 3, 0, 9, 6, 4, 9, 8, 10, 1, 4, 6, 1, 8, 6, 6, 8, 1, 1, 1, 5, 6, 3, 10, 5, 5, 0, 10, 3, 2, 10, 7, 8, 4, 3, 3, 8, 1, 4, 3, 4, 6, 1, 1, 9, 1, 10, 10, 6, 2, 6, 5, 4, 8, 5, 8, 1, 3, 1, 6, 3, 1, 8, 6, 8, 9, 2, 3, 1, 3, 1, 5, 5, 1, 8, 0, 5, 9, 10, 10, 7, 1, 5, 1, 8, 2, 7, 5, 1, 10, 6, 10, 8, 3, 9, 10, 4, 7, 5, 0, 3, 7, 6, 0, 8, 0, 0, 4, 8, 7, 6, 5, 1, 7, 9, 6, 7, 4, 0, 10, 10, 7, 9, 4, 1, 9, 0, 10, 3, 3, 9, 4, 7, 4, 7, 2, 10, 2, 4, 10, 10, 1, 0, 10, 5, 4, 7, 8, 9, 10, 4, 2, 3, 10, 5, 8, 0, 5, 0, 10, 7, 6, 8, 0, 8, 1, 2, 6, 3, 5, 3, 9, 3, 4, 8, 3, 2, 0, 2, 0, 9, 9, 8, 1, 3, 5, 9, 2, 1, 6, 1, 4, 5, 9, 8, 3, 9, 5, 6, 2, 5, 4, 5, 2, 10, 8, 4, 7, 3, 0, 6, 7, 0, 5, 7, 1, 0, 1, 6, 3, 7, 7, 2, 10, 5, 3, 10, 9, 4, 3, 3, 1, 7, 6, 5, 2, 4, 10, 1, 1, 2, 3, 10, 6, 9, 5, 3, 3, 10, 7, 0, 5, 1, 8, 1, 3, 7, 3, 10, 3, 5, 2, 2, 7, 4, 9, 7, 5, 8, 8, 10, 2, 4, 2, 5, 5, 3, 8, 0, 6, 6, 0, 1, 2, 7, 3, 2, 4, 10, 8, 6, 6, 0, 2, 7, 10, 1, 7, 6, 9, 2, 5, 2, 0, 9, 4, 3, 2, 6, 7, 9, 1, 8, 8, 5, 2, 9, 4, 1, 1, 8, 4, 7, 1, 2, 7, 2, 5, 0, 4, 10, 5, 0, 5, 7, 3, 6, 4, 6, 4, 9, 5, 1, 8, 3, 7, 7, 4, 4, 6, 10, 8, 9, 8, 5, 6, 9, 4, 0, 5, 0, 9, 10, 5, 0, 3, 7, 3, 1, 8, 2, 2, 4, 4, 9, 3, 7, 5, 2, 9, 4, 0, 0, 5, 6, 9, 9, 7, 7, 6, 9, 1, 10, 10, 5, 5, 7, 3, 3, 5, 10, 9, 7, 2, 3, 1, 1, 0, 5, 4, 1, 2, 0, 1, 8, 8, 4, 8, 3, 8, 0, 3, 2, 2, 3, 7, 10, 10, 4, 10, 6, 6, 5, 0, 9, 8, 2, 1, 9, 9, 5, 9, 4, 1, 3, 5, 7, 9, 10, 1, 8, 1, 6, 3, 8, 2, 4, 10, 1, 1, 6, 8, 2, 4, 8, 2, 8, 9, 9, 0, 7, 6, 9, 8, 0, 2, 6, 6, 9, 3, 7, 2, 4, 3, 0, 1, 3, 9, 6, 3, 4, 6, 3, 3, 5, 3, 1, 7, 10, 4, 10, 2, 5, 5, 7, 5, 3, 4, 5, 0, 4, 5, 4, 9, 5, 9, 7, 7, 2, 0, 2, 4, 3, 2, 9, 1, 8, 9, 1, 8, 8, 2, 0, 9, 7, 6, 9, 6, 9, 0, 10, 8, 8, 4, 0, 7, 3, 2, 7, 9, 6, 7, 8, 9, 0, 8, 2, 10, 5, 2, 10, 8, 7, 9, 6, 8, 6, 6, 5, 7, 4, 7, 1, 4, 9, 3, 3, 7, 4, 1, 7, 5, 4, 0, 7, 8, 0, 7, 4, 5, 5, 4, 8, 6, 6, 1, 5, 3, 0, 1, 4, 7, 1, 9, 5, 6, 6, 10, 7, 1, 0, 3, 9, 1, 4, 3, 10, 7, 8, 9, 9, 4, 0, 2, 3, 7, 8, 6, 8, 1, 7, 4, 0, 2, 0, 8, 6, 7],