{"val_acc": [0.6804915514592934, 0.7373271889400922, 0.8033794162826421, 0.7818740399385561, 0.8525345622119815, 0.847926267281106, 0.8755760368663594, 0.8509984639016898, 0.8740399385560675, 0.8648233486943164], "val_loss": [0.9439405684410794, 0.7280760725583035, 0.5752182452585205, 0.5981917890514379, 0.4510096977664832, 0.4617877972149433, 0.42161931482320825, 0.4341005796696591, 0.38768925008534, 0.40154724937300856], "train_loss": [1.4604534898052621, 0.8222185155033285, 0.6451340445940669, 0.5502322702022086, 0.5036197846823839, 0.46363035256436674, 0.4340521774137854, 0.4103455254742494, 0.39608468564761656, 0.38234091445708657], "test_correct_in_batch": [4.0, 3.0, 3.0, 3.0, 3.0, 4.0, 1.0, 3.0, 3.0, 3.0, 4.0, 4.0, 1.0, 4.0, 4.0, 4.0, 3.0, 3.0, 4.0, 3.0, 3.0, 4.0, 3.0, 4.0, 4.0, 4.0, 4.0, 3.0, 3.0, 4.0, 3.0, 4.0, 4.0, 4.0, 4.0, 3.0, 4.0, 3.0, 4.0, 4.0, 3.0, 4.0, 3.0, 4.0, 3.0, 4.0, 4.0, 3.0, 4.0, 3.0, 3.0, 1.0, 3.0, 3.0, 3.0, 4.0, 4.0, 4.0, 4.0, 3.0, 4.0, 4.0, 4.0, 4.0, 3.0, 4.0, 4.0, 3.0, 3.0, 3.0, 3.0, 4.0, 4.0, 1.0, 4.0, 3.0, 4.0, 4.0, 4.0, 4.0, 4.0, 4.0, 4.0, 3.0, 3.0, 3.0, 4.0, 4.0, 3.0, 2.0, 4.0, 3.0, 2.0, 4.0, 3.0, 4.0, 3.0, 2.0, 3.0, 4.0, 3.0, 3.0, 4.0, 3.0, 4.0, 4.0, 3.0, 4.0, 4.0, 4.0, 4.0, 3.0, 4.0, 4.0, 3.0, 4.0, 2.0, 4.0, 2.0, 4.0, 4.0, 3.0, 4.0, 4.0, 2.0, 3.0, 3.0, 4.0, 3.0, 3.0, 2.0, 4.0, 4.0, 2.0, 3.0, 3.0, 4.0, 4.0, 4.0, 2.0, 4.0, 3.0, 4.0, 2.0, 4.0, 3.0, 3.0, 3.0, 4.0, 4.0, 4.0, 3.0, 3.0, 4.0, 3.0, 4.0, 4.0, 4.0, 4.0, 4.0, 4.0, 4.0, 1.0], "test_losses": [0.006388760171830654, 0.5163605213165283, 0.6380008459091187, 0.7447925806045532, 0.8307586908340454, 0.02972298115491867, 2.496675491333008, 0.5089448690414429, 0.8317569494247437, 0.5270530581474304, 0.07915183156728745, 0.0569198839366436, 2.7698543071746826, 0.022855443879961967, 0.007494164630770683, 0.4529981017112732, 0.5740846395492554, 0.8674195408821106, 0.06360796093940735, 0.37202492356300354, 0.2899804711341858, 0.0930301621556282, 0.49080145359039307, 0.013352448120713234, 0.03374024108052254, 0.21631696820259094, 0.13188499212265015, 0.5294718146324158, 0.5158067345619202, 0.01985328271985054, 0.7050455808639526, 0.1503080129623413, 0.039949432015419006, 0.000760074588470161, 0.04317890852689743, 0.6569089293479919, 0.019321564584970474, 0.3806510865688324, 0.054372332990169525, 0.06489412486553192, 0.8100777864456177, 0.005910689011216164, 0.6395952105522156, 0.02871663309633732, 0.7157815098762512, 0.008757762610912323, 0.07128623127937317, 0.7481440305709839, 0.21733877062797546, 0.6463758945465088, 2.4079229831695557, 1.985983967781067, 0.3684103488922119, 0.4040055274963379, 0.6218829154968262, 0.019456645473837852, 0.035950928926467896, 0.004448482766747475, 0.053995877504348755, 0.6261477470397949, 0.08776728063821793, 0.06276687979698181, 0.030097147449851036, 0.02667822502553463, 0.34407752752304077, 0.12882061302661896, 0.019950641319155693, 0.4544621407985687, 0.9775567650794983, 0.6476080417633057, 0.9536278247833252, 0.19601793587207794, 0.052666932344436646, 2.18131422996521, 0.002513215411454439, 0.5843476057052612, 0.14818190038204193, 0.04882776364684105, 0.05596594512462616, 0.2593909502029419, 0.011432727798819542, 0.22318503260612488, 0.1229349672794342, 0.4762846529483795, 0.9443045258522034, 1.3607252836227417, 0.042866937816143036, 0.15303747355937958, 0.42921072244644165, 1.1424254179000854, 0.014339122921228409, 0.2413884401321411, 2.6040244102478027, 0.07259809970855713, 0.38550981879234314, 0.11939957737922668, 0.4968874454498291, 1.561586856842041, 0.8615624308586121, 0.011434158310294151, 0.6745308637619019, 0.4664490818977356, 0.027970565482974052, 0.9879069328308105, 0.013394373469054699, 0.04580311477184296, 0.8243145942687988, 0.19723369181156158, 0.11650307476520538, 0.16125333309173584, 0.005715006496757269, 0.5644544363021851, 0.01377422921359539, 0.00530086737126112, 0.6469119787216187, 0.020629070699214935, 1.7814719676971436, 0.0052303168922662735, 0.5782598853111267, 0.16857872903347015, 0.007473357021808624, 0.8236982822418213, 0.2556800842285156, 0.21798676252365112, 1.4756933450698853, 0.3234439492225647, 0.6554434895515442, 0.08380600810050964, 0.2572230100631714, 0.31513482332229614, 0.9760960936546326, 0.13887807726860046, 0.02970048226416111, 1.0113197565078735, 0.5446286201477051, 0.6631007194519043, 0.004240154754370451, 0.11182781308889389, 0.21833530068397522, 1.7069576978683472, 0.03798012062907219, 0.6279274821281433, 0.08997618407011032, 1.4139156341552734, 0.013412130996584892, 0.5487645864486694, 0.7298381924629211, 0.42413100600242615, 0.10741016268730164, 0.03497143089771271, 0.4492636024951935, 0.24240028858184814, 0.4877287745475769, 0.09863495826721191, 0.46709588170051575, 0.1210012137889862, 0.03839492052793503, 0.12446357309818268, 0.04285111650824547, 0.6117356419563293, 0.02059398591518402, 0.05075149983167648, 1.802996277809143], "test_loss": 0.43875493484254974, "test_batch_lens": [4, 4, 4, 4, 4, 4, 4, 4, 4, 4, 4, 4, 4, 4, 4, 4, 4, 4, 4, 4, 4, 4, 4, 4, 4, 4, 4, 4, 4, 4, 4, 4, 4, 4, 4, 4, 4, 4, 4, 4, 4, 4, 4, 4, 4, 4, 4, 4, 4, 4, 4, 4, 4, 4, 4, 4, 4, 4, 4, 4, 4, 4, 4, 4, 4, 4, 4, 4, 4, 4, 4, 4, 4, 4, 4, 4, 4, 4, 4, 4, 4, 4, 4, 4, 4, 4, 4, 4, 4, 4, 4, 4, 4, 4, 4, 4, 4, 4, 4, 4, 4, 4, 4, 4, 4, 4, 4, 4, 4, 4, 4, 4, 4, 4, 4, 4, 4, 4, 4, 4, 4, 4, 4, 4, 4, 4, 4, 4, 4, 4, 4, 4, 4, 4, 4, 4, 4, 4, 4, 4, 4, 4, 4, 4, 4, 4, 4, 4, 4, 4, 4, 4, 4, 4, 4, 4, 4, 4, 4, 4, 4, 4, 3], "test_accuracy": 0.8540706605222734, "predictions": [7, 4, 1, 10, 7, 1, 8, 0, 0, 3, 4, 7, 1, 9, 8, 0, 9, 2, 4, 9, 8, 10, 1, 4, 8, 1, 4, 6, 6, 8, 2, 0, 1, 3, 6, 3, 2, 5, 5, 0, 10, 3, 2, 10, 7, 8, 4, 3, 8, 7, 8, 4, 3, 4, 6, 1, 1, 9, 1, 10, 10, 6, 1, 6, 5, 4, 8, 5, 8, 1, 2, 1, 1, 3, 1, 8, 6, 0, 9, 2, 3, 1, 3, 0, 5, 5, 1, 8, 0, 5, 9, 10, 10, 7, 1, 5, 1, 8, 2, 7, 5, 1, 10, 6, 10, 8, 3, 9, 10, 4, 7, 4, 0, 3, 7, 8, 0, 8, 0, 0, 4, 3, 7, 6, 5, 1, 7, 9, 6, 7, 4, 0, 10, 10, 7, 9, 4, 1, 9, 0, 10, 3, 1, 9, 4, 7, 4, 7, 2, 10, 0, 4, 10, 10, 1, 0, 10, 5, 4, 7, 4, 9, 10, 4, 2, 3, 10, 5, 8, 0, 1, 0, 10, 7, 6, 8, 3, 8, 1, 2, 6, 3, 5, 3, 9, 3, 4, 8, 1, 2, 0, 2, 0, 9, 9, 8, 8, 3, 5, 9, 9, 1, 6, 1, 4, 9, 9, 9, 3, 9, 5, 2, 2, 5, 4, 4, 2, 10, 9, 4, 7, 3, 0, 6, 7, 0, 5, 7, 1, 0, 1, 6, 3, 7, 7, 2, 10, 9, 3, 10, 9, 4, 3, 3, 1, 7, 8, 5, 2, 4, 10, 1, 1, 2, 3, 10, 6, 9, 9, 3, 3, 10, 7, 1, 5, 1, 8, 1, 0, 7, 3, 10, 3, 5, 9, 2, 7, 9, 9, 7, 7, 8, 8, 10, 2, 4, 2, 5, 5, 3, 8, 0, 2, 8, 9, 1, 2, 7, 3, 2, 4, 10, 8, 8, 6, 0, 2, 7, 10, 1, 7, 6, 9, 2, 5, 2, 0, 9, 4, 3, 2, 6, 7, 9, 1, 8, 8, 5, 2, 9, 4, 1, 1, 3, 4, 7, 1, 2, 9, 2, 5, 0, 9, 10, 5, 0, 5, 7, 3, 6, 4, 6, 4, 9, 5, 9, 9, 3, 9, 7, 4, 4, 6, 10, 8, 9, 10, 5, 2, 9, 4, 0, 5, 0, 9, 10, 5, 0, 2, 7, 3, 1, 8, 2, 6, 4, 4, 9, 3, 7, 5, 4, 8, 4, 0, 0, 5, 6, 9, 9, 7, 7, 8, 9, 1, 10, 8, 5, 5, 7, 3, 3, 5, 10, 4, 7, 2, 3, 1, 1, 0, 5, 4, 1, 2, 0, 1, 7, 8, 4, 8, 3, 8, 0, 3, 2, 2, 3, 7, 10, 10, 4, 10, 6, 6, 5, 0, 10, 8, 2, 1, 9, 9, 5, 9, 9, 0, 3, 5, 7, 9, 10, 1, 8, 0, 6, 3, 9, 2, 4, 10, 1, 1, 8, 8, 6, 4, 8, 2, 5, 9, 9, 0, 7, 6, 9, 9, 0, 2, 8, 6, 9, 3, 7, 2, 4, 2, 0, 0, 3, 9, 6, 3, 9, 5, 3, 3, 5, 0, 1, 7, 10, 9, 10, 2, 5, 5, 7, 5, 3, 9, 5, 8, 4, 5, 4, 9, 5, 9, 7, 7, 2, 9, 2, 5, 3, 2, 2, 1, 8, 9, 1, 8, 0, 2, 0, 9, 7, 6, 9, 6, 9, 0, 10, 8, 8, 6, 1, 7, 2, 2, 7, 9, 6, 0, 8, 9, 0, 8, 2, 10, 5, 10, 10, 4, 7, 9, 6, 8, 6, 6, 7, 7, 9, 7, 7, 4, 9, 3, 8, 7, 4, 1, 7, 5, 4, 0, 7, 8, 0, 7, 4, 5, 5, 4, 6, 6, 6, 1, 4, 3, 0, 1, 4, 7, 1, 9, 5, 6, 6, 10, 7, 1, 0, 3, 9, 1, 4, 3, 10, 7, 8, 9, 9, 4, 0, 2, 3, 7, 8, 6, 8, 1, 7, 4, 0, 2, 0, 9, 2, 7],