{"val_acc": [0.5560675883256528, 0.7219662058371735, 0.7695852534562212, 0.8172043010752689, 0.8325652841781874, 0.8433179723502304, 0.8494623655913979, 0.8494623655913979, 0.858678955453149, 0.8448540706605223], "val_loss": [1.1989451457569205, 0.7854479268261808, 0.6644548729427753, 0.532287701781542, 0.5025803642890251, 0.47531432117924005, 0.4407542379961515, 0.4339164388137498, 0.4075596667254812, 0.4245968305554378], "train_loss": [1.7403089361018735, 1.0136863103075306, 0.7576982837356416, 0.6193413477262604, 0.5567529209960521, 0.4935359804493578, 0.47159877085003954, 0.43953176067053884, 0.4346355562936319, 0.40907171675154896], "test_correct_in_batch": [4.0, 3.0, 3.0, 2.0, 4.0, 4.0, 2.0, 3.0, 3.0, 4.0, 4.0, 4.0, 2.0, 4.0, 4.0, 3.0, 4.0, 3.0, 3.0, 3.0, 3.0, 4.0, 3.0, 3.0, 4.0, 4.0, 4.0, 3.0, 3.0, 4.0, 3.0, 4.0, 4.0, 4.0, 4.0, 4.0, 4.0, 3.0, 4.0, 3.0, 3.0, 4.0, 3.0, 4.0, 4.0, 4.0, 2.0, 4.0, 4.0, 3.0, 3.0, 1.0, 4.0, 3.0, 3.0, 4.0, 4.0, 4.0, 4.0, 3.0, 4.0, 3.0, 4.0, 3.0, 4.0, 3.0, 4.0, 2.0, 3.0, 3.0, 2.0, 4.0, 3.0, 4.0, 3.0, 4.0, 3.0, 4.0, 3.0, 4.0, 4.0, 3.0, 3.0, 4.0, 4.0, 3.0, 4.0, 4.0, 4.0, 4.0, 4.0, 3.0, 2.0, 4.0, 4.0, 4.0, 3.0, 2.0, 4.0, 4.0, 1.0, 3.0, 4.0, 3.0, 3.0, 3.0, 3.0, 4.0, 4.0, 4.0, 4.0, 3.0, 4.0, 3.0, 4.0, 4.0, 3.0, 4.0, 4.0, 3.0, 4.0, 3.0, 3.0, 4.0, 3.0, 4.0, 3.0, 4.0, 2.0, 3.0, 4.0, 4.0, 4.0, 2.0, 3.0, 4.0, 4.0, 3.0, 4.0, 2.0, 4.0, 4.0, 3.0, 4.0, 4.0, 3.0, 3.0, 3.0, 4.0, 4.0, 4.0, 3.0, 4.0, 3.0, 4.0, 3.0, 2.0, 3.0, 4.0, 3.0, 4.0, 4.0, 3.0], "test_losses": [0.003951817750930786, 0.4108847677707672, 0.44795098900794983, 1.3241348266601562, 0.14645221829414368, 0.05081332102417946, 1.2507622241973877, 1.6175800561904907, 0.8307351469993591, 0.03227107971906662, 0.02247043140232563, 0.010615149512887001, 1.7340731620788574, 0.03546282276511192, 0.2302098125219345, 0.495441734790802, 0.43886393308639526, 0.7011615037918091, 1.603082299232483, 0.5402013659477234, 0.5092026591300964, 0.19083482027053833, 0.911802351474762, 1.0195183753967285, 0.19178953766822815, 0.04278142377734184, 0.10225943475961685, 0.5804865956306458, 0.5495450496673584, 0.02749278023838997, 0.6137077212333679, 0.011476408690214157, 0.0230841264128685, 0.18775267899036407, 0.0364474281668663, 0.0771791934967041, 0.03835895657539368, 0.827566385269165, 0.1301686316728592, 0.6618038415908813, 0.6383140683174133, 0.01828753389418125, 0.8336968421936035, 0.02215549722313881, 0.05059567838907242, 0.019530247896909714, 0.5896314382553101, 0.15462949872016907, 0.3479936718940735, 1.3883600234985352, 0.8586857318878174, 1.4481654167175293, 0.07389885187149048, 0.3435910642147064, 0.6229300498962402, 0.046295035630464554, 0.014165857806801796, 0.034313540905714035, 0.036376457661390305, 0.8602936863899231, 0.024593815207481384, 0.40711739659309387, 0.17761939764022827, 0.2225835621356964, 0.02730550616979599, 0.43368494510650635, 0.018970778211951256, 1.3894143104553223, 0.8845704793930054, 0.7617257237434387, 1.2208850383758545, 0.04966265708208084, 0.6240366697311401, 0.09758435189723969, 0.43116071820259094, 0.02534378133714199, 0.4485144317150116, 0.0069664521142840385, 0.8723285794258118, 0.019852299243211746, 0.2484523355960846, 0.6266962289810181, 0.2675144076347351, 0.16003215312957764, 0.2599206566810608, 0.6689631938934326, 0.19260215759277344, 0.17511659860610962, 0.10097330808639526, 0.35704123973846436, 0.11386945843696594, 0.2589956820011139, 1.5508159399032593, 0.26564088463783264, 0.03260790929198265, 0.05131865292787552, 0.45023930072784424, 1.8181877136230469, 0.06305141746997833, 0.068610779941082, 2.9460835456848145, 1.2018823623657227, 0.10598675906658173, 0.4287637174129486, 0.5568193793296814, 0.3428690433502197, 0.6221286654472351, 0.17537708580493927, 0.09404783695936203, 0.0810602605342865, 0.06979244202375412, 0.471454918384552, 0.03510890528559685, 0.42695632576942444, 0.3045034408569336, 0.020430218428373337, 0.6145280003547668, 0.01606929674744606, 0.029468148946762085, 0.2695029675960541, 0.08259423822164536, 0.8808841705322266, 0.4482156038284302, 0.0236333217471838, 0.8181430101394653, 0.11767583340406418, 0.7739460468292236, 0.10633666813373566, 0.6302423477172852, 0.3574412167072296, 0.23303574323654175, 0.03085019811987877, 0.012805944308638573, 1.4542839527130127, 0.9767935276031494, 0.28759634494781494, 0.010447250679135323, 0.22815759479999542, 0.09268023073673248, 1.1187171936035156, 0.16129127144813538, 0.14511126279830933, 0.5822517275810242, 0.15931877493858337, 0.07071273028850555, 0.49638816714286804, 0.5829047560691833, 0.9694114923477173, 0.11958812922239304, 0.012821094132959843, 0.019446074962615967, 0.2201569378376007, 0.06194136291742325, 0.43738242983818054, 0.21979226171970367, 0.4191596508026123, 0.5500512719154358, 1.1823158264160156, 0.13067129254341125, 0.5021214485168457, 0.005903131328523159, 0.1852366328239441, 0.10514586418867111], "test_loss": 0.4157870890732649, "test_batch_lens": [4, 4, 4, 4, 4, 4, 4, 4, 4, 4, 4, 4, 4, 4, 4, 4, 4, 4, 4, 4, 4, 4, 4, 4, 4, 4, 4, 4, 4, 4, 4, 4, 4, 4, 4, 4, 4, 4, 4, 4, 4, 4, 4, 4, 4, 4, 4, 4, 4, 4, 4, 4, 4, 4, 4, 4, 4, 4, 4, 4, 4, 4, 4, 4, 4, 4, 4, 4, 4, 4, 4, 4, 4, 4, 4, 4, 4, 4, 4, 4, 4, 4, 4, 4, 4, 4, 4, 4, 4, 4, 4, 4, 4, 4, 4, 4, 4, 4, 4, 4, 4, 4, 4, 4, 4, 4, 4, 4, 4, 4, 4, 4, 4, 4, 4, 4, 4, 4, 4, 4, 4, 4, 4, 4, 4, 4, 4, 4, 4, 4, 4, 4, 4, 4, 4, 4, 4, 4, 4, 4, 4, 4, 4, 4, 4, 4, 4, 4, 4, 4, 4, 4, 4, 4, 4, 4, 4, 4, 4, 4, 4, 4, 3], "test_accuracy": 0.858678955453149, "predictions": [7, 4, 1, 10, 7, 1, 8, 5, 0, 3, 4, 7, 1, 4, 8, 0, 9, 6, 4, 9, 8, 10, 1, 4, 6, 1, 4, 6, 6, 10, 2, 1, 1, 3, 6, 3, 10, 5, 5, 0, 10, 3, 2, 10, 7, 8, 4, 3, 8, 8, 8, 4, 3, 4, 6, 1, 1, 9, 1, 10, 10, 6, 9, 6, 5, 5, 8, 5, 8, 0, 3, 1, 8, 3, 1, 8, 8, 8, 9, 2, 3, 1, 3, 3, 5, 5, 1, 8, 0, 8, 9, 10, 10, 7, 0, 5, 1, 8, 2, 7, 5, 1, 10, 6, 10, 8, 3, 9, 10, 4, 7, 5, 0, 3, 7, 8, 0, 8, 0, 0, 4, 8, 0, 6, 5, 1, 7, 9, 6, 7, 4, 0, 10, 10, 7, 9, 4, 1, 9, 0, 10, 3, 3, 9, 4, 7, 4, 7, 2, 10, 8, 4, 10, 10, 1, 0, 8, 5, 4, 7, 8, 9, 8, 4, 2, 3, 10, 5, 8, 0, 5, 0, 10, 7, 6, 8, 0, 8, 1, 2, 6, 3, 5, 3, 4, 10, 4, 8, 3, 2, 0, 2, 0, 9, 9, 8, 2, 3, 5, 9, 4, 1, 6, 1, 4, 0, 9, 9, 3, 9, 5, 6, 2, 8, 4, 5, 2, 10, 5, 4, 7, 3, 0, 6, 7, 0, 5, 7, 1, 0, 1, 6, 3, 7, 7, 2, 10, 5, 3, 10, 9, 4, 3, 3, 1, 7, 6, 5, 2, 4, 10, 1, 1, 2, 8, 10, 6, 9, 5, 3, 3, 10, 7, 0, 5, 1, 8, 1, 1, 7, 2, 10, 3, 5, 1, 2, 7, 5, 9, 7, 5, 0, 8, 10, 2, 4, 2, 5, 8, 3, 8, 0, 8, 6, 0, 1, 2, 9, 3, 2, 4, 10, 8, 6, 6, 5, 2, 7, 10, 1, 7, 6, 4, 2, 5, 2, 0, 9, 4, 3, 2, 6, 7, 9, 1, 2, 8, 5, 2, 4, 4, 1, 1, 8, 4, 7, 1, 2, 7, 2, 5, 0, 4, 10, 5, 0, 5, 7, 3, 6, 4, 6, 4, 9, 5, 1, 8, 3, 7, 7, 4, 4, 6, 10, 8, 4, 8, 5, 6, 9, 4, 4, 5, 0, 9, 10, 5, 0, 3, 7, 3, 1, 8, 2, 2, 4, 4, 4, 3, 7, 8, 5, 9, 4, 0, 0, 5, 6, 9, 9, 7, 4, 8, 2, 1, 10, 10, 4, 5, 7, 3, 3, 5, 10, 4, 7, 2, 3, 0, 1, 0, 5, 4, 8, 6, 0, 1, 8, 8, 4, 8, 3, 8, 0, 3, 2, 2, 3, 7, 10, 10, 4, 10, 6, 6, 5, 0, 5, 8, 2, 1, 9, 4, 5, 9, 9, 1, 3, 5, 7, 9, 10, 1, 8, 0, 6, 3, 8, 2, 4, 10, 1, 1, 2, 8, 2, 4, 8, 2, 8, 9, 9, 0, 7, 6, 9, 5, 0, 2, 8, 6, 4, 3, 7, 2, 4, 8, 0, 1, 3, 9, 6, 3, 4, 6, 1, 3, 5, 0, 1, 7, 10, 4, 10, 8, 8, 5, 7, 5, 3, 4, 5, 0, 4, 5, 4, 9, 5, 9, 7, 7, 2, 0, 2, 5, 8, 2, 2, 1, 8, 9, 1, 8, 8, 2, 0, 9, 7, 6, 4, 6, 9, 0, 10, 8, 8, 8, 0, 7, 3, 2, 7, 9, 6, 7, 8, 9, 0, 8, 2, 7, 5, 2, 10, 8, 7, 9, 6, 8, 6, 6, 5, 7, 9, 7, 4, 4, 9, 3, 8, 7, 4, 1, 7, 5, 4, 0, 7, 8, 0, 7, 4, 5, 5, 4, 6, 6, 6, 1, 5, 3, 0, 1, 4, 7, 8, 9, 4, 6, 6, 10, 7, 7, 0, 3, 4, 0, 4, 3, 10, 7, 6, 9, 9, 4, 0, 6, 3, 7, 8, 6, 8, 1, 7, 4, 0, 2, 0, 8, 6, 7],