{"val_acc": [0.09831029185867896, 0.0967741935483871, 0.08602150537634409, 0.06144393241167435, 0.0967741935483871, 0.09216589861751152, 0.09831029185867896, 0.0706605222734255, 0.10445468509984639, 0.0967741935483871], "val_loss": [2.4023433477600658, 2.4144031109254054, 2.464356331737495, 2.422709206130607, 2.40689487983844, 2.4230296714174235, 2.4337554914088337, 2.4407979520552, 2.4034473808265173, 2.4036544466311214], "train_loss": [2.4379030431783195, 2.429640659939902, 2.4241509353939197, 2.425663369526978, 2.4256010701010102, 2.424911005018754, 2.4245488976014147, 2.424911444033408, 2.4233679548110643, 2.424382991969576], "test_correct_in_batch": [0.0, 0.0, 0.0, 0.0, 0.0, 0.0, 0.0, 0.0, 0.0, 2.0, 0.0, 0.0, 0.0, 0.0, 0.0, 0.0, 3.0, 0.0, 0.0, 0.0, 0.0, 2.0, 0.0, 1.0, 0.0, 1.0, 0.0, 0.0, 0.0, 0.0, 0.0, 1.0, 0.0, 0.0, 0.0, 0.0, 0.0, 0.0, 0.0, 1.0, 0.0, 1.0, 0.0, 0.0, 0.0, 1.0, 0.0, 0.0, 0.0, 1.0, 0.0, 0.0, 1.0, 2.0, 0.0, 0.0, 1.0, 0.0, 0.0, 0.0, 0.0, 1.0, 0.0, 0.0, 1.0, 0.0, 1.0, 0.0, 1.0, 0.0, 0.0, 1.0, 1.0, 0.0, 0.0, 0.0, 0.0, 0.0, 1.0, 0.0, 0.0, 1.0, 0.0, 0.0, 0.0, 1.0, 2.0, 0.0, 1.0, 0.0, 0.0, 1.0, 0.0, 1.0, 1.0, 0.0, 0.0, 0.0, 0.0, 1.0, 0.0, 1.0, 1.0, 1.0, 0.0, 1.0, 0.0, 0.0, 0.0, 0.0, 0.0, 1.0, 0.0, 1.0, 1.0, 0.0, 0.0, 0.0, 0.0, 1.0, 0.0, 0.0, 0.0, 0.0, 0.0, 0.0, 1.0, 0.0, 1.0, 2.0, 1.0, 2.0, 0.0, 0.0, 0.0, 0.0, 0.0, 0.0, 0.0, 0.0, 0.0, 0.0, 1.0, 0.0, 0.0, 0.0, 0.0, 0.0, 1.0, 0.0, 2.0, 0.0, 1.0, 0.0, 0.0, 0.0, 0.0, 0.0, 0.0, 0.0, 0.0, 0.0, 0.0], "test_losses": [2.387911081314087, 2.458893299102783, 2.4840033054351807, 2.3740427494049072, 2.362180233001709, 2.4270362854003906, 2.4839553833007812, 2.4082143306732178, 2.3597960472106934, 2.330714702606201, 2.4353439807891846, 2.504179000854492, 2.4699532985687256, 2.408426284790039, 2.293175220489502, 2.3524627685546875, 2.3269407749176025, 2.3975629806518555, 2.3975629806518555, 2.4200944900512695, 2.382338523864746, 2.327146053314209, 2.4035158157348633, 2.327195405960083, 2.418736219406128, 2.316673517227173, 2.448411703109741, 2.387910842895508, 2.443852424621582, 2.47704815864563, 2.469756603240967, 2.3001060485839844, 2.434356689453125, 2.3782498836517334, 2.364546775817871, 2.433187484741211, 2.4555578231811523, 2.431952476501465, 2.3700942993164062, 2.3877055644989014, 2.438915729522705, 2.396169662475586, 2.4390976428985596, 2.4482152462005615, 2.4224610328674316, 2.4177169799804688, 2.4699532985687256, 2.452310085296631, 2.40114688873291, 2.3240067958831787, 2.36314058303833, 2.5185837745666504, 2.359590768814087, 2.347499132156372, 2.472109794616699, 2.443852663040161, 2.384162425994873, 2.32774019241333, 2.449617624282837, 2.4507803916931152, 2.454728603363037, 2.3734569549560547, 2.3868792057037354, 2.3963749408721924, 2.359591007232666, 2.397407054901123, 2.3273513317108154, 2.482637882232666, 2.4022743701934814, 2.416423797607422, 2.487339973449707, 2.3927783966064453, 2.447187900543213, 2.412971019744873, 2.4485855102539062, 2.4626200199127197, 2.4189200401306152, 2.3629846572875977, 2.3441476821899414, 2.4345529079437256, 2.380969524383545, 2.4125821590423584, 2.3597898483276367, 2.4341726303100586, 2.3785793781280518, 2.377025604248047, 2.3378515243530273, 2.4440104961395264, 2.3145110607147217, 2.489774465560913, 2.437899351119995, 2.424462080001831, 2.434356451034546, 2.3428001403808594, 2.4080629348754883, 2.442636251449585, 2.420300245285034, 2.382197856903076, 2.414377212524414, 2.301464557647705, 2.3820013999938965, 2.3200583457946777, 2.428238868713379, 2.3390755653381348, 2.3574059009552, 2.3524608612060547, 2.4224610328674316, 2.543303966522217, 2.492467164993286, 2.4424805641174316, 2.41635799407959, 2.3394148349761963, 2.3845102787017822, 2.2777605056762695, 2.3582324981689453, 2.378405809402466, 2.4331469535827637, 2.3868789672851562, 2.4177041053771973, 2.4329352378845215, 2.3620221614837646, 2.3846940994262695, 2.4200942516326904, 2.464022159576416, 2.432168960571289, 2.420306444168091, 2.4177169799804688, 2.3772311210632324, 2.386673927307129, 2.2880210876464844, 2.4129719734191895, 2.3143057823181152, 2.391491413116455, 2.4677467346191406, 2.3845105171203613, 2.4246675968170166, 2.3952159881591797, 2.337254047393799, 2.5015869140625, 2.418948173522949, 2.380969762802124, 2.435372829437256, 2.411393880844116, 2.457705020904541, 2.41060471534729, 2.3964061737060547, 2.4460527896881104, 2.4889543056488037, 2.3487367630004883, 2.473323345184326, 2.3485312461853027, 2.4592349529266357, 2.361957311630249, 2.3489420413970947, 2.3858840465545654, 2.3772308826446533, 2.3847224712371826, 2.482637882232666, 2.376426935195923, 2.4887425899505615, 2.4092464447021484, 2.447570562362671, 2.464885950088501], "test_loss": 2.4049532720647706, "test_batch_lens": [4, 4, 4, 4, 4, 4, 4, 4, 4, 4, 4, 4, 4, 4, 4, 4, 4, 4, 4, 4, 4, 4, 4, 4, 4, 4, 4, 4, 4, 4, 4, 4, 4, 4, 4, 4, 4, 4, 4, 4, 4, 4, 4, 4, 4, 4, 4, 4, 4, 4, 4, 4, 4, 4, 4, 4, 4, 4, 4, 4, 4, 4, 4, 4, 4, 4, 4, 4, 4, 4, 4, 4, 4, 4, 4, 4, 4, 4, 4, 4, 4, 4, 4, 4, 4, 4, 4, 4, 4, 4, 4, 4, 4, 4, 4, 4, 4, 4, 4, 4, 4, 4, 4, 4, 4, 4, 4, 4, 4, 4, 4, 4, 4, 4, 4, 4, 4, 4, 4, 4, 4, 4, 4, 4, 4, 4, 4, 4, 4, 4, 4, 4, 4, 4, 4, 4, 4, 4, 4, 4, 4, 4, 4, 4, 4, 4, 4, 4, 4, 4, 4, 4, 4, 4, 4, 4, 4, 4, 4, 4, 4, 4, 3], "test_accuracy": 0.08294930875576037, "predictions": [5, 5, 5, 5, 5, 5, 5, 5, 5, 5, 5, 5, 5, 5, 5, 5, 5, 5, 5, 5, 5, 5, 5, 5, 5, 5, 5, 5, 5, 5, 5, 5, 5, 5, 5, 5, 5, 5, 5, 5, 5, 5, 5, 5, 5, 5, 5, 5, 5, 5, 5, 5, 5, 5, 5, 5, 5, 5, 5, 5, 5, 5, 5, 5, 5, 5, 5, 5, 5, 5, 5, 5, 5, 5, 5, 5, 5, 5, 5, 5, 5, 5, 5, 5, 5, 5, 5, 5, 5, 5, 5, 5, 5, 5, 5, 5, 5, 5, 5, 5, 5, 5, 5, 5, 5, 5, 5, 5, 5, 5, 5, 5, 5, 5, 5, 5, 5, 5, 5, 5, 5, 5, 5, 5, 5, 5, 5, 5, 5, 5, 5, 5, 5, 5, 5, 5, 5, 5, 5, 5, 5, 5, 5, 5, 5, 5, 5, 5, 5, 5, 5, 5, 5, 5, 5, 5, 5, 5, 5, 5, 5, 5, 5, 5, 5, 5, 5, 5, 5, 5, 5, 5, 5, 5, 5, 5, 5, 5, 5, 5, 5, 5, 5, 5, 5, 5, 5, 5, 5, 5, 5, 5, 5, 5, 5, 5, 5, 5, 5, 5, 5, 5, 5, 5, 5, 5, 5, 5, 5, 5, 5, 5, 5, 5, 5, 5, 5, 5, 5, 5, 5, 5, 5, 5, 5, 5, 5, 5, 5, 5, 5, 5, 5, 5, 5, 5, 5, 5, 5, 5, 5, 5, 5, 5, 5, 5, 5, 5, 5, 5, 5, 5, 5, 5, 5, 5, 5, 5, 5, 5, 5, 5, 5, 5, 5, 5, 5, 5, 5, 5, 5, 5, 5, 5, 5, 5, 5, 5, 5, 5, 5, 5, 5, 5, 5, 5, 5, 5, 5, 5, 5, 5, 5, 5, 5, 5, 5, 5, 5, 5, 5, 5, 5, 5, 5, 5, 5, 5, 5, 5, 5, 5, 5, 5, 5, 5, 5, 5, 5, 5, 5, 5, 5, 5, 5, 5, 5, 5, 5, 5, 5, 5, 5, 5, 5, 5, 5, 5, 5, 5, 5, 5, 5, 5, 5, 5, 5, 5, 5, 5, 5, 5, 5, 5, 5, 5, 5, 5, 5, 5, 5, 5, 5, 5, 5, 5, 5, 5, 5, 5, 5, 5, 5, 5, 5, 5, 5, 5, 5, 5, 5, 5, 5, 5, 5, 5, 5, 5, 5, 5, 5, 5, 5, 5, 5, 5, 5, 5, 5, 5, 5, 5, 5, 5, 5, 5, 5, 5, 5, 5, 5, 5, 5, 5, 5, 5, 5, 5, 5, 5, 5, 5, 5, 5, 5, 5, 5, 5, 5, 5, 5, 5, 5, 5, 5, 5, 5, 5, 5, 5, 5, 5, 5, 5, 5, 5, 5, 5, 5, 5, 5, 5, 5, 5, 5, 5, 5, 5, 5, 5, 5, 5, 5, 5, 5, 5, 5, 5, 5, 5, 5, 5, 5, 5, 5, 5, 5, 5, 5, 5, 5, 5, 5, 5, 5, 5, 5, 5, 5, 5, 5, 5, 5, 5, 5, 5, 5, 5, 5, 5, 5, 5, 5, 5, 5, 5, 5, 5, 5, 5, 5, 5, 5, 5, 5, 5, 5, 5, 5, 5, 5, 5, 5, 5, 5, 5, 5, 5, 5, 5, 5, 5, 5, 5, 5, 5, 5, 5, 5, 5, 5, 5, 5, 5, 5, 5, 5, 5, 5, 5, 5, 5, 5, 5, 5, 5, 5, 5, 5, 5, 5, 5, 5, 5, 5, 5, 5, 5, 5, 5, 5, 5, 5, 5, 5, 5, 5, 5, 5, 5, 5, 5, 5, 5, 5, 5, 5, 5, 5, 5, 5, 5, 5, 5, 5, 5, 5, 5, 5, 5, 5, 5, 5, 5, 5, 5, 5, 5, 5, 5, 5, 5, 5, 5, 5, 5, 5, 5, 5, 5, 5, 5, 5, 5, 5, 5, 5, 5, 5, 5, 5, 5, 5, 5, 5, 5, 5, 5, 5, 5, 5, 5, 5, 5, 5, 5, 5, 5, 5, 5, 5],