{"val_acc": [0.34101382488479265, 0.5192012288786483, 0.6344086021505376, 0.7096774193548387, 0.7019969278033794, 0.7158218125960062, 0.7557603686635944, 0.7849462365591398, 0.7695852534562212, 0.7711213517665131], "val_loss": [1.8712782947563686, 1.4037689469708987, 1.0704856975678285, 0.860545404163972, 0.8144680565805889, 0.8058381737924061, 0.7019937218401147, 0.6512099874485855, 0.6662720485127593, 0.6661849409267535], "train_loss": [2.0621517414670585, 1.6308440767940304, 1.2217298287055942, 0.9939294859233485, 0.8703801901943299, 0.7927647494089749, 0.714022375901862, 0.7155673726742865, 0.6579277698231789, 0.6304939555507608], "test_correct_in_batch": [4.0, 3.0, 4.0, 1.0, 4.0, 4.0, 2.0, 4.0, 3.0, 4.0, 4.0, 4.0, 1.0, 3.0, 3.0, 3.0, 2.0, 4.0, 1.0, 3.0, 3.0, 3.0, 3.0, 3.0, 3.0, 3.0, 3.0, 3.0, 2.0, 4.0, 2.0, 4.0, 3.0, 4.0, 3.0, 4.0, 4.0, 4.0, 3.0, 3.0, 3.0, 3.0, 4.0, 3.0, 3.0, 4.0, 4.0, 3.0, 4.0, 3.0, 3.0, 2.0, 3.0, 4.0, 3.0, 4.0, 4.0, 3.0, 3.0, 4.0, 4.0, 4.0, 4.0, 4.0, 2.0, 3.0, 4.0, 2.0, 3.0, 3.0, 2.0, 4.0, 2.0, 3.0, 4.0, 4.0, 4.0, 4.0, 3.0, 4.0, 3.0, 3.0, 4.0, 2.0, 3.0, 3.0, 3.0, 4.0, 4.0, 4.0, 2.0, 3.0, 2.0, 4.0, 4.0, 4.0, 2.0, 3.0, 2.0, 3.0, 1.0, 4.0, 3.0, 3.0, 2.0, 4.0, 2.0, 2.0, 4.0, 4.0, 4.0, 3.0, 4.0, 4.0, 2.0, 3.0, 2.0, 4.0, 4.0, 2.0, 4.0, 3.0, 4.0, 4.0, 3.0, 3.0, 4.0, 3.0, 3.0, 4.0, 3.0, 4.0, 4.0, 3.0, 2.0, 2.0, 4.0, 4.0, 3.0, 3.0, 4.0, 2.0, 2.0, 4.0, 3.0, 3.0, 3.0, 3.0, 3.0, 3.0, 4.0, 4.0, 4.0, 4.0, 3.0, 3.0, 4.0, 2.0, 3.0, 4.0, 4.0, 3.0, 3.0], "test_losses": [0.2111188918352127, 0.5836606621742249, 0.41826245188713074, 1.6817935705184937, 0.06696629524230957, 0.1388668566942215, 1.4342899322509766, 0.20889559388160706, 0.6723574995994568, 0.068224236369133, 0.11566445976495743, 0.16914263367652893, 3.3291075229644775, 0.3470500111579895, 0.23263949155807495, 0.8198150396347046, 1.0985440015792847, 0.45787572860717773, 1.634162187576294, 0.4421122372150421, 0.9220650792121887, 0.36024874448776245, 0.6463800668716431, 0.4426732361316681, 1.1126344203948975, 0.5905644297599792, 0.4036555588245392, 0.5810656547546387, 0.8166859745979309, 0.33168497681617737, 2.519639492034912, 0.19486339390277863, 0.4192545413970947, 0.09456920623779297, 0.7296929955482483, 0.27341777086257935, 0.08630416542291641, 0.08420727401971817, 0.3918800950050354, 0.5758512020111084, 1.2848010063171387, 0.35405880212783813, 0.6360472440719604, 0.7168334126472473, 1.1259514093399048, 0.14428704977035522, 0.1897406131029129, 0.5624356269836426, 0.2652744650840759, 0.5764068365097046, 0.6258547902107239, 1.5318455696105957, 0.5342425107955933, 0.13647618889808655, 0.42009714245796204, 0.09424838423728943, 0.28103381395339966, 0.7379118800163269, 0.9294890761375427, 0.4154040515422821, 0.05707572028040886, 0.20432454347610474, 0.2200348973274231, 0.15682129561901093, 0.71905118227005, 0.6848031878471375, 0.31043946743011475, 1.0875790119171143, 0.9831966161727905, 0.6786980628967285, 1.3099902868270874, 0.18280380964279175, 0.8158375024795532, 0.5159794688224792, 0.05965930223464966, 0.2638617157936096, 0.054307617247104645, 0.09549181908369064, 0.42971086502075195, 0.19288510084152222, 0.4649314284324646, 0.8743592500686646, 0.2050739824771881, 1.2853062152862549, 0.8463415503501892, 0.9187938570976257, 0.5914342999458313, 0.1796042025089264, 0.2637137770652771, 0.3493363559246063, 0.7984180450439453, 0.6505172848701477, 2.5913655757904053, 0.13392293453216553, 0.06636303663253784, 0.26468798518180847, 1.9559526443481445, 1.8065316677093506, 0.8000048995018005, 0.2839491069316864, 2.55342435836792, 0.0831613838672638, 0.42641010880470276, 0.8569546937942505, 1.1609768867492676, 0.38200968503952026, 0.9102447032928467, 1.3648062944412231, 0.34982743859291077, 0.11892823129892349, 0.07475445419549942, 1.0440248250961304, 0.08968205004930496, 0.049961600452661514, 1.6158431768417358, 0.3731189966201782, 1.4559077024459839, 0.33330482244491577, 0.09280180931091309, 1.0460307598114014, 0.16506928205490112, 0.992489218711853, 0.14873726665973663, 0.43080002069473267, 0.7142897844314575, 0.38112112879753113, 0.49799880385398865, 0.34817588329315186, 0.6746634840965271, 0.16452893614768982, 0.7053606510162354, 0.0649232566356659, 0.04037657007575035, 0.46930795907974243, 1.1183619499206543, 1.6444597244262695, 0.1413765698671341, 0.18041017651557922, 0.7374779582023621, 1.2008552551269531, 0.03341333568096161, 2.557199001312256, 1.9228421449661255, 0.27521374821662903, 0.5050649046897888, 0.6214743852615356, 0.6002077460289001, 0.6846674680709839, 0.3818550109863281, 0.7773082852363586, 0.3675733804702759, 0.11258365213871002, 0.20350423455238342, 0.08662323653697968, 0.52467280626297, 0.5774595737457275, 0.10296281427145004, 1.0558736324310303, 0.5211634039878845, 0.31302404403686523, 0.09380917251110077, 1.0981699228286743, 0.23530055582523346], "test_loss": 0.6164319714748421, "test_batch_lens": [4, 4, 4, 4, 4, 4, 4, 4, 4, 4, 4, 4, 4, 4, 4, 4, 4, 4, 4, 4, 4, 4, 4, 4, 4, 4, 4, 4, 4, 4, 4, 4, 4, 4, 4, 4, 4, 4, 4, 4, 4, 4, 4, 4, 4, 4, 4, 4, 4, 4, 4, 4, 4, 4, 4, 4, 4, 4, 4, 4, 4, 4, 4, 4, 4, 4, 4, 4, 4, 4, 4, 4, 4, 4, 4, 4, 4, 4, 4, 4, 4, 4, 4, 4, 4, 4, 4, 4, 4, 4, 4, 4, 4, 4, 4, 4, 4, 4, 4, 4, 4, 4, 4, 4, 4, 4, 4, 4, 4, 4, 4, 4, 4, 4, 4, 4, 4, 4, 4, 4, 4, 4, 4, 4, 4, 4, 4, 4, 4, 4, 4, 4, 4, 4, 4, 4, 4, 4, 4, 4, 4, 4, 4, 4, 4, 4, 4, 4, 4, 4, 4, 4, 4, 4, 4, 4, 4, 4, 4, 4, 4, 4, 3], "test_accuracy": 0.804915514592934, "predictions": [7, 4, 1, 10, 7, 1, 8, 6, 0, 8, 4, 7, 3, 9, 8, 3, 9, 6, 4, 9, 8, 10, 1, 4, 6, 1, 9, 6, 6, 8, 2, 1, 1, 8, 6, 3, 10, 5, 5, 0, 10, 3, 2, 10, 7, 8, 4, 3, 2, 1, 10, 4, 1, 4, 6, 1, 1, 9, 3, 10, 10, 6, 9, 6, 5, 9, 8, 6, 8, 1, 3, 1, 0, 1, 1, 6, 6, 6, 9, 2, 3, 1, 1, 1, 5, 5, 1, 3, 0, 5, 9, 10, 10, 7, 0, 5, 1, 6, 2, 7, 5, 0, 10, 6, 10, 8, 1, 9, 10, 4, 7, 9, 0, 1, 7, 8, 0, 8, 0, 0, 4, 3, 7, 8, 5, 1, 7, 9, 6, 7, 4, 8, 10, 10, 7, 9, 4, 1, 9, 1, 10, 3, 3, 9, 4, 7, 4, 7, 2, 10, 2, 4, 10, 10, 3, 0, 10, 4, 4, 7, 9, 9, 10, 4, 2, 1, 10, 5, 8, 0, 9, 0, 8, 7, 6, 8, 0, 6, 1, 2, 6, 3, 5, 3, 9, 3, 4, 8, 3, 2, 1, 2, 0, 9, 9, 8, 9, 3, 5, 9, 4, 1, 6, 1, 4, 1, 9, 8, 3, 9, 5, 2, 2, 5, 4, 5, 6, 10, 8, 4, 7, 3, 0, 6, 7, 0, 5, 7, 1, 0, 3, 6, 1, 7, 7, 2, 10, 4, 3, 10, 9, 4, 3, 3, 1, 7, 8, 5, 2, 4, 10, 1, 1, 2, 3, 10, 2, 9, 4, 3, 3, 10, 7, 3, 5, 1, 8, 1, 1, 7, 2, 10, 3, 5, 3, 2, 7, 9, 9, 7, 4, 8, 5, 10, 2, 4, 2, 5, 8, 3, 8, 5, 8, 6, 7, 1, 2, 7, 3, 2, 4, 10, 8, 6, 6, 0, 2, 7, 10, 1, 7, 6, 9, 2, 5, 3, 0, 9, 4, 3, 8, 6, 7, 9, 1, 9, 8, 5, 2, 9, 4, 1, 3, 3, 4, 7, 1, 2, 1, 2, 5, 0, 9, 10, 5, 1, 5, 7, 3, 6, 4, 6, 4, 9, 5, 1, 8, 3, 7, 7, 9, 9, 6, 10, 9, 9, 8, 5, 3, 9, 4, 0, 5, 0, 9, 10, 5, 0, 3, 7, 3, 1, 8, 2, 3, 9, 4, 9, 3, 7, 8, 9, 7, 5, 0, 0, 5, 6, 9, 4, 7, 0, 8, 1, 1, 10, 10, 5, 5, 7, 0, 3, 5, 10, 4, 7, 2, 1, 0, 1, 0, 5, 4, 1, 2, 0, 3, 7, 3, 4, 7, 3, 8, 0, 3, 2, 2, 3, 7, 10, 10, 4, 10, 6, 6, 5, 0, 2, 8, 2, 1, 9, 9, 5, 9, 9, 3, 8, 5, 7, 9, 10, 3, 8, 0, 6, 3, 4, 2, 4, 10, 1, 1, 2, 8, 2, 5, 8, 2, 8, 9, 9, 0, 7, 6, 9, 9, 0, 2, 8, 6, 9, 3, 7, 2, 4, 10, 0, 1, 3, 9, 6, 1, 4, 6, 3, 3, 5, 1, 1, 7, 10, 9, 10, 2, 5, 5, 7, 5, 1, 4, 5, 7, 4, 5, 4, 9, 5, 9, 7, 7, 2, 0, 2, 5, 3, 2, 8, 1, 6, 9, 1, 6, 5, 2, 0, 9, 7, 6, 9, 6, 9, 0, 10, 8, 0, 10, 1, 7, 3, 2, 7, 9, 6, 2, 2, 9, 0, 3, 2, 1, 5, 2, 10, 8, 7, 9, 6, 10, 6, 6, 9, 7, 9, 7, 0, 4, 9, 3, 2, 7, 4, 3, 7, 5, 4, 0, 7, 6, 0, 7, 4, 5, 5, 4, 8, 6, 6, 1, 5, 3, 0, 1, 4, 7, 1, 9, 4, 2, 6, 2, 7, 1, 0, 3, 9, 1, 4, 3, 10, 1, 6, 9, 9, 8, 0, 2, 3, 7, 8, 6, 8, 1, 7, 9, 0, 2, 0, 8, 6, 7],