{"val_acc": [0.1259600614439324, 0.1889400921658986, 0.2196620583717358, 0.2457757296466974, 0.30721966205837176, 0.3778801843317972, 0.402457757296467, 0.4377880184331797, 0.46543778801843316, 0.4930875576036866], "val_loss": [2.3553015015607963, 2.3086466116407895, 2.2666739583746787, 2.2185515004433007, 2.1709755066713674, 2.1031681277269234, 2.0406983110802304, 1.9749294029423063, 1.9083336145599927, 1.8521473612522055], "train_loss": [2.381472232404579, 2.333907917337, 2.292363114458728, 2.2485916636690333, 2.200923891835901, 2.1472090072117003, 2.087376982999653, 2.0231860663175234, 1.9594400854859846, 1.886536799707223], "test_correct_in_batch": [1.0, 2.0, 1.0, 2.0, 3.0, 2.0, 1.0, 2.0, 4.0, 3.0, 3.0, 2.0, 1.0, 3.0, 4.0, 3.0, 2.0, 2.0, 2.0, 2.0, 1.0, 2.0, 2.0, 2.0, 1.0, 3.0, 3.0, 2.0, 4.0, 2.0, 0.0, 3.0, 1.0, 4.0, 2.0, 4.0, 2.0, 1.0, 2.0, 3.0, 2.0, 1.0, 2.0, 3.0, 1.0, 3.0, 2.0, 2.0, 2.0, 3.0, 3.0, 1.0, 1.0, 0.0, 1.0, 3.0, 3.0, 4.0, 2.0, 3.0, 2.0, 3.0, 1.0, 3.0, 2.0, 2.0, 2.0, 3.0, 2.0, 3.0, 0.0, 1.0, 1.0, 1.0, 1.0, 1.0, 1.0, 3.0, 1.0, 1.0, 2.0, 2.0, 1.0, 1.0, 1.0, 2.0, 1.0, 2.0, 1.0, 1.0, 2.0, 2.0, 0.0, 4.0, 2.0, 2.0, 2.0, 2.0, 2.0, 4.0, 0.0, 4.0, 3.0, 3.0, 2.0, 1.0, 2.0, 1.0, 2.0, 2.0, 3.0, 2.0, 3.0, 3.0, 2.0, 2.0, 1.0, 1.0, 1.0, 0.0, 3.0, 2.0, 2.0, 1.0, 4.0, 2.0, 2.0, 4.0, 2.0, 1.0, 2.0, 2.0, 3.0, 0.0, 0.0, 2.0, 3.0, 2.0, 1.0, 1.0, 2.0, 2.0, 0.0, 2.0, 3.0, 3.0, 2.0, 2.0, 1.0, 3.0, 0.0, 1.0, 2.0, 2.0, 1.0, 2.0, 3.0, 2.0, 2.0, 1.0, 3.0, 0.0, 2.0], "test_losses": [1.9652326107025146, 2.1170692443847656, 1.9667489528656006, 1.757738709449768, 1.712775468826294, 1.8854793310165405, 2.121333599090576, 1.931755542755127, 1.6476702690124512, 1.5770756006240845, 1.7429296970367432, 1.8885002136230469, 2.1822352409362793, 1.6098542213439941, 1.7019426822662354, 2.0368049144744873, 1.8925830125808716, 1.9507319927215576, 1.9970552921295166, 2.1405725479125977, 1.91647469997406, 1.8223272562026978, 2.0538525581359863, 1.8946244716644287, 2.089425563812256, 1.4993541240692139, 1.721484899520874, 2.065883159637451, 1.5878019332885742, 1.7425647974014282, 2.4166040420532227, 1.6655457019805908, 1.8478790521621704, 1.5665788650512695, 1.8577014207839966, 1.555600643157959, 1.797957420349121, 1.903005599975586, 1.847448706626892, 1.6803438663482666, 2.000211238861084, 1.771155595779419, 1.9098169803619385, 1.8638427257537842, 1.8510024547576904, 1.4150625467300415, 1.8902637958526611, 1.908326268196106, 1.8992822170257568, 1.8183910846710205, 1.7836591005325317, 2.015612840652466, 2.0320253372192383, 2.1707093715667725, 1.9916212558746338, 1.7792351245880127, 1.6207116842269897, 1.5840411186218262, 1.7290558815002441, 1.565578579902649, 1.5476151704788208, 1.7491968870162964, 1.8587868213653564, 1.5818816423416138, 1.8122968673706055, 1.8307667970657349, 1.8053752183914185, 1.8499622344970703, 1.877766728401184, 2.1136040687561035, 2.3620409965515137, 2.0847153663635254, 1.8351435661315918, 1.928863525390625, 1.967803716659546, 1.964461326599121, 1.9983258247375488, 1.7234325408935547, 2.1255383491516113, 1.7231611013412476, 1.8038748502731323, 1.9150534868240356, 1.8519721031188965, 2.028470039367676, 2.0627593994140625, 1.6493700742721558, 1.859013319015503, 1.5724432468414307, 1.7014052867889404, 2.3036813735961914, 1.835408329963684, 1.9997293949127197, 2.0696890354156494, 1.6805267333984375, 1.6232402324676514, 1.8749198913574219, 1.8639930486679077, 2.2808992862701416, 1.6938055753707886, 1.6596920490264893, 2.176464557647705, 1.5189580917358398, 1.9127882719039917, 1.754220724105835, 1.671873927116394, 2.09224796295166, 1.8445861339569092, 1.9025342464447021, 1.918158769607544, 1.7518417835235596, 1.6597119569778442, 1.6324152946472168, 1.7973321676254272, 1.6961661577224731, 1.9563465118408203, 1.843665599822998, 1.9483492374420166, 1.9259085655212402, 2.0719199180603027, 2.2303764820098877, 1.6588108539581299, 1.8806320428848267, 1.8510422706604004, 1.8470677137374878, 1.60643470287323, 1.747317910194397, 1.9727222919464111, 1.6449875831604004, 2.1149120330810547, 1.8000271320343018, 1.6749616861343384, 1.681556224822998, 1.8676223754882812, 2.132272243499756, 2.0995020866394043, 1.996302843093872, 1.8129098415374756, 1.9251470565795898, 2.3180508613586426, 2.1791019439697266, 1.9163968563079834, 2.1202852725982666, 2.2395336627960205, 1.9061028957366943, 1.8289613723754883, 1.8025541305541992, 1.9461084604263306, 1.9407787322998047, 2.041351079940796, 1.6727166175842285, 2.080836296081543, 1.9797168970108032, 1.7305717468261719, 1.7999160289764404, 1.9378695487976074, 1.8967312574386597, 1.6642804145812988, 1.8487697839736938, 1.7473368644714355, 1.9410839080810547, 1.6991454362869263, 2.028500556945801, 1.8368563652038574], "test_loss": 1.8696471833012587, "test_batch_lens": [4, 4, 4, 4, 4, 4, 4, 4, 4, 4, 4, 4, 4, 4, 4, 4, 4, 4, 4, 4, 4, 4, 4, 4, 4, 4, 4, 4, 4, 4, 4, 4, 4, 4, 4, 4, 4, 4, 4, 4, 4, 4, 4, 4, 4, 4, 4, 4, 4, 4, 4, 4, 4, 4, 4, 4, 4, 4, 4, 4, 4, 4, 4, 4, 4, 4, 4, 4, 4, 4, 4, 4, 4, 4, 4, 4, 4, 4, 4, 4, 4, 4, 4, 4, 4, 4, 4, 4, 4, 4, 4, 4, 4, 4, 4, 4, 4, 4, 4, 4, 4, 4, 4, 4, 4, 4, 4, 4, 4, 4, 4, 4, 4, 4, 4, 4, 4, 4, 4, 4, 4, 4, 4, 4, 4, 4, 4, 4, 4, 4, 4, 4, 4, 4, 4, 4, 4, 4, 4, 4, 4, 4, 4, 4, 4, 4, 4, 4, 4, 4, 4, 4, 4, 4, 4, 4, 4, 4, 4, 4, 4, 4, 3], "test_accuracy": 0.49001536098310294, "predictions": [7, 9, 3, 3, 7, 1, 10, 3, 3, 0, 9, 7, 3, 9, 3, 6, 9, 6, 9, 9, 6, 10, 3, 4, 6, 7, 7, 3, 6, 6, 2, 5, 1, 9, 6, 3, 10, 5, 5, 3, 10, 3, 9, 10, 7, 6, 9, 3, 3, 6, 0, 9, 3, 9, 6, 1, 1, 9, 1, 10, 10, 6, 7, 6, 5, 10, 10, 5, 6, 0, 3, 1, 10, 3, 1, 0, 6, 3, 9, 1, 1, 1, 1, 3, 5, 3, 1, 3, 3, 0, 9, 10, 10, 7, 0, 3, 3, 3, 5, 7, 5, 3, 10, 6, 10, 6, 3, 9, 10, 9, 7, 7, 0, 3, 7, 6, 0, 10, 0, 3, 9, 10, 3, 0, 5, 3, 7, 9, 3, 7, 9, 3, 10, 10, 7, 9, 7, 3, 9, 0, 10, 3, 3, 9, 9, 7, 9, 7, 10, 10, 6, 9, 10, 0, 3, 0, 10, 5, 9, 7, 7, 9, 10, 9, 10, 5, 10, 3, 3, 0, 9, 3, 10, 7, 6, 6, 3, 0, 1, 6, 6, 3, 3, 3, 9, 3, 9, 10, 3, 2, 3, 1, 3, 9, 9, 3, 3, 3, 5, 9, 9, 1, 6, 1, 9, 3, 9, 10, 5, 9, 3, 3, 3, 7, 7, 0, 6, 10, 1, 9, 7, 3, 0, 5, 7, 0, 3, 7, 1, 0, 1, 6, 3, 7, 9, 6, 10, 9, 3, 10, 9, 9, 0, 3, 1, 7, 6, 5, 10, 7, 10, 3, 1, 6, 3, 10, 1, 7, 5, 3, 3, 3, 7, 0, 5, 0, 3, 1, 3, 7, 3, 10, 3, 5, 3, 6, 7, 7, 9, 7, 3, 1, 3, 0, 3, 9, 9, 5, 7, 3, 6, 3, 3, 6, 3, 3, 5, 7, 0, 10, 9, 10, 0, 10, 6, 3, 10, 6, 10, 1, 9, 6, 9, 10, 7, 0, 3, 9, 9, 0, 10, 1, 7, 9, 1, 7, 6, 5, 10, 9, 9, 5, 0, 0, 7, 7, 6, 3, 7, 6, 5, 3, 9, 10, 3, 3, 3, 7, 3, 6, 9, 10, 9, 9, 3, 3, 1, 3, 0, 9, 9, 7, 6, 10, 7, 9, 10, 5, 5, 9, 9, 5, 5, 0, 9, 10, 5, 3, 0, 7, 3, 3, 6, 2, 10, 4, 9, 9, 3, 9, 3, 9, 9, 9, 3, 0, 5, 6, 9, 9, 9, 9, 10, 0, 1, 10, 10, 5, 5, 7, 4, 3, 5, 10, 9, 9, 0, 3, 3, 1, 3, 5, 5, 3, 6, 0, 1, 7, 6, 9, 6, 3, 6, 0, 3, 6, 10, 3, 9, 10, 10, 9, 10, 6, 6, 5, 3, 7, 0, 2, 1, 9, 9, 3, 9, 9, 3, 0, 5, 7, 9, 10, 3, 10, 3, 6, 0, 5, 6, 9, 10, 3, 1, 3, 0, 6, 9, 0, 6, 3, 9, 9, 3, 7, 6, 9, 7, 3, 9, 3, 6, 9, 0, 7, 6, 9, 3, 0, 1, 3, 1, 6, 3, 9, 0, 3, 3, 3, 0, 1, 7, 10, 5, 10, 0, 5, 5, 9, 3, 3, 9, 5, 0, 9, 5, 9, 9, 3, 9, 7, 7, 6, 3, 10, 3, 0, 5, 6, 3, 6, 9, 1, 3, 5, 6, 0, 9, 7, 0, 4, 6, 9, 9, 10, 10, 3, 10, 3, 7, 0, 10, 7, 9, 0, 10, 3, 9, 0, 6, 10, 9, 3, 10, 10, 7, 7, 9, 6, 10, 6, 6, 7, 7, 9, 7, 9, 9, 9, 3, 0, 7, 5, 3, 9, 3, 4, 0, 7, 0, 0, 9, 9, 6, 9, 7, 6, 5, 6, 1, 5, 0, 3, 3, 7, 7, 1, 9, 9, 2, 10, 10, 9, 1, 3, 3, 9, 1, 9, 3, 10, 9, 3, 9, 9, 9, 3, 3, 3, 9, 0, 6, 6, 1, 7, 9, 3, 10, 2, 6, 6, 7],