{"val_acc": [0.890937019969278, 0.9170506912442397, 0.946236559139785, 0.9324116743471582, 0.9370199692780338, 0.9293394777265745, 0.9539170506912442, 0.9477726574500768, 0.9477726574500768, 0.9600614439324117], "val_loss": [0.38467166176854284, 0.27836713126854845, 0.19046648805089683, 0.23127688733936555, 0.2179534186307695, 0.2406145800430002, 0.16334853392064735, 0.16485324453733372, 0.1617309459021952, 0.16075078015403352], "train_loss": [0.9279545191853049, 0.2851502571024057, 0.19971032697034813, 0.1546077230855458, 0.12443999479780145, 0.10346724633112069, 0.09172767697575364, 0.07731069384450033, 0.07223908792654572, 0.06476294876030972], "test_correct_in_batch": [4.0, 4.0, 3.0, 4.0, 4.0, 4.0, 2.0, 2.0, 3.0, 4.0, 4.0, 4.0, 3.0, 4.0, 4.0, 3.0, 3.0, 4.0, 3.0, 4.0, 4.0, 4.0, 3.0, 4.0, 4.0, 4.0, 4.0, 3.0, 4.0, 4.0, 4.0, 4.0, 4.0, 4.0, 4.0, 4.0, 4.0, 4.0, 4.0, 4.0, 4.0, 4.0, 3.0, 4.0, 4.0, 4.0, 4.0, 4.0, 4.0, 3.0, 3.0, 2.0, 4.0, 4.0, 4.0, 4.0, 4.0, 4.0, 4.0, 3.0, 4.0, 4.0, 4.0, 4.0, 4.0, 4.0, 4.0, 3.0, 3.0, 3.0, 2.0, 4.0, 4.0, 3.0, 4.0, 4.0, 4.0, 4.0, 4.0, 4.0, 4.0, 4.0, 4.0, 4.0, 4.0, 3.0, 4.0, 4.0, 3.0, 3.0, 4.0, 4.0, 3.0, 4.0, 4.0, 4.0, 4.0, 2.0, 4.0, 4.0, 3.0, 4.0, 4.0, 3.0, 4.0, 4.0, 4.0, 4.0, 4.0, 4.0, 4.0, 4.0, 4.0, 4.0, 4.0, 4.0, 2.0, 4.0, 4.0, 4.0, 4.0, 3.0, 4.0, 4.0, 3.0, 4.0, 4.0, 4.0, 4.0, 4.0, 4.0, 4.0, 4.0, 4.0, 4.0, 4.0, 4.0, 4.0, 4.0, 4.0, 4.0, 4.0, 3.0, 4.0, 4.0, 2.0, 3.0, 4.0, 4.0, 4.0, 4.0, 4.0, 4.0, 4.0, 4.0, 4.0, 4.0, 3.0, 4.0, 4.0, 4.0, 4.0, 3.0], "test_losses": [0.0005106261814944446, 0.012434720993041992, 0.2914644777774811, 0.03518262878060341, 6.457816198235378e-05, 0.0009791373740881681, 1.6794028282165527, 1.8310827016830444, 0.6055410504341125, 0.00030755827901884913, 0.01542972307652235, 0.0004135696217417717, 0.37713000178337097, 0.0005297936731949449, 0.0008268066449090838, 1.9231855869293213, 0.7745645046234131, 0.07426665723323822, 1.9298410415649414, 0.0006353830685839057, 0.007193427532911301, 0.0032702526077628136, 0.7309018969535828, 0.005926777143031359, 0.0026395563036203384, 0.0008975389646366239, 0.00044433839502744377, 0.7135229706764221, 0.14060863852500916, 0.001017178874462843, 0.027275603264570236, 0.000888227776158601, 0.0010352840181440115, 0.00016420509200543165, 0.000611709663644433, 0.00030209749820642173, 0.0001824627979658544, 0.0002472700725775212, 0.0007210251642391086, 0.002779342932626605, 0.00032049164292402565, 0.0008921552216634154, 0.56819748878479, 0.00047366105718538165, 0.012707382440567017, 0.0010381473693996668, 0.018361108377575874, 0.006367410067468882, 0.003161053406074643, 1.7861367464065552, 0.8777720928192139, 3.9291467666625977, 0.0027328282594680786, 0.015386695973575115, 0.010640605352818966, 0.00021625043882522732, 0.000482216477394104, 0.0012144276406615973, 0.00021023061708547175, 0.3455502986907959, 0.0011423894902691245, 0.00244617136195302, 0.04111367464065552, 0.0003407397889532149, 0.0012822754215449095, 0.02042483165860176, 0.0013226419687271118, 1.9169740676879883, 1.0565993785858154, 0.7559192180633545, 0.8617538213729858, 0.0009038542048074305, 0.0004730441141873598, 0.37772396206855774, 0.0007736020488664508, 0.0015637505566701293, 0.00039330206345766783, 0.0008628205978311598, 0.002914795186370611, 0.011547794565558434, 0.0004906659596599638, 0.0033402596600353718, 0.0027403791900724173, 0.001449508941732347, 0.006043878383934498, 1.4761749505996704, 0.0014826343394815922, 0.01139918528497219, 0.22985614836215973, 0.6743574142456055, 0.00031971809221431613, 0.0013975318288430572, 2.13885760307312, 0.0002508496691007167, 0.002930684480816126, 0.003072603140026331, 0.025882074609398842, 2.3888700008392334, 0.018208002671599388, 0.0015755025669932365, 0.9257729053497314, 0.0011526757152751088, 0.00022912060376256704, 0.4911423325538635, 0.001071892213076353, 0.0014090471668168902, 0.003459524130448699, 0.0032107452861964703, 0.0006998169701546431, 0.00016171626339200884, 0.0001405347720719874, 0.0028134300373494625, 0.0012101329630240798, 0.001038474845699966, 0.0064339772798120975, 0.010503925383090973, 1.6628615856170654, 0.0006941899191588163, 0.02414807118475437, 0.01310739852488041, 0.0013278460828587413, 0.8799338340759277, 0.0680597797036171, 0.0005731065757572651, 1.3813592195510864, 0.0742039754986763, 0.0005950673366896808, 0.08863385021686554, 0.015338641591370106, 0.012047295458614826, 0.0006692933384329081, 0.005113726481795311, 0.001646805671043694, 0.0025473942514508963, 0.056587304919958115, 0.001001975266262889, 0.0001310577936237678, 0.0280387494713068, 0.0006550985854119062, 0.016359008848667145, 0.0008881057146936655, 0.014317519962787628, 0.34509867429733276, 0.0004142005927860737, 0.001189137576147914, 0.865978479385376, 1.2536252737045288, 0.002119328361004591, 0.003790508024394512, 0.00016979539941530675, 0.00735458405688405, 0.07157506793737411, 0.001175840268842876, 0.0057199373841285706, 0.005407310556620359, 0.0007093424792401493, 0.000704773236066103, 0.3952098786830902, 0.0012855425011366606, 0.0009631485445424914, 0.0007895039161667228, 0.001347569515928626, 9.043517638929188e-05], "test_loss": 0.2428626714983046, "test_batch_lens": [4, 4, 4, 4, 4, 4, 4, 4, 4, 4, 4, 4, 4, 4, 4, 4, 4, 4, 4, 4, 4, 4, 4, 4, 4, 4, 4, 4, 4, 4, 4, 4, 4, 4, 4, 4, 4, 4, 4, 4, 4, 4, 4, 4, 4, 4, 4, 4, 4, 4, 4, 4, 4, 4, 4, 4, 4, 4, 4, 4, 4, 4, 4, 4, 4, 4, 4, 4, 4, 4, 4, 4, 4, 4, 4, 4, 4, 4, 4, 4, 4, 4, 4, 4, 4, 4, 4, 4, 4, 4, 4, 4, 4, 4, 4, 4, 4, 4, 4, 4, 4, 4, 4, 4, 4, 4, 4, 4, 4, 4, 4, 4, 4, 4, 4, 4, 4, 4, 4, 4, 4, 4, 4, 4, 4, 4, 4, 4, 4, 4, 4, 4, 4, 4, 4, 4, 4, 4, 4, 4, 4, 4, 4, 4, 4, 4, 4, 4, 4, 4, 4, 4, 4, 4, 4, 4, 4, 4, 4, 4, 4, 4, 3], "test_accuracy": 0.9370199692780338, "predictions": [7, 4, 1, 10, 7, 1, 8, 8, 0, 3, 4, 7, 1, 9, 3, 0, 9, 6, 4, 9, 8, 10, 1, 4, 6, 3, 6, 6, 6, 8, 8, 0, 1, 8, 6, 3, 10, 5, 5, 0, 10, 3, 2, 10, 7, 8, 4, 3, 3, 8, 1, 4, 3, 4, 6, 1, 1, 9, 1, 10, 10, 6, 9, 6, 5, 0, 8, 5, 8, 1, 3, 1, 6, 3, 1, 8, 6, 8, 9, 2, 3, 1, 3, 1, 5, 5, 1, 8, 0, 5, 9, 10, 10, 7, 1, 5, 1, 8, 2, 7, 5, 1, 10, 6, 10, 8, 3, 9, 10, 4, 7, 6, 0, 3, 7, 6, 0, 8, 0, 0, 4, 8, 7, 6, 5, 1, 7, 9, 6, 7, 4, 0, 10, 10, 7, 9, 4, 1, 9, 0, 10, 3, 3, 9, 4, 7, 4, 7, 2, 10, 2, 4, 10, 10, 1, 0, 10, 5, 4, 7, 8, 9, 10, 4, 2, 3, 10, 5, 8, 0, 6, 0, 10, 7, 6, 8, 0, 8, 1, 2, 6, 3, 5, 3, 9, 3, 4, 8, 3, 2, 0, 2, 0, 9, 9, 8, 3, 3, 5, 9, 2, 1, 6, 1, 4, 5, 9, 8, 3, 9, 5, 6, 2, 5, 4, 5, 2, 10, 8, 4, 7, 3, 0, 6, 7, 0, 5, 7, 1, 0, 1, 6, 3, 7, 7, 2, 10, 9, 3, 10, 9, 4, 3, 3, 1, 7, 8, 5, 2, 4, 10, 1, 1, 2, 3, 10, 6, 9, 5, 3, 3, 10, 7, 1, 5, 1, 8, 1, 3, 7, 3, 10, 3, 5, 6, 2, 7, 7, 9, 7, 10, 8, 0, 10, 2, 4, 2, 5, 5, 3, 8, 0, 8, 6, 3, 1, 2, 7, 3, 2, 4, 10, 8, 6, 6, 0, 2, 7, 10, 1, 7, 6, 9, 2, 5, 2, 0, 9, 4, 3, 2, 6, 7, 9, 1, 8, 8, 5, 2, 9, 4, 1, 1, 8, 4, 7, 1, 2, 7, 2, 5, 0, 4, 10, 5, 0, 5, 7, 3, 6, 4, 6, 9, 9, 5, 1, 3, 3, 7, 7, 4, 4, 6, 10, 8, 9, 8, 5, 6, 9, 4, 0, 5, 0, 9, 10, 5, 0, 3, 7, 3, 1, 8, 2, 2, 4, 4, 9, 3, 7, 5, 6, 9, 4, 0, 0, 5, 6, 9, 9, 7, 7, 8, 9, 1, 10, 10, 5, 5, 7, 3, 3, 5, 10, 4, 7, 2, 3, 1, 1, 0, 5, 4, 1, 2, 0, 1, 8, 8, 4, 8, 3, 8, 0, 3, 2, 2, 3, 7, 10, 10, 4, 10, 6, 6, 5, 0, 9, 8, 2, 1, 9, 9, 5, 9, 9, 1, 3, 5, 7, 9, 10, 1, 8, 0, 6, 3, 1, 2, 4, 10, 1, 1, 2, 8, 2, 4, 8, 2, 5, 9, 9, 0, 7, 6, 9, 10, 0, 2, 8, 6, 9, 3, 7, 2, 4, 8, 0, 1, 3, 9, 6, 3, 4, 6, 3, 3, 5, 0, 1, 7, 10, 4, 10, 2, 5, 5, 7, 5, 1, 4, 5, 0, 4, 5, 4, 9, 5, 9, 7, 7, 2, 0, 2, 4, 3, 2, 9, 1, 8, 9, 1, 8, 8, 2, 0, 9, 7, 6, 9, 6, 9, 0, 10, 8, 8, 4, 1, 7, 3, 2, 7, 9, 6, 7, 8, 9, 0, 8, 2, 2, 5, 2, 10, 8, 7, 9, 6, 8, 6, 6, 9, 7, 4, 7, 1, 4, 9, 3, 3, 7, 4, 1, 7, 5, 4, 0, 7, 8, 0, 7, 4, 5, 5, 4, 8, 6, 6, 1, 5, 3, 0, 1, 4, 7, 1, 9, 4, 6, 6, 10, 7, 1, 0, 3, 9, 1, 4, 3, 10, 7, 6, 9, 9, 4, 0, 2, 3, 7, 8, 6, 8, 1, 7, 4, 0, 2, 0, 8, 6, 7],