{"val_acc": [0.15821812596006143, 0.17972350230414746, 0.2119815668202765, 0.28110599078341014, 0.30414746543778803, 0.3087557603686636, 0.3548387096774194, 0.36251920122887865, 0.40860215053763443, 0.4377880184331797], "val_loss": [2.2115525116949724, 2.141436129259917, 2.089115812003247, 1.9828330797651794, 1.8936524906772778, 1.923751872375699, 1.7299625129421796, 1.7106063018547246, 1.6264996601760022, 1.5551565020727964], "train_loss": [2.2961512694783486, 2.1841702927906486, 2.1118572935527027, 2.0352890812485556, 1.9625763151320808, 1.882949894857422, 1.8117370427627835, 1.7563329267267247, 1.7127593275281827, 1.6360374516005929], "test_correct_in_batch": [2.0, 1.0, 1.0, 2.0, 3.0, 1.0, 1.0, 1.0, 2.0, 3.0, 1.0, 3.0, 0.0, 2.0, 2.0, 1.0, 2.0, 0.0, 1.0, 1.0, 1.0, 2.0, 1.0, 4.0, 2.0, 3.0, 1.0, 3.0, 1.0, 1.0, 0.0, 2.0, 2.0, 2.0, 2.0, 2.0, 2.0, 2.0, 2.0, 2.0, 1.0, 2.0, 1.0, 2.0, 2.0, 3.0, 1.0, 3.0, 0.0, 1.0, 1.0, 0.0, 2.0, 2.0, 1.0, 3.0, 3.0, 2.0, 3.0, 1.0, 2.0, 3.0, 2.0, 3.0, 2.0, 2.0, 2.0, 1.0, 3.0, 3.0, 1.0, 1.0, 0.0, 1.0, 2.0, 3.0, 3.0, 4.0, 3.0, 0.0, 2.0, 0.0, 1.0, 1.0, 0.0, 3.0, 4.0, 2.0, 1.0, 1.0, 2.0, 2.0, 2.0, 2.0, 3.0, 2.0, 3.0, 2.0, 0.0, 4.0, 2.0, 2.0, 3.0, 2.0, 0.0, 0.0, 1.0, 0.0, 2.0, 3.0, 1.0, 0.0, 1.0, 1.0, 2.0, 3.0, 2.0, 4.0, 1.0, 2.0, 2.0, 2.0, 2.0, 3.0, 2.0, 1.0, 1.0, 1.0, 3.0, 2.0, 1.0, 3.0, 2.0, 1.0, 0.0, 1.0, 2.0, 3.0, 2.0, 2.0, 1.0, 0.0, 1.0, 3.0, 2.0, 2.0, 2.0, 2.0, 2.0, 3.0, 1.0, 1.0, 0.0, 1.0, 2.0, 4.0, 4.0, 1.0, 2.0, 1.0, 2.0, 3.0, 2.0], "test_losses": [0.801535964012146, 1.4148995876312256, 1.8181875944137573, 1.4245944023132324, 1.5146840810775757, 1.7454034090042114, 2.028806447982788, 1.6815742254257202, 1.4253618717193604, 1.1065555810928345, 1.6194026470184326, 1.239962100982666, 2.614739418029785, 1.321094036102295, 1.1422604322433472, 2.625810146331787, 1.4232121706008911, 1.791471004486084, 1.9929906129837036, 1.8774172067642212, 1.771547794342041, 1.5378450155258179, 2.282395839691162, 0.5507175922393799, 1.1957439184188843, 0.8152580261230469, 1.3071457147598267, 0.9954934120178223, 1.7255539894104004, 1.9034022092819214, 3.5600476264953613, 1.5731433629989624, 1.1287363767623901, 1.4261314868927002, 1.320641040802002, 1.2095367908477783, 1.730826497077942, 1.5347704887390137, 1.784773588180542, 1.222818374633789, 2.2147345542907715, 1.270390272140503, 1.9637677669525146, 1.4362618923187256, 1.5232102870941162, 1.6265772581100464, 1.6697840690612793, 0.9958027601242065, 2.166506290435791, 1.433615803718567, 1.7360079288482666, 2.9757351875305176, 1.8360241651535034, 1.555046558380127, 1.6074166297912598, 0.9381946921348572, 1.2848002910614014, 1.2059037685394287, 0.5214099287986755, 1.9030134677886963, 1.8990527391433716, 1.2556251287460327, 1.0252046585083008, 0.7529311180114746, 1.9357998371124268, 1.8194904327392578, 1.644573450088501, 1.7738584280014038, 1.6016169786453247, 1.2354038953781128, 2.342471122741699, 1.5153018236160278, 1.9992961883544922, 1.8081666231155396, 1.3115959167480469, 1.174583077430725, 1.094301462173462, 0.6296350955963135, 1.380927562713623, 2.3100216388702393, 2.1258580684661865, 3.5572757720947266, 1.7314138412475586, 1.7329659461975098, 1.8705321550369263, 1.1954727172851562, 0.784343421459198, 1.882819414138794, 1.7387464046478271, 2.378650188446045, 2.469344139099121, 1.632986068725586, 2.051900625228882, 1.0951635837554932, 0.879131019115448, 1.4501736164093018, 1.1756460666656494, 1.5184862613677979, 1.7315889596939087, 0.9033801555633545, 1.5746310949325562, 1.1625417470932007, 1.6981133222579956, 1.2068942785263062, 1.5087300539016724, 2.307234764099121, 1.4459638595581055, 2.2994203567504883, 1.5084201097488403, 0.872343897819519, 2.45013689994812, 1.8071746826171875, 1.2707127332687378, 1.5724129676818848, 1.6598306894302368, 0.9697840213775635, 2.069399118423462, 0.7064890265464783, 1.4376516342163086, 1.372220516204834, 1.5873827934265137, 1.7560837268829346, 1.71182382106781, 1.6049251556396484, 1.9359781742095947, 2.1744771003723145, 2.0392274856567383, 1.923884630203247, 0.9703417420387268, 1.2155671119689941, 1.8787872791290283, 0.9984502792358398, 1.648111343383789, 2.4505724906921387, 1.860750675201416, 1.8277091979980469, 1.3197331428527832, 0.9785881638526917, 1.4280970096588135, 1.2303804159164429, 1.8312253952026367, 2.432466745376587, 2.3617894649505615, 0.764257550239563, 1.7046109437942505, 1.4120407104492188, 1.2400715351104736, 1.6221381425857544, 1.4254683256149292, 0.9836080074310303, 1.2890080213546753, 1.9555089473724365, 2.174510955810547, 1.0154019594192505, 1.736717700958252, 0.7614543437957764, 0.986831784248352, 1.8541769981384277, 1.810870885848999, 1.885254144668579, 1.2346216440200806, 1.0186368227005005, 0.9579662680625916], "test_loss": 1.5789327979819174, "test_batch_lens": [4, 4, 4, 4, 4, 4, 4, 4, 4, 4, 4, 4, 4, 4, 4, 4, 4, 4, 4, 4, 4, 4, 4, 4, 4, 4, 4, 4, 4, 4, 4, 4, 4, 4, 4, 4, 4, 4, 4, 4, 4, 4, 4, 4, 4, 4, 4, 4, 4, 4, 4, 4, 4, 4, 4, 4, 4, 4, 4, 4, 4, 4, 4, 4, 4, 4, 4, 4, 4, 4, 4, 4, 4, 4, 4, 4, 4, 4, 4, 4, 4, 4, 4, 4, 4, 4, 4, 4, 4, 4, 4, 4, 4, 4, 4, 4, 4, 4, 4, 4, 4, 4, 4, 4, 4, 4, 4, 4, 4, 4, 4, 4, 4, 4, 4, 4, 4, 4, 4, 4, 4, 4, 4, 4, 4, 4, 4, 4, 4, 4, 4, 4, 4, 4, 4, 4, 4, 4, 4, 4, 4, 4, 4, 4, 4, 4, 4, 4, 4, 4, 4, 4, 4, 4, 4, 4, 4, 4, 4, 4, 4, 4, 3], "test_accuracy": 0.44393241167434716, "predictions": [7, 2, 0, 10, 7, 3, 10, 7, 1, 5, 5, 7, 3, 9, 3, 5, 9, 6, 4, 6, 7, 10, 5, 3, 3, 3, 9, 6, 6, 10, 6, 0, 3, 3, 6, 3, 10, 5, 5, 5, 10, 5, 9, 2, 7, 7, 4, 3, 9, 5, 2, 9, 3, 6, 6, 5, 0, 5, 1, 10, 7, 6, 5, 9, 5, 9, 7, 5, 3, 5, 6, 3, 9, 3, 0, 0, 6, 6, 6, 4, 5, 0, 3, 0, 5, 5, 0, 5, 0, 5, 5, 2, 10, 7, 1, 5, 0, 5, 2, 7, 5, 0, 10, 6, 10, 7, 0, 5, 10, 4, 7, 9, 1, 5, 7, 3, 0, 2, 5, 5, 5, 3, 9, 0, 5, 5, 10, 9, 2, 7, 4, 5, 10, 10, 9, 3, 4, 0, 9, 1, 10, 5, 5, 9, 3, 7, 9, 7, 4, 10, 5, 4, 10, 3, 3, 0, 4, 9, 4, 7, 2, 5, 10, 5, 4, 6, 10, 5, 3, 5, 9, 1, 10, 7, 4, 6, 5, 1, 1, 2, 6, 5, 5, 3, 5, 9, 4, 10, 3, 2, 0, 6, 5, 6, 7, 9, 0, 3, 9, 7, 5, 0, 6, 5, 9, 5, 0, 9, 5, 9, 5, 5, 6, 9, 4, 5, 9, 10, 0, 2, 7, 5, 0, 6, 7, 9, 5, 7, 0, 0, 3, 6, 3, 7, 7, 4, 10, 9, 0, 2, 9, 9, 0, 3, 1, 7, 3, 5, 2, 6, 10, 3, 1, 4, 3, 10, 9, 4, 5, 3, 0, 7, 7, 1, 5, 5, 5, 1, 10, 9, 9, 10, 3, 5, 5, 2, 7, 9, 9, 7, 9, 3, 5, 10, 4, 9, 6, 5, 9, 5, 9, 1, 6, 6, 5, 5, 6, 7, 3, 10, 4, 10, 1, 6, 2, 0, 2, 7, 10, 1, 7, 6, 9, 2, 5, 5, 7, 5, 9, 5, 4, 6, 4, 9, 7, 2, 7, 7, 10, 4, 4, 3, 3, 0, 10, 7, 3, 6, 9, 4, 5, 0, 5, 10, 5, 0, 5, 7, 3, 6, 5, 4, 9, 9, 1, 3, 0, 3, 9, 9, 5, 10, 6, 10, 10, 9, 6, 5, 9, 9, 4, 0, 5, 1, 5, 10, 5, 0, 0, 7, 3, 0, 5, 2, 6, 4, 4, 9, 3, 7, 5, 4, 7, 2, 3, 7, 5, 6, 9, 9, 10, 7, 3, 9, 3, 10, 4, 5, 5, 7, 9, 3, 0, 10, 4, 7, 4, 1, 3, 5, 3, 9, 9, 9, 6, 0, 3, 7, 7, 9, 7, 6, 7, 5, 3, 2, 2, 3, 9, 10, 7, 0, 10, 5, 4, 9, 3, 2, 7, 4, 0, 9, 5, 9, 5, 9, 9, 3, 7, 7, 9, 10, 1, 10, 1, 6, 0, 4, 2, 4, 10, 1, 3, 6, 7, 2, 2, 9, 2, 5, 9, 1, 5, 7, 6, 9, 5, 5, 9, 5, 6, 9, 3, 4, 2, 4, 9, 0, 5, 3, 3, 6, 0, 9, 9, 1, 5, 5, 3, 7, 7, 2, 4, 10, 9, 5, 5, 7, 9, 5, 9, 5, 9, 2, 5, 4, 4, 5, 5, 7, 5, 2, 9, 2, 5, 5, 6, 7, 0, 3, 9, 3, 5, 9, 4, 0, 5, 7, 6, 9, 6, 5, 0, 10, 4, 5, 6, 0, 7, 3, 6, 9, 9, 2, 4, 3, 5, 9, 7, 2, 9, 6, 2, 10, 2, 7, 5, 6, 4, 6, 6, 5, 7, 5, 7, 9, 2, 9, 5, 3, 7, 9, 5, 7, 5, 9, 0, 7, 3, 0, 7, 9, 6, 9, 2, 6, 4, 6, 0, 9, 0, 5, 3, 2, 7, 0, 9, 9, 9, 6, 10, 7, 1, 0, 3, 9, 1, 4, 5, 2, 7, 3, 9, 9, 9, 5, 6, 0, 7, 6, 6, 7, 5, 7, 9, 0, 2, 0, 3, 6, 7],