{"val_acc": [0.5775729646697388, 0.6682027649769585, 0.6943164362519201, 0.7480798771121352, 0.7818740399385561, 0.7403993855606759, 0.7788018433179723, 0.7788018433179723, 0.8033794162826421, 0.7987711213517665], "val_loss": [1.1824983893179455, 0.9381188667990679, 0.8425337261537467, 0.7351991080341895, 0.706791118244452, 0.7781862277149058, 0.6536034334428106, 0.5988319527723489, 0.583022528336572, 0.5827676659461363], "train_loss": [1.5568042265876576, 1.0759294959592312, 0.8828273536717206, 0.7697423364508296, 0.708264572638913, 0.6726982073418234, 0.6300520655332236, 0.6150377432403131, 0.5950704420551252, 0.5837342635096875], "test_correct_in_batch": [4.0, 4.0, 2.0, 1.0, 4.0, 3.0, 2.0, 3.0, 3.0, 4.0, 4.0, 4.0, 2.0, 4.0, 4.0, 3.0, 3.0, 2.0, 0.0, 3.0, 3.0, 3.0, 3.0, 3.0, 2.0, 3.0, 4.0, 3.0, 3.0, 3.0, 2.0, 4.0, 4.0, 4.0, 3.0, 3.0, 4.0, 4.0, 4.0, 4.0, 3.0, 4.0, 3.0, 4.0, 3.0, 4.0, 3.0, 2.0, 4.0, 3.0, 3.0, 1.0, 4.0, 3.0, 2.0, 4.0, 4.0, 4.0, 3.0, 3.0, 4.0, 4.0, 4.0, 4.0, 2.0, 3.0, 3.0, 3.0, 4.0, 3.0, 1.0, 4.0, 3.0, 3.0, 4.0, 4.0, 4.0, 3.0, 4.0, 4.0, 3.0, 4.0, 4.0, 3.0, 2.0, 2.0, 4.0, 3.0, 4.0, 2.0, 4.0, 3.0, 1.0, 3.0, 4.0, 2.0, 4.0, 2.0, 2.0, 4.0, 1.0, 4.0, 3.0, 3.0, 3.0, 3.0, 3.0, 3.0, 4.0, 4.0, 4.0, 3.0, 4.0, 4.0, 4.0, 3.0, 2.0, 4.0, 4.0, 3.0, 4.0, 3.0, 4.0, 4.0, 3.0, 3.0, 3.0, 3.0, 4.0, 2.0, 3.0, 4.0, 3.0, 2.0, 3.0, 2.0, 4.0, 4.0, 3.0, 3.0, 4.0, 2.0, 3.0, 4.0, 3.0, 4.0, 3.0, 1.0, 3.0, 4.0, 4.0, 3.0, 4.0, 4.0, 3.0, 4.0, 4.0, 2.0, 3.0, 2.0, 4.0, 3.0, 3.0], "test_losses": [0.030743928626179695, 0.21802431344985962, 1.1108057498931885, 1.4707252979278564, 0.10618286579847336, 0.42843273282051086, 1.0683059692382812, 0.887265682220459, 0.7585724592208862, 0.059841033071279526, 0.05077505484223366, 0.14699795842170715, 2.3509061336517334, 0.30718284845352173, 0.08660037070512772, 0.7984572649002075, 0.7269721627235413, 1.3037890195846558, 1.8995985984802246, 0.6143660545349121, 0.7975670099258423, 0.40880903601646423, 0.8611960411071777, 0.5886176228523254, 1.1374924182891846, 0.5714603662490845, 0.4256894588470459, 0.6724703311920166, 1.0515645742416382, 0.31693750619888306, 1.8075437545776367, 0.1467808037996292, 0.12541761994361877, 0.19606781005859375, 0.4063287079334259, 0.48325115442276, 0.12211205065250397, 0.025393476709723473, 0.2165360003709793, 0.045266132801771164, 0.7466790080070496, 0.16828404366970062, 1.0840067863464355, 0.03518178313970566, 0.608839750289917, 0.0679749995470047, 0.6900678873062134, 1.3099348545074463, 0.4298272132873535, 0.9010873436927795, 1.2411959171295166, 1.6686757802963257, 0.4241088330745697, 1.3101215362548828, 1.054839015007019, 0.03313634544610977, 0.2445695996284485, 0.14841970801353455, 0.633033812046051, 0.66331946849823, 0.48769503831863403, 0.21965834498405457, 0.30461713671684265, 0.053179189562797546, 1.086823582649231, 0.6330612897872925, 1.131027340888977, 0.5799342393875122, 0.582080602645874, 0.7395291328430176, 1.760965347290039, 0.17820222675800323, 0.46671438217163086, 0.7014003396034241, 0.22609663009643555, 0.09704983234405518, 0.3429182171821594, 0.3614172339439392, 0.252593070268631, 0.25433748960494995, 0.40919405221939087, 0.32869553565979004, 0.1903626173734665, 1.0135719776153564, 1.335546851158142, 1.22310209274292, 0.2178698629140854, 0.4032718241214752, 0.07348740100860596, 1.3182964324951172, 0.17423446476459503, 0.6398270130157471, 1.7396670579910278, 0.4903021454811096, 0.23676623404026031, 1.424222707748413, 0.2052539438009262, 1.7592897415161133, 1.3420294523239136, 0.04948420077562332, 2.307088851928711, 0.16199125349521637, 0.5651090145111084, 0.8196759819984436, 0.9154435396194458, 0.48589324951171875, 1.0839426517486572, 1.4237329959869385, 0.3890131413936615, 0.1692727655172348, 0.11479069292545319, 0.7167351245880127, 0.29575368762016296, 0.07748677581548691, 0.3692227005958557, 0.29337286949157715, 1.5171400308609009, 0.10888752341270447, 0.0656004399061203, 0.6756949424743652, 0.211771160364151, 0.7255464196205139, 0.4400499761104584, 0.1675863415002823, 0.618559718132019, 0.8756113052368164, 0.7135167717933655, 1.0507146120071411, 0.15225519239902496, 0.5052567720413208, 0.9717976450920105, 0.023687727749347687, 0.3667116165161133, 1.6041338443756104, 1.2593284845352173, 1.384796380996704, 0.033104099333286285, 0.17022442817687988, 0.7030593156814575, 0.8735242486000061, 0.17401060461997986, 1.199872612953186, 0.7404384016990662, 0.07095761597156525, 0.6552537083625793, 0.634456992149353, 0.8239791989326477, 1.4267079830169678, 0.4786281883716583, 0.3052889108657837, 0.26586100459098816, 0.502524733543396, 0.1038016825914383, 0.17639786005020142, 0.9579461812973022, 0.18373532593250275, 0.08583372831344604, 0.8722573518753052, 0.43019068241119385, 0.8673852682113647, 0.01340561080724001, 1.3533596992492676, 0.14093904197216034], "test_loss": 0.6208493497988289, "test_batch_lens": [4, 4, 4, 4, 4, 4, 4, 4, 4, 4, 4, 4, 4, 4, 4, 4, 4, 4, 4, 4, 4, 4, 4, 4, 4, 4, 4, 4, 4, 4, 4, 4, 4, 4, 4, 4, 4, 4, 4, 4, 4, 4, 4, 4, 4, 4, 4, 4, 4, 4, 4, 4, 4, 4, 4, 4, 4, 4, 4, 4, 4, 4, 4, 4, 4, 4, 4, 4, 4, 4, 4, 4, 4, 4, 4, 4, 4, 4, 4, 4, 4, 4, 4, 4, 4, 4, 4, 4, 4, 4, 4, 4, 4, 4, 4, 4, 4, 4, 4, 4, 4, 4, 4, 4, 4, 4, 4, 4, 4, 4, 4, 4, 4, 4, 4, 4, 4, 4, 4, 4, 4, 4, 4, 4, 4, 4, 4, 4, 4, 4, 4, 4, 4, 4, 4, 4, 4, 4, 4, 4, 4, 4, 4, 4, 4, 4, 4, 4, 4, 4, 4, 4, 4, 4, 4, 4, 4, 4, 4, 4, 4, 4, 3], "test_accuracy": 0.8003072196620584, "predictions": [7, 4, 1, 10, 7, 1, 8, 8, 1, 3, 4, 7, 9, 9, 8, 8, 9, 6, 4, 9, 8, 10, 0, 4, 8, 8, 5, 6, 2, 8, 2, 1, 1, 6, 6, 3, 10, 5, 5, 0, 10, 3, 2, 10, 7, 8, 4, 3, 8, 8, 8, 4, 3, 4, 6, 1, 1, 9, 1, 10, 10, 6, 4, 6, 5, 9, 8, 5, 8, 10, 0, 1, 8, 1, 5, 6, 6, 2, 9, 2, 1, 1, 3, 1, 5, 5, 1, 2, 8, 4, 9, 10, 10, 7, 0, 5, 9, 6, 2, 7, 5, 0, 10, 6, 10, 8, 3, 9, 10, 4, 7, 4, 0, 3, 7, 8, 0, 10, 0, 0, 4, 8, 5, 10, 5, 1, 7, 9, 6, 7, 4, 0, 10, 10, 7, 9, 4, 1, 9, 1, 10, 3, 1, 9, 4, 7, 4, 7, 2, 10, 2, 4, 10, 10, 1, 0, 10, 5, 4, 7, 4, 9, 10, 4, 2, 3, 10, 5, 5, 0, 9, 0, 10, 7, 6, 8, 0, 8, 1, 10, 6, 3, 5, 3, 4, 3, 4, 8, 3, 2, 8, 6, 0, 9, 9, 8, 1, 8, 5, 9, 9, 1, 6, 1, 4, 1, 9, 5, 3, 9, 5, 6, 5, 5, 4, 5, 10, 10, 5, 4, 7, 3, 0, 6, 7, 0, 5, 7, 1, 0, 1, 6, 1, 7, 7, 2, 10, 9, 3, 10, 9, 4, 3, 3, 1, 7, 8, 5, 2, 4, 10, 1, 1, 2, 3, 10, 10, 4, 5, 3, 3, 10, 7, 0, 5, 1, 8, 7, 3, 7, 3, 10, 3, 5, 2, 2, 7, 4, 9, 7, 8, 1, 5, 10, 2, 4, 2, 5, 5, 3, 5, 0, 6, 6, 0, 1, 2, 7, 3, 2, 4, 10, 8, 6, 6, 0, 2, 7, 10, 1, 8, 6, 9, 2, 5, 2, 0, 9, 4, 3, 2, 6, 7, 7, 1, 8, 8, 5, 2, 9, 4, 1, 3, 8, 4, 7, 1, 8, 9, 2, 5, 1, 9, 10, 5, 0, 5, 7, 3, 6, 9, 6, 4, 9, 5, 1, 0, 3, 9, 7, 4, 4, 6, 10, 8, 9, 10, 5, 2, 9, 4, 4, 5, 0, 1, 10, 5, 0, 3, 7, 3, 8, 8, 4, 2, 4, 4, 9, 3, 7, 8, 4, 7, 4, 8, 0, 5, 6, 9, 9, 7, 9, 8, 1, 1, 10, 10, 5, 5, 1, 3, 3, 5, 10, 2, 7, 2, 3, 1, 9, 0, 5, 4, 0, 2, 0, 1, 7, 8, 4, 7, 3, 8, 0, 3, 2, 2, 3, 7, 10, 10, 4, 10, 6, 6, 5, 0, 8, 8, 2, 1, 9, 9, 5, 9, 9, 1, 3, 5, 7, 4, 10, 1, 8, 0, 6, 3, 9, 2, 4, 10, 1, 1, 2, 8, 2, 4, 8, 2, 8, 9, 9, 0, 7, 6, 9, 4, 0, 2, 8, 6, 9, 3, 7, 2, 4, 2, 0, 1, 3, 1, 6, 3, 4, 6, 3, 1, 5, 0, 7, 7, 10, 4, 10, 2, 5, 5, 7, 4, 3, 4, 5, 8, 4, 5, 4, 9, 5, 9, 7, 8, 2, 0, 2, 5, 8, 2, 6, 1, 8, 9, 1, 6, 0, 2, 0, 9, 7, 6, 9, 6, 9, 0, 10, 8, 9, 2, 1, 7, 3, 2, 7, 9, 6, 8, 2, 9, 0, 8, 2, 7, 5, 2, 10, 8, 7, 9, 6, 10, 6, 6, 4, 7, 9, 7, 1, 4, 9, 10, 8, 7, 5, 1, 7, 5, 2, 0, 7, 8, 0, 7, 4, 5, 5, 4, 8, 8, 6, 1, 5, 3, 0, 1, 4, 7, 1, 9, 5, 6, 6, 10, 7, 1, 0, 3, 9, 1, 4, 2, 8, 7, 8, 9, 4, 4, 0, 6, 3, 9, 8, 6, 8, 1, 7, 4, 9, 2, 0, 8, 6, 7],