{"val_acc": [0.47772657450076805, 0.6543778801843319, 0.7788018433179723, 0.8571428571428571, 0.8940092165898618, 0.9185867895545314, 0.9262672811059908, 0.9201228878648233, 0.9431643625192012, 0.946236559139785], "val_loss": [1.9392791789002213, 1.4626251828451098, 0.9730384529002605, 0.6580958745779435, 0.46570367411784597, 0.3780677739553656, 0.311453084272841, 0.28592796679700444, 0.22992691235399684, 0.21278391667053195], "train_loss": [2.211298512896101, 1.7214409284123855, 1.198736715190569, 0.8029578075412597, 0.5630330770921202, 0.4193914873862384, 0.33096213041122385, 0.2701325422682438, 0.22253901726988187, 0.18506446680698632], "test_correct_in_batch": [4.0, 4.0, 3.0, 3.0, 4.0, 4.0, 4.0, 4.0, 4.0, 4.0, 4.0, 4.0, 3.0, 4.0, 4.0, 3.0, 3.0, 4.0, 3.0, 4.0, 3.0, 4.0, 3.0, 4.0, 4.0, 4.0, 4.0, 3.0, 3.0, 4.0, 2.0, 4.0, 4.0, 4.0, 4.0, 4.0, 4.0, 4.0, 4.0, 4.0, 4.0, 4.0, 4.0, 4.0, 4.0, 4.0, 4.0, 4.0, 3.0, 2.0, 3.0, 2.0, 4.0, 4.0, 4.0, 4.0, 4.0, 4.0, 4.0, 3.0, 4.0, 4.0, 3.0, 4.0, 4.0, 4.0, 4.0, 3.0, 3.0, 3.0, 3.0, 4.0, 4.0, 4.0, 4.0, 3.0, 4.0, 4.0, 3.0, 4.0, 3.0, 4.0, 4.0, 4.0, 4.0, 3.0, 4.0, 4.0, 4.0, 2.0, 4.0, 4.0, 1.0, 4.0, 4.0, 4.0, 4.0, 3.0, 4.0, 4.0, 3.0, 4.0, 4.0, 3.0, 4.0, 4.0, 4.0, 4.0, 4.0, 4.0, 4.0, 4.0, 4.0, 4.0, 4.0, 4.0, 3.0, 4.0, 4.0, 3.0, 4.0, 3.0, 4.0, 4.0, 3.0, 3.0, 4.0, 4.0, 3.0, 4.0, 4.0, 4.0, 4.0, 3.0, 4.0, 4.0, 4.0, 4.0, 4.0, 2.0, 4.0, 4.0, 4.0, 4.0, 4.0, 4.0, 3.0, 4.0, 3.0, 4.0, 4.0, 3.0, 4.0, 4.0, 3.0, 4.0, 4.0, 4.0, 4.0, 4.0, 4.0, 4.0, 3.0], "test_losses": [0.030317548662424088, 0.18514341115951538, 0.534205436706543, 0.8503921031951904, 0.05112478882074356, 0.029436685144901276, 0.4563736319541931, 0.30311277508735657, 0.308523029088974, 0.056784987449645996, 0.06078194081783295, 0.0710579976439476, 0.5675548315048218, 0.16849114000797272, 0.03329611197113991, 1.1306880712509155, 0.5667438507080078, 0.08685769885778427, 0.7821319699287415, 0.09221519529819489, 0.5368701219558716, 0.06119418516755104, 0.50248783826828, 0.03398194909095764, 0.09996247291564941, 0.03524191677570343, 0.08474032580852509, 0.6750080585479736, 0.3716698884963989, 0.07991063594818115, 1.2387241125106812, 0.11123345047235489, 0.06429418176412582, 0.015332981944084167, 0.25766828656196594, 0.041211314499378204, 0.03044123388826847, 0.05882011726498604, 0.0649772509932518, 0.1373843103647232, 0.19005708396434784, 0.03191414475440979, 0.5129104852676392, 0.06660227477550507, 0.07547193765640259, 0.0623059943318367, 0.11247029155492783, 0.17107519507408142, 0.39766550064086914, 0.8123036623001099, 0.4606063663959503, 1.9712772369384766, 0.08294454216957092, 0.21413402259349823, 0.09864047914743423, 0.0402243547141552, 0.02630852349102497, 0.03359997272491455, 0.06373004615306854, 0.413225919008255, 0.07931800186634064, 0.057591237127780914, 0.3012476861476898, 0.03527781739830971, 0.13380107283592224, 0.09878762811422348, 0.04274696484208107, 0.9331548810005188, 1.0638513565063477, 0.6823095679283142, 1.0475140810012817, 0.045710258185863495, 0.06382670998573303, 0.23602133989334106, 0.09408792108297348, 0.4282994270324707, 0.17304901778697968, 0.03107394091784954, 0.27908170223236084, 0.10294309258460999, 0.5753409266471863, 0.2970764935016632, 0.04242250323295593, 0.03949935734272003, 0.20548167824745178, 0.6691219210624695, 0.09637540578842163, 0.2408459633588791, 0.1266198754310608, 1.108896255493164, 0.1862313449382782, 0.19729231297969818, 2.148676872253418, 0.03667464107275009, 0.04552936553955078, 0.09443970024585724, 0.05693609267473221, 1.558606505393982, 0.1649600863456726, 0.028650131076574326, 0.7891619801521301, 0.02126830816268921, 0.10821496695280075, 0.5997170805931091, 0.06097644940018654, 0.11881963908672333, 0.044868774712085724, 0.10870533436536789, 0.1290343999862671, 0.0447322316467762, 0.1526477038860321, 0.11584602296352386, 0.03916948661208153, 0.06832411885261536, 0.08701304346323013, 0.13083472847938538, 0.7192507386207581, 0.0316014289855957, 0.16835911571979523, 0.7296103239059448, 0.035632818937301636, 0.7926938533782959, 0.17544184625148773, 0.1542365849018097, 0.8458870649337769, 0.5298521518707275, 0.21322354674339294, 0.05748346820473671, 0.4394170939922333, 0.1033632755279541, 0.034915193915367126, 0.05260996147990227, 0.034598760306835175, 0.4272276759147644, 0.215126633644104, 0.1457628309726715, 0.025753339752554893, 0.07319463789463043, 0.16569678485393524, 0.8677141666412354, 0.03970325365662575, 0.2584116458892822, 0.2637764811515808, 0.10980131477117538, 0.05598348006606102, 0.6450167298316956, 0.666530966758728, 0.23231032490730286, 0.8280503153800964, 0.041263043880462646, 0.1718638390302658, 0.24143318831920624, 0.04582574591040611, 0.05709857493638992, 0.5167683362960815, 0.04560629278421402, 0.04675097018480301, 0.2528991103172302, 0.14425304532051086, 0.06714550405740738, 0.03490739315748215, 0.043519116938114166, 0.08080635219812393], "test_loss": 0.27669288099177775, "test_batch_lens": [4, 4, 4, 4, 4, 4, 4, 4, 4, 4, 4, 4, 4, 4, 4, 4, 4, 4, 4, 4, 4, 4, 4, 4, 4, 4, 4, 4, 4, 4, 4, 4, 4, 4, 4, 4, 4, 4, 4, 4, 4, 4, 4, 4, 4, 4, 4, 4, 4, 4, 4, 4, 4, 4, 4, 4, 4, 4, 4, 4, 4, 4, 4, 4, 4, 4, 4, 4, 4, 4, 4, 4, 4, 4, 4, 4, 4, 4, 4, 4, 4, 4, 4, 4, 4, 4, 4, 4, 4, 4, 4, 4, 4, 4, 4, 4, 4, 4, 4, 4, 4, 4, 4, 4, 4, 4, 4, 4, 4, 4, 4, 4, 4, 4, 4, 4, 4, 4, 4, 4, 4, 4, 4, 4, 4, 4, 4, 4, 4, 4, 4, 4, 4, 4, 4, 4, 4, 4, 4, 4, 4, 4, 4, 4, 4, 4, 4, 4, 4, 4, 4, 4, 4, 4, 4, 4, 4, 4, 4, 4, 4, 4, 3], "test_accuracy": 0.9247311827956989, "predictions": [7, 4, 1, 10, 7, 1, 8, 8, 0, 3, 4, 7, 1, 9, 8, 0, 9, 6, 4, 9, 8, 10, 1, 4, 6, 8, 8, 6, 6, 8, 2, 1, 1, 9, 6, 3, 10, 5, 5, 0, 10, 3, 2, 10, 7, 8, 4, 3, 3, 8, 8, 4, 3, 4, 6, 1, 1, 9, 1, 10, 10, 6, 2, 6, 5, 9, 8, 5, 8, 1, 3, 1, 8, 3, 1, 8, 6, 8, 9, 2, 3, 1, 1, 1, 5, 5, 1, 8, 0, 5, 9, 10, 10, 7, 1, 5, 1, 8, 2, 7, 5, 1, 10, 6, 10, 8, 3, 9, 10, 4, 7, 9, 0, 3, 7, 8, 0, 8, 0, 0, 4, 8, 9, 8, 5, 1, 7, 9, 6, 7, 4, 0, 10, 10, 7, 9, 4, 1, 9, 0, 10, 3, 3, 9, 4, 7, 4, 7, 2, 10, 2, 4, 10, 10, 1, 0, 10, 5, 4, 7, 8, 9, 10, 4, 2, 3, 10, 5, 8, 0, 9, 0, 10, 7, 6, 8, 0, 8, 1, 2, 6, 3, 5, 3, 9, 3, 4, 8, 3, 2, 0, 2, 0, 9, 9, 5, 3, 8, 5, 9, 4, 1, 6, 1, 4, 5, 9, 8, 3, 9, 5, 6, 2, 5, 4, 5, 2, 10, 8, 4, 7, 3, 0, 6, 7, 0, 5, 7, 1, 0, 1, 6, 3, 7, 7, 2, 10, 9, 3, 10, 9, 4, 3, 3, 1, 7, 8, 5, 2, 4, 10, 3, 1, 2, 3, 10, 6, 9, 5, 3, 3, 10, 7, 1, 5, 1, 8, 1, 3, 7, 3, 10, 3, 5, 1, 2, 7, 4, 9, 7, 5, 8, 8, 10, 2, 4, 2, 5, 5, 3, 8, 0, 8, 6, 0, 1, 2, 7, 3, 2, 4, 10, 5, 6, 6, 0, 2, 7, 10, 1, 7, 6, 9, 2, 4, 2, 0, 9, 4, 3, 9, 6, 7, 9, 1, 8, 8, 5, 2, 9, 4, 1, 1, 8, 4, 7, 1, 2, 7, 2, 5, 0, 4, 10, 5, 0, 5, 7, 3, 6, 4, 6, 4, 9, 5, 1, 1, 3, 8, 7, 4, 4, 6, 10, 8, 9, 8, 5, 2, 9, 5, 0, 5, 0, 9, 10, 5, 0, 3, 7, 3, 1, 8, 2, 2, 4, 4, 9, 3, 7, 5, 9, 9, 4, 0, 0, 5, 6, 9, 9, 7, 7, 8, 9, 1, 10, 10, 5, 5, 7, 3, 3, 5, 10, 9, 8, 2, 3, 1, 1, 0, 5, 4, 1, 2, 0, 1, 8, 8, 4, 8, 3, 8, 0, 3, 2, 2, 3, 7, 10, 10, 4, 10, 6, 6, 5, 0, 9, 8, 2, 1, 9, 9, 5, 9, 9, 1, 3, 5, 7, 9, 10, 1, 8, 0, 6, 3, 8, 2, 4, 10, 1, 1, 2, 8, 2, 4, 8, 2, 8, 9, 9, 0, 7, 6, 9, 4, 0, 2, 8, 6, 9, 3, 7, 2, 4, 10, 0, 1, 3, 1, 6, 3, 4, 6, 3, 3, 5, 0, 1, 7, 10, 1, 10, 2, 5, 5, 7, 5, 1, 4, 5, 0, 4, 5, 4, 9, 5, 9, 7, 7, 2, 0, 2, 5, 3, 2, 9, 1, 8, 9, 1, 8, 8, 2, 0, 9, 7, 6, 9, 6, 9, 0, 10, 8, 8, 5, 3, 7, 3, 2, 7, 9, 6, 7, 8, 9, 0, 8, 2, 10, 5, 2, 10, 8, 7, 9, 6, 8, 6, 6, 4, 7, 9, 7, 0, 4, 9, 3, 3, 7, 4, 1, 9, 5, 4, 0, 7, 8, 0, 7, 4, 5, 5, 4, 6, 6, 6, 1, 5, 3, 0, 1, 4, 7, 1, 9, 4, 6, 8, 10, 7, 1, 0, 3, 9, 1, 4, 3, 10, 7, 8, 9, 9, 4, 0, 2, 3, 7, 8, 6, 8, 1, 7, 4, 0, 2, 0, 8, 6, 7],