{"val_acc": [0.08602150537634409, 0.0967741935483871, 0.10445468509984639, 0.0706605222734255, 0.06144393241167435, 0.07987711213517665, 0.0967741935483871, 0.0706605222734255, 0.09831029185867896, 0.07987711213517665], "val_loss": [2.4036298573382795, 2.3984106157454974, 2.3979537867329603, 2.3988315240005775, 2.3984207287887855, 2.40069462038988, 2.3977361603017235, 2.4000665249268702, 2.3972135979705063, 2.3993787429084077], "train_loss": [2.3993960253079063, 2.3988404536412955, 2.3984716279991845, 2.398645802771157, 2.3984641299718645, 2.3983906451423045, 2.398400362115579, 2.398396796318524, 2.398390759130046, 2.3985335733232733], "test_correct_in_batch": [0.0, 2.0, 1.0, 0.0, 0.0, 1.0, 2.0, 1.0, 0.0, 0.0, 0.0, 1.0, 1.0, 0.0, 0.0, 0.0, 1.0, 1.0, 1.0, 1.0, 0.0, 1.0, 0.0, 0.0, 1.0, 0.0, 1.0, 0.0, 0.0, 1.0, 1.0, 0.0, 0.0, 0.0, 0.0, 0.0, 0.0, 0.0, 0.0, 0.0, 1.0, 0.0, 1.0, 1.0, 1.0, 0.0, 1.0, 0.0, 1.0, 0.0, 1.0, 1.0, 0.0, 0.0, 1.0, 0.0, 0.0, 0.0, 0.0, 0.0, 0.0, 1.0, 0.0, 0.0, 0.0, 0.0, 1.0, 1.0, 0.0, 0.0, 2.0, 0.0, 1.0, 1.0, 0.0, 1.0, 0.0, 0.0, 0.0, 0.0, 0.0, 2.0, 0.0, 1.0, 0.0, 0.0, 0.0, 0.0, 0.0, 1.0, 0.0, 2.0, 0.0, 0.0, 0.0, 1.0, 0.0, 0.0, 0.0, 0.0, 0.0, 0.0, 0.0, 0.0, 0.0, 0.0, 1.0, 2.0, 1.0, 0.0, 0.0, 0.0, 1.0, 0.0, 0.0, 1.0, 1.0, 0.0, 1.0, 1.0, 0.0, 0.0, 1.0, 0.0, 0.0, 0.0, 0.0, 0.0, 0.0, 0.0, 0.0, 0.0, 0.0, 0.0, 1.0, 2.0, 0.0, 0.0, 2.0, 0.0, 0.0, 1.0, 1.0, 1.0, 1.0, 0.0, 1.0, 0.0, 0.0, 1.0, 0.0, 1.0, 0.0, 0.0, 0.0, 0.0, 0.0, 1.0, 0.0, 1.0, 1.0, 0.0, 1.0], "test_losses": [2.40551495552063, 2.3979830741882324, 2.4053568840026855, 2.404526472091675, 2.3967337608337402, 2.3962721824645996, 2.387822151184082, 2.397308826446533, 2.3978371620178223, 2.3924829959869385, 2.389479160308838, 2.3960390090942383, 2.3904507160186768, 2.3998208045959473, 2.4032773971557617, 2.398705005645752, 2.3799209594726562, 2.3991360664367676, 2.3991360664367676, 2.391974449157715, 2.400543212890625, 2.3888533115386963, 2.4016623497009277, 2.3999335765838623, 2.4025163650512695, 2.394726276397705, 2.386706590652466, 2.40551495552063, 2.4051613807678223, 2.4119255542755127, 2.398667812347412, 2.4016940593719482, 2.4093923568725586, 2.3964362144470215, 2.408757448196411, 2.388113498687744, 2.409512996673584, 2.3963496685028076, 2.4032528400421143, 2.39658260345459, 2.390937566757202, 2.3876419067382812, 2.404855251312256, 2.394923448562622, 2.403998374938965, 2.386657238006592, 2.3904507160186768, 2.400949716567993, 2.397784948348999, 2.3938581943511963, 2.4017646312713623, 2.3924343585968018, 2.388904571533203, 2.390035629272461, 2.3918163776397705, 2.4051613807678223, 2.4090185165405273, 2.412489414215088, 2.404177188873291, 2.3905839920043945, 2.391857624053955, 2.3980395793914795, 2.4008054733276367, 2.3965744972229004, 2.388904571533203, 2.4012839794158936, 2.3977856636047363, 2.3922948837280273, 2.3902814388275146, 2.4032983779907227, 2.385680675506592, 2.394512414932251, 2.391939640045166, 2.403500556945801, 2.399467706680298, 2.3913185596466064, 2.408287525177002, 2.4039125442504883, 2.392528772354126, 2.4011754989624023, 2.401217222213745, 2.388796806335449, 2.4025659561157227, 2.403621196746826, 2.4070496559143066, 2.401669502258301, 2.399832248687744, 2.394867181777954, 2.3980894088745117, 2.399643898010254, 2.3969566822052, 2.3834621906280518, 2.4093923568725586, 2.39608097076416, 2.4011826515197754, 2.3946805000305176, 2.3992152214050293, 2.397710084915161, 2.4104933738708496, 2.3911521434783936, 2.4059269428253174, 2.3925845623016357, 2.391864776611328, 2.394598960876465, 2.4036693572998047, 2.4051594734191895, 2.403998374938965, 2.386796474456787, 2.396416187286377, 2.3968281745910645, 2.39321231842041, 2.3982224464416504, 2.396927833557129, 2.3907711505889893, 2.399446487426758, 2.3942885398864746, 2.3941826820373535, 2.4008054733276367, 2.3978066444396973, 2.389979124069214, 2.4070277214050293, 2.4026992321014404, 2.391974449157715, 2.4005725383758545, 2.4022791385650635, 2.39448618888855, 2.386657238006592, 2.410601854324341, 2.3918728828430176, 2.3980960845947266, 2.401808738708496, 2.3891568183898926, 2.4064245223999023, 2.4020543098449707, 2.396927833557129, 2.392394542694092, 2.4079065322875977, 2.3951311111450195, 2.3923699855804443, 2.4050281047821045, 2.401217222213745, 2.4033732414245605, 2.386234998703003, 2.395421266555786, 2.391476631164551, 2.4023220539093018, 2.3982865810394287, 2.3974461555480957, 2.4036777019500732, 2.4104437828063965, 2.394745111465454, 2.393460273742676, 2.4009287357330322, 2.4126100540161133, 2.3971147537231445, 2.410601854324341, 2.399439573287964, 2.3922948837280273, 2.4034228324890137, 2.3949344158172607, 2.4020185470581055, 2.411372184753418, 2.3974556922912598], "test_loss": 2.3981282711029053, "test_batch_lens": [4, 4, 4, 4, 4, 4, 4, 4, 4, 4, 4, 4, 4, 4, 4, 4, 4, 4, 4, 4, 4, 4, 4, 4, 4, 4, 4, 4, 4, 4, 4, 4, 4, 4, 4, 4, 4, 4, 4, 4, 4, 4, 4, 4, 4, 4, 4, 4, 4, 4, 4, 4, 4, 4, 4, 4, 4, 4, 4, 4, 4, 4, 4, 4, 4, 4, 4, 4, 4, 4, 4, 4, 4, 4, 4, 4, 4, 4, 4, 4, 4, 4, 4, 4, 4, 4, 4, 4, 4, 4, 4, 4, 4, 4, 4, 4, 4, 4, 4, 4, 4, 4, 4, 4, 4, 4, 4, 4, 4, 4, 4, 4, 4, 4, 4, 4, 4, 4, 4, 4, 4, 4, 4, 4, 4, 4, 4, 4, 4, 4, 4, 4, 4, 4, 4, 4, 4, 4, 4, 4, 4, 4, 4, 4, 4, 4, 4, 4, 4, 4, 4, 4, 4, 4, 4, 4, 4, 4, 4, 4, 4, 4, 3], "test_accuracy": 0.10445468509984639, "predictions": [8, 8, 8, 8, 8, 8, 8, 8, 8, 8, 8, 8, 8, 8, 8, 8, 8, 8, 8, 8, 8, 8, 8, 8, 8, 8, 8, 8, 8, 8, 8, 8, 8, 8, 8, 8, 8, 8, 8, 8, 8, 8, 8, 8, 8, 8, 8, 8, 8, 8, 8, 8, 8, 8, 8, 8, 8, 8, 8, 8, 8, 8, 8, 8, 8, 8, 8, 8, 8, 8, 8, 8, 8, 8, 8, 8, 8, 8, 8, 8, 8, 8, 8, 8, 8, 8, 8, 8, 8, 8, 8, 8, 8, 8, 8, 8, 8, 8, 8, 8, 8, 8, 8, 8, 8, 8, 8, 8, 8, 8, 8, 8, 8, 8, 8, 8, 8, 8, 8, 8, 8, 8, 8, 8, 8, 8, 8, 8, 8, 8, 8, 8, 8, 8, 8, 8, 8, 8, 8, 8, 8, 8, 8, 8, 8, 8, 8, 8, 8, 8, 8, 8, 8, 8, 8, 8, 8, 8, 8, 8, 8, 8, 8, 8, 8, 8, 8, 8, 8, 8, 8, 8, 8, 8, 8, 8, 8, 8, 8, 8, 8, 8, 8, 8, 8, 8, 8, 8, 8, 8, 8, 8, 8, 8, 8, 8, 8, 8, 8, 8, 8, 8, 8, 8, 8, 8, 8, 8, 8, 8, 8, 8, 8, 8, 8, 8, 8, 8, 8, 8, 8, 8, 8, 8, 8, 8, 8, 8, 8, 8, 8, 8, 8, 8, 8, 8, 8, 8, 8, 8, 8, 8, 8, 8, 8, 8, 8, 8, 8, 8, 8, 8, 8, 8, 8, 8, 8, 8, 8, 8, 8, 8, 8, 8, 8, 8, 8, 8, 8, 8, 8, 8, 8, 8, 8, 8, 8, 8, 8, 8, 8, 8, 8, 8, 8, 8, 8, 8, 8, 8, 8, 8, 8, 8, 8, 8, 8, 8, 8, 8, 8, 8, 8, 8, 8, 8, 8, 8, 8, 8, 8, 8, 8, 8, 8, 8, 8, 8, 8, 8, 8, 8, 8, 8, 8, 8, 8, 8, 8, 8, 8, 8, 8, 8, 8, 8, 8, 8, 8, 8, 8, 8, 8, 8, 8, 8, 8, 8, 8, 8, 8, 8, 8, 8, 8, 8, 8, 8, 8, 8, 8, 8, 8, 8, 8, 8, 8, 8, 8, 8, 8, 8, 8, 8, 8, 8, 8, 8, 8, 8, 8, 8, 8, 8, 8, 8, 8, 8, 8, 8, 8, 8, 8, 8, 8, 8, 8, 8, 8, 8, 8, 8, 8, 8, 8, 8, 8, 8, 8, 8, 8, 8, 8, 8, 8, 8, 8, 8, 8, 8, 8, 8, 8, 8, 8, 8, 8, 8, 8, 8, 8, 8, 8, 8, 8, 8, 8, 8, 8, 8, 8, 8, 8, 8, 8, 8, 8, 8, 8, 8, 8, 8, 8, 8, 8, 8, 8, 8, 8, 8, 8, 8, 8, 8, 8, 8, 8, 8, 8, 8, 8, 8, 8, 8, 8, 8, 8, 8, 8, 8, 8, 8, 8, 8, 8, 8, 8, 8, 8, 8, 8, 8, 8, 8, 8, 8, 8, 8, 8, 8, 8, 8, 8, 8, 8, 8, 8, 8, 8, 8, 8, 8, 8, 8, 8, 8, 8, 8, 8, 8, 8, 8, 8, 8, 8, 8, 8, 8, 8, 8, 8, 8, 8, 8, 8, 8, 8, 8, 8, 8, 8, 8, 8, 8, 8, 8, 8, 8, 8, 8, 8, 8, 8, 8, 8, 8, 8, 8, 8, 8, 8, 8, 8, 8, 8, 8, 8, 8, 8, 8, 8, 8, 8, 8, 8, 8, 8, 8, 8, 8, 8, 8, 8, 8, 8, 8, 8, 8, 8, 8, 8, 8, 8, 8, 8, 8, 8, 8, 8, 8, 8, 8, 8, 8, 8, 8, 8, 8, 8, 8, 8, 8, 8, 8, 8, 8, 8, 8, 8, 8, 8, 8, 8, 8, 8, 8, 8, 8, 8, 8, 8, 8, 8, 8, 8, 8, 8, 8, 8, 8, 8, 8, 8, 8, 8, 8, 8, 8, 8, 8, 8],