{"val_acc": [0.3671274961597542, 0.4009216589861751, 0.5407066052227343, 0.6374807987711214, 0.7035330261136713, 0.7142857142857143, 0.7542242703533026, 0.7741935483870968, 0.7726574500768049, 0.815668202764977], "val_loss": [1.6845843953771826, 1.5995076905730312, 1.2815993414974651, 1.0560515154084544, 0.8207493492864941, 0.7925031946663477, 0.7238390248931624, 0.6724030700472235, 0.6398093265058484, 0.5326111367503695], "train_loss": [2.0348712651982375, 1.7698814583981732, 1.4946754770252582, 1.164069311519751, 0.9592303938643457, 0.8480510814274965, 0.7678438047369657, 0.7062024482859232, 0.6453503278612908, 0.5841255308150268], "test_correct_in_batch": [4.0, 3.0, 2.0, 2.0, 3.0, 4.0, 2.0, 1.0, 3.0, 4.0, 4.0, 4.0, 1.0, 4.0, 4.0, 2.0, 3.0, 3.0, 2.0, 3.0, 3.0, 3.0, 1.0, 3.0, 4.0, 3.0, 4.0, 3.0, 2.0, 4.0, 2.0, 3.0, 3.0, 4.0, 4.0, 4.0, 3.0, 4.0, 4.0, 3.0, 4.0, 4.0, 2.0, 4.0, 4.0, 4.0, 3.0, 2.0, 3.0, 4.0, 3.0, 2.0, 4.0, 3.0, 3.0, 4.0, 3.0, 4.0, 3.0, 3.0, 4.0, 4.0, 4.0, 4.0, 3.0, 4.0, 4.0, 3.0, 3.0, 3.0, 2.0, 3.0, 3.0, 3.0, 4.0, 4.0, 4.0, 4.0, 4.0, 2.0, 4.0, 3.0, 4.0, 3.0, 3.0, 3.0, 4.0, 3.0, 3.0, 2.0, 3.0, 3.0, 1.0, 4.0, 4.0, 2.0, 4.0, 2.0, 2.0, 4.0, 1.0, 3.0, 4.0, 3.0, 3.0, 4.0, 4.0, 4.0, 3.0, 4.0, 4.0, 3.0, 4.0, 4.0, 3.0, 4.0, 2.0, 4.0, 4.0, 2.0, 2.0, 2.0, 4.0, 4.0, 3.0, 3.0, 3.0, 2.0, 3.0, 3.0, 2.0, 3.0, 3.0, 2.0, 3.0, 2.0, 4.0, 3.0, 2.0, 3.0, 4.0, 3.0, 3.0, 4.0, 4.0, 3.0, 4.0, 3.0, 4.0, 3.0, 4.0, 3.0, 4.0, 3.0, 3.0, 3.0, 4.0, 1.0, 3.0, 3.0, 4.0, 3.0, 2.0], "test_losses": [0.054883718490600586, 0.9691036939620972, 1.534666895866394, 1.7188478708267212, 0.49057209491729736, 0.06644713878631592, 1.250952124595642, 0.9941587448120117, 0.6117422580718994, 0.05603160709142685, 0.24816720187664032, 0.09372919052839279, 1.5728012323379517, 0.07333019375801086, 0.1675437092781067, 0.6637133359909058, 1.0013662576675415, 0.7007034420967102, 0.7295947670936584, 0.588894784450531, 0.7071597576141357, 0.4690603017807007, 1.7924946546554565, 0.3790382146835327, 0.2100113481283188, 0.37778240442276, 0.18022704124450684, 0.5537555813789368, 0.8585688471794128, 0.26974475383758545, 2.0495522022247314, 0.5295820832252502, 0.38095271587371826, 0.07223688066005707, 0.19660964608192444, 0.19217398762702942, 0.5027143955230713, 0.24395246803760529, 0.08160393685102463, 0.5620715022087097, 0.4764539301395416, 0.0913194790482521, 1.2136839628219604, 0.10325030982494354, 0.4794851541519165, 0.03273852542042732, 0.3787403106689453, 1.0964844226837158, 0.4339742660522461, 0.45664891600608826, 0.6027045249938965, 0.8792333602905273, 0.29649460315704346, 0.5036770105361938, 0.7596637010574341, 0.14420334994792938, 0.4719209671020508, 0.032451432198286057, 0.35532912611961365, 0.7533387541770935, 0.23993267118930817, 0.13744154572486877, 0.06611628830432892, 0.04000440239906311, 0.6860452890396118, 0.15108351409435272, 0.14620742201805115, 0.9400954842567444, 0.7892403602600098, 0.6544348001480103, 2.5026447772979736, 0.32393622398376465, 0.8413785696029663, 1.0195715427398682, 0.08258102834224701, 0.2010083943605423, 0.09411097317934036, 0.021207116544246674, 0.23273688554763794, 1.4845465421676636, 0.5386439561843872, 0.6313148140907288, 0.09274567663669586, 0.9419440627098083, 0.6007882356643677, 1.2696537971496582, 0.16642819344997406, 0.724898636341095, 0.5035303831100464, 1.1505943536758423, 0.5114489197731018, 0.4514133334159851, 3.308814525604248, 0.2124641090631485, 0.21567149460315704, 0.5737112164497375, 0.4047350585460663, 1.364466905593872, 1.1072524785995483, 0.25608736276626587, 1.5628652572631836, 0.5106800198554993, 0.16319182515144348, 0.8091387748718262, 0.7150415182113647, 0.2553560733795166, 0.05726117640733719, 0.22000497579574585, 0.5623586773872375, 0.18155702948570251, 0.09807509183883667, 0.8335071802139282, 0.14844396710395813, 0.14643068611621857, 1.2204339504241943, 0.06675852090120316, 1.2508735656738281, 0.08025112003087997, 0.34287527203559875, 0.9587440490722656, 0.7390210032463074, 1.2412434816360474, 0.22220969200134277, 0.24706202745437622, 0.666816234588623, 0.6639881134033203, 0.46255946159362793, 0.9103187322616577, 0.4413644075393677, 0.54205322265625, 1.5280317068099976, 1.0013467073440552, 1.1294071674346924, 1.0216211080551147, 0.785439133644104, 1.2968512773513794, 0.04399001970887184, 0.4580373167991638, 1.6090604066848755, 1.09726881980896, 0.06536764651536942, 1.6139205694198608, 0.7108773589134216, 0.16208398342132568, 0.22377152740955353, 0.6672031283378601, 0.3296473026275635, 1.1295849084854126, 0.12339183688163757, 0.35858938097953796, 0.4224031865596771, 0.7457951903343201, 0.10369734466075897, 0.31634753942489624, 0.6078095436096191, 0.7663177251815796, 0.21883003413677216, 1.0623725652694702, 0.36777305603027344, 0.954196035861969, 0.013829493895173073, 0.8502216339111328, 0.38775792717933655], "test_loss": 0.6008134854420379, "test_batch_lens": [4, 4, 4, 4, 4, 4, 4, 4, 4, 4, 4, 4, 4, 4, 4, 4, 4, 4, 4, 4, 4, 4, 4, 4, 4, 4, 4, 4, 4, 4, 4, 4, 4, 4, 4, 4, 4, 4, 4, 4, 4, 4, 4, 4, 4, 4, 4, 4, 4, 4, 4, 4, 4, 4, 4, 4, 4, 4, 4, 4, 4, 4, 4, 4, 4, 4, 4, 4, 4, 4, 4, 4, 4, 4, 4, 4, 4, 4, 4, 4, 4, 4, 4, 4, 4, 4, 4, 4, 4, 4, 4, 4, 4, 4, 4, 4, 4, 4, 4, 4, 4, 4, 4, 4, 4, 4, 4, 4, 4, 4, 4, 4, 4, 4, 4, 4, 4, 4, 4, 4, 4, 4, 4, 4, 4, 4, 4, 4, 4, 4, 4, 4, 4, 4, 4, 4, 4, 4, 4, 4, 4, 4, 4, 4, 4, 4, 4, 4, 4, 4, 4, 4, 4, 4, 4, 4, 4, 4, 4, 4, 4, 4, 3], "test_accuracy": 0.7926267281105991, "predictions": [7, 4, 1, 10, 7, 1, 8, 5, 1, 5, 4, 7, 3, 9, 8, 0, 9, 6, 4, 2, 8, 10, 1, 4, 6, 0, 9, 6, 2, 6, 2, 0, 1, 1, 6, 3, 10, 5, 5, 0, 10, 3, 2, 10, 7, 8, 4, 3, 2, 3, 8, 4, 3, 4, 6, 1, 1, 9, 1, 10, 10, 6, 9, 8, 5, 9, 8, 5, 8, 1, 0, 1, 5, 3, 1, 6, 6, 2, 9, 2, 3, 1, 1, 1, 5, 5, 1, 9, 3, 8, 9, 2, 10, 7, 0, 5, 1, 8, 2, 7, 5, 0, 10, 6, 10, 8, 3, 9, 10, 4, 7, 9, 0, 1, 7, 8, 0, 8, 0, 0, 4, 1, 5, 6, 5, 1, 7, 2, 6, 7, 4, 1, 10, 10, 7, 9, 4, 1, 9, 0, 10, 3, 3, 9, 9, 7, 4, 7, 2, 10, 2, 4, 10, 10, 1, 0, 10, 4, 4, 7, 8, 9, 10, 4, 2, 3, 10, 5, 8, 0, 1, 7, 10, 7, 6, 8, 0, 8, 1, 2, 6, 3, 5, 3, 4, 3, 4, 8, 1, 2, 8, 2, 0, 9, 9, 5, 1, 3, 5, 9, 9, 1, 6, 1, 4, 1, 9, 8, 3, 9, 5, 6, 8, 5, 4, 5, 2, 10, 9, 4, 7, 3, 0, 6, 7, 3, 5, 7, 1, 0, 1, 6, 1, 7, 7, 2, 10, 9, 3, 10, 9, 4, 3, 3, 1, 7, 8, 5, 2, 4, 10, 1, 1, 2, 3, 10, 6, 8, 5, 3, 3, 10, 7, 1, 5, 1, 8, 1, 5, 7, 3, 10, 3, 5, 4, 2, 7, 9, 9, 7, 5, 1, 8, 10, 2, 4, 2, 4, 5, 2, 8, 0, 8, 2, 0, 1, 2, 7, 3, 2, 4, 10, 8, 6, 6, 0, 2, 7, 10, 1, 7, 6, 9, 2, 5, 2, 0, 4, 4, 0, 2, 6, 7, 9, 8, 8, 8, 5, 2, 9, 4, 1, 1, 3, 4, 7, 1, 2, 9, 2, 5, 0, 1, 10, 5, 0, 5, 7, 3, 6, 5, 6, 9, 9, 5, 1, 0, 3, 8, 7, 4, 9, 6, 10, 8, 9, 10, 5, 3, 9, 4, 9, 5, 0, 9, 10, 5, 0, 3, 7, 3, 0, 8, 4, 2, 4, 4, 9, 3, 7, 8, 1, 9, 5, 1, 0, 5, 6, 9, 9, 8, 1, 8, 9, 1, 10, 10, 4, 5, 7, 3, 3, 5, 10, 4, 7, 2, 3, 1, 3, 0, 5, 4, 1, 2, 0, 1, 8, 8, 4, 8, 3, 8, 1, 3, 2, 2, 3, 7, 10, 10, 4, 10, 6, 6, 5, 0, 1, 8, 2, 1, 9, 9, 5, 9, 9, 1, 3, 5, 8, 9, 10, 1, 8, 0, 6, 3, 9, 2, 4, 10, 1, 1, 2, 8, 2, 4, 0, 2, 8, 5, 9, 1, 7, 6, 0, 1, 0, 2, 8, 6, 9, 3, 7, 2, 4, 3, 0, 0, 3, 4, 6, 3, 4, 6, 3, 1, 5, 1, 7, 7, 10, 9, 10, 2, 5, 5, 7, 5, 3, 9, 5, 6, 4, 5, 4, 4, 5, 5, 7, 7, 2, 0, 6, 5, 3, 2, 8, 1, 8, 9, 1, 5, 5, 2, 0, 9, 7, 6, 4, 6, 9, 9, 10, 8, 3, 3, 1, 7, 3, 2, 7, 9, 6, 4, 8, 9, 0, 8, 2, 0, 5, 2, 10, 8, 7, 9, 6, 8, 6, 6, 9, 7, 9, 7, 8, 4, 9, 3, 3, 7, 5, 1, 7, 5, 4, 0, 7, 6, 0, 7, 4, 5, 5, 4, 6, 6, 6, 1, 5, 3, 0, 1, 8, 7, 1, 9, 5, 6, 6, 10, 7, 1, 3, 3, 9, 1, 4, 1, 3, 7, 6, 9, 4, 4, 0, 2, 3, 9, 8, 6, 8, 1, 7, 4, 9, 2, 0, 6, 6, 7],