{"val_acc": [0.06144393241167435, 0.08602150537634409, 0.08755760368663594, 0.12903225806451613, 0.07987711213517665, 0.07987711213517665, 0.0706605222734255, 0.0967741935483871, 0.09831029185867896, 0.0967741935483871], "val_loss": [2.399759961052175, 2.398262901540183, 2.399803511204164, 2.396193659378707, 2.400001942745747, 2.4003118883612697, 2.399057261051576, 2.397292293653898, 2.3984663837526474, 2.396908651831691], "train_loss": [2.395692206091886, 2.3988977247743435, 2.398633457721484, 2.398877739116335, 2.3983426988076677, 2.3985309669037753, 2.3984970973230477, 2.398424976492845, 2.3984402952815405, 2.3984509123263766], "test_correct_in_batch": [0.0, 0.0, 0.0, 0.0, 0.0, 0.0, 0.0, 0.0, 0.0, 2.0, 0.0, 0.0, 0.0, 0.0, 0.0, 0.0, 3.0, 0.0, 0.0, 0.0, 0.0, 2.0, 0.0, 1.0, 0.0, 1.0, 0.0, 0.0, 0.0, 0.0, 0.0, 1.0, 0.0, 0.0, 0.0, 0.0, 0.0, 0.0, 0.0, 1.0, 0.0, 1.0, 0.0, 0.0, 0.0, 1.0, 0.0, 0.0, 0.0, 1.0, 0.0, 0.0, 1.0, 2.0, 0.0, 0.0, 1.0, 0.0, 0.0, 0.0, 0.0, 1.0, 0.0, 0.0, 1.0, 0.0, 1.0, 0.0, 1.0, 0.0, 0.0, 1.0, 1.0, 0.0, 0.0, 0.0, 0.0, 0.0, 1.0, 0.0, 0.0, 1.0, 0.0, 0.0, 0.0, 1.0, 2.0, 0.0, 1.0, 0.0, 0.0, 1.0, 0.0, 1.0, 1.0, 0.0, 0.0, 0.0, 0.0, 1.0, 0.0, 1.0, 1.0, 1.0, 0.0, 1.0, 0.0, 0.0, 0.0, 0.0, 0.0, 1.0, 0.0, 1.0, 1.0, 0.0, 0.0, 0.0, 0.0, 1.0, 0.0, 0.0, 0.0, 0.0, 0.0, 0.0, 1.0, 0.0, 1.0, 2.0, 1.0, 2.0, 0.0, 0.0, 0.0, 0.0, 0.0, 0.0, 0.0, 0.0, 0.0, 0.0, 1.0, 0.0, 0.0, 0.0, 0.0, 0.0, 1.0, 0.0, 2.0, 0.0, 1.0, 0.0, 0.0, 0.0, 0.0, 0.0, 0.0, 0.0, 0.0, 0.0, 0.0], "test_losses": [2.3851771354675293, 2.410421133041382, 2.4043781757354736, 2.4080007076263428, 2.4046990871429443, 2.3924648761749268, 2.4086098670959473, 2.4043164253234863, 2.401022434234619, 2.3855419158935547, 2.3884544372558594, 2.3982319831848145, 2.4055254459381104, 2.3883323669433594, 2.3967297077178955, 2.387625217437744, 2.386760711669922, 2.401353597640991, 2.401353597640991, 2.412747383117676, 2.393423557281494, 2.3914599418640137, 2.3991119861602783, 2.384737014770508, 2.4057908058166504, 2.3832626342773438, 2.4056501388549805, 2.3851771354675293, 2.4003703594207764, 2.4207825660705566, 2.39739990234375, 2.3973023891448975, 2.395616054534912, 2.393732786178589, 2.4032464027404785, 2.3977203369140625, 2.3861899375915527, 2.391629219055176, 2.390805721282959, 2.3804779052734375, 2.400895833969116, 2.3878896236419678, 2.422572135925293, 2.39752459526062, 2.411294460296631, 2.388387680053711, 2.4055254459381104, 2.4071593284606934, 2.4243617057800293, 2.396660089492798, 2.4005215167999268, 2.3928353786468506, 2.3963232040405273, 2.382570505142212, 2.3962597846984863, 2.4003703594207764, 2.3966503143310547, 2.398737668991089, 2.398998260498047, 2.3804004192352295, 2.3975954055786133, 2.397296667098999, 2.387834310531616, 2.3925888538360596, 2.3963232040405273, 2.3899316787719727, 2.3961591720581055, 2.3983566761016846, 2.3958187103271484, 2.4036343097686768, 2.4048123359680176, 2.391064405441284, 2.4032957553863525, 2.40716290473938, 2.401655673980713, 2.3921279907226562, 2.403669834136963, 2.389099359512329, 2.403754234313965, 2.4037415981292725, 2.4054596424102783, 2.4045844078063965, 2.400399684906006, 2.3977367877960205, 2.40116024017334, 2.391378402709961, 2.3908135890960693, 2.387995481491089, 2.3919057846069336, 2.4036285877227783, 2.379443645477295, 2.413015127182007, 2.395616054534912, 2.398671865463257, 2.396008014678955, 2.405148506164551, 2.3961405754089355, 2.4109277725219727, 2.4098877906799316, 2.404258966445923, 2.4028022289276123, 2.379465103149414, 2.389861822128296, 2.3931679725646973, 2.3967232704162598, 2.3901162147521973, 2.411294460296631, 2.405519485473633, 2.411789894104004, 2.393726348876953, 2.379568338394165, 2.4024693965911865, 2.413084030151367, 2.413026809692383, 2.389366865158081, 2.4051549434661865, 2.4010167121887207, 2.387834310531616, 2.408447742462158, 2.3956947326660156, 2.4170737266540527, 2.410963535308838, 2.4127471446990967, 2.393601417541504, 2.4000649452209473, 2.396763324737549, 2.388387680053711, 2.3960776329040527, 2.3831353187561035, 2.384172201156616, 2.385857105255127, 2.387206554412842, 2.4069337844848633, 2.3991053104400635, 2.413084030151367, 2.4177145957946777, 2.412437677383423, 2.408621311187744, 2.411790609359741, 2.3898067474365234, 2.405459403991699, 2.4170682430267334, 2.3958194255828857, 2.40165638923645, 2.4086155891418457, 2.3974056243896484, 2.40616774559021, 2.3903019428253174, 2.3846123218536377, 2.415278673171997, 2.379913091659546, 2.395925521850586, 2.3948705196380615, 2.3893115520477295, 2.3959312438964844, 2.3960776329040527, 2.3971002101898193, 2.3983566761016846, 2.411677122116089, 2.4062860012054443, 2.4016590118408203, 2.4052515029907227, 2.4047343730926514], "test_loss": 2.3986922114904674, "test_batch_lens": [4, 4, 4, 4, 4, 4, 4, 4, 4, 4, 4, 4, 4, 4, 4, 4, 4, 4, 4, 4, 4, 4, 4, 4, 4, 4, 4, 4, 4, 4, 4, 4, 4, 4, 4, 4, 4, 4, 4, 4, 4, 4, 4, 4, 4, 4, 4, 4, 4, 4, 4, 4, 4, 4, 4, 4, 4, 4, 4, 4, 4, 4, 4, 4, 4, 4, 4, 4, 4, 4, 4, 4, 4, 4, 4, 4, 4, 4, 4, 4, 4, 4, 4, 4, 4, 4, 4, 4, 4, 4, 4, 4, 4, 4, 4, 4, 4, 4, 4, 4, 4, 4, 4, 4, 4, 4, 4, 4, 4, 4, 4, 4, 4, 4, 4, 4, 4, 4, 4, 4, 4, 4, 4, 4, 4, 4, 4, 4, 4, 4, 4, 4, 4, 4, 4, 4, 4, 4, 4, 4, 4, 4, 4, 4, 4, 4, 4, 4, 4, 4, 4, 4, 4, 4, 4, 4, 4, 4, 4, 4, 4, 4, 3], "test_accuracy": 0.08294930875576037, "predictions": [5, 5, 5, 5, 5, 5, 5, 5, 5, 5, 5, 5, 5, 5, 5, 5, 5, 5, 5, 5, 5, 5, 5, 5, 5, 5, 5, 5, 5, 5, 5, 5, 5, 5, 5, 5, 5, 5, 5, 5, 5, 5, 5, 5, 5, 5, 5, 5, 5, 5, 5, 5, 5, 5, 5, 5, 5, 5, 5, 5, 5, 5, 5, 5, 5, 5, 5, 5, 5, 5, 5, 5, 5, 5, 5, 5, 5, 5, 5, 5, 5, 5, 5, 5, 5, 5, 5, 5, 5, 5, 5, 5, 5, 5, 5, 5, 5, 5, 5, 5, 5, 5, 5, 5, 5, 5, 5, 5, 5, 5, 5, 5, 5, 5, 5, 5, 5, 5, 5, 5, 5, 5, 5, 5, 5, 5, 5, 5, 5, 5, 5, 5, 5, 5, 5, 5, 5, 5, 5, 5, 5, 5, 5, 5, 5, 5, 5, 5, 5, 5, 5, 5, 5, 5, 5, 5, 5, 5, 5, 5, 5, 5, 5, 5, 5, 5, 5, 5, 5, 5, 5, 5, 5, 5, 5, 5, 5, 5, 5, 5, 5, 5, 5, 5, 5, 5, 5, 5, 5, 5, 5, 5, 5, 5, 5, 5, 5, 5, 5, 5, 5, 5, 5, 5, 5, 5, 5, 5, 5, 5, 5, 5, 5, 5, 5, 5, 5, 5, 5, 5, 5, 5, 5, 5, 5, 5, 5, 5, 5, 5, 5, 5, 5, 5, 5, 5, 5, 5, 5, 5, 5, 5, 5, 5, 5, 5, 5, 5, 5, 5, 5, 5, 5, 5, 5, 5, 5, 5, 5, 5, 5, 5, 5, 5, 5, 5, 5, 5, 5, 5, 5, 5, 5, 5, 5, 5, 5, 5, 5, 5, 5, 5, 5, 5, 5, 5, 5, 5, 5, 5, 5, 5, 5, 5, 5, 5, 5, 5, 5, 5, 5, 5, 5, 5, 5, 5, 5, 5, 5, 5, 5, 5, 5, 5, 5, 5, 5, 5, 5, 5, 5, 5, 5, 5, 5, 5, 5, 5, 5, 5, 5, 5, 5, 5, 5, 5, 5, 5, 5, 5, 5, 5, 5, 5, 5, 5, 5, 5, 5, 5, 5, 5, 5, 5, 5, 5, 5, 5, 5, 5, 5, 5, 5, 5, 5, 5, 5, 5, 5, 5, 5, 5, 5, 5, 5, 5, 5, 5, 5, 5, 5, 5, 5, 5, 5, 5, 5, 5, 5, 5, 5, 5, 5, 5, 5, 5, 5, 5, 5, 5, 5, 5, 5, 5, 5, 5, 5, 5, 5, 5, 5, 5, 5, 5, 5, 5, 5, 5, 5, 5, 5, 5, 5, 5, 5, 5, 5, 5, 5, 5, 5, 5, 5, 5, 5, 5, 5, 5, 5, 5, 5, 5, 5, 5, 5, 5, 5, 5, 5, 5, 5, 5, 5, 5, 5, 5, 5, 5, 5, 5, 5, 5, 5, 5, 5, 5, 5, 5, 5, 5, 5, 5, 5, 5, 5, 5, 5, 5, 5, 5, 5, 5, 5, 5, 5, 5, 5, 5, 5, 5, 5, 5, 5, 5, 5, 5, 5, 5, 5, 5, 5, 5, 5, 5, 5, 5, 5, 5, 5, 5, 5, 5, 5, 5, 5, 5, 5, 5, 5, 5, 5, 5, 5, 5, 5, 5, 5, 5, 5, 5, 5, 5, 5, 5, 5, 5, 5, 5, 5, 5, 5, 5, 5, 5, 5, 5, 5, 5, 5, 5, 5, 5, 5, 5, 5, 5, 5, 5, 5, 5, 5, 5, 5, 5, 5, 5, 5, 5, 5, 5, 5, 5, 5, 5, 5, 5, 5, 5, 5, 5, 5, 5, 5, 5, 5, 5, 5, 5, 5, 5, 5, 5, 5, 5, 5, 5, 5, 5, 5, 5, 5, 5, 5, 5, 5, 5, 5, 5, 5, 5, 5, 5, 5, 5, 5, 5, 5, 5, 5, 5, 5, 5, 5, 5, 5, 5, 5, 5, 5, 5, 5, 5, 5, 5, 5, 5, 5, 5, 5, 5, 5, 5, 5, 5, 5, 5, 5, 5, 5, 5, 5],