{"val_acc": [0.06144393241167435, 0.0967741935483871, 0.0967741935483871, 0.08602150537634409, 0.0706605222734255, 0.10445468509984639, 0.10445468509984639, 0.0967741935483871, 0.0967741935483871, 0.0967741935483871], "val_loss": [2.399210246794063, 2.399021243756534, 2.400711777751431, 2.400297461843198, 2.400724972683959, 2.3982932041027794, 2.3985343842418647, 2.398972670724787, 2.3978011695885217, 2.397933576735982], "train_loss": [2.3998233319407847, 2.398641968382297, 2.3987283817261664, 2.398574961278017, 2.3984831060792127, 2.39856249303064, 2.398450208592727, 2.3985033937006905, 2.398340303446608, 2.398448120782771], "test_correct_in_batch": [1.0, 0.0, 0.0, 0.0, 0.0, 1.0, 0.0, 0.0, 0.0, 1.0, 2.0, 0.0, 0.0, 0.0, 1.0, 1.0, 0.0, 0.0, 0.0, 0.0, 0.0, 0.0, 1.0, 1.0, 0.0, 1.0, 1.0, 1.0, 0.0, 0.0, 0.0, 0.0, 0.0, 2.0, 0.0, 1.0, 0.0, 1.0, 2.0, 1.0, 1.0, 1.0, 0.0, 1.0, 0.0, 0.0, 0.0, 0.0, 0.0, 0.0, 0.0, 0.0, 0.0, 0.0, 1.0, 0.0, 0.0, 0.0, 0.0, 2.0, 0.0, 0.0, 1.0, 1.0, 0.0, 1.0, 0.0, 1.0, 0.0, 0.0, 1.0, 0.0, 0.0, 0.0, 0.0, 1.0, 0.0, 1.0, 0.0, 0.0, 0.0, 0.0, 0.0, 0.0, 0.0, 1.0, 0.0, 0.0, 0.0, 0.0, 1.0, 0.0, 0.0, 1.0, 0.0, 0.0, 0.0, 0.0, 0.0, 0.0, 0.0, 2.0, 0.0, 1.0, 0.0, 0.0, 0.0, 0.0, 0.0, 1.0, 2.0, 0.0, 0.0, 0.0, 0.0, 1.0, 0.0, 1.0, 0.0, 0.0, 0.0, 0.0, 0.0, 0.0, 0.0, 0.0, 0.0, 1.0, 1.0, 0.0, 0.0, 0.0, 0.0, 0.0, 0.0, 0.0, 0.0, 0.0, 1.0, 0.0, 0.0, 0.0, 1.0, 1.0, 0.0, 0.0, 0.0, 0.0, 0.0, 0.0, 0.0, 0.0, 0.0, 0.0, 0.0, 1.0, 0.0, 1.0, 0.0, 0.0, 0.0, 0.0, 0.0], "test_losses": [2.3957295417785645, 2.4163689613342285, 2.4081201553344727, 2.403904438018799, 2.3939428329467773, 2.40505051612854, 2.412005662918091, 2.408704996109009, 2.3986949920654297, 2.3905656337738037, 2.3821702003479004, 2.400636911392212, 2.4008138179779053, 2.4002768993377686, 2.401576280593872, 2.397035837173462, 2.395541191101074, 2.4137353897094727, 2.4137353897094727, 2.4014534950256348, 2.4036731719970703, 2.4043290615081787, 2.3952198028564453, 2.392611503601074, 2.407172679901123, 2.39414381980896, 2.3952994346618652, 2.3957295417785645, 2.397831678390503, 2.4198453426361084, 2.4029104709625244, 2.3965439796447754, 2.4003312587738037, 2.3829634189605713, 2.4064040184020996, 2.385237216949463, 2.393815517425537, 2.388550043106079, 2.3969569206237793, 2.386941432952881, 2.397798776626587, 2.384566307067871, 2.4132802486419678, 2.3973960876464844, 2.413914442062378, 2.388989210128784, 2.400813579559326, 2.396548271179199, 2.406714916229248, 2.3958029747009277, 2.416008949279785, 2.402395486831665, 2.389907121658325, 2.389462471008301, 2.3977465629577637, 2.397831678390503, 2.3956809043884277, 2.4134297370910645, 2.389681816101074, 2.3838040828704834, 2.390751361846924, 2.4056882858276367, 2.3958539962768555, 2.3933544158935547, 2.389907121658325, 2.3932299613952637, 2.413116931915283, 2.395122528076172, 2.3884470462799072, 2.3897342681884766, 2.406717300415039, 2.390946388244629, 2.4042608737945557, 2.4153225421905518, 2.3898065090179443, 2.3991546630859375, 2.3986973762512207, 2.395503520965576, 2.389364719390869, 2.3982343673706055, 2.39213228225708, 2.4150094985961914, 2.3997867107391357, 2.408806324005127, 2.3979759216308594, 2.391925096511841, 2.3943214416503906, 2.394380807876587, 2.3983025550842285, 2.398878574371338, 2.391592025756836, 2.4077577590942383, 2.4003312587738037, 2.392101764678955, 2.39493989944458, 2.4064314365386963, 2.3941166400909424, 2.389910936355591, 2.405717372894287, 2.390825033187866, 2.39200758934021, 2.388855457305908, 2.3874566555023193, 2.385359764099121, 2.404538869857788, 2.4048678874969482, 2.413914442062378, 2.4099581241607666, 2.405745029449463, 2.3859260082244873, 2.386077642440796, 2.397390127182007, 2.4073493480682373, 2.3894691467285156, 2.3956263065338135, 2.4034688472747803, 2.407839298248291, 2.3958539962768555, 2.407297134399414, 2.4001431465148926, 2.3973937034606934, 2.398874044418335, 2.4014532566070557, 2.3914403915405273, 2.402986526489258, 2.3930249214172363, 2.3889894485473633, 2.4007129669189453, 2.387066125869751, 2.395007848739624, 2.399197816848755, 2.389514923095703, 2.3905997276306152, 2.3981821537017822, 2.4073493480682373, 2.416545867919922, 2.397341728210449, 2.393716812133789, 2.411926746368408, 2.3987443447113037, 2.39213228225708, 2.406538248062134, 2.3946285247802734, 2.3959879875183105, 2.4028611183166504, 2.393766164779663, 2.401554822921753, 2.3905746936798096, 2.3981258869171143, 2.4131033420562744, 2.3893380165100098, 2.4044430255889893, 2.4023680686950684, 2.4069137573242188, 2.395298480987549, 2.4007129669189453, 2.398921012878418, 2.395122528076172, 2.3991522789001465, 2.399003028869629, 2.4085803031921387, 2.405665397644043, 2.4047698974609375], "test_loss": 2.3987458893126505, "test_batch_lens": [4, 4, 4, 4, 4, 4, 4, 4, 4, 4, 4, 4, 4, 4, 4, 4, 4, 4, 4, 4, 4, 4, 4, 4, 4, 4, 4, 4, 4, 4, 4, 4, 4, 4, 4, 4, 4, 4, 4, 4, 4, 4, 4, 4, 4, 4, 4, 4, 4, 4, 4, 4, 4, 4, 4, 4, 4, 4, 4, 4, 4, 4, 4, 4, 4, 4, 4, 4, 4, 4, 4, 4, 4, 4, 4, 4, 4, 4, 4, 4, 4, 4, 4, 4, 4, 4, 4, 4, 4, 4, 4, 4, 4, 4, 4, 4, 4, 4, 4, 4, 4, 4, 4, 4, 4, 4, 4, 4, 4, 4, 4, 4, 4, 4, 4, 4, 4, 4, 4, 4, 4, 4, 4, 4, 4, 4, 4, 4, 4, 4, 4, 4, 4, 4, 4, 4, 4, 4, 4, 4, 4, 4, 4, 4, 4, 4, 4, 4, 4, 4, 4, 4, 4, 4, 4, 4, 4, 4, 4, 4, 4, 4, 3], "test_accuracy": 0.07680491551459294, "predictions": [10, 10, 10, 10, 10, 10, 10, 10, 10, 10, 10, 10, 10, 10, 10, 10, 10, 10, 10, 10, 10, 10, 10, 10, 10, 10, 10, 10, 10, 10, 10, 10, 10, 10, 10, 10, 10, 10, 10, 10, 10, 10, 10, 10, 10, 10, 10, 10, 10, 10, 10, 10, 10, 10, 10, 10, 10, 10, 10, 10, 10, 10, 10, 10, 10, 10, 10, 10, 10, 10, 10, 10, 10, 10, 10, 10, 10, 10, 10, 10, 10, 10, 10, 10, 10, 10, 10, 10, 10, 10, 10, 10, 10, 10, 10, 10, 10, 10, 10, 10, 10, 10, 10, 10, 10, 10, 10, 10, 10, 10, 10, 10, 10, 10, 10, 10, 10, 10, 10, 10, 10, 10, 10, 10, 10, 10, 10, 10, 10, 10, 10, 10, 10, 10, 10, 10, 10, 10, 10, 10, 10, 10, 10, 10, 10, 10, 10, 10, 10, 10, 10, 10, 10, 10, 10, 10, 10, 10, 10, 10, 10, 10, 10, 10, 10, 10, 10, 10, 10, 10, 10, 10, 10, 10, 10, 10, 10, 10, 10, 10, 10, 10, 10, 10, 10, 10, 10, 10, 10, 10, 10, 10, 10, 10, 10, 10, 10, 10, 10, 10, 10, 10, 10, 10, 10, 10, 10, 10, 10, 10, 10, 10, 10, 10, 10, 10, 10, 10, 10, 10, 10, 10, 10, 10, 10, 10, 10, 10, 10, 10, 10, 10, 10, 10, 10, 10, 10, 10, 10, 10, 10, 10, 10, 10, 10, 10, 10, 10, 10, 10, 10, 10, 10, 10, 10, 10, 10, 10, 10, 10, 10, 10, 10, 10, 10, 10, 10, 10, 10, 10, 10, 10, 10, 10, 10, 10, 10, 10, 10, 10, 10, 10, 10, 10, 10, 10, 10, 10, 10, 10, 10, 10, 10, 10, 10, 10, 10, 10, 10, 10, 10, 10, 10, 10, 10, 10, 10, 10, 10, 10, 10, 10, 10, 10, 10, 10, 10, 10, 10, 10, 10, 10, 10, 10, 10, 10, 10, 10, 10, 10, 10, 10, 10, 10, 10, 10, 10, 10, 10, 10, 10, 10, 10, 10, 10, 10, 10, 10, 10, 10, 10, 10, 10, 10, 10, 10, 10, 10, 10, 10, 10, 10, 10, 10, 10, 10, 10, 10, 10, 10, 10, 10, 10, 10, 10, 10, 10, 10, 10, 10, 10, 10, 10, 10, 10, 10, 10, 10, 10, 10, 10, 10, 10, 10, 10, 10, 10, 10, 10, 10, 10, 10, 10, 10, 10, 10, 10, 10, 10, 10, 10, 10, 10, 10, 10, 10, 10, 10, 10, 10, 10, 10, 10, 10, 10, 10, 10, 10, 10, 10, 10, 10, 10, 10, 10, 10, 10, 10, 10, 10, 10, 10, 10, 10, 10, 10, 10, 10, 10, 10, 10, 10, 10, 10, 10, 10, 10, 10, 10, 10, 10, 10, 10, 10, 10, 10, 10, 10, 10, 10, 10, 10, 10, 10, 10, 10, 10, 10, 10, 10, 10, 10, 10, 10, 10, 10, 10, 10, 10, 10, 10, 10, 10, 10, 10, 10, 10, 10, 10, 10, 10, 10, 10, 10, 10, 10, 10, 10, 10, 10, 10, 10, 10, 10, 10, 10, 10, 10, 10, 10, 10, 10, 10, 10, 10, 10, 10, 10, 10, 10, 10, 10, 10, 10, 10, 10, 10, 10, 10, 10, 10, 10, 10, 10, 10, 10, 10, 10, 10, 10, 10, 10, 10, 10, 10, 10, 10, 10, 10, 10, 10, 10, 10, 10, 10, 10, 10, 10, 10, 10, 10, 10, 10, 10, 10, 10, 10, 10, 10, 10, 10, 10, 10, 10, 10, 10, 10, 10, 10, 10, 10, 10, 10, 10, 10, 10, 10, 10, 10, 10, 10, 10, 10, 10, 10, 10, 10, 10, 10, 10, 10, 10, 10, 10, 10, 10, 10, 10, 10, 10, 10, 10, 10, 10, 10, 10, 10, 10, 10, 10, 10, 10, 10, 10, 10, 10, 10, 10, 10, 10, 10, 10, 10, 10, 10, 10, 10, 10, 10, 10, 10],