{"val_acc": [0.1490015360983103, 0.2227342549923195, 0.3563748079877112, 0.38863287250384027, 0.5529953917050692, 0.5391705069124424, 0.631336405529954, 0.6374807987711214, 0.7188940092165899, 0.7434715821812596], "val_loss": [2.2874347783305162, 2.049211069118757, 1.673979556725069, 1.6136100120339656, 1.3035717980444796, 1.2549830192437201, 0.9998553730090337, 1.0121604770284856, 0.8159108942180323, 0.768666153122311], "train_loss": [2.222376470903366, 2.1630198611222005, 1.8864169782152542, 1.70775612855894, 1.5115253877009716, 1.2556178183909743, 1.0932906884347822, 0.9810069644685485, 0.8859098491675734, 0.8072701750021516], "test_correct_in_batch": [4.0, 3.0, 2.0, 1.0, 3.0, 3.0, 2.0, 2.0, 3.0, 4.0, 4.0, 2.0, 2.0, 3.0, 4.0, 3.0, 3.0, 3.0, 1.0, 3.0, 2.0, 3.0, 3.0, 4.0, 2.0, 3.0, 3.0, 3.0, 3.0, 3.0, 2.0, 4.0, 4.0, 4.0, 3.0, 3.0, 2.0, 4.0, 3.0, 4.0, 3.0, 3.0, 4.0, 4.0, 2.0, 4.0, 2.0, 1.0, 3.0, 3.0, 3.0, 1.0, 3.0, 3.0, 3.0, 3.0, 3.0, 3.0, 3.0, 2.0, 3.0, 4.0, 2.0, 4.0, 4.0, 4.0, 4.0, 3.0, 2.0, 3.0, 1.0, 4.0, 3.0, 3.0, 4.0, 4.0, 3.0, 4.0, 4.0, 3.0, 3.0, 3.0, 3.0, 2.0, 2.0, 4.0, 3.0, 3.0, 2.0, 3.0, 4.0, 2.0, 2.0, 4.0, 4.0, 3.0, 3.0, 3.0, 3.0, 4.0, 2.0, 4.0, 4.0, 2.0, 3.0, 2.0, 2.0, 1.0, 4.0, 4.0, 4.0, 3.0, 2.0, 4.0, 3.0, 4.0, 2.0, 2.0, 4.0, 2.0, 3.0, 3.0, 4.0, 4.0, 4.0, 2.0, 2.0, 3.0, 3.0, 3.0, 2.0, 4.0, 4.0, 1.0, 3.0, 2.0, 4.0, 3.0, 2.0, 2.0, 4.0, 4.0, 2.0, 3.0, 4.0, 2.0, 3.0, 2.0, 3.0, 2.0, 3.0, 1.0, 3.0, 4.0, 2.0, 3.0, 3.0, 2.0, 4.0, 3.0, 4.0, 3.0, 3.0], "test_losses": [0.07258455455303192, 0.7741698026657104, 1.337297797203064, 1.9812220335006714, 0.8010651469230652, 0.639884889125824, 1.445788860321045, 1.8305829763412476, 0.7059236764907837, 0.08381332457065582, 0.13855259120464325, 0.9906520247459412, 1.7654939889907837, 0.3364693820476532, 0.3165681064128876, 0.7202443480491638, 0.7788113951683044, 0.727320671081543, 2.2549705505371094, 1.012802004814148, 1.2065058946609497, 0.9063671231269836, 0.9675420522689819, 0.13665369153022766, 1.0531290769577026, 0.7198373675346375, 0.5334655046463013, 0.6795529127120972, 0.7844831347465515, 0.7140192985534668, 1.1829668283462524, 0.2567901909351349, 0.22279854118824005, 0.05513618141412735, 1.031604290008545, 0.5055298805236816, 0.9547451138496399, 0.21051883697509766, 0.3742460012435913, 0.09356078505516052, 0.6677694320678711, 0.567219078540802, 0.6274229884147644, 0.08365903794765472, 1.2919940948486328, 0.16228145360946655, 1.0384095907211304, 1.3160271644592285, 0.6419870853424072, 0.9455353021621704, 1.2281906604766846, 1.6920181512832642, 0.6125317215919495, 1.4438269138336182, 0.80108642578125, 0.49049583077430725, 0.46059009432792664, 0.4244590997695923, 0.5069964528083801, 1.796511173248291, 0.6311333179473877, 0.2657335698604584, 0.7891196012496948, 0.2642970383167267, 0.2969869375228882, 0.27879518270492554, 0.47420698404312134, 0.7557669281959534, 0.9748113751411438, 0.7957550883293152, 1.745589256286621, 0.2904009521007538, 1.26810884475708, 1.3329945802688599, 0.18164673447608948, 0.5582354068756104, 0.3261413872241974, 0.19769850373268127, 0.15034347772598267, 0.8160013556480408, 0.8357287645339966, 0.7333418726921082, 0.9063613414764404, 1.7229722738265991, 1.083528995513916, 0.4414590299129486, 0.668524444103241, 0.6010251045227051, 0.663442075252533, 0.6064810156822205, 0.2875608503818512, 1.4036866426467896, 1.4841059446334839, 0.6417529582977295, 0.18515485525131226, 1.0542958974838257, 1.1901116371154785, 1.3313101530075073, 0.7154901027679443, 0.09322027862071991, 1.294919729232788, 0.4011191129684448, 0.5736525058746338, 0.7566735148429871, 0.5280280709266663, 0.8637715578079224, 1.2179949283599854, 2.0248501300811768, 0.4497680068016052, 0.3081636130809784, 0.05513365566730499, 1.083047866821289, 0.644503653049469, 0.14558368921279907, 0.5255618691444397, 0.37896281480789185, 1.2411065101623535, 0.5822142362594604, 0.23931154608726501, 0.9582977294921875, 0.7558075785636902, 0.9834417104721069, 0.36020249128341675, 0.48268160223960876, 0.36427539587020874, 0.8040978908538818, 1.571828842163086, 0.9329583048820496, 0.3934336304664612, 0.3300072252750397, 1.052734375, 0.18646767735481262, 0.41785547137260437, 2.30511474609375, 0.7598117589950562, 1.2971391677856445, 0.25534212589263916, 0.5848978757858276, 1.4998935461044312, 1.7824509143829346, 0.1106409803032875, 0.43654075264930725, 1.1104798316955566, 0.8308287262916565, 0.4127335846424103, 0.7504094839096069, 0.7450353503227234, 1.1323884725570679, 1.2726659774780273, 0.886408269405365, 0.504111111164093, 1.5987739562988281, 0.4927784204483032, 0.5253665447235107, 1.41434907913208, 0.33625203371047974, 1.0073965787887573, 0.908355176448822, 0.1319892704486847, 0.6507205367088318, 0.272895485162735, 0.6773350238800049, 0.35280081629753113], "test_loss": 0.7674869072217883, "test_batch_lens": [4, 4, 4, 4, 4, 4, 4, 4, 4, 4, 4, 4, 4, 4, 4, 4, 4, 4, 4, 4, 4, 4, 4, 4, 4, 4, 4, 4, 4, 4, 4, 4, 4, 4, 4, 4, 4, 4, 4, 4, 4, 4, 4, 4, 4, 4, 4, 4, 4, 4, 4, 4, 4, 4, 4, 4, 4, 4, 4, 4, 4, 4, 4, 4, 4, 4, 4, 4, 4, 4, 4, 4, 4, 4, 4, 4, 4, 4, 4, 4, 4, 4, 4, 4, 4, 4, 4, 4, 4, 4, 4, 4, 4, 4, 4, 4, 4, 4, 4, 4, 4, 4, 4, 4, 4, 4, 4, 4, 4, 4, 4, 4, 4, 4, 4, 4, 4, 4, 4, 4, 4, 4, 4, 4, 4, 4, 4, 4, 4, 4, 4, 4, 4, 4, 4, 4, 4, 4, 4, 4, 4, 4, 4, 4, 4, 4, 4, 4, 4, 4, 4, 4, 4, 4, 4, 4, 4, 4, 4, 4, 4, 4, 3], "test_accuracy": 0.7403993855606759, "predictions": [7, 4, 1, 10, 7, 1, 8, 5, 1, 1, 4, 7, 3, 9, 8, 8, 9, 6, 4, 2, 8, 10, 0, 4, 6, 1, 4, 6, 2, 8, 7, 1, 1, 1, 6, 3, 10, 5, 5, 0, 10, 3, 2, 10, 7, 7, 2, 3, 3, 9, 2, 4, 3, 4, 6, 0, 1, 9, 1, 10, 10, 6, 0, 6, 5, 9, 8, 5, 8, 1, 0, 1, 5, 3, 8, 6, 6, 2, 9, 2, 1, 1, 8, 1, 5, 5, 1, 3, 0, 0, 9, 10, 10, 7, 1, 5, 0, 6, 2, 7, 5, 0, 10, 6, 10, 8, 1, 9, 10, 4, 7, 9, 0, 3, 7, 8, 0, 8, 5, 0, 4, 0, 9, 6, 5, 1, 7, 9, 6, 7, 4, 0, 10, 10, 7, 9, 4, 1, 9, 3, 10, 3, 3, 4, 5, 7, 9, 7, 2, 10, 2, 4, 10, 10, 3, 0, 10, 5, 4, 7, 8, 4, 10, 4, 2, 1, 10, 5, 8, 0, 9, 0, 10, 7, 6, 8, 8, 8, 1, 10, 6, 3, 5, 3, 9, 2, 2, 8, 1, 2, 7, 9, 0, 9, 9, 5, 0, 3, 5, 9, 9, 1, 6, 1, 4, 9, 5, 9, 3, 9, 5, 2, 5, 5, 4, 5, 2, 10, 5, 4, 7, 1, 0, 6, 7, 1, 5, 7, 0, 0, 1, 6, 1, 7, 7, 2, 10, 5, 0, 10, 9, 9, 3, 3, 1, 7, 8, 5, 2, 5, 10, 3, 1, 2, 3, 10, 6, 9, 5, 3, 3, 10, 7, 1, 5, 1, 8, 1, 5, 7, 3, 10, 0, 5, 9, 2, 7, 9, 9, 7, 10, 0, 5, 10, 2, 4, 2, 5, 6, 3, 8, 0, 2, 6, 0, 1, 2, 7, 3, 2, 4, 10, 8, 6, 6, 5, 2, 7, 10, 1, 7, 6, 9, 2, 5, 2, 0, 4, 4, 3, 2, 6, 7, 7, 1, 10, 8, 5, 2, 9, 4, 5, 3, 0, 4, 7, 1, 3, 0, 2, 5, 0, 7, 10, 5, 1, 5, 7, 3, 6, 9, 6, 9, 4, 5, 1, 5, 3, 7, 7, 4, 4, 6, 10, 4, 9, 10, 5, 6, 9, 5, 0, 5, 0, 9, 10, 5, 0, 3, 7, 3, 0, 8, 2, 10, 4, 4, 9, 3, 7, 1, 9, 9, 9, 0, 0, 5, 6, 9, 9, 7, 7, 10, 6, 1, 10, 10, 5, 5, 7, 3, 3, 5, 10, 4, 1, 2, 3, 1, 3, 0, 9, 4, 0, 2, 0, 3, 7, 7, 5, 7, 3, 8, 0, 3, 2, 2, 3, 7, 10, 10, 4, 10, 6, 6, 5, 0, 6, 5, 2, 3, 9, 9, 5, 9, 9, 1, 8, 5, 7, 9, 10, 1, 8, 0, 6, 3, 6, 10, 4, 10, 3, 1, 2, 8, 2, 5, 8, 2, 8, 4, 9, 0, 7, 6, 9, 9, 0, 2, 8, 6, 9, 3, 7, 2, 4, 3, 0, 1, 3, 5, 6, 0, 4, 2, 1, 3, 5, 1, 1, 7, 10, 4, 10, 4, 5, 5, 7, 5, 3, 9, 5, 2, 4, 5, 4, 9, 5, 9, 7, 7, 2, 8, 2, 5, 5, 2, 6, 1, 8, 9, 1, 5, 5, 2, 0, 9, 7, 6, 4, 6, 9, 5, 10, 8, 3, 2, 1, 7, 10, 2, 7, 9, 6, 7, 8, 9, 0, 7, 2, 2, 5, 2, 10, 10, 7, 9, 6, 8, 6, 6, 9, 7, 5, 7, 1, 4, 9, 1, 3, 7, 5, 1, 7, 5, 2, 0, 8, 6, 0, 7, 4, 8, 5, 2, 6, 5, 6, 1, 5, 3, 1, 1, 4, 7, 1, 9, 7, 6, 9, 10, 7, 1, 3, 3, 0, 1, 4, 1, 10, 7, 6, 9, 9, 4, 0, 2, 3, 1, 8, 6, 8, 1, 7, 4, 9, 2, 0, 8, 6, 7],