{"val_acc": [0.5483870967741935, 0.7403993855606759, 0.7910906298003072, 0.815668202764977, 0.8218125960061444, 0.8341013824884793, 0.8417818740399385, 0.8602150537634409, 0.8602150537634409, 0.8648233486943164], "val_loss": [1.222141079284662, 0.7111556076678944, 0.5742621352450431, 0.5473689271959882, 0.5339579746824192, 0.47128340885960185, 0.4453617397101562, 0.43802157256815105, 0.4098736248350491, 0.3821882386920414], "train_loss": [1.6199020372852093, 0.9161956975914216, 0.6959079318319051, 0.6045314616247311, 0.5422966925304487, 0.4980685636875719, 0.473776289823501, 0.4444194723190141, 0.42109652431776584, 0.406927123897342], "test_correct_in_batch": [4.0, 3.0, 4.0, 2.0, 4.0, 4.0, 2.0, 3.0, 3.0, 4.0, 4.0, 3.0, 2.0, 4.0, 4.0, 3.0, 3.0, 2.0, 4.0, 4.0, 3.0, 4.0, 1.0, 3.0, 4.0, 4.0, 4.0, 3.0, 3.0, 4.0, 1.0, 3.0, 4.0, 3.0, 3.0, 3.0, 4.0, 4.0, 4.0, 4.0, 4.0, 4.0, 4.0, 4.0, 3.0, 4.0, 3.0, 4.0, 4.0, 3.0, 3.0, 2.0, 4.0, 4.0, 4.0, 4.0, 4.0, 4.0, 4.0, 3.0, 4.0, 4.0, 4.0, 4.0, 4.0, 4.0, 4.0, 4.0, 3.0, 3.0, 2.0, 4.0, 4.0, 4.0, 4.0, 3.0, 4.0, 4.0, 2.0, 4.0, 4.0, 4.0, 4.0, 2.0, 3.0, 3.0, 3.0, 3.0, 4.0, 3.0, 3.0, 3.0, 2.0, 3.0, 4.0, 4.0, 3.0, 3.0, 2.0, 4.0, 2.0, 4.0, 4.0, 4.0, 3.0, 3.0, 3.0, 4.0, 4.0, 4.0, 4.0, 3.0, 4.0, 4.0, 3.0, 4.0, 3.0, 4.0, 4.0, 4.0, 4.0, 3.0, 4.0, 4.0, 3.0, 4.0, 4.0, 3.0, 4.0, 4.0, 4.0, 4.0, 4.0, 3.0, 3.0, 3.0, 4.0, 3.0, 3.0, 3.0, 4.0, 2.0, 3.0, 4.0, 3.0, 3.0, 3.0, 3.0, 3.0, 4.0, 4.0, 4.0, 4.0, 4.0, 3.0, 4.0, 4.0, 4.0, 2.0, 4.0, 4.0, 3.0, 3.0], "test_losses": [0.012965606525540352, 0.28965499997138977, 0.16833996772766113, 1.5971665382385254, 0.008067378774285316, 0.021846953779459, 2.543631076812744, 0.6364148259162903, 0.5795171856880188, 0.01957136020064354, 0.019226383417844772, 0.2287328839302063, 0.7772781848907471, 0.16636794805526733, 0.03494298458099365, 0.5856163501739502, 0.5907881855964661, 0.9683019518852234, 0.42166319489479065, 0.4022557735443115, 0.7321783900260925, 0.04936661571264267, 1.7833828926086426, 0.5615599751472473, 0.4015645980834961, 0.03549865633249283, 0.014167987741529942, 0.604623556137085, 0.9711445569992065, 0.020277217030525208, 1.967490792274475, 0.2795768082141876, 0.00809971522539854, 0.8530765771865845, 0.6418198943138123, 0.3005695343017578, 0.02091892994940281, 0.005790548399090767, 0.20112858712673187, 0.022118840366601944, 0.2155134379863739, 0.08069690316915512, 0.6944974660873413, 0.022619090974330902, 0.7950982451438904, 0.11726494133472443, 0.26939812302589417, 0.41499221324920654, 0.20743724703788757, 0.4084400534629822, 1.0180035829544067, 1.953116774559021, 0.041525378823280334, 0.25274455547332764, 0.25589078664779663, 0.03536858782172203, 0.009341553784906864, 0.08205985277891159, 0.09225013107061386, 0.3019373416900635, 0.03803335130214691, 0.09171411395072937, 0.1107332706451416, 0.056095629930496216, 0.10739430040121078, 0.23994261026382446, 0.030377671122550964, 0.38302165269851685, 0.6505453586578369, 0.6484599113464355, 1.0605530738830566, 0.23182067275047302, 0.12083125859498978, 0.2283792942762375, 0.006945889443159103, 0.8561362624168396, 0.0038869415875524282, 0.008504842408001423, 1.0035587549209595, 0.18503053486347198, 0.17145225405693054, 0.14578963816165924, 0.05865737423300743, 1.255491852760315, 0.5441821813583374, 1.8170733451843262, 0.4400075376033783, 0.4829576909542084, 0.1735398769378662, 0.7781262397766113, 1.1456174850463867, 1.0629661083221436, 0.519462525844574, 0.5974498391151428, 0.049888525158166885, 0.08072558045387268, 1.5832629203796387, 1.8388100862503052, 0.7123268246650696, 0.22582027316093445, 1.1277446746826172, 0.08341555297374725, 0.05353686958551407, 0.11276762932538986, 0.8167548775672913, 0.5414418578147888, 0.2597111761569977, 0.05920759588479996, 0.16948822140693665, 0.04553753137588501, 0.0413929745554924, 0.8168282508850098, 0.21167601644992828, 0.13404005765914917, 0.5113623738288879, 0.12185408920049667, 0.505983829498291, 0.06915634870529175, 0.020655939355492592, 0.2092057466506958, 0.27234169840812683, 0.765080988407135, 0.084256112575531, 0.03875859081745148, 1.1315340995788574, 0.3504410982131958, 0.35645514726638794, 0.32975995540618896, 0.18062034249305725, 0.15373210608959198, 0.3154655694961548, 0.05062316358089447, 0.07189297676086426, 0.6136227250099182, 0.4888712763786316, 0.620177149772644, 0.019590800628066063, 0.6422358155250549, 0.7375094890594482, 0.8711714744567871, 0.047763895243406296, 1.1267125606536865, 0.796051025390625, 0.007487673778086901, 0.5596886277198792, 0.6010726094245911, 0.7721583843231201, 1.617861270904541, 1.2535693645477295, 0.035900332033634186, 0.24579599499702454, 0.06892099976539612, 0.020474376156926155, 0.028366651386022568, 0.40551993250846863, 0.3134441375732422, 0.35776978731155396, 0.38664501905441284, 0.7983561754226685, 0.2035170942544937, 0.058777231723070145, 0.6506195068359375, 0.24127207696437836], "test_loss": 0.43658970031413064, "test_batch_lens": [4, 4, 4, 4, 4, 4, 4, 4, 4, 4, 4, 4, 4, 4, 4, 4, 4, 4, 4, 4, 4, 4, 4, 4, 4, 4, 4, 4, 4, 4, 4, 4, 4, 4, 4, 4, 4, 4, 4, 4, 4, 4, 4, 4, 4, 4, 4, 4, 4, 4, 4, 4, 4, 4, 4, 4, 4, 4, 4, 4, 4, 4, 4, 4, 4, 4, 4, 4, 4, 4, 4, 4, 4, 4, 4, 4, 4, 4, 4, 4, 4, 4, 4, 4, 4, 4, 4, 4, 4, 4, 4, 4, 4, 4, 4, 4, 4, 4, 4, 4, 4, 4, 4, 4, 4, 4, 4, 4, 4, 4, 4, 4, 4, 4, 4, 4, 4, 4, 4, 4, 4, 4, 4, 4, 4, 4, 4, 4, 4, 4, 4, 4, 4, 4, 4, 4, 4, 4, 4, 4, 4, 4, 4, 4, 4, 4, 4, 4, 4, 4, 4, 4, 4, 4, 4, 4, 4, 4, 4, 4, 4, 4, 3], "test_accuracy": 0.8663594470046083, "predictions": [7, 4, 1, 10, 1, 1, 8, 8, 0, 8, 4, 7, 1, 9, 8, 8, 9, 6, 4, 9, 8, 10, 1, 4, 6, 1, 9, 6, 6, 8, 2, 0, 1, 0, 6, 3, 10, 5, 5, 0, 10, 3, 2, 10, 7, 8, 9, 3, 8, 8, 2, 4, 3, 4, 6, 1, 1, 9, 1, 10, 10, 6, 2, 6, 5, 9, 8, 5, 6, 8, 3, 1, 1, 3, 1, 8, 6, 8, 9, 2, 3, 1, 1, 1, 5, 5, 1, 8, 8, 9, 9, 2, 10, 7, 0, 5, 1, 8, 2, 7, 5, 1, 10, 6, 10, 8, 3, 9, 10, 4, 7, 9, 0, 3, 7, 3, 0, 8, 0, 0, 4, 3, 8, 8, 5, 1, 7, 2, 6, 7, 4, 0, 10, 2, 7, 9, 4, 3, 9, 0, 10, 3, 0, 9, 4, 7, 4, 7, 2, 10, 2, 4, 10, 10, 1, 0, 10, 5, 4, 7, 8, 9, 10, 4, 2, 3, 10, 5, 8, 0, 9, 0, 10, 7, 6, 8, 6, 8, 1, 2, 6, 3, 5, 3, 4, 3, 4, 8, 3, 2, 0, 2, 0, 9, 9, 8, 1, 1, 5, 9, 9, 1, 6, 1, 4, 9, 9, 8, 3, 9, 5, 6, 2, 5, 4, 5, 2, 10, 8, 4, 7, 3, 0, 6, 7, 0, 5, 7, 1, 0, 1, 6, 3, 7, 7, 2, 10, 9, 3, 10, 9, 4, 3, 3, 1, 7, 8, 5, 2, 4, 10, 1, 1, 2, 3, 10, 6, 9, 5, 3, 3, 10, 7, 1, 5, 1, 8, 1, 8, 7, 3, 10, 3, 5, 9, 2, 7, 9, 9, 7, 9, 0, 8, 10, 2, 4, 2, 5, 5, 3, 8, 0, 8, 6, 0, 1, 2, 7, 3, 2, 4, 10, 3, 6, 6, 0, 2, 7, 10, 1, 7, 6, 4, 2, 5, 3, 0, 9, 4, 3, 2, 6, 7, 9, 1, 8, 8, 5, 2, 9, 4, 1, 3, 8, 8, 7, 1, 2, 1, 2, 5, 0, 4, 10, 5, 0, 8, 7, 3, 6, 9, 6, 4, 9, 5, 1, 1, 3, 7, 7, 4, 9, 6, 10, 8, 9, 10, 5, 6, 9, 4, 1, 5, 0, 8, 10, 5, 0, 3, 7, 3, 1, 8, 2, 3, 4, 4, 9, 3, 7, 8, 9, 7, 9, 0, 0, 5, 6, 9, 9, 7, 7, 8, 8, 1, 10, 10, 5, 5, 7, 3, 3, 5, 10, 9, 7, 2, 3, 0, 1, 0, 5, 4, 0, 2, 0, 3, 8, 8, 4, 8, 3, 8, 0, 3, 2, 2, 3, 7, 10, 10, 4, 10, 6, 6, 5, 0, 2, 8, 2, 1, 9, 9, 5, 9, 9, 1, 3, 5, 8, 9, 10, 1, 8, 1, 6, 3, 4, 2, 4, 10, 1, 1, 2, 8, 2, 4, 8, 2, 5, 9, 9, 0, 7, 6, 9, 9, 0, 2, 8, 6, 9, 3, 7, 2, 4, 10, 0, 1, 3, 9, 6, 3, 4, 6, 3, 3, 5, 0, 7, 7, 10, 4, 10, 2, 5, 5, 7, 5, 1, 4, 5, 0, 4, 5, 4, 9, 5, 9, 7, 7, 2, 0, 2, 9, 3, 2, 2, 1, 8, 9, 3, 8, 8, 2, 0, 9, 7, 6, 1, 6, 9, 0, 10, 8, 1, 2, 1, 7, 3, 2, 7, 9, 6, 8, 3, 9, 0, 8, 2, 1, 5, 2, 10, 8, 7, 4, 6, 8, 6, 6, 9, 7, 9, 7, 1, 4, 9, 3, 3, 7, 8, 1, 7, 5, 2, 0, 7, 8, 0, 7, 4, 5, 5, 4, 8, 6, 6, 1, 5, 3, 0, 1, 4, 7, 1, 9, 1, 6, 6, 10, 7, 1, 0, 3, 9, 1, 4, 3, 10, 7, 8, 9, 9, 2, 1, 2, 3, 7, 8, 6, 8, 1, 7, 4, 7, 2, 0, 8, 6, 7],