{"val_acc": [0.0706605222734255, 0.0967741935483871, 0.0706605222734255, 0.0967741935483871, 0.12749615975422426, 0.0967741935483871, 0.12749615975422426, 0.10445468509984639, 0.0967741935483871, 0.0967741935483871], "val_loss": [2.4128670356024995, 2.4252234807043718, 2.426145258125352, 2.3954258345387465, 2.4078426843771905, 2.4289516481153806, 2.387937605746685, 2.412071374296411, 2.4297029752672814, 2.40981125831604], "train_loss": [2.4359213644224704, 2.430028529492414, 2.4296473750818404, 2.4260790595064954, 2.425878930770081, 2.425044550752339, 2.425820353171042, 2.4247486945479526, 2.424205027933708, 2.424645858452974], "test_correct_in_batch": [1.0, 0.0, 0.0, 0.0, 0.0, 1.0, 0.0, 0.0, 0.0, 1.0, 2.0, 0.0, 0.0, 0.0, 1.0, 1.0, 0.0, 0.0, 0.0, 0.0, 0.0, 0.0, 1.0, 1.0, 0.0, 1.0, 1.0, 1.0, 0.0, 0.0, 0.0, 0.0, 0.0, 2.0, 0.0, 1.0, 0.0, 1.0, 2.0, 1.0, 1.0, 1.0, 0.0, 1.0, 0.0, 0.0, 0.0, 0.0, 0.0, 0.0, 0.0, 0.0, 0.0, 0.0, 1.0, 0.0, 0.0, 0.0, 0.0, 2.0, 0.0, 0.0, 1.0, 1.0, 0.0, 1.0, 0.0, 1.0, 0.0, 0.0, 1.0, 0.0, 0.0, 0.0, 0.0, 1.0, 0.0, 1.0, 0.0, 0.0, 0.0, 0.0, 0.0, 0.0, 0.0, 1.0, 0.0, 0.0, 0.0, 0.0, 1.0, 0.0, 0.0, 1.0, 0.0, 0.0, 0.0, 0.0, 0.0, 0.0, 0.0, 2.0, 0.0, 1.0, 0.0, 0.0, 0.0, 0.0, 0.0, 1.0, 2.0, 0.0, 0.0, 0.0, 0.0, 1.0, 0.0, 1.0, 0.0, 0.0, 0.0, 0.0, 0.0, 0.0, 0.0, 0.0, 0.0, 1.0, 1.0, 0.0, 0.0, 0.0, 0.0, 0.0, 0.0, 0.0, 0.0, 0.0, 1.0, 0.0, 0.0, 0.0, 1.0, 1.0, 0.0, 0.0, 0.0, 0.0, 0.0, 0.0, 0.0, 0.0, 0.0, 0.0, 0.0, 1.0, 0.0, 1.0, 0.0, 0.0, 0.0, 0.0, 0.0], "test_losses": [2.41231107711792, 2.6227293014526367, 2.4920670986175537, 2.4088075160980225, 2.411916732788086, 2.5208096504211426, 2.5634512901306152, 2.527595043182373, 2.403515338897705, 2.385159492492676, 2.200503349304199, 2.437807083129883, 2.45462703704834, 2.4334819316864014, 2.471552610397339, 2.3954544067382812, 2.557901382446289, 2.569436550140381, 2.5694363117218018, 2.4552063941955566, 2.4269349575042725, 2.6028168201446533, 2.3601808547973633, 2.4098172187805176, 2.512629270553589, 2.4247822761535645, 2.3676319122314453, 2.41231107711792, 2.3177437782287598, 2.4857943058013916, 2.4867749214172363, 2.466845750808716, 2.398533344268799, 2.2529280185699463, 2.4895968437194824, 2.225130319595337, 2.4100983142852783, 2.319899797439575, 2.3455734252929688, 2.3673958778381348, 2.4484217166900635, 2.2850043773651123, 2.4823572635650635, 2.3997795581817627, 2.5328874588012695, 2.307776927947998, 2.4546265602111816, 2.2995753288269043, 2.4789204597473145, 2.432842969894409, 2.6184048652648926, 2.4845943450927734, 2.3585991859436035, 2.450295925140381, 2.429999351501465, 2.317744016647339, 2.381074905395508, 2.530162811279297, 2.2809197902679443, 2.248891830444336, 2.3121259212493896, 2.5585243701934814, 2.4107093811035156, 2.3299198150634766, 2.3585996627807617, 2.331521511077881, 2.6477320194244385, 2.3508119583129883, 2.323610782623291, 2.299342155456543, 2.5082778930664062, 2.4044008255004883, 2.4555695056915283, 2.5494532585144043, 2.279318332672119, 2.446566581726074, 2.3501453399658203, 2.3804893493652344, 2.374434232711792, 2.3663856983184814, 2.346708059310913, 2.6670219898223877, 2.467738151550293, 2.5610177516937256, 2.40252947807312, 2.3408663272857666, 2.4253673553466797, 2.359239101409912, 2.5136327743530273, 2.391019821166992, 2.384855270385742, 2.5946342945098877, 2.398533344268799, 2.3576865196228027, 2.347071886062622, 2.4786272048950195, 2.42531681060791, 2.316162109375, 2.4206459522247314, 2.4094228744506836, 2.3483099937438965, 2.3696088790893555, 2.2928123474121094, 2.3374295234680176, 2.459336280822754, 2.5170695781707764, 2.532886505126953, 2.5463056564331055, 2.4096758365631104, 2.2407116889953613, 2.2978596687316895, 2.4128596782684326, 2.529449701309204, 2.411278009414673, 2.4160232543945312, 2.490842819213867, 2.4951930046081543, 2.4107093811035156, 2.5110278129577637, 2.5145010948181152, 2.370422124862671, 2.3669655323028564, 2.4552061557769775, 2.3277063369750977, 2.3579840660095215, 2.361093759536743, 2.307776927947998, 2.38578200340271, 2.3657946586608887, 2.494318723678589, 2.4746482372283936, 2.468717575073242, 2.3317432403564453, 2.347963809967041, 2.529449462890625, 2.6395492553710938, 2.3520002365112305, 2.3800954818725586, 2.5135698318481445, 2.4185173511505127, 2.346708059310913, 2.4621005058288574, 2.4275057315826416, 2.3832128047943115, 2.471773386001587, 2.39509654045105, 2.4886300563812256, 2.2953054904937744, 2.496812343597412, 2.4655373096466064, 2.451897144317627, 2.501739978790283, 2.436279535293579, 2.5417275428771973, 2.410061836242676, 2.3857815265655518, 2.4353368282318115, 2.350811719894409, 2.4172091484069824, 2.389418125152588, 2.52919602394104, 2.402223825454712, 2.481142282485962], "test_loss": 2.4233423756675485, "test_batch_lens": [4, 4, 4, 4, 4, 4, 4, 4, 4, 4, 4, 4, 4, 4, 4, 4, 4, 4, 4, 4, 4, 4, 4, 4, 4, 4, 4, 4, 4, 4, 4, 4, 4, 4, 4, 4, 4, 4, 4, 4, 4, 4, 4, 4, 4, 4, 4, 4, 4, 4, 4, 4, 4, 4, 4, 4, 4, 4, 4, 4, 4, 4, 4, 4, 4, 4, 4, 4, 4, 4, 4, 4, 4, 4, 4, 4, 4, 4, 4, 4, 4, 4, 4, 4, 4, 4, 4, 4, 4, 4, 4, 4, 4, 4, 4, 4, 4, 4, 4, 4, 4, 4, 4, 4, 4, 4, 4, 4, 4, 4, 4, 4, 4, 4, 4, 4, 4, 4, 4, 4, 4, 4, 4, 4, 4, 4, 4, 4, 4, 4, 4, 4, 4, 4, 4, 4, 4, 4, 4, 4, 4, 4, 4, 4, 4, 4, 4, 4, 4, 4, 4, 4, 4, 4, 4, 4, 4, 4, 4, 4, 4, 4, 3], "test_accuracy": 0.07680491551459294, "predictions": [10, 10, 10, 10, 10, 10, 10, 10, 10, 10, 10, 10, 10, 10, 10, 10, 10, 10, 10, 10, 10, 10, 10, 10, 10, 10, 10, 10, 10, 10, 10, 10, 10, 10, 10, 10, 10, 10, 10, 10, 10, 10, 10, 10, 10, 10, 10, 10, 10, 10, 10, 10, 10, 10, 10, 10, 10, 10, 10, 10, 10, 10, 10, 10, 10, 10, 10, 10, 10, 10, 10, 10, 10, 10, 10, 10, 10, 10, 10, 10, 10, 10, 10, 10, 10, 10, 10, 10, 10, 10, 10, 10, 10, 10, 10, 10, 10, 10, 10, 10, 10, 10, 10, 10, 10, 10, 10, 10, 10, 10, 10, 10, 10, 10, 10, 10, 10, 10, 10, 10, 10, 10, 10, 10, 10, 10, 10, 10, 10, 10, 10, 10, 10, 10, 10, 10, 10, 10, 10, 10, 10, 10, 10, 10, 10, 10, 10, 10, 10, 10, 10, 10, 10, 10, 10, 10, 10, 10, 10, 10, 10, 10, 10, 10, 10, 10, 10, 10, 10, 10, 10, 10, 10, 10, 10, 10, 10, 10, 10, 10, 10, 10, 10, 10, 10, 10, 10, 10, 10, 10, 10, 10, 10, 10, 10, 10, 10, 10, 10, 10, 10, 10, 10, 10, 10, 10, 10, 10, 10, 10, 10, 10, 10, 10, 10, 10, 10, 10, 10, 10, 10, 10, 10, 10, 10, 10, 10, 10, 10, 10, 10, 10, 10, 10, 10, 10, 10, 10, 10, 10, 10, 10, 10, 10, 10, 10, 10, 10, 10, 10, 10, 10, 10, 10, 10, 10, 10, 10, 10, 10, 10, 10, 10, 10, 10, 10, 10, 10, 10, 10, 10, 10, 10, 10, 10, 10, 10, 10, 10, 10, 10, 10, 10, 10, 10, 10, 10, 10, 10, 10, 10, 10, 10, 10, 10, 10, 10, 10, 10, 10, 10, 10, 10, 10, 10, 10, 10, 10, 10, 10, 10, 10, 10, 10, 10, 10, 10, 10, 10, 10, 10, 10, 10, 10, 10, 10, 10, 10, 10, 10, 10, 10, 10, 10, 10, 10, 10, 10, 10, 10, 10, 10, 10, 10, 10, 10, 10, 10, 10, 10, 10, 10, 10, 10, 10, 10, 10, 10, 10, 10, 10, 10, 10, 10, 10, 10, 10, 10, 10, 10, 10, 10, 10, 10, 10, 10, 10, 10, 10, 10, 10, 10, 10, 10, 10, 10, 10, 10, 10, 10, 10, 10, 10, 10, 10, 10, 10, 10, 10, 10, 10, 10, 10, 10, 10, 10, 10, 10, 10, 10, 10, 10, 10, 10, 10, 10, 10, 10, 10, 10, 10, 10, 10, 10, 10, 10, 10, 10, 10, 10, 10, 10, 10, 10, 10, 10, 10, 10, 10, 10, 10, 10, 10, 10, 10, 10, 10, 10, 10, 10, 10, 10, 10, 10, 10, 10, 10, 10, 10, 10, 10, 10, 10, 10, 10, 10, 10, 10, 10, 10, 10, 10, 10, 10, 10, 10, 10, 10, 10, 10, 10, 10, 10, 10, 10, 10, 10, 10, 10, 10, 10, 10, 10, 10, 10, 10, 10, 10, 10, 10, 10, 10, 10, 10, 10, 10, 10, 10, 10, 10, 10, 10, 10, 10, 10, 10, 10, 10, 10, 10, 10, 10, 10, 10, 10, 10, 10, 10, 10, 10, 10, 10, 10, 10, 10, 10, 10, 10, 10, 10, 10, 10, 10, 10, 10, 10, 10, 10, 10, 10, 10, 10, 10, 10, 10, 10, 10, 10, 10, 10, 10, 10, 10, 10, 10, 10, 10, 10, 10, 10, 10, 10, 10, 10, 10, 10, 10, 10, 10, 10, 10, 10, 10, 10, 10, 10, 10, 10, 10, 10, 10, 10, 10, 10, 10, 10, 10, 10, 10, 10, 10, 10, 10, 10, 10, 10, 10, 10, 10, 10, 10, 10, 10, 10, 10, 10, 10, 10, 10, 10, 10, 10, 10, 10, 10, 10, 10, 10, 10, 10, 10, 10, 10, 10, 10, 10, 10, 10, 10, 10, 10, 10, 10, 10, 10, 10, 10, 10, 10, 10, 10],