{"val_acc": [0.1259600614439324, 0.16897081413210446, 0.20890937019969277, 0.26881720430107525, 0.2887864823348694, 0.3456221198156682, 0.39938556067588327, 0.4577572964669739, 0.5069124423963134, 0.5468509984639017], "val_loss": [2.3626201138174605, 2.3275206586334605, 2.2705231049309478, 2.2009232358698463, 2.1337374075790123, 2.0669233082262286, 1.9857184843051654, 1.9126599749173123, 1.8310936433405964, 1.7508595157986038], "train_loss": [2.3806613721272587, 2.336069132912924, 2.290473439031798, 2.2314815979426252, 2.163496100326453, 2.093010888975195, 2.01797636167595, 1.9420515210404619, 1.8673055529382476, 1.7952179273303537], "test_correct_in_batch": [2.0, 0.0, 1.0, 4.0, 3.0, 4.0, 0.0, 1.0, 0.0, 3.0, 2.0, 4.0, 2.0, 3.0, 4.0, 1.0, 2.0, 2.0, 1.0, 2.0, 1.0, 2.0, 2.0, 2.0, 2.0, 3.0, 2.0, 3.0, 2.0, 2.0, 1.0, 4.0, 2.0, 4.0, 2.0, 3.0, 3.0, 4.0, 2.0, 3.0, 2.0, 2.0, 1.0, 3.0, 3.0, 1.0, 3.0, 0.0, 3.0, 4.0, 2.0, 1.0, 1.0, 1.0, 3.0, 2.0, 2.0, 2.0, 2.0, 2.0, 2.0, 3.0, 4.0, 4.0, 1.0, 1.0, 1.0, 0.0, 2.0, 3.0, 0.0, 3.0, 3.0, 2.0, 2.0, 2.0, 1.0, 2.0, 4.0, 2.0, 3.0, 1.0, 3.0, 1.0, 2.0, 2.0, 1.0, 1.0, 3.0, 1.0, 2.0, 2.0, 1.0, 3.0, 2.0, 4.0, 3.0, 1.0, 3.0, 3.0, 1.0, 3.0, 2.0, 2.0, 2.0, 3.0, 3.0, 3.0, 3.0, 1.0, 3.0, 2.0, 3.0, 3.0, 3.0, 2.0, 1.0, 4.0, 3.0, 2.0, 3.0, 0.0, 2.0, 4.0, 2.0, 2.0, 0.0, 3.0, 3.0, 2.0, 3.0, 2.0, 3.0, 3.0, 4.0, 2.0, 4.0, 2.0, 1.0, 3.0, 2.0, 3.0, 2.0, 2.0, 1.0, 2.0, 2.0, 2.0, 2.0, 3.0, 1.0, 1.0, 3.0, 3.0, 2.0, 1.0, 4.0, 2.0, 2.0, 2.0, 2.0, 2.0, 1.0], "test_losses": [1.6079120635986328, 1.9922109842300415, 1.597866177558899, 1.4020880460739136, 1.3816592693328857, 1.5821257829666138, 2.3889551162719727, 2.205047369003296, 2.001646041870117, 1.6115139722824097, 1.860425591468811, 1.7949836254119873, 2.0142884254455566, 1.630845546722412, 1.537485957145691, 2.2217612266540527, 1.9903372526168823, 1.8657684326171875, 2.0611181259155273, 1.7487210035324097, 1.889589786529541, 1.8919384479522705, 1.9965797662734985, 1.7300195693969727, 1.8480006456375122, 1.6402006149291992, 1.6789658069610596, 1.9363558292388916, 1.7175354957580566, 1.8680588006973267, 2.182356357574463, 1.524601936340332, 1.617466926574707, 1.3805772066116333, 1.5743436813354492, 1.5501067638397217, 1.4785690307617188, 1.6418566703796387, 1.9911823272705078, 1.602198839187622, 1.7758363485336304, 1.9160833358764648, 1.9133963584899902, 1.8219521045684814, 1.5882543325424194, 1.8701006174087524, 1.730023980140686, 2.2286295890808105, 1.5785486698150635, 1.4617434740066528, 2.0103588104248047, 1.9500083923339844, 1.965043306350708, 1.829142451286316, 1.8259928226470947, 1.8119471073150635, 1.534202218055725, 1.6831412315368652, 1.6754608154296875, 1.72449791431427, 1.4063084125518799, 1.6314266920089722, 1.5577034950256348, 1.6555030345916748, 1.7719054222106934, 1.8820724487304688, 1.7532527446746826, 2.062856674194336, 2.008511781692505, 1.6912885904312134, 2.339365243911743, 1.7205190658569336, 1.7926738262176514, 2.057687520980835, 1.9261022806167603, 1.8214986324310303, 1.941446304321289, 1.7288968563079834, 1.628318428993225, 1.4641973972320557, 1.6704497337341309, 2.083347797393799, 1.515541434288025, 1.6931884288787842, 1.804327368736267, 1.6814714670181274, 1.6397318840026855, 1.925405502319336, 1.3274269104003906, 2.3913824558258057, 1.718806505203247, 1.720340609550476, 1.883580207824707, 1.6732879877090454, 1.648433804512024, 1.6749933958053589, 1.4971778392791748, 2.3999178409576416, 1.3878122568130493, 1.414236068725586, 2.1344375610351562, 1.6650512218475342, 1.850238561630249, 1.5921070575714111, 1.7515017986297607, 1.7095675468444824, 1.7789306640625, 1.7427573204040527, 1.9192030429840088, 1.9180654287338257, 1.7025240659713745, 1.9685471057891846, 1.451719045639038, 1.2751569747924805, 1.6298757791519165, 1.7437751293182373, 2.061218500137329, 1.5118110179901123, 1.7615342140197754, 1.901620864868164, 1.3319270610809326, 1.9714860916137695, 1.890188217163086, 1.5812374353408813, 1.8446296453475952, 1.7287461757659912, 2.0442137718200684, 1.6150779724121094, 1.7375035285949707, 1.646244764328003, 1.5341178178787231, 1.5734080076217651, 1.5376365184783936, 1.8429418802261353, 1.7580620050430298, 1.9176480770111084, 1.471572995185852, 1.9186474084854126, 2.2361063957214355, 1.9479320049285889, 1.7397223711013794, 1.5923655033111572, 2.173748016357422, 1.8762598037719727, 1.9142159223556519, 1.7874925136566162, 1.767391562461853, 1.5125516653060913, 1.8933868408203125, 1.5711171627044678, 1.7187947034835815, 1.923903226852417, 1.6870088577270508, 1.5467281341552734, 1.813990831375122, 1.721306562423706, 1.3554896116256714, 1.8033900260925293, 1.4255237579345703, 1.7942330837249756, 1.6484380960464478, 2.1379668712615967, 1.882726788520813], "test_loss": 1.7681640818075168, "test_batch_lens": [4, 4, 4, 4, 4, 4, 4, 4, 4, 4, 4, 4, 4, 4, 4, 4, 4, 4, 4, 4, 4, 4, 4, 4, 4, 4, 4, 4, 4, 4, 4, 4, 4, 4, 4, 4, 4, 4, 4, 4, 4, 4, 4, 4, 4, 4, 4, 4, 4, 4, 4, 4, 4, 4, 4, 4, 4, 4, 4, 4, 4, 4, 4, 4, 4, 4, 4, 4, 4, 4, 4, 4, 4, 4, 4, 4, 4, 4, 4, 4, 4, 4, 4, 4, 4, 4, 4, 4, 4, 4, 4, 4, 4, 4, 4, 4, 4, 4, 4, 4, 4, 4, 4, 4, 4, 4, 4, 4, 4, 4, 4, 4, 4, 4, 4, 4, 4, 4, 4, 4, 4, 4, 4, 4, 4, 4, 4, 4, 4, 4, 4, 4, 4, 4, 4, 4, 4, 4, 4, 4, 4, 4, 4, 4, 4, 4, 4, 4, 4, 4, 4, 4, 4, 4, 4, 4, 4, 4, 4, 4, 4, 4, 3], "test_accuracy": 0.5499231950844854, "predictions": [4, 4, 1, 2, 9, 0, 10, 1, 1, 3, 4, 4, 1, 9, 3, 0, 9, 2, 4, 9, 8, 10, 1, 4, 8, 7, 4, 0, 2, 10, 2, 2, 0, 3, 0, 0, 10, 1, 5, 0, 10, 1, 9, 10, 7, 8, 4, 3, 0, 8, 8, 4, 3, 4, 8, 1, 1, 9, 1, 10, 2, 2, 7, 6, 5, 2, 10, 5, 8, 0, 2, 1, 9, 1, 1, 3, 2, 0, 9, 2, 1, 1, 1, 3, 5, 3, 1, 0, 0, 0, 9, 2, 10, 7, 0, 1, 1, 0, 6, 7, 5, 1, 10, 2, 2, 3, 3, 9, 10, 4, 7, 7, 0, 0, 7, 3, 0, 10, 0, 1, 4, 2, 1, 8, 5, 1, 7, 9, 0, 7, 4, 3, 10, 10, 7, 9, 4, 4, 9, 1, 2, 3, 3, 9, 4, 7, 9, 7, 2, 10, 2, 4, 2, 8, 1, 0, 2, 5, 4, 7, 4, 9, 2, 4, 2, 2, 10, 1, 1, 0, 7, 1, 10, 7, 8, 8, 0, 3, 1, 2, 8, 1, 1, 3, 9, 3, 4, 10, 1, 7, 1, 9, 0, 9, 9, 1, 1, 3, 5, 9, 4, 1, 2, 1, 4, 1, 9, 2, 9, 9, 1, 1, 6, 4, 4, 3, 2, 10, 1, 4, 7, 1, 0, 1, 4, 0, 1, 7, 1, 1, 1, 0, 1, 7, 9, 2, 10, 9, 1, 10, 9, 9, 3, 0, 1, 7, 2, 5, 2, 4, 10, 1, 1, 2, 3, 10, 5, 9, 4, 1, 0, 2, 7, 6, 1, 0, 0, 1, 1, 9, 0, 2, 0, 5, 0, 2, 7, 10, 9, 7, 1, 1, 1, 2, 2, 4, 2, 1, 5, 3, 1, 0, 1, 2, 0, 1, 5, 7, 0, 2, 4, 10, 3, 2, 2, 3, 2, 4, 10, 1, 9, 8, 9, 2, 5, 2, 1, 9, 4, 0, 9, 6, 7, 9, 1, 7, 1, 1, 2, 7, 4, 1, 0, 3, 7, 7, 1, 8, 9, 2, 5, 3, 4, 10, 1, 1, 1, 7, 3, 2, 9, 2, 4, 9, 1, 1, 1, 3, 0, 4, 4, 7, 2, 10, 7, 9, 10, 5, 5, 9, 4, 5, 5, 0, 4, 10, 1, 0, 0, 7, 3, 1, 8, 2, 10, 4, 4, 9, 1, 9, 1, 9, 9, 4, 3, 0, 5, 8, 9, 9, 7, 4, 10, 0, 1, 10, 10, 1, 5, 4, 2, 3, 4, 10, 9, 9, 6, 1, 1, 1, 1, 5, 4, 1, 2, 0, 1, 10, 8, 4, 8, 0, 8, 0, 1, 2, 2, 1, 9, 7, 10, 4, 10, 8, 2, 5, 0, 2, 3, 2, 1, 9, 9, 1, 9, 9, 1, 3, 1, 7, 9, 10, 3, 10, 3, 8, 3, 5, 2, 4, 10, 1, 1, 2, 10, 2, 4, 0, 2, 0, 9, 9, 1, 7, 2, 4, 7, 1, 5, 8, 8, 9, 3, 7, 2, 4, 2, 0, 1, 1, 4, 2, 3, 4, 0, 0, 1, 0, 3, 1, 7, 10, 4, 10, 2, 4, 4, 7, 1, 1, 4, 1, 0, 4, 5, 4, 4, 1, 9, 7, 4, 2, 0, 2, 1, 3, 2, 9, 1, 8, 9, 1, 0, 5, 2, 0, 9, 7, 1, 9, 2, 9, 2, 10, 10, 1, 10, 1, 7, 3, 2, 2, 9, 2, 7, 3, 9, 0, 8, 2, 4, 1, 10, 10, 7, 7, 9, 1, 10, 2, 2, 7, 7, 9, 7, 9, 7, 9, 0, 0, 7, 4, 1, 9, 3, 4, 0, 7, 3, 0, 4, 4, 3, 4, 4, 2, 1, 3, 1, 5, 8, 0, 1, 7, 7, 1, 9, 4, 2, 9, 2, 7, 5, 1, 3, 9, 1, 4, 3, 10, 4, 0, 9, 4, 4, 1, 2, 3, 4, 0, 0, 3, 1, 7, 4, 5, 2, 2, 2, 2, 7],