{"val_acc": [0.08602150537634409, 0.07987711213517665, 0.0967741935483871, 0.0706605222734255, 0.12749615975422426, 0.08602150537634409, 0.09831029185867896, 0.09831029185867896, 0.0706605222734255, 0.06144393241167435], "val_loss": [2.405081652424818, 2.398642422962774, 2.396855089562071, 2.400666166668289, 2.3972637141409097, 2.3986711019387275, 2.399957124440948, 2.400302297498551, 2.3970984608117787, 2.3985938718713866], "train_loss": [2.399366862480641, 2.3987797291575177, 2.3985699972236256, 2.3984996458238252, 2.398381977603839, 2.3985305558465613, 2.3984243326432217, 2.3983978464469704, 2.3984784595180604, 2.3983631813412476], "test_correct_in_batch": [0.0, 0.0, 0.0, 1.0, 2.0, 0.0, 0.0, 0.0, 1.0, 0.0, 0.0, 0.0, 1.0, 0.0, 1.0, 0.0, 0.0, 0.0, 0.0, 1.0, 0.0, 0.0, 1.0, 0.0, 0.0, 0.0, 1.0, 0.0, 0.0, 0.0, 0.0, 1.0, 0.0, 1.0, 1.0, 1.0, 0.0, 0.0, 0.0, 0.0, 1.0, 0.0, 1.0, 0.0, 0.0, 0.0, 1.0, 0.0, 2.0, 1.0, 0.0, 0.0, 1.0, 0.0, 0.0, 0.0, 0.0, 0.0, 0.0, 0.0, 1.0, 0.0, 0.0, 0.0, 1.0, 0.0, 0.0, 0.0, 0.0, 1.0, 0.0, 0.0, 0.0, 0.0, 0.0, 0.0, 0.0, 0.0, 1.0, 1.0, 1.0, 0.0, 1.0, 0.0, 0.0, 0.0, 0.0, 0.0, 1.0, 0.0, 0.0, 1.0, 0.0, 1.0, 0.0, 0.0, 1.0, 2.0, 1.0, 2.0, 1.0, 0.0, 0.0, 1.0, 0.0, 0.0, 0.0, 0.0, 0.0, 0.0, 0.0, 1.0, 1.0, 3.0, 0.0, 1.0, 0.0, 0.0, 0.0, 0.0, 2.0, 1.0, 1.0, 0.0, 0.0, 1.0, 0.0, 0.0, 0.0, 0.0, 0.0, 1.0, 1.0, 0.0, 1.0, 1.0, 1.0, 2.0, 0.0, 0.0, 1.0, 1.0, 0.0, 0.0, 1.0, 1.0, 1.0, 0.0, 0.0, 0.0, 0.0, 0.0, 0.0, 0.0, 1.0, 0.0, 1.0, 0.0, 2.0, 0.0, 0.0, 0.0, 0.0], "test_losses": [2.397418737411499, 2.4130940437316895, 2.4073681831359863, 2.383852005004883, 2.380552291870117, 2.408121109008789, 2.413102149963379, 2.405583381652832, 2.3813226222991943, 2.4033660888671875, 2.4045000076293945, 2.403465747833252, 2.3966736793518066, 2.3894529342651367, 2.3870787620544434, 2.393878936767578, 2.4100723266601562, 2.3977081775665283, 2.3977084159851074, 2.4010009765625, 2.3845322132110596, 2.406038999557495, 2.3942649364471436, 2.39790415763855, 2.406684160232544, 2.396803379058838, 2.399726629257202, 2.397418737411499, 2.3917529582977295, 2.4088871479034424, 2.404838800430298, 2.386720895767212, 2.3955650329589844, 2.3958892822265625, 2.3876640796661377, 2.3865504264831543, 2.396575450897217, 2.4082133769989014, 2.401900291442871, 2.40145206451416, 2.403538703918457, 2.40193247795105, 2.4006664752960205, 2.4078917503356934, 2.4081127643585205, 2.389674425125122, 2.3966736793518066, 2.4014387130737305, 2.3924458026885986, 2.384247303009033, 2.399081230163574, 2.404803991317749, 2.3853559494018555, 2.40317702293396, 2.414623260498047, 2.3917529582977295, 2.397151231765747, 2.38980770111084, 2.3957176208496094, 2.401545763015747, 2.383497476577759, 2.4042153358459473, 2.4017112255096436, 2.3978991508483887, 2.3853559494018555, 2.393606662750244, 2.402005672454834, 2.4065186977386475, 2.4018337726593018, 2.3846330642700195, 2.4185941219329834, 2.4056458473205566, 2.4053797721862793, 2.402719497680664, 2.400010108947754, 2.4092299938201904, 2.398519277572632, 2.39497971534729, 2.3975155353546143, 2.387399911880493, 2.39029860496521, 2.4149177074432373, 2.3905279636383057, 2.4037299156188965, 2.4002742767333984, 2.4015424251556396, 2.398974895477295, 2.390562057495117, 2.388059139251709, 2.402127504348755, 2.3998658657073975, 2.4103353023529053, 2.3955650329589844, 2.3947503566741943, 2.3946774005889893, 2.404210329055786, 2.394075870513916, 2.377840995788574, 2.3913023471832275, 2.381037712097168, 2.3860061168670654, 2.4022953510284424, 2.390774965286255, 2.3933217525482178, 2.391298294067383, 2.396279811859131, 2.4081127643585205, 2.414168119430542, 2.407848596572876, 2.400108814239502, 2.402918815612793, 2.38925838470459, 2.3998920917510986, 2.3753464221954346, 2.3910391330718994, 2.3999907970428467, 2.398817300796509, 2.4017112255096436, 2.4109766483306885, 2.412055730819702, 2.3817434310913086, 2.3917272090911865, 2.4010009765625, 2.3970558643341064, 2.3881704807281494, 2.3848705291748047, 2.389674425125122, 2.3975090980529785, 2.4057445526123047, 2.395336627960205, 2.399827718734741, 2.39209246635437, 2.391399383544922, 2.398484468460083, 2.3998920917510986, 2.406301975250244, 2.3928279876708984, 2.378113269805908, 2.421123504638672, 2.3905537128448486, 2.39029860496521, 2.399237871170044, 2.4151086807250977, 2.41328501701355, 2.3956077098846436, 2.3873443603515625, 2.3991475105285645, 2.390289545059204, 2.3948512077331543, 2.407458543777466, 2.3988845348358154, 2.403738021850586, 2.392467737197876, 2.390817880630493, 2.3862435817718506, 2.3975090980529785, 2.3837616443634033, 2.4065186977386475, 2.3830816745758057, 2.4064199924468994, 2.4012908935546875, 2.4023869037628174, 2.40670108795166], "test_loss": 2.3977203105856306, "test_batch_lens": [4, 4, 4, 4, 4, 4, 4, 4, 4, 4, 4, 4, 4, 4, 4, 4, 4, 4, 4, 4, 4, 4, 4, 4, 4, 4, 4, 4, 4, 4, 4, 4, 4, 4, 4, 4, 4, 4, 4, 4, 4, 4, 4, 4, 4, 4, 4, 4, 4, 4, 4, 4, 4, 4, 4, 4, 4, 4, 4, 4, 4, 4, 4, 4, 4, 4, 4, 4, 4, 4, 4, 4, 4, 4, 4, 4, 4, 4, 4, 4, 4, 4, 4, 4, 4, 4, 4, 4, 4, 4, 4, 4, 4, 4, 4, 4, 4, 4, 4, 4, 4, 4, 4, 4, 4, 4, 4, 4, 4, 4, 4, 4, 4, 4, 4, 4, 4, 4, 4, 4, 4, 4, 4, 4, 4, 4, 4, 4, 4, 4, 4, 4, 4, 4, 4, 4, 4, 4, 4, 4, 4, 4, 4, 4, 4, 4, 4, 4, 4, 4, 4, 4, 4, 4, 4, 4, 4, 4, 4, 4, 4, 4, 3], "test_accuracy": 0.09984639016897082, "predictions": [9, 9, 9, 9, 9, 9, 9, 9, 9, 9, 9, 9, 9, 9, 9, 9, 9, 9, 9, 9, 9, 9, 9, 9, 9, 9, 9, 9, 9, 9, 9, 9, 9, 9, 9, 9, 9, 9, 9, 9, 9, 9, 9, 9, 9, 9, 9, 9, 9, 9, 9, 9, 9, 9, 9, 9, 9, 9, 9, 9, 9, 9, 9, 9, 9, 9, 9, 9, 9, 9, 9, 9, 9, 9, 9, 9, 9, 9, 9, 9, 9, 9, 9, 9, 9, 9, 9, 9, 9, 9, 9, 9, 9, 9, 9, 9, 9, 9, 9, 9, 9, 9, 9, 9, 9, 9, 9, 9, 9, 9, 9, 9, 9, 9, 9, 9, 9, 9, 9, 9, 9, 9, 9, 9, 9, 9, 9, 9, 9, 9, 9, 9, 9, 9, 9, 9, 9, 9, 9, 9, 9, 9, 9, 9, 9, 9, 9, 9, 9, 9, 9, 9, 9, 9, 9, 9, 9, 9, 9, 9, 9, 9, 9, 9, 9, 9, 9, 9, 9, 9, 9, 9, 9, 9, 9, 9, 9, 9, 9, 9, 9, 9, 9, 9, 9, 9, 9, 9, 9, 9, 9, 9, 9, 9, 9, 9, 9, 9, 9, 9, 9, 9, 9, 9, 9, 9, 9, 9, 9, 9, 9, 9, 9, 9, 9, 9, 9, 9, 9, 9, 9, 9, 9, 9, 9, 9, 9, 9, 9, 9, 9, 9, 9, 9, 9, 9, 9, 9, 9, 9, 9, 9, 9, 9, 9, 9, 9, 9, 9, 9, 9, 9, 9, 9, 9, 9, 9, 9, 9, 9, 9, 9, 9, 9, 9, 9, 9, 9, 9, 9, 9, 9, 9, 9, 9, 9, 9, 9, 9, 9, 9, 9, 9, 9, 9, 9, 9, 9, 9, 9, 9, 9, 9, 9, 9, 9, 9, 9, 9, 9, 9, 9, 9, 9, 9, 9, 9, 9, 9, 9, 9, 9, 9, 9, 9, 9, 9, 9, 9, 9, 9, 9, 9, 9, 9, 9, 9, 9, 9, 9, 9, 9, 9, 9, 9, 9, 9, 9, 9, 9, 9, 9, 9, 9, 9, 9, 9, 9, 9, 9, 9, 9, 9, 9, 9, 9, 9, 9, 9, 9, 9, 9, 9, 9, 9, 9, 9, 9, 9, 9, 9, 9, 9, 9, 9, 9, 9, 9, 9, 9, 9, 9, 9, 9, 9, 9, 9, 9, 9, 9, 9, 9, 9, 9, 9, 9, 9, 9, 9, 9, 9, 9, 9, 9, 9, 9, 9, 9, 9, 9, 9, 9, 9, 9, 9, 9, 9, 9, 9, 9, 9, 9, 9, 9, 9, 9, 9, 9, 9, 9, 9, 9, 9, 9, 9, 9, 9, 9, 9, 9, 9, 9, 9, 9, 9, 9, 9, 9, 9, 9, 9, 9, 9, 9, 9, 9, 9, 9, 9, 9, 9, 9, 9, 9, 9, 9, 9, 9, 9, 9, 9, 9, 9, 9, 9, 9, 9, 9, 9, 9, 9, 9, 9, 9, 9, 9, 9, 9, 9, 9, 9, 9, 9, 9, 9, 9, 9, 9, 9, 9, 9, 9, 9, 9, 9, 9, 9, 9, 9, 9, 9, 9, 9, 9, 9, 9, 9, 9, 9, 9, 9, 9, 9, 9, 9, 9, 9, 9, 9, 9, 9, 9, 9, 9, 9, 9, 9, 9, 9, 9, 9, 9, 9, 9, 9, 9, 9, 9, 9, 9, 9, 9, 9, 9, 9, 9, 9, 9, 9, 9, 9, 9, 9, 9, 9, 9, 9, 9, 9, 9, 9, 9, 9, 9, 9, 9, 9, 9, 9, 9, 9, 9, 9, 9, 9, 9, 9, 9, 9, 9, 9, 9, 9, 9, 9, 9, 9, 9, 9, 9, 9, 9, 9, 9, 9, 9, 9, 9, 9, 9, 9, 9, 9, 9, 9, 9, 9, 9, 9, 9, 9, 9, 9, 9, 9, 9, 9, 9, 9, 9, 9, 9, 9, 9, 9, 9, 9, 9, 9, 9, 9, 9, 9, 9, 9, 9, 9, 9, 9, 9, 9],