{"val_acc": [0.0706605222734255, 0.0706605222734255, 0.0967741935483871, 0.10445468509984639, 0.0967741935483871, 0.0967741935483871, 0.0706605222734255, 0.0706605222734255, 0.06144393241167435, 0.08602150537634409], "val_loss": [2.399921633714547, 2.399666334222431, 2.3974758174521793, 2.398527442311948, 2.3996570461366806, 2.3988819912167414, 2.401639603398329, 2.398912235271711, 2.4004345261977496, 2.4011546015008096], "train_loss": [2.399573495127146, 2.398650885861429, 2.398683895331815, 2.398514949159821, 2.3985592792545516, 2.398514778871846, 2.398369449279758, 2.3984040103784108, 2.398478147920738, 2.398462312680484], "test_correct_in_batch": [0.0, 0.0, 0.0, 1.0, 0.0, 0.0, 0.0, 0.0, 1.0, 0.0, 1.0, 1.0, 1.0, 1.0, 0.0, 0.0, 0.0, 1.0, 1.0, 0.0, 2.0, 0.0, 0.0, 0.0, 0.0, 0.0, 1.0, 0.0, 1.0, 0.0, 0.0, 0.0, 0.0, 0.0, 0.0, 2.0, 0.0, 0.0, 0.0, 0.0, 0.0, 1.0, 0.0, 0.0, 0.0, 2.0, 1.0, 1.0, 0.0, 1.0, 0.0, 1.0, 1.0, 0.0, 0.0, 1.0, 0.0, 0.0, 1.0, 1.0, 2.0, 0.0, 0.0, 1.0, 1.0, 1.0, 0.0, 1.0, 1.0, 1.0, 0.0, 0.0, 1.0, 0.0, 1.0, 0.0, 0.0, 0.0, 0.0, 1.0, 0.0, 0.0, 0.0, 0.0, 0.0, 0.0, 0.0, 1.0, 0.0, 1.0, 0.0, 0.0, 0.0, 0.0, 1.0, 1.0, 0.0, 1.0, 0.0, 0.0, 0.0, 0.0, 2.0, 0.0, 1.0, 0.0, 0.0, 1.0, 1.0, 1.0, 0.0, 0.0, 0.0, 0.0, 1.0, 0.0, 1.0, 0.0, 0.0, 0.0, 0.0, 0.0, 0.0, 1.0, 2.0, 1.0, 2.0, 0.0, 0.0, 0.0, 0.0, 0.0, 0.0, 1.0, 0.0, 0.0, 0.0, 0.0, 0.0, 1.0, 0.0, 0.0, 0.0, 0.0, 0.0, 0.0, 0.0, 2.0, 0.0, 0.0, 0.0, 0.0, 1.0, 0.0, 0.0, 0.0, 1.0, 1.0, 0.0, 1.0, 0.0, 0.0, 0.0], "test_losses": [2.407477378845215, 2.419858694076538, 2.4199793338775635, 2.379568099975586, 2.3822906017303467, 2.4016475677490234, 2.414806365966797, 2.4004788398742676, 2.378239631652832, 2.409292221069336, 2.3790817260742188, 2.4045073986053467, 2.3834123611450195, 2.388329267501831, 2.384399890899658, 2.400442361831665, 2.4169466495513916, 2.3895373344421387, 2.3895373344421387, 2.392371416091919, 2.3722035884857178, 2.4112019538879395, 2.3916783332824707, 2.4112393856048584, 2.409498691558838, 2.402219295501709, 2.3813819885253906, 2.407477378845215, 2.404630661010742, 2.4156014919281006, 2.4186506271362305, 2.4031801223754883, 2.4167890548706055, 2.3973398208618164, 2.39172625541687, 2.364048480987549, 2.4224953651428223, 2.3880858421325684, 2.3977556228637695, 2.413221836090088, 2.393540382385254, 2.384874105453491, 2.402198076248169, 2.4166202545166016, 2.4018073081970215, 2.381915807723999, 2.3834123611450195, 2.3812716007232666, 2.3887946605682373, 2.380016803741455, 2.4036805629730225, 2.3935019969940186, 2.383984088897705, 2.402824640274048, 2.3984456062316895, 2.4046308994293213, 2.4295711517333984, 2.4018187522888184, 2.4051527976989746, 2.384265899658203, 2.3660788536071777, 2.418445348739624, 2.3912875652313232, 2.379129409790039, 2.383984327316284, 2.3953192234039307, 2.4054574966430664, 2.402477264404297, 2.3817200660705566, 2.400247573852539, 2.4107909202575684, 2.3938779830932617, 2.400578022003174, 2.4089767932891846, 2.388963222503662, 2.4056150913238525, 2.411604642868042, 2.4094624519348145, 2.3837883472442627, 2.3815505504608154, 2.3982009887695312, 2.4126155376434326, 2.383228063583374, 2.4146831035614014, 2.399138927459717, 2.4165356159210205, 2.422327995300293, 2.3922970294952393, 2.39217472076416, 2.4155125617980957, 2.400439500808716, 2.404508352279663, 2.4167890548706055, 2.3954405784606934, 2.4064078330993652, 2.3863353729248047, 2.3852105140686035, 2.379152536392212, 2.3970224857330322, 2.3860526084899902, 2.414391040802002, 2.3982038497924805, 2.3909358978271484, 2.403132200241089, 2.3791773319244385, 2.405578136444092, 2.4018073081970215, 2.3986775875091553, 2.391631603240967, 2.3921172618865967, 2.398409366607666, 2.399456024169922, 2.38840389251709, 2.3739778995513916, 2.401111602783203, 2.3915576934814453, 2.393505096435547, 2.3912875652313232, 2.3933091163635254, 2.404237985610962, 2.3946244716644287, 2.390509605407715, 2.39237117767334, 2.3941473960876465, 2.37749981880188, 2.3802223205566406, 2.381915807723999, 2.4107909202575684, 2.3970320224761963, 2.41703200340271, 2.4075605869293213, 2.3979194164276123, 2.4072213172912598, 2.386455774307251, 2.38840389251709, 2.398763656616211, 2.3995296955108643, 2.3842759132385254, 2.4121193885803223, 2.3973493576049805, 2.3982012271881104, 2.4098896980285645, 2.402207612991333, 2.4094510078430176, 2.399541139602661, 2.403385639190674, 2.406575918197632, 2.387173652648926, 2.413269519805908, 2.423293113708496, 2.4190142154693604, 2.409630537033081, 2.3934202194213867, 2.407525062561035, 2.3943653106689453, 2.4107909202575684, 2.3762545585632324, 2.402477264404297, 2.3836190700531006, 2.399322986602783, 2.41666841506958, 2.401927947998047, 2.424706220626831], "test_loss": 2.3983297596679876, "test_batch_lens": [4, 4, 4, 4, 4, 4, 4, 4, 4, 4, 4, 4, 4, 4, 4, 4, 4, 4, 4, 4, 4, 4, 4, 4, 4, 4, 4, 4, 4, 4, 4, 4, 4, 4, 4, 4, 4, 4, 4, 4, 4, 4, 4, 4, 4, 4, 4, 4, 4, 4, 4, 4, 4, 4, 4, 4, 4, 4, 4, 4, 4, 4, 4, 4, 4, 4, 4, 4, 4, 4, 4, 4, 4, 4, 4, 4, 4, 4, 4, 4, 4, 4, 4, 4, 4, 4, 4, 4, 4, 4, 4, 4, 4, 4, 4, 4, 4, 4, 4, 4, 4, 4, 4, 4, 4, 4, 4, 4, 4, 4, 4, 4, 4, 4, 4, 4, 4, 4, 4, 4, 4, 4, 4, 4, 4, 4, 4, 4, 4, 4, 4, 4, 4, 4, 4, 4, 4, 4, 4, 4, 4, 4, 4, 4, 4, 4, 4, 4, 4, 4, 4, 4, 4, 4, 4, 4, 4, 4, 4, 4, 4, 4, 3], "test_accuracy": 0.0967741935483871, "predictions": [3, 3, 3, 3, 3, 3, 3, 3, 3, 3, 3, 3, 3, 3, 3, 3, 3, 3, 3, 3, 3, 3, 3, 3, 3, 3, 3, 3, 3, 3, 3, 3, 3, 3, 3, 3, 3, 3, 3, 3, 3, 3, 3, 3, 3, 3, 3, 3, 3, 3, 3, 3, 3, 3, 3, 3, 3, 3, 3, 3, 3, 3, 3, 3, 3, 3, 3, 3, 3, 3, 3, 3, 3, 3, 3, 3, 3, 3, 3, 3, 3, 3, 3, 3, 3, 3, 3, 3, 3, 3, 3, 3, 3, 3, 3, 3, 3, 3, 3, 3, 3, 3, 3, 3, 3, 3, 3, 3, 3, 3, 3, 3, 3, 3, 3, 3, 3, 3, 3, 3, 3, 3, 3, 3, 3, 3, 3, 3, 3, 3, 3, 3, 3, 3, 3, 3, 3, 3, 3, 3, 3, 3, 3, 3, 3, 3, 3, 3, 3, 3, 3, 3, 3, 3, 3, 3, 3, 3, 3, 3, 3, 3, 3, 3, 3, 3, 3, 3, 3, 3, 3, 3, 3, 3, 3, 3, 3, 3, 3, 3, 3, 3, 3, 3, 3, 3, 3, 3, 3, 3, 3, 3, 3, 3, 3, 3, 3, 3, 3, 3, 3, 3, 3, 3, 3, 3, 3, 3, 3, 3, 3, 3, 3, 3, 3, 3, 3, 3, 3, 3, 3, 3, 3, 3, 3, 3, 3, 3, 3, 3, 3, 3, 3, 3, 3, 3, 3, 3, 3, 3, 3, 3, 3, 3, 3, 3, 3, 3, 3, 3, 3, 3, 3, 3, 3, 3, 3, 3, 3, 3, 3, 3, 3, 3, 3, 3, 3, 3, 3, 3, 3, 3, 3, 3, 3, 3, 3, 3, 3, 3, 3, 3, 3, 3, 3, 3, 3, 3, 3, 3, 3, 3, 3, 3, 3, 3, 3, 3, 3, 3, 3, 3, 3, 3, 3, 3, 3, 3, 3, 3, 3, 3, 3, 3, 3, 3, 3, 3, 3, 3, 3, 3, 3, 3, 3, 3, 3, 3, 3, 3, 3, 3, 3, 3, 3, 3, 3, 3, 3, 3, 3, 3, 3, 3, 3, 3, 3, 3, 3, 3, 3, 3, 3, 3, 3, 3, 3, 3, 3, 3, 3, 3, 3, 3, 3, 3, 3, 3, 3, 3, 3, 3, 3, 3, 3, 3, 3, 3, 3, 3, 3, 3, 3, 3, 3, 3, 3, 3, 3, 3, 3, 3, 3, 3, 3, 3, 3, 3, 3, 3, 3, 3, 3, 3, 3, 3, 3, 3, 3, 3, 3, 3, 3, 3, 3, 3, 3, 3, 3, 3, 3, 3, 3, 3, 3, 3, 3, 3, 3, 3, 3, 3, 3, 3, 3, 3, 3, 3, 3, 3, 3, 3, 3, 3, 3, 3, 3, 3, 3, 3, 3, 3, 3, 3, 3, 3, 3, 3, 3, 3, 3, 3, 3, 3, 3, 3, 3, 3, 3, 3, 3, 3, 3, 3, 3, 3, 3, 3, 3, 3, 3, 3, 3, 3, 3, 3, 3, 3, 3, 3, 3, 3, 3, 3, 3, 3, 3, 3, 3, 3, 3, 3, 3, 3, 3, 3, 3, 3, 3, 3, 3, 3, 3, 3, 3, 3, 3, 3, 3, 3, 3, 3, 3, 3, 3, 3, 3, 3, 3, 3, 3, 3, 3, 3, 3, 3, 3, 3, 3, 3, 3, 3, 3, 3, 3, 3, 3, 3, 3, 3, 3, 3, 3, 3, 3, 3, 3, 3, 3, 3, 3, 3, 3, 3, 3, 3, 3, 3, 3, 3, 3, 3, 3, 3, 3, 3, 3, 3, 3, 3, 3, 3, 3, 3, 3, 3, 3, 3, 3, 3, 3, 3, 3, 3, 3, 3, 3, 3, 3, 3, 3, 3, 3, 3, 3, 3, 3, 3, 3, 3, 3, 3, 3, 3, 3, 3, 3, 3, 3, 3, 3, 3, 3, 3, 3, 3, 3, 3, 3, 3, 3, 3, 3, 3, 3, 3, 3, 3, 3, 3, 3, 3, 3, 3, 3, 3, 3, 3, 3, 3, 3],