{"val_acc": [0.5560675883256528, 0.642089093701997, 0.6912442396313364, 0.7265745007680492, 0.8003072196620584, 0.8003072196620584, 0.8218125960061444, 0.8417818740399385, 0.8064516129032258, 0.8310291858678955], "val_loss": [1.1900141882750155, 0.9673769353357561, 0.8199048069265723, 0.7722928478479659, 0.6206415303371435, 0.5836006673738543, 0.5676377381403799, 0.4789263235913601, 0.6046882742370244, 0.48401357783461735], "train_loss": [1.7139046317601947, 1.168727577150504, 0.9562151442995861, 0.8047745123292444, 0.7150830100900872, 0.6364280370331871, 0.5843046001076315, 0.5510219407380164, 0.5245396132550529, 0.5033787214158457], "test_correct_in_batch": [4.0, 4.0, 3.0, 3.0, 4.0, 4.0, 2.0, 1.0, 3.0, 4.0, 4.0, 3.0, 2.0, 2.0, 4.0, 2.0, 3.0, 2.0, 3.0, 4.0, 3.0, 3.0, 2.0, 3.0, 2.0, 4.0, 3.0, 2.0, 3.0, 4.0, 3.0, 4.0, 4.0, 4.0, 4.0, 3.0, 4.0, 3.0, 4.0, 4.0, 3.0, 4.0, 2.0, 4.0, 4.0, 4.0, 4.0, 2.0, 3.0, 3.0, 3.0, 3.0, 4.0, 3.0, 2.0, 3.0, 4.0, 4.0, 3.0, 3.0, 4.0, 4.0, 3.0, 4.0, 4.0, 3.0, 4.0, 3.0, 3.0, 4.0, 2.0, 4.0, 2.0, 3.0, 4.0, 3.0, 4.0, 4.0, 2.0, 4.0, 3.0, 4.0, 3.0, 4.0, 3.0, 3.0, 3.0, 3.0, 3.0, 2.0, 4.0, 2.0, 1.0, 4.0, 4.0, 2.0, 3.0, 2.0, 3.0, 4.0, 2.0, 4.0, 4.0, 3.0, 3.0, 3.0, 4.0, 2.0, 4.0, 4.0, 4.0, 3.0, 4.0, 4.0, 4.0, 3.0, 2.0, 4.0, 4.0, 3.0, 2.0, 3.0, 4.0, 3.0, 3.0, 3.0, 3.0, 2.0, 4.0, 4.0, 4.0, 4.0, 4.0, 4.0, 3.0, 1.0, 4.0, 2.0, 3.0, 3.0, 4.0, 2.0, 3.0, 4.0, 4.0, 3.0, 4.0, 3.0, 4.0, 4.0, 4.0, 3.0, 3.0, 4.0, 2.0, 4.0, 3.0, 3.0, 3.0, 3.0, 4.0, 3.0, 3.0], "test_losses": [0.011370393447577953, 0.3352828919887543, 0.5103469491004944, 1.3816664218902588, 0.009464267641305923, 0.06323352456092834, 0.6841899752616882, 1.3277621269226074, 1.3992027044296265, 0.014074468053877354, 0.035439491271972656, 0.7670654058456421, 2.096766948699951, 0.6010730862617493, 0.1722734570503235, 1.0417613983154297, 0.6670507788658142, 1.2942382097244263, 1.3013112545013428, 0.3662033975124359, 0.3935006558895111, 0.4369921386241913, 1.6792244911193848, 0.45214736461639404, 2.0280892848968506, 0.10800020396709442, 0.44478437304496765, 1.0608298778533936, 0.7662703990936279, 0.12170694023370743, 0.9601882696151733, 0.13516183197498322, 0.05430154874920845, 0.020331082865595818, 0.1624206006526947, 0.6324084401130676, 0.10601187497377396, 0.5138992071151733, 0.132170170545578, 0.04386148229241371, 0.6343533396720886, 0.027550147846341133, 1.0115886926651, 0.014920583926141262, 0.2545730173587799, 0.11339092999696732, 0.16654779016971588, 1.1417739391326904, 0.6616917252540588, 0.7325747013092041, 0.8164982795715332, 1.936643362045288, 0.24228613078594208, 1.394170880317688, 0.9369813203811646, 0.5111267566680908, 0.02782822586596012, 0.15884365141391754, 0.3198169767856598, 0.6483338475227356, 0.1303112506866455, 0.09277874231338501, 0.4985616207122803, 0.0195989441126585, 0.18179017305374146, 0.942190408706665, 0.11294175684452057, 0.6876171231269836, 0.7261378765106201, 0.4630526006221771, 1.5167983770370483, 0.043705523014068604, 1.3252509832382202, 0.5678399205207825, 0.014641285873949528, 0.8570435047149658, 0.13685044646263123, 0.021878568455576897, 0.659411609172821, 0.22855396568775177, 0.8105997443199158, 0.30465736985206604, 0.37486186623573303, 0.30443617701530457, 1.1690388917922974, 0.619020402431488, 0.6274948120117188, 0.6735148429870605, 0.32427695393562317, 0.982228696346283, 0.10679459571838379, 0.9231329560279846, 1.941512107849121, 0.13254442811012268, 0.032656144350767136, 1.0158462524414062, 0.7484294176101685, 1.5815973281860352, 0.2616209089756012, 0.18593761324882507, 2.365204334259033, 0.029213089495897293, 0.2405712604522705, 0.7988866567611694, 0.9070910811424255, 0.6126084923744202, 0.15342286229133606, 1.7421777248382568, 0.3037298917770386, 0.07688997685909271, 0.010930930264294147, 1.2137413024902344, 0.20599600672721863, 0.048669785261154175, 0.0705251693725586, 0.41749754548072815, 1.106610655784607, 0.11874499917030334, 0.19924554228782654, 1.0484100580215454, 1.326401948928833, 0.9819960594177246, 0.0864381194114685, 0.8133797645568848, 1.194661259651184, 1.1966044902801514, 1.0579899549484253, 0.7389814853668213, 0.23069970309734344, 0.18091751635074615, 0.12357167899608612, 0.10985329747200012, 0.11187949031591415, 0.2535150349140167, 0.3536241352558136, 1.0743776559829712, 0.11202020198106766, 1.0877478122711182, 0.7468208074569702, 1.0941431522369385, 0.08864013105630875, 1.8158061504364014, 1.210439682006836, 0.0996771976351738, 0.11359775066375732, 0.6876212954521179, 0.3571270704269409, 0.628307580947876, 0.28833767771720886, 0.062070928514003754, 0.6963533163070679, 0.9214756488800049, 1.1688060760498047, 0.034311261028051376, 1.2912333011627197, 0.05629432201385498, 0.8699547648429871, 0.699223518371582, 0.9622601866722107, 0.6557535529136658, 0.019592221826314926, 0.40136125683784485, 0.03361567109823227], "test_loss": 0.5898060084383455, "test_batch_lens": [4, 4, 4, 4, 4, 4, 4, 4, 4, 4, 4, 4, 4, 4, 4, 4, 4, 4, 4, 4, 4, 4, 4, 4, 4, 4, 4, 4, 4, 4, 4, 4, 4, 4, 4, 4, 4, 4, 4, 4, 4, 4, 4, 4, 4, 4, 4, 4, 4, 4, 4, 4, 4, 4, 4, 4, 4, 4, 4, 4, 4, 4, 4, 4, 4, 4, 4, 4, 4, 4, 4, 4, 4, 4, 4, 4, 4, 4, 4, 4, 4, 4, 4, 4, 4, 4, 4, 4, 4, 4, 4, 4, 4, 4, 4, 4, 4, 4, 4, 4, 4, 4, 4, 4, 4, 4, 4, 4, 4, 4, 4, 4, 4, 4, 4, 4, 4, 4, 4, 4, 4, 4, 4, 4, 4, 4, 4, 4, 4, 4, 4, 4, 4, 4, 4, 4, 4, 4, 4, 4, 4, 4, 4, 4, 4, 4, 4, 4, 4, 4, 4, 4, 4, 4, 4, 4, 4, 4, 4, 4, 4, 4, 3], "test_accuracy": 0.8110599078341014, "predictions": [7, 4, 1, 10, 7, 1, 8, 8, 0, 3, 4, 7, 1, 9, 8, 0, 9, 6, 4, 9, 8, 10, 1, 4, 8, 8, 4, 6, 6, 2, 8, 0, 1, 3, 6, 3, 10, 5, 5, 0, 10, 3, 2, 10, 7, 8, 9, 3, 8, 8, 2, 4, 3, 4, 4, 0, 1, 9, 1, 10, 2, 6, 9, 6, 5, 8, 8, 5, 8, 0, 1, 1, 8, 3, 1, 8, 6, 8, 9, 2, 3, 1, 8, 1, 5, 5, 1, 5, 0, 5, 9, 2, 10, 8, 1, 5, 1, 6, 9, 7, 5, 1, 10, 6, 10, 7, 3, 9, 10, 9, 7, 3, 0, 3, 7, 10, 0, 8, 0, 0, 4, 8, 0, 6, 5, 1, 7, 9, 6, 7, 4, 0, 10, 10, 7, 9, 4, 1, 9, 0, 10, 3, 1, 9, 4, 7, 4, 7, 2, 10, 6, 4, 10, 10, 1, 0, 10, 5, 4, 7, 8, 4, 10, 4, 2, 3, 10, 5, 0, 0, 10, 0, 10, 7, 6, 8, 0, 8, 1, 2, 6, 3, 5, 3, 9, 3, 4, 8, 3, 2, 8, 4, 0, 4, 9, 8, 8, 3, 5, 9, 9, 1, 6, 1, 4, 3, 9, 8, 3, 9, 5, 6, 8, 5, 4, 5, 10, 10, 0, 4, 7, 3, 8, 6, 7, 0, 5, 7, 1, 0, 1, 6, 0, 7, 7, 2, 10, 9, 3, 10, 9, 4, 3, 3, 1, 7, 8, 5, 2, 8, 10, 1, 1, 2, 3, 10, 6, 9, 5, 3, 3, 10, 7, 0, 5, 1, 8, 1, 0, 7, 3, 10, 3, 5, 10, 2, 7, 3, 9, 7, 3, 1, 8, 10, 2, 4, 2, 5, 5, 3, 5, 8, 4, 6, 0, 1, 2, 7, 3, 2, 4, 10, 0, 6, 6, 0, 2, 7, 10, 1, 7, 6, 4, 2, 4, 2, 0, 9, 4, 3, 2, 8, 7, 9, 1, 8, 8, 5, 2, 9, 4, 9, 1, 8, 4, 7, 1, 2, 8, 2, 5, 0, 9, 10, 5, 0, 0, 7, 3, 6, 9, 6, 9, 9, 5, 1, 0, 3, 9, 7, 4, 4, 6, 10, 4, 9, 10, 5, 2, 9, 4, 1, 5, 0, 9, 10, 5, 0, 3, 7, 3, 0, 8, 6, 2, 4, 4, 5, 3, 7, 5, 10, 7, 4, 0, 0, 5, 6, 9, 9, 7, 7, 8, 2, 1, 10, 10, 5, 5, 7, 3, 3, 4, 10, 9, 7, 2, 3, 0, 1, 0, 5, 4, 0, 2, 0, 1, 8, 8, 8, 7, 3, 8, 0, 3, 2, 2, 3, 7, 10, 10, 4, 10, 6, 6, 5, 0, 10, 8, 2, 1, 9, 9, 5, 9, 9, 1, 3, 5, 7, 9, 10, 0, 8, 8, 6, 3, 5, 2, 4, 10, 1, 1, 2, 8, 2, 4, 0, 2, 5, 4, 4, 0, 7, 6, 9, 3, 0, 2, 8, 6, 9, 3, 4, 2, 4, 8, 0, 1, 3, 5, 6, 3, 4, 8, 3, 3, 5, 1, 0, 7, 10, 4, 10, 2, 5, 5, 7, 5, 1, 4, 5, 0, 4, 5, 4, 9, 5, 9, 7, 7, 2, 0, 2, 4, 3, 2, 4, 1, 8, 4, 1, 5, 0, 2, 0, 9, 7, 6, 8, 6, 8, 0, 10, 8, 5, 3, 1, 7, 3, 2, 7, 9, 6, 8, 8, 4, 0, 8, 2, 8, 5, 2, 10, 8, 7, 9, 6, 8, 6, 6, 3, 7, 9, 7, 8, 4, 9, 3, 3, 7, 8, 1, 7, 5, 4, 0, 7, 8, 0, 7, 4, 5, 5, 4, 8, 4, 6, 1, 4, 3, 0, 1, 4, 7, 1, 4, 4, 6, 2, 10, 7, 1, 0, 3, 5, 1, 4, 3, 10, 7, 6, 9, 9, 8, 0, 2, 3, 0, 8, 6, 8, 1, 7, 4, 8, 2, 0, 8, 6, 7],