{"val_acc": [0.7235023041474654, 0.8033794162826421, 0.8433179723502304, 0.8556067588325653, 0.8463901689708141, 0.8648233486943164, 0.8602150537634409, 0.8771121351766513, 0.847926267281106, 0.8617511520737328], "val_loss": [0.826222360819761, 0.5911029262491073, 0.49133987817913294, 0.4470091852490887, 0.4382403052806214, 0.4060128743401757, 0.4365465597062446, 0.3983130086267987, 0.45398852356496705, 0.44126908239844953], "train_loss": [1.263838587377262, 0.7203967179559654, 0.5729477873130132, 0.5034253138701507, 0.47155183405022005, 0.44259310287740067, 0.41848922199193694, 0.40548260507459616, 0.40161887238122623, 0.3973266045208503], "test_correct_in_batch": [4.0, 4.0, 3.0, 2.0, 4.0, 4.0, 2.0, 3.0, 3.0, 4.0, 4.0, 3.0, 3.0, 4.0, 4.0, 3.0, 3.0, 4.0, 3.0, 3.0, 3.0, 4.0, 2.0, 3.0, 4.0, 4.0, 4.0, 3.0, 3.0, 4.0, 2.0, 3.0, 4.0, 4.0, 4.0, 3.0, 4.0, 4.0, 4.0, 4.0, 3.0, 4.0, 3.0, 4.0, 3.0, 4.0, 4.0, 3.0, 4.0, 3.0, 3.0, 2.0, 3.0, 2.0, 4.0, 4.0, 4.0, 4.0, 4.0, 3.0, 4.0, 4.0, 3.0, 4.0, 4.0, 3.0, 3.0, 4.0, 3.0, 3.0, 3.0, 4.0, 4.0, 3.0, 4.0, 4.0, 4.0, 4.0, 3.0, 4.0, 3.0, 4.0, 4.0, 3.0, 3.0, 4.0, 3.0, 3.0, 4.0, 2.0, 3.0, 3.0, 1.0, 4.0, 4.0, 4.0, 4.0, 1.0, 3.0, 4.0, 3.0, 3.0, 4.0, 3.0, 3.0, 3.0, 4.0, 4.0, 4.0, 3.0, 4.0, 3.0, 4.0, 4.0, 3.0, 4.0, 2.0, 4.0, 3.0, 3.0, 3.0, 3.0, 4.0, 4.0, 4.0, 4.0, 4.0, 2.0, 4.0, 4.0, 3.0, 3.0, 4.0, 3.0, 3.0, 2.0, 4.0, 4.0, 4.0, 2.0, 4.0, 4.0, 3.0, 4.0, 4.0, 3.0, 4.0, 3.0, 3.0, 4.0, 4.0, 2.0, 4.0, 4.0, 3.0, 4.0, 3.0, 3.0, 3.0, 3.0, 4.0, 4.0, 3.0], "test_losses": [0.03363656997680664, 0.06710599362850189, 0.4945650100708008, 2.2653400897979736, 0.061406053602695465, 0.08613606542348862, 3.167595624923706, 1.0577843189239502, 0.7703580260276794, 0.003451284719631076, 0.198202982544899, 0.29441022872924805, 1.2721190452575684, 0.022371623665094376, 0.14329463243484497, 0.45904290676116943, 0.7227689027786255, 0.12877173721790314, 1.0962603092193604, 0.6001428365707397, 0.8410665988922119, 0.17520184814929962, 0.9074081182479858, 0.21656662225723267, 0.10475800931453705, 0.17911981046199799, 0.03556303679943085, 0.5732699036598206, 0.8852241635322571, 0.07661808282136917, 1.8215144872665405, 1.1748642921447754, 0.020305920392274857, 0.003797214012593031, 0.07378849387168884, 0.5260325074195862, 0.12345770746469498, 0.023343298584222794, 0.1794348955154419, 0.04009559005498886, 0.5782583951950073, 0.03757514804601669, 0.8567101955413818, 0.10698665678501129, 0.45213034749031067, 0.015238277614116669, 0.01870478130877018, 0.46579989790916443, 0.08732672780752182, 1.4430638551712036, 1.1987195014953613, 1.7940657138824463, 0.8571114540100098, 1.7561094760894775, 0.15712158381938934, 0.10419842600822449, 0.01759866066277027, 0.029344651848077774, 0.03139383718371391, 0.5640919804573059, 0.09695374220609665, 0.1274958699941635, 0.7045857906341553, 0.21490579843521118, 0.12662388384342194, 0.8030940294265747, 0.2511298656463623, 0.3505876362323761, 0.6358233690261841, 0.6592545509338379, 0.8244158625602722, 0.16194365918636322, 0.2876652777194977, 0.4764866232872009, 0.04261345788836479, 0.08336777240037918, 0.2786039113998413, 0.019969502463936806, 0.775607168674469, 0.05394663289189339, 0.7246853113174438, 0.1339222639799118, 0.0268937386572361, 0.5445526242256165, 0.29241877794265747, 0.11995802819728851, 0.8373780250549316, 0.390946626663208, 0.3404657542705536, 1.1152540445327759, 0.27422210574150085, 1.6595938205718994, 1.5898387432098389, 0.17290344834327698, 0.11693207919597626, 0.19362013041973114, 0.19133523106575012, 2.2815215587615967, 0.5314384698867798, 0.2823444604873657, 0.9190706014633179, 0.2885221242904663, 0.07145307213068008, 0.24865266680717468, 0.3919728994369507, 0.4244083762168884, 0.005866877268999815, 0.11388982832431793, 0.18323396146297455, 0.3984236419200897, 0.01199294626712799, 0.7842758893966675, 0.03144262731075287, 0.18760359287261963, 0.6523610949516296, 0.011807785369455814, 1.8044312000274658, 0.029022058472037315, 0.5494828820228577, 0.3751479387283325, 0.2739647328853607, 0.7431854009628296, 0.12450898438692093, 0.31104713678359985, 0.5090368986129761, 0.28078535199165344, 0.2231365591287613, 0.586551308631897, 0.1659095585346222, 0.3260866105556488, 0.5556202530860901, 1.1212948560714722, 0.03782256692647934, 0.7499899864196777, 0.6913565397262573, 0.566248893737793, 0.13504517078399658, 0.5260952711105347, 0.32775163650512695, 2.1058247089385986, 0.02630625106394291, 0.12438035011291504, 2.0664281845092773, 0.01823672093451023, 0.21769200265407562, 0.8603318929672241, 0.32314544916152954, 0.45402076840400696, 0.7899143695831299, 0.1824784278869629, 0.28737515211105347, 0.6790488958358765, 0.014687624759972095, 0.036446020007133484, 0.5688680410385132, 0.32443171739578247, 0.6828103065490723, 1.0782121419906616, 0.3905569911003113, 0.6082417964935303, 0.012758253142237663, 0.05525316298007965, 0.20101088285446167], "test_loss": 0.4793865273183817, "test_batch_lens": [4, 4, 4, 4, 4, 4, 4, 4, 4, 4, 4, 4, 4, 4, 4, 4, 4, 4, 4, 4, 4, 4, 4, 4, 4, 4, 4, 4, 4, 4, 4, 4, 4, 4, 4, 4, 4, 4, 4, 4, 4, 4, 4, 4, 4, 4, 4, 4, 4, 4, 4, 4, 4, 4, 4, 4, 4, 4, 4, 4, 4, 4, 4, 4, 4, 4, 4, 4, 4, 4, 4, 4, 4, 4, 4, 4, 4, 4, 4, 4, 4, 4, 4, 4, 4, 4, 4, 4, 4, 4, 4, 4, 4, 4, 4, 4, 4, 4, 4, 4, 4, 4, 4, 4, 4, 4, 4, 4, 4, 4, 4, 4, 4, 4, 4, 4, 4, 4, 4, 4, 4, 4, 4, 4, 4, 4, 4, 4, 4, 4, 4, 4, 4, 4, 4, 4, 4, 4, 4, 4, 4, 4, 4, 4, 4, 4, 4, 4, 4, 4, 4, 4, 4, 4, 4, 4, 4, 4, 4, 4, 4, 4, 3], "test_accuracy": 0.8556067588325653, "predictions": [7, 4, 1, 10, 7, 1, 8, 8, 0, 3, 4, 7, 1, 9, 8, 8, 9, 6, 4, 9, 8, 10, 1, 4, 6, 3, 9, 6, 6, 8, 2, 0, 1, 3, 6, 3, 10, 5, 5, 0, 10, 3, 2, 10, 7, 8, 2, 3, 3, 8, 2, 4, 3, 4, 6, 1, 1, 9, 1, 10, 10, 6, 5, 6, 5, 1, 8, 5, 8, 1, 3, 1, 8, 3, 1, 8, 6, 8, 9, 3, 3, 1, 1, 1, 5, 5, 1, 8, 0, 5, 9, 2, 10, 7, 0, 5, 1, 8, 2, 7, 5, 1, 10, 6, 10, 8, 3, 9, 10, 4, 7, 8, 0, 3, 7, 3, 0, 8, 0, 0, 4, 3, 1, 6, 5, 1, 7, 2, 6, 7, 4, 0, 10, 10, 7, 9, 4, 1, 9, 0, 8, 3, 3, 9, 4, 7, 4, 7, 2, 10, 2, 4, 10, 10, 1, 0, 10, 5, 4, 7, 8, 4, 10, 4, 2, 3, 10, 5, 8, 0, 6, 0, 10, 7, 6, 8, 3, 8, 1, 2, 6, 3, 5, 3, 9, 3, 4, 8, 1, 2, 0, 2, 0, 9, 9, 8, 8, 3, 5, 9, 9, 1, 6, 1, 4, 0, 9, 8, 3, 9, 5, 8, 8, 5, 4, 4, 2, 10, 8, 4, 7, 3, 0, 6, 7, 0, 5, 7, 1, 0, 1, 6, 3, 7, 7, 2, 10, 9, 3, 10, 9, 4, 3, 3, 1, 7, 8, 5, 2, 5, 10, 1, 1, 2, 3, 10, 6, 9, 5, 3, 3, 10, 7, 0, 8, 1, 8, 1, 8, 7, 3, 10, 3, 5, 3, 2, 7, 1, 9, 7, 3, 8, 8, 10, 2, 4, 2, 5, 5, 3, 8, 0, 8, 6, 0, 0, 2, 7, 3, 2, 4, 10, 8, 6, 6, 0, 2, 7, 10, 1, 7, 6, 4, 2, 5, 2, 0, 9, 4, 3, 4, 6, 7, 9, 1, 8, 8, 5, 2, 9, 4, 1, 1, 3, 4, 7, 1, 2, 9, 2, 5, 0, 7, 10, 5, 0, 8, 7, 3, 6, 9, 6, 4, 9, 5, 1, 0, 3, 8, 7, 4, 9, 6, 10, 8, 9, 10, 5, 2, 9, 4, 3, 5, 0, 9, 10, 5, 0, 3, 7, 3, 1, 8, 2, 2, 4, 4, 9, 3, 1, 3, 1, 9, 5, 0, 0, 5, 6, 9, 9, 7, 7, 8, 9, 1, 10, 10, 9, 5, 7, 3, 3, 5, 10, 9, 0, 2, 3, 0, 1, 0, 5, 4, 0, 2, 0, 1, 8, 8, 4, 8, 3, 8, 0, 3, 2, 2, 3, 0, 10, 10, 4, 10, 6, 6, 5, 0, 2, 8, 2, 1, 9, 9, 5, 9, 9, 8, 3, 5, 7, 9, 10, 1, 8, 8, 6, 3, 1, 2, 4, 10, 1, 1, 2, 2, 2, 9, 8, 2, 5, 5, 9, 0, 7, 6, 9, 3, 0, 2, 8, 6, 9, 3, 7, 2, 4, 3, 0, 1, 3, 9, 6, 3, 4, 6, 3, 3, 5, 1, 7, 7, 10, 4, 10, 2, 5, 5, 7, 5, 1, 9, 5, 0, 4, 5, 4, 4, 5, 9, 7, 7, 2, 0, 2, 5, 3, 2, 8, 1, 8, 8, 1, 8, 0, 2, 0, 9, 7, 6, 9, 6, 9, 0, 10, 8, 8, 8, 0, 7, 3, 2, 7, 9, 6, 7, 8, 9, 0, 8, 2, 9, 5, 2, 10, 8, 7, 9, 6, 8, 6, 6, 8, 7, 9, 7, 8, 4, 9, 3, 3, 7, 9, 1, 8, 5, 4, 0, 7, 8, 0, 7, 4, 5, 5, 4, 6, 2, 6, 1, 5, 3, 0, 1, 4, 7, 1, 9, 4, 6, 2, 10, 7, 1, 0, 3, 4, 1, 4, 3, 8, 7, 8, 9, 9, 4, 8, 2, 3, 8, 8, 6, 8, 1, 7, 4, 0, 2, 0, 8, 6, 7],