{"val_acc": [0.0967741935483871, 0.08602150537634409, 0.06144393241167435, 0.08602150537634409, 0.08602150537634409, 0.0967741935483871, 0.06144393241167435, 0.0706605222734255, 0.06144393241167435, 0.09831029185867896], "val_loss": [2.3993120763930804, 2.39796774957809, 2.4010998910190136, 2.3989342692439544, 2.397336183150122, 2.3993931065307805, 2.400207740397541, 2.401958859039962, 2.4017513602789196, 2.398688054523585], "train_loss": [2.3995205430813398, 2.3985533753985906, 2.398413116603979, 2.3984732430567357, 2.3984339459177093, 2.398448225213731, 2.398462816954854, 2.39827303684488, 2.3984702851557667, 2.398419864154197], "test_correct_in_batch": [1.0, 1.0, 0.0, 1.0, 0.0, 1.0, 0.0, 1.0, 1.0, 0.0, 0.0, 0.0, 0.0, 1.0, 2.0, 1.0, 0.0, 2.0, 2.0, 0.0, 2.0, 1.0, 0.0, 1.0, 1.0, 1.0, 0.0, 1.0, 0.0, 0.0, 0.0, 1.0, 0.0, 0.0, 1.0, 0.0, 0.0, 0.0, 1.0, 0.0, 0.0, 0.0, 0.0, 0.0, 1.0, 0.0, 0.0, 0.0, 0.0, 1.0, 2.0, 0.0, 0.0, 0.0, 0.0, 0.0, 0.0, 2.0, 0.0, 0.0, 0.0, 1.0, 1.0, 1.0, 0.0, 1.0, 2.0, 0.0, 0.0, 0.0, 0.0, 0.0, 0.0, 1.0, 0.0, 0.0, 0.0, 1.0, 0.0, 0.0, 0.0, 1.0, 1.0, 1.0, 1.0, 0.0, 0.0, 0.0, 1.0, 0.0, 0.0, 0.0, 0.0, 0.0, 0.0, 1.0, 0.0, 0.0, 0.0, 0.0, 0.0, 1.0, 0.0, 0.0, 2.0, 1.0, 1.0, 0.0, 0.0, 0.0, 0.0, 0.0, 1.0, 0.0, 1.0, 1.0, 1.0, 1.0, 1.0, 0.0, 0.0, 0.0, 0.0, 0.0, 1.0, 0.0, 0.0, 1.0, 0.0, 1.0, 0.0, 0.0, 0.0, 0.0, 1.0, 1.0, 0.0, 0.0, 0.0, 1.0, 0.0, 0.0, 0.0, 0.0, 0.0, 0.0, 0.0, 0.0, 1.0, 0.0, 0.0, 0.0, 1.0, 2.0, 0.0, 1.0, 1.0, 0.0, 0.0, 0.0, 1.0, 0.0, 0.0], "test_losses": [2.3940136432647705, 2.408641815185547, 2.406341314315796, 2.386495590209961, 2.3897805213928223, 2.3961331844329834, 2.419523000717163, 2.3971433639526367, 2.3906409740448, 2.4075675010681152, 2.392240285873413, 2.4052674770355225, 2.3959739208221436, 2.393392562866211, 2.381131410598755, 2.401305913925171, 2.417630195617676, 2.391547679901123, 2.391547679901123, 2.3979806900024414, 2.3845841884613037, 2.4071736335754395, 2.3910810947418213, 2.400881052017212, 2.396768093109131, 2.4012563228607178, 2.3986682891845703, 2.3940136432647705, 2.406294822692871, 2.4053430557250977, 2.4104866981506348, 2.395435333251953, 2.404597282409668, 2.397545337677002, 2.384798049926758, 2.391704797744751, 2.4014501571655273, 2.3846359252929688, 2.392937660217285, 2.404470205307007, 2.396970510482788, 2.3964133262634277, 2.399819850921631, 2.4131808280944824, 2.392998218536377, 2.4055466651916504, 2.3959741592407227, 2.38641095161438, 2.394296407699585, 2.3905913829803467, 2.3967669010162354, 2.3987255096435547, 2.401097297668457, 2.3988890647888184, 2.3965096473693848, 2.406294822692871, 2.4110894203186035, 2.3908774852752686, 2.399935245513916, 2.3954527378082275, 2.3890106678009033, 2.406848192214966, 2.3842594623565674, 2.3859570026397705, 2.401097297668457, 2.3957114219665527, 2.3967173099517822, 2.407961368560791, 2.3905067443847656, 2.4003963470458984, 2.415300130844116, 2.3888092041015625, 2.408364772796631, 2.403127670288086, 2.390181064605713, 2.4066390991210938, 2.4013845920562744, 2.400930643081665, 2.3860573768615723, 2.390084743499756, 2.3958611488342285, 2.4089674949645996, 2.3788137435913086, 2.3999805450439453, 2.384894371032715, 2.4072418212890625, 2.4114151000976562, 2.4038984775543213, 2.3888936042785645, 2.411808967590332, 2.3979780673980713, 2.4098048210144043, 2.404597282409668, 2.3979485034942627, 2.406245470046997, 2.3919239044189453, 2.3824026584625244, 2.3911030292510986, 2.3911585807800293, 2.3966479301452637, 2.4056155681610107, 2.397033452987671, 2.4051713943481445, 2.4017186164855957, 2.379673957824707, 2.3944170475006104, 2.392998218536377, 2.4073867797851562, 2.398284912109375, 2.396087646484375, 2.400672197341919, 2.4021711349487305, 2.387474775314331, 2.386979341506958, 2.3998847007751465, 2.3933815956115723, 2.4020538330078125, 2.3842594623565674, 2.3870136737823486, 2.4006829261779785, 2.392177104949951, 2.3920912742614746, 2.3979806900024414, 2.3933937549591064, 2.3909449577331543, 2.3942298889160156, 2.4055466651916504, 2.396785259246826, 2.3947157859802246, 2.4050543308258057, 2.398005962371826, 2.399350166320801, 2.3954858779907227, 2.3896236419677734, 2.387474536895752, 2.399348497390747, 2.3917160034179688, 2.396697521209717, 2.4111549854278564, 2.393017292022705, 2.3958611488342285, 2.4035897254943848, 2.403376817703247, 2.4030513763427734, 2.4081101417541504, 2.399073839187622, 2.400818109512329, 2.398303985595703, 2.3981869220733643, 2.4091129302978516, 2.4086432456970215, 2.4108619689941406, 2.3961148262023926, 2.387730598449707, 2.399449110031128, 2.396785259246826, 2.3837239742279053, 2.407961368560791, 2.3856353759765625, 2.402054786682129, 2.40689754486084, 2.390697717666626, 2.4178597927093506], "test_loss": 2.39790706400491, "test_batch_lens": [4, 4, 4, 4, 4, 4, 4, 4, 4, 4, 4, 4, 4, 4, 4, 4, 4, 4, 4, 4, 4, 4, 4, 4, 4, 4, 4, 4, 4, 4, 4, 4, 4, 4, 4, 4, 4, 4, 4, 4, 4, 4, 4, 4, 4, 4, 4, 4, 4, 4, 4, 4, 4, 4, 4, 4, 4, 4, 4, 4, 4, 4, 4, 4, 4, 4, 4, 4, 4, 4, 4, 4, 4, 4, 4, 4, 4, 4, 4, 4, 4, 4, 4, 4, 4, 4, 4, 4, 4, 4, 4, 4, 4, 4, 4, 4, 4, 4, 4, 4, 4, 4, 4, 4, 4, 4, 4, 4, 4, 4, 4, 4, 4, 4, 4, 4, 4, 4, 4, 4, 4, 4, 4, 4, 4, 4, 4, 4, 4, 4, 4, 4, 4, 4, 4, 4, 4, 4, 4, 4, 4, 4, 4, 4, 4, 4, 4, 4, 4, 4, 4, 4, 4, 4, 4, 4, 4, 4, 4, 4, 4, 4, 3], "test_accuracy": 0.10445468509984639, "predictions": [1, 1, 1, 1, 1, 1, 1, 1, 1, 1, 1, 1, 1, 1, 1, 1, 1, 1, 1, 1, 1, 1, 1, 1, 1, 1, 1, 1, 1, 1, 1, 1, 1, 1, 1, 1, 1, 1, 1, 1, 1, 1, 1, 1, 1, 1, 1, 1, 1, 1, 1, 1, 1, 1, 1, 1, 1, 1, 1, 1, 1, 1, 1, 1, 1, 1, 1, 1, 1, 1, 1, 1, 1, 1, 1, 1, 1, 1, 1, 1, 1, 1, 1, 1, 1, 1, 1, 1, 1, 1, 1, 1, 1, 1, 1, 1, 1, 1, 1, 1, 1, 1, 1, 1, 1, 1, 1, 1, 1, 1, 1, 1, 1, 1, 1, 1, 1, 1, 1, 1, 1, 1, 1, 1, 1, 1, 1, 1, 1, 1, 1, 1, 1, 1, 1, 1, 1, 1, 1, 1, 1, 1, 1, 1, 1, 1, 1, 1, 1, 1, 1, 1, 1, 1, 1, 1, 1, 1, 1, 1, 1, 1, 1, 1, 1, 1, 1, 1, 1, 1, 1, 1, 1, 1, 1, 1, 1, 1, 1, 1, 1, 1, 1, 1, 1, 1, 1, 1, 1, 1, 1, 1, 1, 1, 1, 1, 1, 1, 1, 1, 1, 1, 1, 1, 1, 1, 1, 1, 1, 1, 1, 1, 1, 1, 1, 1, 1, 1, 1, 1, 1, 1, 1, 1, 1, 1, 1, 1, 1, 1, 1, 1, 1, 1, 1, 1, 1, 1, 1, 1, 1, 1, 1, 1, 1, 1, 1, 1, 1, 1, 1, 1, 1, 1, 1, 1, 1, 1, 1, 1, 1, 1, 1, 1, 1, 1, 1, 1, 1, 1, 1, 1, 1, 1, 1, 1, 1, 1, 1, 1, 1, 1, 1, 1, 1, 1, 1, 1, 1, 1, 1, 1, 1, 1, 1, 1, 1, 1, 1, 1, 1, 1, 1, 1, 1, 1, 1, 1, 1, 1, 1, 1, 1, 1, 1, 1, 1, 1, 1, 1, 1, 1, 1, 1, 1, 1, 1, 1, 1, 1, 1, 1, 1, 1, 1, 1, 1, 1, 1, 1, 1, 1, 1, 1, 1, 1, 1, 1, 1, 1, 1, 1, 1, 1, 1, 1, 1, 1, 1, 1, 1, 1, 1, 1, 1, 1, 1, 1, 1, 1, 1, 1, 1, 1, 1, 1, 1, 1, 1, 1, 1, 1, 1, 1, 1, 1, 1, 1, 1, 1, 1, 1, 1, 1, 1, 1, 1, 1, 1, 1, 1, 1, 1, 1, 1, 1, 1, 1, 1, 1, 1, 1, 1, 1, 1, 1, 1, 1, 1, 1, 1, 1, 1, 1, 1, 1, 1, 1, 1, 1, 1, 1, 1, 1, 1, 1, 1, 1, 1, 1, 1, 1, 1, 1, 1, 1, 1, 1, 1, 1, 1, 1, 1, 1, 1, 1, 1, 1, 1, 1, 1, 1, 1, 1, 1, 1, 1, 1, 1, 1, 1, 1, 1, 1, 1, 1, 1, 1, 1, 1, 1, 1, 1, 1, 1, 1, 1, 1, 1, 1, 1, 1, 1, 1, 1, 1, 1, 1, 1, 1, 1, 1, 1, 1, 1, 1, 1, 1, 1, 1, 1, 1, 1, 1, 1, 1, 1, 1, 1, 1, 1, 1, 1, 1, 1, 1, 1, 1, 1, 1, 1, 1, 1, 1, 1, 1, 1, 1, 1, 1, 1, 1, 1, 1, 1, 1, 1, 1, 1, 1, 1, 1, 1, 1, 1, 1, 1, 1, 1, 1, 1, 1, 1, 1, 1, 1, 1, 1, 1, 1, 1, 1, 1, 1, 1, 1, 1, 1, 1, 1, 1, 1, 1, 1, 1, 1, 1, 1, 1, 1, 1, 1, 1, 1, 1, 1, 1, 1, 1, 1, 1, 1, 1, 1, 1, 1, 1, 1, 1, 1, 1, 1, 1, 1, 1, 1, 1, 1, 1, 1, 1, 1, 1, 1, 1, 1, 1, 1, 1, 1, 1, 1, 1, 1, 1, 1, 1, 1, 1, 1, 1, 1, 1, 1, 1, 1, 1, 1, 1, 1, 1],