{"val_acc": [0.4807987711213518, 0.5867895545314901, 0.6405529953917051, 0.6881720430107527, 0.7342549923195084, 0.7634408602150538, 0.7557603686635944, 0.7910906298003072, 0.7434715821812596, 0.7880184331797235], "val_loss": [1.6137785465439405, 1.312966180359659, 1.0636932682931606, 0.8973299257594384, 0.7985181541759178, 0.7469498963992288, 0.7887284965425776, 0.6340679545126902, 0.7653824758795919, 0.6699919109318428], "train_loss": [2.011399531202592, 1.3589356092298688, 1.0608403702584581, 0.8983262036587601, 0.790281919796888, 0.7089703137710066, 0.6416899031916272, 0.5874862893909514, 0.5526900612213088, 0.5000294539412298], "test_correct_in_batch": [4.0, 2.0, 2.0, 1.0, 4.0, 4.0, 1.0, 2.0, 2.0, 4.0, 3.0, 3.0, 2.0, 4.0, 3.0, 3.0, 3.0, 1.0, 1.0, 2.0, 2.0, 3.0, 3.0, 4.0, 2.0, 3.0, 4.0, 3.0, 3.0, 3.0, 3.0, 4.0, 4.0, 3.0, 3.0, 3.0, 4.0, 3.0, 3.0, 4.0, 3.0, 3.0, 3.0, 2.0, 4.0, 4.0, 2.0, 2.0, 3.0, 2.0, 3.0, 1.0, 4.0, 3.0, 4.0, 3.0, 4.0, 4.0, 2.0, 3.0, 2.0, 4.0, 4.0, 3.0, 3.0, 2.0, 4.0, 2.0, 3.0, 3.0, 2.0, 4.0, 2.0, 3.0, 4.0, 3.0, 3.0, 4.0, 3.0, 4.0, 4.0, 1.0, 3.0, 3.0, 4.0, 3.0, 3.0, 3.0, 3.0, 1.0, 3.0, 3.0, 2.0, 3.0, 3.0, 4.0, 3.0, 1.0, 1.0, 4.0, 2.0, 4.0, 3.0, 3.0, 3.0, 3.0, 2.0, 4.0, 2.0, 3.0, 3.0, 3.0, 3.0, 2.0, 1.0, 4.0, 1.0, 4.0, 4.0, 4.0, 2.0, 4.0, 4.0, 3.0, 3.0, 3.0, 1.0, 2.0, 3.0, 4.0, 1.0, 3.0, 3.0, 2.0, 4.0, 2.0, 3.0, 3.0, 3.0, 2.0, 3.0, 2.0, 2.0, 3.0, 4.0, 2.0, 4.0, 4.0, 3.0, 4.0, 3.0, 3.0, 4.0, 3.0, 4.0, 2.0, 4.0, 3.0, 2.0, 4.0, 4.0, 3.0, 3.0], "test_losses": [0.025896480306982994, 1.164538860321045, 0.7245275378227234, 2.333958387374878, 0.10074649006128311, 0.07638461142778397, 1.9317948818206787, 0.9305914640426636, 0.8711007237434387, 0.00690167210996151, 0.5177189707756042, 0.4227144718170166, 1.977257251739502, 0.21395286917686462, 0.612532377243042, 0.72552490234375, 0.6278592944145203, 1.010840892791748, 1.551119089126587, 1.3312684297561646, 0.817402720451355, 0.35197457671165466, 0.6508274078369141, 0.07568363100290298, 0.8513125777244568, 0.30123674869537354, 0.11621204763650894, 0.8806213736534119, 1.4321882724761963, 0.435280442237854, 0.8177770376205444, 0.24528689682483673, 0.018431875854730606, 1.265734076499939, 1.083696961402893, 0.8173299431800842, 0.22636111080646515, 0.3299526274204254, 0.2648390531539917, 0.048578497022390366, 1.0404859781265259, 0.4432614743709564, 0.6452570557594299, 0.8828844428062439, 0.0886668935418129, 0.10231241583824158, 1.4772379398345947, 1.9225410223007202, 0.9137624502182007, 1.0768287181854248, 0.5957724452018738, 2.6717395782470703, 0.20655298233032227, 0.763123631477356, 0.20194748044013977, 0.3174089193344116, 0.2405896782875061, 0.2039196491241455, 0.5247209072113037, 0.48819297552108765, 1.3257213830947876, 0.24466682970523834, 0.17473268508911133, 0.34081733226776123, 1.0383708477020264, 1.67451810836792, 0.19085052609443665, 1.3946317434310913, 0.5892921686172485, 0.7453322410583496, 0.9446040987968445, 0.06359279900789261, 0.5541630983352661, 0.6919405460357666, 0.036324284970760345, 0.9413275718688965, 1.092564344406128, 0.009547388181090355, 1.355956792831421, 0.23707079887390137, 0.48081499338150024, 2.1936686038970947, 0.6152418851852417, 0.46751436591148376, 0.2993007004261017, 1.7445111274719238, 0.3560672402381897, 0.9674851298332214, 1.2831480503082275, 1.85899019241333, 1.9159990549087524, 0.5235089063644409, 1.2762556076049805, 1.187788963317871, 1.236472725868225, 0.15767937898635864, 0.536875307559967, 2.933504104614258, 1.0044236183166504, 0.27676892280578613, 1.2755274772644043, 0.22393828630447388, 0.622253954410553, 0.40659937262535095, 1.2165875434875488, 1.624222755432129, 1.3308724164962769, 0.27784350514411926, 1.0463212728500366, 0.6952159404754639, 1.2549914121627808, 0.6334640979766846, 0.4651053845882416, 1.365591049194336, 1.3714094161987305, 0.04587800055742264, 1.6941019296646118, 0.14562198519706726, 0.19018320739269257, 0.42484772205352783, 1.7849949598312378, 0.8899809122085571, 0.36262819170951843, 0.8186603784561157, 1.1941901445388794, 0.5429514050483704, 1.5133031606674194, 1.2317525148391724, 0.5695539712905884, 0.04783136397600174, 1.1929346323013306, 0.33657196164131165, 1.3018321990966797, 0.7461100220680237, 0.5761464834213257, 1.5334563255310059, 0.638898491859436, 0.7507027387619019, 0.5278271436691284, 1.3784174919128418, 1.0347625017166138, 2.3737897872924805, 1.7138341665267944, 0.2711363732814789, 0.1281583160161972, 1.9567385911941528, 0.33523029088974, 0.41820353269577026, 1.2859359979629517, 0.017462508752942085, 0.48472094535827637, 0.6116315722465515, 0.015236804261803627, 0.8633604049682617, 0.5483083724975586, 0.8731021285057068, 0.3677881956100464, 0.5421465039253235, 1.3995243310928345, 0.0779419019818306, 0.006758884061127901, 0.5483419895172119, 0.40361490845680237], "test_loss": 0.7882469869561585, "test_batch_lens": [4, 4, 4, 4, 4, 4, 4, 4, 4, 4, 4, 4, 4, 4, 4, 4, 4, 4, 4, 4, 4, 4, 4, 4, 4, 4, 4, 4, 4, 4, 4, 4, 4, 4, 4, 4, 4, 4, 4, 4, 4, 4, 4, 4, 4, 4, 4, 4, 4, 4, 4, 4, 4, 4, 4, 4, 4, 4, 4, 4, 4, 4, 4, 4, 4, 4, 4, 4, 4, 4, 4, 4, 4, 4, 4, 4, 4, 4, 4, 4, 4, 4, 4, 4, 4, 4, 4, 4, 4, 4, 4, 4, 4, 4, 4, 4, 4, 4, 4, 4, 4, 4, 4, 4, 4, 4, 4, 4, 4, 4, 4, 4, 4, 4, 4, 4, 4, 4, 4, 4, 4, 4, 4, 4, 4, 4, 4, 4, 4, 4, 4, 4, 4, 4, 4, 4, 4, 4, 4, 4, 4, 4, 4, 4, 4, 4, 4, 4, 4, 4, 4, 4, 4, 4, 4, 4, 4, 4, 4, 4, 4, 4, 3], "test_accuracy": 0.7327188940092166, "predictions": [7, 4, 1, 10, 7, 3, 8, 5, 1, 3, 4, 7, 1, 4, 6, 8, 9, 6, 4, 9, 8, 10, 1, 4, 6, 6, 9, 8, 6, 8, 7, 0, 1, 3, 6, 0, 10, 5, 5, 0, 10, 3, 2, 2, 8, 8, 4, 3, 2, 8, 2, 4, 3, 4, 6, 1, 1, 5, 1, 10, 10, 6, 7, 6, 5, 9, 8, 5, 5, 0, 3, 3, 5, 1, 5, 8, 6, 2, 8, 2, 0, 1, 1, 1, 5, 5, 1, 0, 0, 5, 9, 10, 10, 7, 1, 5, 8, 5, 2, 7, 5, 0, 10, 6, 10, 8, 3, 9, 10, 4, 7, 6, 0, 0, 7, 6, 0, 2, 0, 0, 4, 9, 7, 6, 5, 1, 7, 9, 6, 7, 4, 0, 10, 10, 7, 1, 4, 3, 9, 0, 10, 3, 8, 9, 4, 7, 4, 7, 2, 10, 9, 4, 10, 10, 3, 0, 10, 5, 4, 7, 4, 9, 10, 4, 2, 0, 10, 5, 8, 0, 2, 0, 2, 7, 6, 6, 0, 8, 1, 2, 6, 3, 5, 3, 9, 2, 2, 8, 3, 2, 3, 6, 0, 9, 9, 5, 1, 5, 4, 9, 4, 1, 6, 1, 4, 0, 7, 2, 3, 9, 5, 6, 2, 5, 4, 0, 2, 10, 8, 4, 7, 3, 0, 5, 7, 0, 5, 7, 1, 0, 1, 6, 1, 7, 8, 2, 10, 4, 10, 10, 7, 4, 0, 3, 1, 7, 8, 5, 2, 4, 10, 1, 1, 2, 0, 10, 2, 9, 5, 3, 0, 10, 7, 0, 5, 1, 8, 1, 5, 7, 9, 10, 3, 5, 6, 2, 7, 6, 9, 7, 9, 3, 8, 10, 2, 4, 2, 5, 8, 2, 8, 0, 8, 8, 0, 1, 2, 7, 3, 2, 4, 10, 0, 6, 6, 0, 2, 8, 10, 1, 7, 6, 4, 2, 5, 2, 0, 9, 4, 3, 2, 6, 7, 9, 8, 2, 0, 5, 2, 4, 4, 1, 3, 8, 4, 7, 1, 2, 7, 2, 5, 0, 8, 10, 8, 0, 5, 7, 3, 6, 1, 6, 8, 9, 5, 1, 3, 0, 0, 7, 4, 2, 6, 10, 8, 9, 2, 5, 6, 9, 4, 9, 5, 0, 1, 10, 5, 0, 0, 7, 3, 1, 8, 2, 2, 10, 4, 9, 3, 8, 0, 3, 4, 5, 3, 0, 5, 6, 9, 9, 7, 7, 10, 2, 1, 10, 10, 5, 5, 1, 3, 3, 5, 10, 4, 7, 2, 3, 1, 8, 0, 5, 5, 1, 6, 0, 3, 8, 8, 4, 8, 3, 8, 0, 1, 6, 2, 3, 9, 10, 10, 2, 10, 6, 6, 5, 0, 2, 8, 2, 1, 1, 8, 5, 5, 9, 0, 2, 5, 8, 9, 10, 1, 8, 0, 6, 0, 6, 2, 4, 10, 1, 1, 2, 8, 2, 4, 8, 2, 5, 4, 4, 0, 7, 6, 9, 2, 0, 2, 8, 6, 9, 3, 2, 2, 4, 2, 0, 1, 3, 9, 6, 8, 4, 0, 0, 1, 5, 1, 1, 7, 2, 4, 10, 4, 5, 5, 7, 5, 1, 9, 5, 2, 2, 5, 4, 4, 5, 9, 7, 3, 2, 0, 6, 5, 3, 2, 9, 1, 8, 9, 1, 5, 5, 2, 0, 1, 7, 6, 4, 6, 9, 0, 10, 8, 5, 8, 8, 7, 3, 2, 7, 9, 2, 2, 8, 5, 0, 8, 2, 8, 6, 2, 10, 4, 7, 9, 6, 8, 6, 6, 2, 7, 4, 7, 8, 4, 9, 3, 3, 7, 4, 1, 7, 5, 8, 0, 7, 8, 0, 4, 4, 5, 5, 4, 6, 6, 6, 1, 5, 3, 0, 1, 10, 7, 1, 9, 4, 6, 6, 10, 8, 8, 0, 3, 9, 1, 4, 3, 10, 7, 6, 3, 4, 4, 0, 2, 3, 7, 8, 6, 8, 1, 7, 4, 8, 2, 0, 8, 6, 7],