{"val_acc": [0.9262672811059908, 0.9416282642089093, 0.9324116743471582, 0.9585253456221198, 0.9539170506912442, 0.9600614439324117, 0.9416282642089093, 0.9631336405529954, 0.9615975422427036, 0.9493087557603687], "val_loss": [0.2600799794623091, 0.2081335012092501, 0.20067341164850053, 0.14669204599358301, 0.14446447857482747, 0.1463909624268528, 0.19408537078884003, 0.11128922689046698, 0.13361984112438266, 0.16158265293942478], "train_loss": [0.9881540784331261, 0.24812652984982064, 0.16443891063570318, 0.12438029728664504, 0.09816879884702234, 0.08502332148522898, 0.07306618827881453, 0.06774837375855747, 0.06091352051015394, 0.05439706632211929], "test_correct_in_batch": [4.0, 4.0, 3.0, 4.0, 4.0, 4.0, 4.0, 2.0, 3.0, 4.0, 4.0, 4.0, 4.0, 4.0, 4.0, 3.0, 3.0, 4.0, 3.0, 4.0, 4.0, 4.0, 3.0, 4.0, 4.0, 4.0, 4.0, 3.0, 3.0, 4.0, 4.0, 4.0, 4.0, 4.0, 4.0, 4.0, 4.0, 4.0, 4.0, 4.0, 4.0, 4.0, 3.0, 4.0, 4.0, 4.0, 4.0, 4.0, 4.0, 3.0, 4.0, 1.0, 4.0, 3.0, 4.0, 4.0, 4.0, 4.0, 4.0, 3.0, 4.0, 4.0, 4.0, 4.0, 4.0, 4.0, 4.0, 3.0, 3.0, 3.0, 2.0, 4.0, 4.0, 3.0, 4.0, 4.0, 4.0, 4.0, 3.0, 4.0, 4.0, 4.0, 4.0, 4.0, 4.0, 3.0, 4.0, 4.0, 4.0, 4.0, 4.0, 4.0, 3.0, 4.0, 4.0, 4.0, 4.0, 2.0, 4.0, 4.0, 3.0, 4.0, 4.0, 4.0, 4.0, 4.0, 4.0, 4.0, 4.0, 4.0, 4.0, 4.0, 4.0, 4.0, 4.0, 4.0, 3.0, 4.0, 4.0, 4.0, 4.0, 3.0, 4.0, 4.0, 3.0, 4.0, 4.0, 4.0, 4.0, 4.0, 4.0, 4.0, 4.0, 4.0, 4.0, 4.0, 4.0, 4.0, 4.0, 3.0, 4.0, 4.0, 4.0, 4.0, 4.0, 2.0, 4.0, 4.0, 3.0, 4.0, 4.0, 3.0, 4.0, 4.0, 4.0, 4.0, 4.0, 4.0, 3.0, 4.0, 4.0, 4.0, 3.0], "test_losses": [0.00017627322813495994, 0.0028070490807294846, 1.5307307243347168, 0.0030690361745655537, 0.0004224123840685934, 0.0006269919103942811, 0.0010203755227848887, 1.2629077434539795, 0.5149711966514587, 0.000162202151841484, 0.00011907685257028788, 0.00015229843847919255, 0.06676224619150162, 0.0016834369162097573, 0.00042735919123515487, 2.4181673526763916, 0.8503073453903198, 0.035144317895174026, 0.540151834487915, 0.001990183023735881, 0.0016847042134031653, 0.0003685172996483743, 0.686180055141449, 0.004305803682655096, 0.0010965493274852633, 0.00016863529162947088, 8.424623229075223e-05, 0.5112135410308838, 0.7586924433708191, 0.00041854026494547725, 0.13706128299236298, 0.0006977764423936605, 0.00025572182494215667, 2.396065610810183e-05, 0.005506484303623438, 0.000264954287558794, 0.0005180670414119959, 0.0037159130442887545, 0.00011303272913210094, 9.437622793484479e-05, 0.0008401947561651468, 3.957629087381065e-05, 0.7330187559127808, 0.007786075584590435, 0.00037458224687725306, 4.714567694463767e-05, 0.010987299494445324, 0.0032560492400079966, 0.0027935351245105267, 0.8772035241127014, 0.14674776792526245, 3.300294876098633, 0.0001801635226001963, 0.5295203328132629, 0.011229894123971462, 4.8546156904194504e-05, 0.00015060360601637512, 0.0002348276466364041, 0.000140198870212771, 0.27001282572746277, 3.415248647797853e-05, 0.0003378069377504289, 0.020711783319711685, 0.0002152219822164625, 0.0007824806962162256, 0.04966725409030914, 0.04599752277135849, 1.1937180757522583, 0.8958218097686768, 0.8388973474502563, 1.5746227502822876, 8.975611854111776e-05, 0.0005336154717952013, 0.31210505962371826, 0.00017449818551540375, 0.016363272443413734, 0.0010331725934520364, 0.0019738459959626198, 1.376646637916565, 0.006271637976169586, 0.11800640821456909, 0.0007875682786107063, 0.00256499950774014, 0.000407887069741264, 0.02655014395713806, 2.58581280708313, 0.00036833930062130094, 0.0014752537244930863, 0.0004395131254568696, 0.03389079123735428, 0.00013665833103004843, 0.00013859104365110397, 2.466151714324951, 0.00011272791743976995, 0.0001454973971704021, 0.01254834420979023, 0.046052493155002594, 4.162205219268799, 0.00019599529332481325, 0.004033982753753662, 0.6649689078330994, 0.00028287971508689225, 0.00015079877630341798, 0.15402692556381226, 0.0002397191128693521, 0.000575740821659565, 0.0004451340646483004, 0.0007956343470141292, 0.011764087714254856, 0.00022015375725459307, 0.0007438400061801076, 0.09553808718919754, 0.005652076564729214, 0.021731605753302574, 0.021929558366537094, 0.0008455236093141139, 1.2315808534622192, 0.0003767930902540684, 0.004325991030782461, 0.0009807315655052662, 0.05470681190490723, 0.676913321018219, 0.0026895725168287754, 0.00919515173882246, 1.4249606132507324, 0.0006784374709241092, 0.00031396353733725846, 0.03373463451862335, 0.13485035300254822, 0.0036174794659018517, 8.865004929248244e-05, 0.047244541347026825, 0.00018065777840092778, 0.003639194881543517, 0.0015647376421838999, 0.0027189890388399363, 9.035471157403663e-05, 0.03402259945869446, 0.0014858841896057129, 0.3447657525539398, 0.0005761650390923023, 0.08690609037876129, 0.16536609828472137, 0.0002122940932167694, 0.002165901940315962, 0.6972331404685974, 0.03992227464914322, 0.00046244950499385595, 1.2390437126159668, 0.00023631134536117315, 0.0001386133226333186, 0.6786666512489319, 0.0002793440071400255, 0.0011457146611064672, 0.02373085543513298, 0.00995340384542942, 0.0011198174906894565, 0.0014251751126721501, 1.758906364440918, 0.00017482289695180953, 0.00022590091975871474, 0.00041476957267150283, 0.000742702279239893], "test_loss": 0.2499440416522814, "test_batch_lens": [4, 4, 4, 4, 4, 4, 4, 4, 4, 4, 4, 4, 4, 4, 4, 4, 4, 4, 4, 4, 4, 4, 4, 4, 4, 4, 4, 4, 4, 4, 4, 4, 4, 4, 4, 4, 4, 4, 4, 4, 4, 4, 4, 4, 4, 4, 4, 4, 4, 4, 4, 4, 4, 4, 4, 4, 4, 4, 4, 4, 4, 4, 4, 4, 4, 4, 4, 4, 4, 4, 4, 4, 4, 4, 4, 4, 4, 4, 4, 4, 4, 4, 4, 4, 4, 4, 4, 4, 4, 4, 4, 4, 4, 4, 4, 4, 4, 4, 4, 4, 4, 4, 4, 4, 4, 4, 4, 4, 4, 4, 4, 4, 4, 4, 4, 4, 4, 4, 4, 4, 4, 4, 4, 4, 4, 4, 4, 4, 4, 4, 4, 4, 4, 4, 4, 4, 4, 4, 4, 4, 4, 4, 4, 4, 4, 4, 4, 4, 4, 4, 4, 4, 4, 4, 4, 4, 4, 4, 4, 4, 4, 4, 3], "test_accuracy": 0.9416282642089093, "predictions": [7, 4, 1, 10, 7, 1, 8, 8, 0, 3, 4, 7, 1, 9, 3, 0, 9, 6, 4, 9, 8, 10, 1, 4, 6, 8, 8, 6, 6, 8, 8, 0, 1, 1, 6, 3, 10, 5, 5, 0, 10, 3, 2, 10, 7, 8, 4, 3, 3, 8, 9, 4, 3, 4, 6, 1, 1, 9, 1, 10, 10, 6, 9, 6, 5, 9, 8, 5, 8, 1, 3, 1, 6, 3, 1, 8, 6, 8, 9, 2, 3, 1, 3, 1, 5, 5, 1, 8, 0, 5, 9, 10, 10, 7, 1, 5, 1, 8, 2, 7, 5, 1, 10, 6, 10, 8, 3, 9, 10, 4, 7, 6, 0, 3, 7, 8, 0, 8, 0, 0, 4, 8, 7, 6, 5, 1, 7, 9, 6, 7, 4, 0, 10, 10, 7, 9, 4, 1, 9, 0, 10, 3, 3, 9, 4, 7, 4, 7, 2, 10, 2, 4, 10, 10, 1, 0, 10, 5, 4, 7, 8, 9, 10, 4, 2, 3, 10, 5, 8, 0, 6, 0, 10, 7, 6, 8, 0, 8, 1, 2, 6, 3, 5, 3, 9, 3, 4, 8, 3, 2, 0, 2, 0, 9, 9, 8, 3, 3, 5, 9, 8, 1, 6, 1, 4, 4, 9, 6, 3, 9, 5, 6, 4, 5, 4, 5, 2, 10, 8, 4, 7, 3, 0, 6, 7, 0, 5, 7, 1, 0, 1, 6, 3, 7, 7, 2, 10, 9, 3, 10, 9, 4, 3, 3, 1, 7, 8, 5, 2, 4, 10, 1, 1, 2, 3, 10, 6, 9, 5, 3, 3, 10, 7, 1, 5, 1, 8, 1, 3, 7, 3, 10, 3, 5, 1, 2, 7, 5, 9, 7, 3, 8, 0, 10, 2, 4, 2, 5, 5, 3, 8, 0, 8, 6, 3, 1, 2, 7, 3, 2, 4, 10, 8, 6, 6, 0, 2, 7, 10, 1, 7, 6, 4, 2, 5, 2, 0, 9, 4, 3, 2, 6, 7, 9, 1, 8, 8, 5, 2, 9, 4, 1, 1, 8, 4, 7, 1, 2, 7, 2, 5, 0, 4, 10, 5, 0, 5, 7, 3, 6, 4, 6, 4, 9, 5, 1, 8, 3, 7, 7, 4, 4, 6, 10, 8, 9, 8, 5, 6, 9, 4, 0, 5, 0, 9, 10, 5, 0, 3, 7, 3, 1, 8, 2, 2, 4, 4, 9, 3, 7, 5, 6, 9, 4, 0, 0, 5, 6, 9, 9, 7, 7, 8, 9, 1, 10, 10, 5, 5, 7, 3, 3, 5, 10, 9, 7, 2, 3, 1, 1, 0, 5, 4, 1, 2, 0, 1, 8, 8, 4, 8, 3, 8, 0, 3, 2, 2, 3, 7, 10, 10, 4, 10, 6, 6, 5, 0, 9, 8, 2, 1, 9, 9, 5, 9, 9, 1, 3, 5, 7, 9, 10, 1, 8, 1, 6, 3, 4, 2, 4, 10, 1, 1, 2, 8, 2, 4, 8, 2, 5, 9, 9, 0, 7, 6, 9, 1, 0, 2, 8, 6, 9, 3, 7, 2, 4, 0, 0, 1, 3, 9, 6, 3, 4, 6, 3, 3, 5, 0, 1, 7, 10, 4, 10, 2, 5, 5, 7, 5, 1, 4, 5, 0, 4, 5, 4, 9, 5, 9, 7, 7, 2, 0, 2, 4, 3, 2, 9, 1, 8, 9, 1, 8, 8, 2, 0, 9, 7, 6, 9, 6, 9, 0, 10, 8, 8, 5, 1, 7, 3, 2, 7, 9, 6, 7, 8, 9, 0, 8, 2, 10, 5, 2, 10, 8, 7, 9, 6, 8, 6, 6, 5, 7, 4, 7, 8, 4, 9, 3, 3, 7, 4, 1, 7, 4, 4, 0, 7, 8, 0, 7, 4, 5, 5, 4, 6, 6, 6, 1, 5, 3, 0, 1, 4, 7, 1, 9, 4, 6, 6, 10, 7, 1, 0, 3, 9, 1, 4, 3, 10, 7, 8, 9, 9, 4, 3, 2, 3, 7, 8, 6, 8, 1, 7, 4, 0, 2, 0, 8, 6, 7],