{"val_acc": [0.1490015360983103, 0.21658986175115208, 0.27342549923195086, 0.30721966205837176, 0.3317972350230415, 0.3763440860215054, 0.41935483870967744, 0.4807987711213518, 0.5130568356374808, 0.565284178187404], "val_loss": [2.350759539867471, 2.297165300948488, 2.2402392267449502, 2.1844389226539005, 2.104364701575297, 2.024522577326722, 1.9387139184343303, 1.861482465194047, 1.7908631446171392, 1.693892745152573], "train_loss": [2.3755464931865378, 2.3246695587818853, 2.272662921909063, 2.2117411582982847, 2.14244242446265, 2.067009850158741, 1.9905406333565114, 1.9135431959726554, 1.8334798024624408, 1.7500557633773448], "test_correct_in_batch": [3.0, 1.0, 3.0, 2.0, 4.0, 3.0, 3.0, 1.0, 3.0, 3.0, 2.0, 1.0, 0.0, 4.0, 3.0, 2.0, 2.0, 1.0, 1.0, 1.0, 3.0, 2.0, 3.0, 2.0, 3.0, 3.0, 3.0, 3.0, 3.0, 3.0, 0.0, 4.0, 2.0, 4.0, 2.0, 3.0, 4.0, 2.0, 3.0, 3.0, 3.0, 1.0, 1.0, 2.0, 2.0, 3.0, 1.0, 1.0, 2.0, 2.0, 3.0, 1.0, 1.0, 2.0, 3.0, 3.0, 3.0, 4.0, 2.0, 3.0, 4.0, 2.0, 1.0, 3.0, 3.0, 3.0, 2.0, 1.0, 1.0, 3.0, 0.0, 2.0, 2.0, 2.0, 1.0, 2.0, 2.0, 3.0, 0.0, 3.0, 3.0, 0.0, 2.0, 2.0, 2.0, 3.0, 2.0, 2.0, 2.0, 1.0, 2.0, 2.0, 1.0, 3.0, 3.0, 1.0, 3.0, 0.0, 4.0, 4.0, 2.0, 3.0, 1.0, 2.0, 1.0, 2.0, 2.0, 2.0, 1.0, 1.0, 3.0, 2.0, 3.0, 3.0, 1.0, 2.0, 1.0, 3.0, 2.0, 1.0, 4.0, 1.0, 2.0, 1.0, 1.0, 3.0, 1.0, 4.0, 3.0, 2.0, 3.0, 3.0, 1.0, 1.0, 1.0, 2.0, 4.0, 1.0, 1.0, 2.0, 2.0, 3.0, 0.0, 2.0, 3.0, 3.0, 2.0, 1.0, 0.0, 2.0, 4.0, 2.0, 3.0, 1.0, 1.0, 4.0, 3.0, 2.0, 3.0, 0.0, 2.0, 1.0, 2.0], "test_losses": [1.3800289630889893, 1.904422402381897, 1.4438793659210205, 1.555229902267456, 1.3566170930862427, 1.6995534896850586, 2.174816370010376, 2.217243194580078, 1.6491703987121582, 1.6297719478607178, 2.0110321044921875, 1.6251789331436157, 2.2528350353240967, 1.470019817352295, 1.5861064195632935, 2.1325430870056152, 1.860978603363037, 1.6460816860198975, 1.8469939231872559, 1.9186222553253174, 1.6662036180496216, 1.5638673305511475, 2.1625418663024902, 1.5969860553741455, 1.6413671970367432, 1.7196698188781738, 1.6986262798309326, 1.7690086364746094, 1.3863235712051392, 1.5892480611801147, 2.1914095878601074, 1.3782341480255127, 1.4109671115875244, 1.3893070220947266, 1.743565320968628, 1.4898278713226318, 1.22388756275177, 1.9450626373291016, 2.0530622005462646, 1.5569181442260742, 1.8441046476364136, 1.8274378776550293, 1.7183167934417725, 1.9357142448425293, 1.784101963043213, 1.4070919752120972, 1.979360580444336, 1.9612878561019897, 1.5702201128005981, 1.5656801462173462, 1.6372374296188354, 1.842558741569519, 1.9644798040390015, 1.8450480699539185, 1.81410813331604, 1.4156684875488281, 1.1098371744155884, 1.3938624858856201, 1.60015869140625, 1.7811689376831055, 1.259544849395752, 1.5214896202087402, 1.8631865978240967, 1.5795847177505493, 1.5776077508926392, 1.563319444656372, 1.6020889282226562, 1.8616260290145874, 2.003549337387085, 1.5328086614608765, 2.1915175914764404, 1.9495710134506226, 1.6365052461624146, 1.9591012001037598, 1.8166292905807495, 1.8503093719482422, 1.7346614599227905, 1.623538613319397, 2.1061618328094482, 1.4231455326080322, 1.4611194133758545, 2.1705007553100586, 1.6066597700119019, 1.4828282594680786, 1.653721570968628, 1.635823130607605, 1.5979499816894531, 1.8463114500045776, 1.4249186515808105, 2.4834790229797363, 1.7746117115020752, 1.9059802293777466, 2.0089528560638428, 1.5244865417480469, 1.4846222400665283, 1.7169297933578491, 1.4531757831573486, 2.2125234603881836, 1.4956958293914795, 1.4110934734344482, 1.975769281387329, 1.843689203262329, 1.734805941581726, 1.95380699634552, 1.6375104188919067, 1.642531394958496, 1.8622353076934814, 2.0978496074676514, 1.7714040279388428, 1.7040302753448486, 1.719834566116333, 1.7030599117279053, 1.6306465864181519, 1.1713083982467651, 1.4111114740371704, 1.6695709228515625, 1.8813319206237793, 1.576049566268921, 2.056601047515869, 1.641327142715454, 1.258882761001587, 1.9706664085388184, 1.8780683279037476, 1.8992141485214233, 1.772780179977417, 1.6439155340194702, 1.5855712890625, 1.5414519309997559, 1.8031386137008667, 1.5380088090896606, 1.547253966331482, 1.4076424837112427, 1.5317296981811523, 2.10727596282959, 1.877413034439087, 1.6134973764419556, 1.4144002199172974, 2.229719638824463, 2.0880138874053955, 1.8531475067138672, 1.543547511100769, 1.3300018310546875, 2.2437663078308105, 1.8834161758422852, 1.926542043685913, 1.4217631816864014, 1.6506962776184082, 1.7388064861297607, 1.723625898361206, 1.5161798000335693, 1.3212990760803223, 1.7824584245681763, 1.7442610263824463, 1.6321395635604858, 1.9281854629516602, 1.3940342664718628, 1.3105870485305786, 1.782484531402588, 1.5121653079986572, 1.8518942594528198, 1.5471776723861694, 1.8201916217803955, 1.578689694404602], "test_loss": 1.7114856652686932, "test_batch_lens": [4, 4, 4, 4, 4, 4, 4, 4, 4, 4, 4, 4, 4, 4, 4, 4, 4, 4, 4, 4, 4, 4, 4, 4, 4, 4, 4, 4, 4, 4, 4, 4, 4, 4, 4, 4, 4, 4, 4, 4, 4, 4, 4, 4, 4, 4, 4, 4, 4, 4, 4, 4, 4, 4, 4, 4, 4, 4, 4, 4, 4, 4, 4, 4, 4, 4, 4, 4, 4, 4, 4, 4, 4, 4, 4, 4, 4, 4, 4, 4, 4, 4, 4, 4, 4, 4, 4, 4, 4, 4, 4, 4, 4, 4, 4, 4, 4, 4, 4, 4, 4, 4, 4, 4, 4, 4, 4, 4, 4, 4, 4, 4, 4, 4, 4, 4, 4, 4, 4, 4, 4, 4, 4, 4, 4, 4, 4, 4, 4, 4, 4, 4, 4, 4, 4, 4, 4, 4, 4, 4, 4, 4, 4, 4, 4, 4, 4, 4, 4, 4, 4, 4, 4, 4, 4, 4, 4, 4, 4, 4, 4, 4, 3], "test_accuracy": 0.5345622119815668, "predictions": [7, 7, 1, 10, 7, 3, 10, 0, 0, 0, 4, 7, 1, 9, 0, 5, 9, 6, 4, 9, 5, 10, 1, 4, 6, 7, 8, 6, 8, 10, 2, 10, 3, 9, 6, 3, 10, 5, 0, 0, 10, 0, 9, 10, 7, 6, 9, 1, 0, 0, 0, 7, 3, 4, 6, 1, 1, 9, 3, 10, 10, 6, 5, 5, 5, 4, 10, 5, 5, 3, 1, 1, 10, 1, 1, 0, 0, 0, 9, 1, 3, 1, 1, 1, 5, 0, 1, 0, 0, 0, 9, 10, 10, 7, 3, 0, 1, 5, 2, 7, 5, 3, 10, 6, 10, 1, 3, 9, 10, 4, 7, 4, 5, 3, 7, 6, 0, 10, 0, 0, 9, 10, 1, 0, 5, 1, 7, 9, 5, 7, 7, 0, 10, 10, 7, 9, 4, 9, 9, 3, 2, 3, 3, 9, 4, 7, 4, 7, 10, 10, 10, 4, 10, 0, 1, 0, 10, 2, 4, 7, 7, 9, 10, 4, 10, 1, 10, 0, 0, 0, 4, 5, 10, 7, 5, 6, 3, 0, 1, 2, 8, 3, 5, 3, 9, 5, 7, 10, 1, 10, 0, 9, 0, 1, 9, 0, 3, 3, 4, 9, 0, 1, 6, 1, 4, 1, 9, 5, 1, 9, 3, 0, 0, 5, 4, 0, 2, 10, 0, 4, 7, 3, 0, 5, 7, 5, 5, 7, 1, 0, 1, 6, 3, 7, 9, 10, 10, 9, 3, 10, 9, 4, 3, 3, 1, 7, 5, 0, 10, 10, 10, 3, 1, 10, 3, 10, 10, 9, 5, 3, 3, 10, 7, 0, 5, 3, 5, 1, 0, 9, 1, 10, 3, 0, 3, 10, 7, 4, 9, 7, 0, 1, 0, 2, 1, 4, 10, 5, 5, 1, 0, 0, 3, 2, 0, 1, 7, 7, 1, 10, 4, 10, 5, 7, 10, 0, 10, 7, 10, 1, 9, 6, 7, 10, 0, 0, 0, 9, 4, 0, 10, 6, 7, 9, 2, 10, 6, 0, 10, 7, 4, 1, 1, 6, 7, 7, 1, 10, 7, 10, 5, 0, 4, 10, 5, 3, 0, 7, 3, 6, 9, 10, 7, 9, 0, 1, 3, 0, 0, 7, 4, 10, 5, 10, 7, 9, 10, 5, 1, 9, 4, 3, 5, 5, 9, 10, 0, 0, 3, 7, 1, 1, 5, 10, 10, 4, 4, 9, 1, 9, 0, 4, 9, 4, 0, 0, 5, 6, 9, 9, 7, 7, 10, 0, 1, 10, 10, 3, 5, 4, 0, 0, 5, 10, 10, 9, 5, 1, 3, 1, 0, 5, 5, 3, 10, 0, 1, 7, 6, 4, 6, 3, 2, 0, 1, 10, 10, 1, 9, 10, 10, 4, 10, 0, 6, 5, 5, 10, 8, 10, 1, 9, 9, 0, 9, 9, 3, 1, 0, 7, 9, 10, 3, 10, 3, 5, 3, 10, 10, 4, 10, 1, 1, 0, 8, 10, 4, 0, 10, 0, 9, 9, 0, 7, 5, 4, 9, 0, 1, 0, 6, 9, 0, 10, 10, 4, 2, 0, 3, 0, 9, 10, 3, 4, 5, 3, 1, 0, 0, 1, 7, 10, 4, 10, 8, 5, 5, 7, 0, 3, 4, 5, 5, 4, 5, 4, 9, 0, 1, 7, 9, 10, 0, 10, 1, 0, 10, 1, 1, 6, 9, 1, 0, 0, 2, 0, 9, 7, 5, 1, 6, 10, 5, 10, 10, 1, 10, 1, 7, 10, 10, 7, 9, 2, 7, 0, 9, 0, 5, 10, 9, 0, 10, 10, 7, 7, 9, 6, 10, 6, 6, 10, 7, 9, 7, 9, 10, 9, 3, 0, 10, 9, 3, 9, 0, 2, 5, 7, 3, 0, 7, 4, 5, 5, 4, 2, 5, 6, 1, 5, 5, 0, 3, 7, 7, 3, 9, 9, 10, 5, 10, 7, 1, 0, 1, 9, 1, 4, 1, 10, 7, 0, 9, 9, 4, 3, 8, 1, 9, 0, 5, 6, 1, 7, 4, 5, 10, 9, 2, 6, 7],