{"val_acc": [0.7818740399385561, 0.8172043010752689, 0.8141321044546851, 0.8325652841781874, 0.8556067588325653, 0.8233486943164362, 0.8556067588325653, 0.8602150537634409, 0.8433179723502304, 0.8571428571428571], "val_loss": [0.6767974864302969, 0.5389229781765696, 0.5752513409003707, 0.472288602977374, 0.4042045103408899, 0.5107714765722309, 0.42864762685273095, 0.4145251368172467, 0.44658297934123753, 0.42692335138448795], "train_loss": [1.2791002935606337, 0.6327884847664652, 0.4829040709276343, 0.3977237431742585, 0.33877596621408307, 0.29687061308727636, 0.2618276146435844, 0.2334436110628322, 0.20786952373794015, 0.1936388572756706], "test_correct_in_batch": [4.0, 2.0, 3.0, 4.0, 4.0, 3.0, 4.0, 2.0, 2.0, 4.0, 4.0, 3.0, 1.0, 3.0, 3.0, 3.0, 2.0, 3.0, 4.0, 4.0, 3.0, 4.0, 3.0, 4.0, 4.0, 4.0, 4.0, 3.0, 3.0, 4.0, 1.0, 4.0, 4.0, 4.0, 4.0, 3.0, 4.0, 4.0, 4.0, 4.0, 3.0, 3.0, 3.0, 4.0, 4.0, 4.0, 4.0, 3.0, 3.0, 4.0, 4.0, 2.0, 4.0, 4.0, 4.0, 4.0, 4.0, 2.0, 3.0, 3.0, 4.0, 4.0, 3.0, 4.0, 3.0, 3.0, 4.0, 4.0, 3.0, 2.0, 1.0, 4.0, 4.0, 4.0, 4.0, 3.0, 4.0, 4.0, 3.0, 4.0, 4.0, 4.0, 4.0, 3.0, 4.0, 4.0, 4.0, 4.0, 4.0, 2.0, 4.0, 4.0, 3.0, 4.0, 4.0, 4.0, 3.0, 2.0, 4.0, 4.0, 2.0, 4.0, 4.0, 2.0, 4.0, 2.0, 3.0, 2.0, 2.0, 4.0, 4.0, 3.0, 4.0, 4.0, 3.0, 4.0, 2.0, 3.0, 3.0, 1.0, 4.0, 1.0, 3.0, 3.0, 3.0, 4.0, 4.0, 4.0, 3.0, 4.0, 4.0, 4.0, 4.0, 4.0, 4.0, 2.0, 4.0, 3.0, 3.0, 3.0, 4.0, 2.0, 2.0, 3.0, 4.0, 3.0, 3.0, 3.0, 3.0, 3.0, 4.0, 3.0, 4.0, 4.0, 4.0, 4.0, 2.0, 3.0, 4.0, 4.0, 4.0, 4.0, 3.0], "test_losses": [0.022831086069345474, 0.9702745079994202, 1.5739696025848389, 0.09183598309755325, 0.006083527579903603, 0.22997130453586578, 0.2997930943965912, 1.0445877313613892, 1.546653389930725, 0.10808468610048294, 0.038544341921806335, 0.36923477053642273, 2.0422263145446777, 0.4621107876300812, 0.4055253267288208, 1.9828401803970337, 1.1563549041748047, 1.5939825773239136, 0.3508978486061096, 0.1257835179567337, 1.185546636581421, 0.03897427022457123, 0.7189383506774902, 0.027840806171298027, 0.2840323746204376, 0.002933870069682598, 0.08270277082920074, 0.7176227569580078, 1.1571437120437622, 0.0112612284719944, 1.8957024812698364, 0.015936387702822685, 0.017582619562745094, 0.0030436557717621326, 0.11327529698610306, 0.4480671286582947, 0.11246094107627869, 0.07981768250465393, 0.151615172624588, 0.008104563690721989, 0.832039475440979, 0.503967821598053, 0.9730952978134155, 0.0217154361307621, 0.26413434743881226, 0.12356402724981308, 0.015998799353837967, 0.4541819095611572, 0.3921528458595276, 0.14267988502979279, 0.07550473511219025, 1.4215104579925537, 0.04703107103705406, 0.30868953466415405, 0.08024647831916809, 0.013112322427332401, 0.0031198342330753803, 1.5542805194854736, 0.9914400577545166, 0.7702013254165649, 0.11234495788812637, 0.06485869735479355, 0.2997415363788605, 0.0038559685926884413, 1.0676966905593872, 0.9086834788322449, 0.1772678941488266, 0.3990001380443573, 0.6505082845687866, 0.8571715354919434, 1.8987728357315063, 0.16817787289619446, 0.023592256009578705, 0.1661919504404068, 0.05207710713148117, 0.28882896900177, 0.004721972160041332, 0.0785527229309082, 0.3964984118938446, 0.19805008172988892, 0.13848771154880524, 0.09421402215957642, 0.1933169811964035, 0.3184441924095154, 0.06080431118607521, 0.10432182997465134, 0.08446934074163437, 0.16515228152275085, 0.24148111045360565, 1.009081482887268, 0.07665733993053436, 0.07086414098739624, 1.1160888671875, 0.024886198341846466, 0.09248042851686478, 0.0983530804514885, 0.5402187705039978, 2.3795433044433594, 0.1771753877401352, 0.0511074922978878, 0.8364789485931396, 0.00846590381115675, 0.15653173625469208, 0.706151008605957, 0.18018072843551636, 1.3627781867980957, 0.46938061714172363, 1.5867995023727417, 1.172510027885437, 0.13225297629833221, 0.10290495306253433, 0.3726969063282013, 0.010305650532245636, 0.170184925198555, 1.3319735527038574, 0.27525588870048523, 1.153036117553711, 0.1856233924627304, 0.20497336983680725, 1.040135145187378, 0.26111850142478943, 1.3107099533081055, 0.3472638726234436, 0.8996197581291199, 1.0983548164367676, 0.15173864364624023, 0.01218553725630045, 0.08029140532016754, 0.6576406359672546, 0.01866026595234871, 0.048478685319423676, 0.010287884622812271, 0.010889962315559387, 0.1505545973777771, 0.1763273924589157, 0.890876054763794, 0.002506605815142393, 0.5594345927238464, 0.4201517105102539, 0.45005565881729126, 0.041963011026382446, 0.5515901446342468, 0.6408752799034119, 0.34791603684425354, 0.044002704322338104, 0.7134133577346802, 1.5863937139511108, 0.4440586268901825, 0.5463795065879822, 0.3062823414802551, 0.21377789974212646, 0.7035143971443176, 0.04009982571005821, 0.019425401464104652, 0.2506466507911682, 0.01157300267368555, 1.3717505931854248, 0.5480136275291443, 0.1890282928943634, 0.2249840497970581, 0.0021054833196103573, 0.08094168454408646, 0.00327703426592052], "test_loss": 0.44929064262052715, "test_batch_lens": [4, 4, 4, 4, 4, 4, 4, 4, 4, 4, 4, 4, 4, 4, 4, 4, 4, 4, 4, 4, 4, 4, 4, 4, 4, 4, 4, 4, 4, 4, 4, 4, 4, 4, 4, 4, 4, 4, 4, 4, 4, 4, 4, 4, 4, 4, 4, 4, 4, 4, 4, 4, 4, 4, 4, 4, 4, 4, 4, 4, 4, 4, 4, 4, 4, 4, 4, 4, 4, 4, 4, 4, 4, 4, 4, 4, 4, 4, 4, 4, 4, 4, 4, 4, 4, 4, 4, 4, 4, 4, 4, 4, 4, 4, 4, 4, 4, 4, 4, 4, 4, 4, 4, 4, 4, 4, 4, 4, 4, 4, 4, 4, 4, 4, 4, 4, 4, 4, 4, 4, 4, 4, 4, 4, 4, 4, 4, 4, 4, 4, 4, 4, 4, 4, 4, 4, 4, 4, 4, 4, 4, 4, 4, 4, 4, 4, 4, 4, 4, 4, 4, 4, 4, 4, 4, 4, 4, 4, 4, 4, 4, 4, 3], "test_accuracy": 0.8448540706605223, "predictions": [7, 4, 1, 10, 7, 1, 10, 5, 0, 3, 4, 7, 1, 9, 3, 0, 9, 6, 4, 9, 8, 10, 0, 4, 6, 8, 8, 6, 6, 7, 8, 1, 1, 3, 6, 1, 10, 5, 5, 0, 10, 3, 2, 10, 7, 8, 7, 3, 8, 10, 2, 4, 3, 4, 2, 1, 1, 7, 1, 10, 10, 6, 9, 6, 0, 7, 8, 5, 8, 1, 7, 1, 1, 3, 1, 8, 6, 8, 9, 2, 3, 1, 1, 1, 5, 5, 1, 8, 0, 5, 9, 10, 10, 7, 1, 5, 1, 8, 2, 7, 5, 1, 10, 6, 10, 8, 3, 9, 10, 4, 7, 7, 0, 3, 7, 8, 0, 8, 0, 0, 4, 2, 0, 8, 5, 1, 7, 9, 6, 7, 4, 0, 10, 10, 7, 9, 4, 1, 9, 0, 10, 3, 10, 9, 4, 7, 4, 7, 2, 10, 2, 4, 10, 10, 1, 0, 10, 5, 4, 7, 8, 9, 10, 5, 2, 6, 10, 5, 8, 0, 7, 0, 10, 7, 6, 8, 0, 8, 1, 2, 6, 3, 5, 3, 9, 3, 4, 8, 3, 2, 1, 2, 0, 9, 9, 5, 1, 3, 5, 9, 8, 1, 6, 1, 4, 8, 5, 8, 3, 9, 5, 6, 2, 5, 4, 5, 2, 10, 8, 4, 7, 3, 0, 6, 7, 0, 5, 7, 8, 8, 1, 6, 1, 7, 7, 2, 10, 9, 3, 10, 9, 4, 3, 3, 1, 7, 8, 5, 2, 5, 10, 1, 1, 2, 3, 10, 6, 9, 5, 1, 3, 10, 7, 0, 5, 1, 8, 1, 8, 7, 3, 10, 3, 5, 3, 2, 7, 7, 8, 7, 5, 0, 5, 10, 2, 4, 2, 5, 5, 3, 8, 0, 8, 6, 0, 1, 2, 7, 3, 2, 4, 10, 6, 6, 6, 0, 2, 7, 10, 1, 7, 6, 9, 2, 8, 2, 0, 9, 4, 3, 2, 6, 7, 9, 1, 8, 8, 5, 2, 9, 4, 1, 1, 8, 8, 7, 1, 2, 7, 2, 5, 0, 7, 10, 5, 0, 5, 7, 3, 6, 4, 6, 4, 9, 5, 1, 8, 3, 8, 4, 4, 4, 6, 10, 8, 9, 8, 5, 6, 9, 4, 0, 5, 0, 9, 10, 5, 0, 3, 7, 3, 1, 8, 2, 2, 4, 4, 7, 3, 7, 8, 7, 9, 4, 0, 0, 5, 6, 9, 9, 7, 7, 8, 8, 1, 10, 10, 5, 5, 7, 3, 3, 5, 10, 4, 0, 2, 3, 1, 1, 0, 5, 5, 3, 2, 0, 1, 10, 2, 4, 7, 3, 1, 0, 1, 2, 2, 3, 7, 10, 10, 4, 10, 6, 6, 5, 0, 10, 8, 2, 1, 9, 9, 5, 9, 9, 1, 1, 5, 7, 9, 10, 1, 8, 0, 6, 3, 5, 2, 5, 10, 1, 1, 6, 8, 2, 5, 0, 2, 8, 9, 9, 0, 7, 6, 4, 7, 7, 2, 0, 6, 9, 3, 7, 10, 4, 10, 0, 1, 3, 9, 6, 3, 4, 6, 3, 3, 5, 0, 1, 7, 10, 8, 10, 2, 5, 5, 7, 5, 1, 4, 5, 0, 4, 5, 4, 9, 5, 9, 7, 7, 2, 0, 2, 4, 3, 2, 9, 1, 8, 9, 1, 5, 5, 2, 0, 9, 7, 6, 4, 6, 9, 0, 10, 8, 1, 8, 1, 7, 3, 2, 7, 9, 6, 7, 5, 9, 8, 8, 2, 2, 8, 2, 10, 10, 7, 9, 6, 8, 6, 6, 7, 7, 9, 7, 3, 4, 9, 3, 1, 7, 4, 1, 7, 5, 5, 0, 7, 6, 0, 7, 4, 5, 5, 4, 6, 6, 6, 1, 5, 3, 0, 1, 4, 7, 1, 9, 4, 6, 6, 10, 7, 1, 0, 3, 8, 1, 5, 3, 10, 8, 8, 9, 9, 4, 0, 2, 3, 7, 8, 6, 8, 1, 7, 4, 0, 2, 0, 8, 6, 7],