{"val_acc": [0.5745007680491552, 0.7711213517665131, 0.8141321044546851, 0.8218125960061444, 0.8494623655913979, 0.8218125960061444, 0.8678955453149002, 0.8218125960061444, 0.8525345622119815, 0.880184331797235], "val_loss": [1.1717498494894958, 0.6595142014507501, 0.5948041701272268, 0.543566526462284, 0.4759098845319765, 0.503588398581405, 0.41902012107722414, 0.5332883688281261, 0.42897198702661504, 0.3796765867919244], "train_loss": [1.6764440074314955, 0.9059123258442542, 0.6579345331205312, 0.567055637363222, 0.5083058612771586, 0.4660321903020902, 0.4404984439946974, 0.4052234794014068, 0.3797828014567605, 0.35973498218296235], "test_correct_in_batch": [4.0, 3.0, 2.0, 2.0, 4.0, 4.0, 2.0, 3.0, 3.0, 3.0, 4.0, 4.0, 2.0, 4.0, 3.0, 3.0, 3.0, 4.0, 2.0, 4.0, 3.0, 4.0, 3.0, 3.0, 4.0, 4.0, 4.0, 3.0, 3.0, 4.0, 1.0, 4.0, 4.0, 4.0, 4.0, 4.0, 4.0, 4.0, 4.0, 3.0, 3.0, 4.0, 1.0, 4.0, 4.0, 4.0, 4.0, 4.0, 3.0, 3.0, 3.0, 1.0, 4.0, 3.0, 3.0, 4.0, 4.0, 4.0, 4.0, 4.0, 4.0, 4.0, 4.0, 4.0, 4.0, 4.0, 4.0, 3.0, 4.0, 3.0, 2.0, 4.0, 3.0, 3.0, 2.0, 4.0, 4.0, 4.0, 3.0, 4.0, 3.0, 3.0, 4.0, 2.0, 3.0, 4.0, 4.0, 3.0, 3.0, 2.0, 4.0, 3.0, 2.0, 4.0, 4.0, 4.0, 4.0, 2.0, 3.0, 3.0, 3.0, 4.0, 4.0, 4.0, 3.0, 4.0, 3.0, 4.0, 4.0, 4.0, 4.0, 3.0, 4.0, 3.0, 4.0, 4.0, 3.0, 4.0, 3.0, 4.0, 4.0, 3.0, 4.0, 4.0, 2.0, 4.0, 4.0, 2.0, 4.0, 4.0, 4.0, 4.0, 4.0, 2.0, 3.0, 3.0, 4.0, 4.0, 4.0, 2.0, 3.0, 2.0, 4.0, 4.0, 4.0, 3.0, 3.0, 3.0, 4.0, 4.0, 4.0, 3.0, 3.0, 4.0, 1.0, 4.0, 3.0, 3.0, 4.0, 4.0, 4.0, 4.0, 3.0], "test_losses": [0.008372470736503601, 0.3647748827934265, 1.1809223890304565, 0.9918201565742493, 0.014040520414710045, 0.008562707342207432, 1.7890446186065674, 1.041299819946289, 0.5984626412391663, 0.34243637323379517, 0.007080907002091408, 0.2060299664735794, 1.4734938144683838, 0.008944591507315636, 0.25360721349716187, 0.7356522083282471, 0.6280298233032227, 0.36922287940979004, 1.252460241317749, 0.062081228941679, 0.3481346070766449, 0.165378138422966, 0.49034807085990906, 0.3677973449230194, 0.0407429113984108, 0.09846308827400208, 0.018714480102062225, 0.5771357417106628, 0.2821875810623169, 0.1561548113822937, 1.4813958406448364, 0.03457820042967796, 0.021201930940151215, 0.03618089109659195, 0.08598075807094574, 0.029565371572971344, 0.04418208450078964, 0.08802521228790283, 0.02019548788666725, 0.32031044363975525, 0.5745096802711487, 0.017578277736902237, 1.7800214290618896, 0.011598508805036545, 0.08065840601921082, 0.008700387552380562, 0.05085700377821922, 0.17437012493610382, 0.8195198774337769, 1.5885282754898071, 0.3656327426433563, 2.825995922088623, 0.08225516229867935, 0.6005006432533264, 0.7668247222900391, 0.015260920859873295, 0.003662453731521964, 0.010866941884160042, 0.014488798566162586, 0.07911353558301926, 0.03186742961406708, 0.09468495845794678, 0.05559748411178589, 0.009991507977247238, 0.08396108448505402, 0.07741882652044296, 0.06607373803853989, 0.5914649963378906, 0.4331508278846741, 0.641817569732666, 1.7058013677597046, 0.04318239539861679, 1.2416150569915771, 1.2334495782852173, 0.6083658933639526, 0.08356298506259918, 0.03236166387796402, 0.0006519561284221709, 0.27161750197410583, 0.031108003109693527, 0.45789000391960144, 0.5927121639251709, 0.2640044391155243, 0.5494385361671448, 0.4041057229042053, 0.11701370030641556, 0.0604829266667366, 0.3245082199573517, 0.4130348265171051, 1.1079182624816895, 0.005731525365263224, 1.355569839477539, 2.062433958053589, 0.01462702825665474, 0.06004186347126961, 0.18190494179725647, 0.08185839653015137, 0.8020651340484619, 0.5607178807258606, 0.2377452701330185, 0.8902557492256165, 0.034773167222738266, 0.05366511270403862, 0.14662930369377136, 0.2606336772441864, 0.38038212060928345, 0.42619577050209045, 0.12015870213508606, 0.11652202904224396, 0.08158228546380997, 0.01398350391536951, 0.5127589702606201, 0.14895741641521454, 0.22343093156814575, 0.2548275291919708, 0.004793738946318626, 0.8446695804595947, 0.009915749542415142, 0.34393206238746643, 0.19727440178394318, 0.03687765821814537, 0.6958615779876709, 0.3253190815448761, 0.344588041305542, 1.3794885873794556, 0.3154480755329132, 0.12721864879131317, 1.6519697904586792, 0.14870798587799072, 0.2664087116718292, 0.3309791386127472, 0.024745933711528778, 0.018383074551820755, 0.8802464008331299, 0.8767330050468445, 0.7146508097648621, 0.009256334975361824, 0.19854748249053955, 0.27079886198043823, 1.1538552045822144, 0.32209688425064087, 2.1323864459991455, 0.18319034576416016, 0.031526654958724976, 0.02470715343952179, 0.5604329109191895, 0.4792545735836029, 0.3165145814418793, 0.11091026663780212, 0.0040394519455730915, 0.14962662756443024, 0.7326445579528809, 0.2922053933143616, 0.04672744497656822, 1.879577398300171, 0.08185180276632309, 0.9531105756759644, 1.3847953081130981, 0.15417572855949402, 0.38703131675720215, 0.0024028627667576075, 0.13580527901649475, 0.3746439218521118], "test_loss": 0.42012631548375773, "test_batch_lens": [4, 4, 4, 4, 4, 4, 4, 4, 4, 4, 4, 4, 4, 4, 4, 4, 4, 4, 4, 4, 4, 4, 4, 4, 4, 4, 4, 4, 4, 4, 4, 4, 4, 4, 4, 4, 4, 4, 4, 4, 4, 4, 4, 4, 4, 4, 4, 4, 4, 4, 4, 4, 4, 4, 4, 4, 4, 4, 4, 4, 4, 4, 4, 4, 4, 4, 4, 4, 4, 4, 4, 4, 4, 4, 4, 4, 4, 4, 4, 4, 4, 4, 4, 4, 4, 4, 4, 4, 4, 4, 4, 4, 4, 4, 4, 4, 4, 4, 4, 4, 4, 4, 4, 4, 4, 4, 4, 4, 4, 4, 4, 4, 4, 4, 4, 4, 4, 4, 4, 4, 4, 4, 4, 4, 4, 4, 4, 4, 4, 4, 4, 4, 4, 4, 4, 4, 4, 4, 4, 4, 4, 4, 4, 4, 4, 4, 4, 4, 4, 4, 4, 4, 4, 4, 4, 4, 4, 4, 4, 4, 4, 4, 3], "test_accuracy": 0.8556067588325653, "predictions": [7, 4, 1, 10, 7, 1, 8, 5, 1, 3, 4, 7, 1, 4, 8, 0, 9, 6, 4, 9, 8, 10, 1, 4, 8, 8, 9, 6, 6, 8, 2, 0, 1, 8, 6, 3, 2, 5, 5, 0, 10, 3, 2, 10, 7, 8, 4, 3, 8, 8, 1, 4, 3, 4, 6, 1, 0, 9, 1, 10, 10, 6, 9, 6, 5, 9, 8, 5, 8, 1, 3, 1, 5, 1, 1, 8, 6, 8, 9, 2, 3, 1, 1, 1, 5, 5, 1, 8, 0, 5, 9, 10, 10, 7, 0, 5, 1, 8, 2, 7, 5, 1, 10, 6, 10, 8, 3, 9, 10, 4, 7, 4, 0, 3, 7, 8, 0, 8, 0, 0, 4, 2, 0, 2, 5, 1, 7, 9, 6, 7, 4, 0, 10, 10, 7, 9, 4, 1, 9, 0, 10, 3, 3, 9, 4, 7, 4, 7, 2, 10, 2, 4, 10, 10, 1, 0, 10, 4, 4, 7, 8, 4, 10, 4, 2, 3, 10, 5, 6, 0, 4, 8, 10, 7, 6, 8, 0, 8, 1, 2, 6, 3, 5, 3, 9, 3, 4, 8, 3, 2, 0, 2, 0, 7, 9, 8, 9, 3, 5, 9, 9, 1, 6, 1, 4, 5, 5, 6, 3, 9, 5, 6, 6, 5, 4, 5, 2, 10, 5, 4, 7, 3, 0, 6, 7, 0, 5, 7, 1, 0, 1, 6, 3, 7, 7, 2, 10, 4, 3, 10, 9, 4, 3, 3, 1, 7, 8, 5, 2, 4, 10, 1, 1, 2, 3, 10, 6, 9, 5, 3, 3, 10, 7, 1, 5, 1, 8, 1, 1, 7, 3, 10, 3, 5, 2, 2, 7, 1, 9, 7, 9, 8, 0, 10, 2, 4, 2, 5, 5, 3, 5, 0, 2, 6, 0, 1, 6, 9, 3, 2, 4, 10, 8, 6, 6, 0, 2, 7, 10, 1, 7, 6, 4, 2, 5, 2, 0, 9, 4, 3, 6, 6, 7, 9, 1, 2, 8, 5, 2, 9, 4, 1, 0, 3, 4, 7, 1, 2, 1, 2, 5, 0, 7, 10, 5, 0, 5, 7, 3, 6, 9, 6, 4, 9, 5, 3, 1, 3, 0, 7, 4, 4, 6, 10, 8, 9, 10, 5, 2, 5, 4, 0, 5, 0, 9, 10, 5, 0, 3, 7, 3, 1, 8, 2, 2, 4, 4, 9, 3, 7, 8, 4, 7, 4, 0, 0, 5, 6, 4, 9, 7, 7, 8, 9, 1, 10, 10, 5, 5, 7, 3, 3, 5, 10, 9, 7, 2, 3, 0, 1, 0, 5, 4, 1, 2, 0, 1, 7, 8, 4, 8, 3, 8, 0, 3, 2, 2, 3, 7, 10, 10, 4, 10, 6, 6, 5, 0, 8, 8, 2, 1, 9, 4, 5, 9, 9, 1, 3, 5, 7, 9, 10, 1, 8, 1, 6, 3, 4, 2, 4, 10, 1, 1, 6, 8, 2, 4, 8, 2, 5, 9, 9, 0, 7, 6, 9, 3, 0, 2, 8, 6, 9, 3, 7, 2, 4, 1, 0, 9, 3, 9, 6, 3, 4, 6, 3, 3, 5, 1, 9, 7, 10, 4, 10, 2, 5, 5, 7, 5, 1, 4, 5, 0, 4, 5, 4, 9, 5, 9, 7, 7, 2, 0, 10, 5, 3, 2, 2, 1, 8, 9, 1, 6, 8, 2, 0, 9, 7, 6, 9, 6, 9, 0, 10, 8, 8, 3, 1, 7, 2, 2, 7, 4, 6, 8, 8, 5, 0, 8, 2, 10, 5, 2, 10, 8, 7, 9, 6, 8, 6, 6, 10, 7, 9, 7, 4, 4, 9, 3, 3, 7, 5, 1, 7, 5, 4, 0, 7, 8, 0, 7, 4, 5, 5, 4, 8, 2, 6, 1, 9, 3, 0, 1, 4, 7, 1, 4, 5, 6, 8, 10, 7, 1, 0, 3, 1, 1, 4, 3, 10, 7, 6, 9, 9, 4, 0, 2, 3, 7, 8, 6, 8, 1, 7, 4, 0, 2, 0, 8, 6, 7],