{"val_acc": [0.0967741935483871, 0.0967741935483871, 0.12749615975422426, 0.0967741935483871, 0.0967741935483871, 0.09831029185867896, 0.0967741935483871, 0.08602150537634409, 0.06144393241167435, 0.12749615975422426], "val_loss": [2.399230063327251, 2.4001517822406044, 2.392640862728189, 2.3983196202962676, 2.3992012029776544, 2.396905871256729, 2.399820738774867, 2.3972452198800864, 2.3983658778886854, 2.3976685079328854], "train_loss": [2.3996005752696656, 2.3987230144372487, 2.398586892727139, 2.398632658728302, 2.3985685358067523, 2.3984280668014817, 2.3984189329074894, 2.3984763294732954, 2.3984596379762397, 2.398451276370391], "test_correct_in_batch": [1.0, 1.0, 1.0, 0.0, 0.0, 0.0, 0.0, 0.0, 0.0, 0.0, 0.0, 1.0, 0.0, 0.0, 0.0, 0.0, 0.0, 0.0, 0.0, 0.0, 0.0, 0.0, 0.0, 1.0, 1.0, 0.0, 0.0, 1.0, 1.0, 0.0, 1.0, 1.0, 1.0, 1.0, 0.0, 0.0, 2.0, 0.0, 0.0, 1.0, 0.0, 0.0, 0.0, 1.0, 0.0, 0.0, 0.0, 0.0, 0.0, 0.0, 0.0, 0.0, 0.0, 0.0, 0.0, 1.0, 2.0, 0.0, 2.0, 0.0, 0.0, 1.0, 0.0, 0.0, 0.0, 1.0, 0.0, 1.0, 0.0, 2.0, 0.0, 0.0, 0.0, 0.0, 1.0, 0.0, 1.0, 1.0, 0.0, 0.0, 1.0, 0.0, 0.0, 1.0, 1.0, 1.0, 1.0, 0.0, 0.0, 2.0, 0.0, 0.0, 1.0, 0.0, 1.0, 0.0, 0.0, 1.0, 0.0, 0.0, 2.0, 0.0, 1.0, 1.0, 0.0, 0.0, 0.0, 0.0, 0.0, 1.0, 0.0, 0.0, 0.0, 0.0, 1.0, 0.0, 0.0, 0.0, 0.0, 0.0, 1.0, 0.0, 0.0, 1.0, 0.0, 0.0, 0.0, 1.0, 0.0, 1.0, 0.0, 0.0, 2.0, 0.0, 0.0, 0.0, 1.0, 0.0, 0.0, 1.0, 1.0, 1.0, 0.0, 1.0, 0.0, 1.0, 1.0, 1.0, 1.0, 1.0, 1.0, 0.0, 0.0, 1.0, 0.0, 1.0, 0.0, 1.0, 0.0, 1.0, 1.0, 0.0, 1.0], "test_losses": [2.3977112770080566, 2.3923773765563965, 2.392854690551758, 2.4020609855651855, 2.3991661071777344, 2.4001996517181396, 2.38696551322937, 2.4021191596984863, 2.3969593048095703, 2.403127670288086, 2.397418260574341, 2.385868549346924, 2.3928191661834717, 2.3955307006835938, 2.4090442657470703, 2.396681547164917, 2.4002277851104736, 2.4001550674438477, 2.4001550674438477, 2.399165630340576, 2.3980283737182617, 2.4033846855163574, 2.4021053314208984, 2.3989367485046387, 2.3998730182647705, 2.4011831283569336, 2.392085075378418, 2.3977112770080566, 2.3874518871307373, 2.4020280838012695, 2.3877530097961426, 2.40109920501709, 2.3926124572753906, 2.3940234184265137, 2.407221555709839, 2.389958381652832, 2.388540744781494, 2.4077744483947754, 2.404325008392334, 2.394554615020752, 2.3972458839416504, 2.3993778228759766, 2.4016308784484863, 2.387019157409668, 2.4072208404541016, 2.3872132301330566, 2.3928191661834717, 2.4051733016967773, 2.4012339115142822, 2.401460647583008, 2.4020400047302246, 2.391390800476074, 2.3938026428222656, 2.4064979553222656, 2.4002790451049805, 2.3874518871307373, 2.391591787338257, 2.4068994522094727, 2.3878417015075684, 2.3929567337036133, 2.3906922340393066, 2.396636962890625, 2.4076952934265137, 2.4025344848632812, 2.3938026428222656, 2.392550468444824, 2.406541347503662, 2.38513445854187, 2.404573440551758, 2.3848085403442383, 2.389507532119751, 2.409734010696411, 2.394441604614258, 2.3994832038879395, 2.3978257179260254, 2.3925414085388184, 2.3970742225646973, 2.394435405731201, 2.4111623764038086, 2.3976786136627197, 2.396677017211914, 2.399125099182129, 2.409857749938965, 2.395411491394043, 2.4073686599731445, 2.3963799476623535, 2.3983395099639893, 2.3878726959228516, 2.4066214561462402, 2.3803462982177734, 2.3955752849578857, 2.3961715698242188, 2.3926124572753906, 2.4033308029174805, 2.391953468322754, 2.4002346992492676, 2.405475378036499, 2.3917593955993652, 2.404664993286133, 2.4003915786743164, 2.386693239212036, 2.4037251472473145, 2.384967088699341, 2.3959829807281494, 2.4076507091522217, 2.4070186614990234, 2.4072208404541016, 2.3883566856384277, 2.3976778984069824, 2.392630100250244, 2.394841194152832, 2.4007887840270996, 2.4068236351013184, 2.4050960540771484, 2.39451003074646, 2.401628017425537, 2.3924970626831055, 2.4076952934265137, 2.4098567962646484, 2.402238368988037, 2.398745536804199, 2.404025077819824, 2.399165630340576, 2.3933639526367188, 2.3954715728759766, 2.3925771713256836, 2.3872132301330566, 2.3995368480682373, 2.40453839302063, 2.4008960723876953, 2.4026362895965576, 2.4034647941589355, 2.3944308757781982, 2.40071177482605, 2.4068236351013184, 2.3993282318115234, 2.4017786979675293, 2.395890235900879, 2.394608974456787, 2.393284559249878, 2.396677017211914, 2.3942832946777344, 2.4015045166015625, 2.39475679397583, 2.391427993774414, 2.3922154903411865, 2.3924574851989746, 2.383741617202759, 2.3996706008911133, 2.3946802616119385, 2.3965139389038086, 2.3899993896484375, 2.401857852935791, 2.402827501296997, 2.3944616317749023, 2.3995368480682373, 2.400235176086426, 2.38513445854187, 2.4042677879333496, 2.3903300762176514, 2.3921353816986084, 2.407698154449463, 2.3838090896606445], "test_loss": 2.3975339945108614, "test_batch_lens": [4, 4, 4, 4, 4, 4, 4, 4, 4, 4, 4, 4, 4, 4, 4, 4, 4, 4, 4, 4, 4, 4, 4, 4, 4, 4, 4, 4, 4, 4, 4, 4, 4, 4, 4, 4, 4, 4, 4, 4, 4, 4, 4, 4, 4, 4, 4, 4, 4, 4, 4, 4, 4, 4, 4, 4, 4, 4, 4, 4, 4, 4, 4, 4, 4, 4, 4, 4, 4, 4, 4, 4, 4, 4, 4, 4, 4, 4, 4, 4, 4, 4, 4, 4, 4, 4, 4, 4, 4, 4, 4, 4, 4, 4, 4, 4, 4, 4, 4, 4, 4, 4, 4, 4, 4, 4, 4, 4, 4, 4, 4, 4, 4, 4, 4, 4, 4, 4, 4, 4, 4, 4, 4, 4, 4, 4, 4, 4, 4, 4, 4, 4, 4, 4, 4, 4, 4, 4, 4, 4, 4, 4, 4, 4, 4, 4, 4, 4, 4, 4, 4, 4, 4, 4, 4, 4, 4, 4, 4, 4, 4, 4, 3], "test_accuracy": 0.10445468509984639, "predictions": [7, 7, 7, 7, 7, 7, 7, 7, 7, 7, 7, 7, 7, 7, 7, 7, 7, 7, 7, 7, 7, 7, 7, 7, 7, 7, 7, 7, 7, 7, 7, 7, 7, 7, 7, 7, 7, 7, 7, 7, 7, 7, 7, 7, 7, 7, 7, 7, 7, 7, 7, 7, 7, 7, 7, 7, 7, 7, 7, 7, 7, 7, 7, 7, 7, 7, 7, 7, 7, 7, 7, 7, 7, 7, 7, 7, 7, 7, 7, 7, 7, 7, 7, 7, 7, 7, 7, 7, 7, 7, 7, 7, 7, 7, 7, 7, 7, 7, 7, 7, 7, 7, 7, 7, 7, 7, 7, 7, 7, 7, 7, 7, 7, 7, 7, 7, 7, 7, 7, 7, 7, 7, 7, 7, 7, 7, 7, 7, 7, 7, 7, 7, 7, 7, 7, 7, 7, 7, 7, 7, 7, 7, 7, 7, 7, 7, 7, 7, 7, 7, 7, 7, 7, 7, 7, 7, 7, 7, 7, 7, 7, 7, 7, 7, 7, 7, 7, 7, 7, 7, 7, 7, 7, 7, 7, 7, 7, 7, 7, 7, 7, 7, 7, 7, 7, 7, 7, 7, 7, 7, 7, 7, 7, 7, 7, 7, 7, 7, 7, 7, 7, 7, 7, 7, 7, 7, 7, 7, 7, 7, 7, 7, 7, 7, 7, 7, 7, 7, 7, 7, 7, 7, 7, 7, 7, 7, 7, 7, 7, 7, 7, 7, 7, 7, 7, 7, 7, 7, 7, 7, 7, 7, 7, 7, 7, 7, 7, 7, 7, 7, 7, 7, 7, 7, 7, 7, 7, 7, 7, 7, 7, 7, 7, 7, 7, 7, 7, 7, 7, 7, 7, 7, 7, 7, 7, 7, 7, 7, 7, 7, 7, 7, 7, 7, 7, 7, 7, 7, 7, 7, 7, 7, 7, 7, 7, 7, 7, 7, 7, 7, 7, 7, 7, 7, 7, 7, 7, 7, 7, 7, 7, 7, 7, 7, 7, 7, 7, 7, 7, 7, 7, 7, 7, 7, 7, 7, 7, 7, 7, 7, 7, 7, 7, 7, 7, 7, 7, 7, 7, 7, 7, 7, 7, 7, 7, 7, 7, 7, 7, 7, 7, 7, 7, 7, 7, 7, 7, 7, 7, 7, 7, 7, 7, 7, 7, 7, 7, 7, 7, 7, 7, 7, 7, 7, 7, 7, 7, 7, 7, 7, 7, 7, 7, 7, 7, 7, 7, 7, 7, 7, 7, 7, 7, 7, 7, 7, 7, 7, 7, 7, 7, 7, 7, 7, 7, 7, 7, 7, 7, 7, 7, 7, 7, 7, 7, 7, 7, 7, 7, 7, 7, 7, 7, 7, 7, 7, 7, 7, 7, 7, 7, 7, 7, 7, 7, 7, 7, 7, 7, 7, 7, 7, 7, 7, 7, 7, 7, 7, 7, 7, 7, 7, 7, 7, 7, 7, 7, 7, 7, 7, 7, 7, 7, 7, 7, 7, 7, 7, 7, 7, 7, 7, 7, 7, 7, 7, 7, 7, 7, 7, 7, 7, 7, 7, 7, 7, 7, 7, 7, 7, 7, 7, 7, 7, 7, 7, 7, 7, 7, 7, 7, 7, 7, 7, 7, 7, 7, 7, 7, 7, 7, 7, 7, 7, 7, 7, 7, 7, 7, 7, 7, 7, 7, 7, 7, 7, 7, 7, 7, 7, 7, 7, 7, 7, 7, 7, 7, 7, 7, 7, 7, 7, 7, 7, 7, 7, 7, 7, 7, 7, 7, 7, 7, 7, 7, 7, 7, 7, 7, 7, 7, 7, 7, 7, 7, 7, 7, 7, 7, 7, 7, 7, 7, 7, 7, 7, 7, 7, 7, 7, 7, 7, 7, 7, 7, 7, 7, 7, 7, 7, 7, 7, 7, 7, 7, 7, 7, 7, 7, 7, 7, 7, 7, 7, 7, 7, 7, 7, 7, 7, 7, 7, 7, 7, 7, 7, 7, 7, 7, 7, 7, 7, 7, 7, 7, 7, 7, 7, 7, 7, 7, 7, 7, 7, 7, 7, 7, 7, 7, 7, 7, 7, 7, 7, 7, 7, 7, 7, 7, 7, 7],