{"val_acc": [0.4147465437788018, 0.5314900153609831, 0.5975422427035331, 0.6758832565284179, 0.685099846390169, 0.6912442396313364, 0.7050691244239631, 0.7127496159754224, 0.7542242703533026, 0.7403993855606759], "val_loss": [1.723406597331989, 1.3693372297323554, 1.1827541252403904, 0.9751038664917638, 1.00039248266743, 0.9055045235193581, 0.8894505044959623, 0.8368609072697675, 0.7238822612522936, 0.7691288758812049], "train_loss": [2.025172365420813, 1.4741970926465406, 1.185578897644779, 1.041372578335209, 0.9397753963175591, 0.8732277013036913, 0.8062230310467087, 0.7648671576831534, 0.7113189847469427, 0.6761090867695145], "test_correct_in_batch": [4.0, 3.0, 3.0, 3.0, 2.0, 3.0, 1.0, 3.0, 3.0, 4.0, 3.0, 4.0, 0.0, 2.0, 3.0, 3.0, 2.0, 2.0, 2.0, 3.0, 2.0, 3.0, 3.0, 3.0, 3.0, 3.0, 3.0, 3.0, 2.0, 3.0, 0.0, 4.0, 4.0, 3.0, 2.0, 3.0, 3.0, 3.0, 3.0, 3.0, 4.0, 2.0, 2.0, 3.0, 4.0, 3.0, 4.0, 4.0, 3.0, 1.0, 3.0, 1.0, 1.0, 3.0, 2.0, 4.0, 2.0, 4.0, 4.0, 3.0, 4.0, 4.0, 4.0, 4.0, 3.0, 1.0, 3.0, 2.0, 2.0, 3.0, 1.0, 4.0, 3.0, 4.0, 3.0, 3.0, 4.0, 4.0, 2.0, 3.0, 3.0, 3.0, 2.0, 3.0, 2.0, 3.0, 2.0, 2.0, 3.0, 2.0, 3.0, 4.0, 1.0, 3.0, 4.0, 3.0, 4.0, 1.0, 3.0, 4.0, 2.0, 3.0, 3.0, 4.0, 2.0, 3.0, 1.0, 4.0, 3.0, 2.0, 3.0, 3.0, 3.0, 3.0, 2.0, 4.0, 1.0, 4.0, 3.0, 2.0, 2.0, 3.0, 3.0, 3.0, 3.0, 3.0, 1.0, 2.0, 4.0, 4.0, 2.0, 3.0, 4.0, 2.0, 3.0, 1.0, 4.0, 3.0, 3.0, 3.0, 3.0, 3.0, 2.0, 3.0, 4.0, 2.0, 3.0, 4.0, 3.0, 3.0, 4.0, 3.0, 4.0, 4.0, 4.0, 3.0, 4.0, 3.0, 4.0, 4.0, 4.0, 3.0, 2.0], "test_losses": [0.1649153232574463, 1.1897214651107788, 0.6557415127754211, 2.3301398754119873, 0.7876781225204468, 0.7666139006614685, 2.043783664703369, 0.750673770904541, 0.6352277994155884, 0.043565455824136734, 0.5665786266326904, 0.05449976772069931, 2.003817558288574, 1.0136511325836182, 0.774771511554718, 0.71947181224823, 1.9861223697662354, 0.9206098318099976, 1.4690370559692383, 0.5804517269134521, 0.7511107921600342, 0.38674917817115784, 0.7785793542861938, 0.3086475431919098, 0.543060839176178, 0.32741478085517883, 0.5602506995201111, 0.6361344456672668, 0.8234102725982666, 1.1927415132522583, 2.3152737617492676, 0.5527961254119873, 0.014270653016865253, 0.44436049461364746, 1.4089727401733398, 0.7842403650283813, 0.3518078029155731, 1.1512651443481445, 0.7259347438812256, 0.4758616089820862, 0.3058505654335022, 1.323329210281372, 1.342451810836792, 0.8434561491012573, 0.44853246212005615, 0.44152238965034485, 0.2632825970649719, 0.3362577259540558, 0.7356258630752563, 1.2250251770019531, 0.8275158405303955, 3.6591813564300537, 1.191799521446228, 1.0649526119232178, 1.247165560722351, 0.050330594182014465, 1.2115644216537476, 0.17916734516620636, 0.29433825612068176, 0.6798020601272583, 0.39470764994621277, 0.16153913736343384, 0.27941709756851196, 0.04705720394849777, 1.0155668258666992, 2.3246259689331055, 0.5043570399284363, 2.4949095249176025, 1.3868826627731323, 0.8596876859664917, 2.1255359649658203, 0.21957828104496002, 0.6712347269058228, 0.1562579870223999, 0.5889490842819214, 0.644655704498291, 0.08793014287948608, 0.18710125982761383, 1.1623578071594238, 0.6659785509109497, 0.7253445386886597, 1.439623236656189, 0.8429483771324158, 0.7626885771751404, 0.9446072578430176, 1.1873551607131958, 1.1618318557739258, 0.6245342493057251, 0.7138142585754395, 1.1401803493499756, 1.5280216932296753, 0.34569019079208374, 1.814316987991333, 0.5219491720199585, 0.31706854701042175, 0.9004206657409668, 0.4556392431259155, 2.0351650714874268, 0.49417001008987427, 0.2538738250732422, 1.403387188911438, 0.34015917778015137, 0.7344201803207397, 0.16608306765556335, 1.3611211776733398, 0.7983916997909546, 1.0531294345855713, 0.7579052448272705, 0.433031290769577, 1.1058313846588135, 0.9926919341087341, 1.3523296117782593, 0.98779296875, 1.2572828531265259, 0.6253504157066345, 0.19496306777000427, 2.05521821975708, 0.14387336373329163, 0.5969225764274597, 1.640753149986267, 1.5181162357330322, 1.245206356048584, 0.2854968011379242, 0.34449303150177, 1.3810129165649414, 0.58102947473526, 1.5091220140457153, 1.0675934553146362, 0.32749059796333313, 0.08416132628917694, 1.134278416633606, 0.6497032046318054, 0.10918178409337997, 1.5664589405059814, 1.1788452863693237, 1.0041805505752563, 0.09367413818836212, 0.5638459920883179, 0.8551644682884216, 1.3552165031433105, 0.42214155197143555, 1.9674930572509766, 1.696825623512268, 0.43003618717193604, 0.04043296352028847, 1.1557600498199463, 1.1632301807403564, 0.2143799066543579, 1.0203728675842285, 0.37467458844184875, 0.20487463474273682, 0.38653451204299927, 0.2703191339969635, 0.15116575360298157, 0.5356417894363403, 0.734692394733429, 0.2392181009054184, 0.635765552520752, 0.20131927728652954, 0.307280957698822, 0.04495951905846596, 0.6168724894523621, 0.7825644612312317], "test_loss": 0.8239272717283639, "test_batch_lens": [4, 4, 4, 4, 4, 4, 4, 4, 4, 4, 4, 4, 4, 4, 4, 4, 4, 4, 4, 4, 4, 4, 4, 4, 4, 4, 4, 4, 4, 4, 4, 4, 4, 4, 4, 4, 4, 4, 4, 4, 4, 4, 4, 4, 4, 4, 4, 4, 4, 4, 4, 4, 4, 4, 4, 4, 4, 4, 4, 4, 4, 4, 4, 4, 4, 4, 4, 4, 4, 4, 4, 4, 4, 4, 4, 4, 4, 4, 4, 4, 4, 4, 4, 4, 4, 4, 4, 4, 4, 4, 4, 4, 4, 4, 4, 4, 4, 4, 4, 4, 4, 4, 4, 4, 4, 4, 4, 4, 4, 4, 4, 4, 4, 4, 4, 4, 4, 4, 4, 4, 4, 4, 4, 4, 4, 4, 4, 4, 4, 4, 4, 4, 4, 4, 4, 4, 4, 4, 4, 4, 4, 4, 4, 4, 4, 4, 4, 4, 4, 4, 4, 4, 4, 4, 4, 4, 4, 4, 4, 4, 4, 4, 3], "test_accuracy": 0.7204301075268817, "predictions": [7, 4, 1, 10, 7, 1, 8, 0, 1, 8, 4, 7, 1, 9, 6, 0, 4, 6, 4, 6, 8, 10, 1, 3, 8, 1, 9, 6, 6, 8, 2, 0, 1, 3, 6, 3, 10, 5, 5, 0, 10, 3, 8, 10, 7, 8, 4, 3, 2, 1, 2, 8, 1, 9, 6, 1, 0, 9, 1, 10, 10, 6, 8, 6, 5, 10, 8, 6, 5, 0, 3, 1, 5, 1, 1, 8, 6, 8, 2, 2, 1, 1, 1, 1, 5, 5, 1, 0, 0, 0, 9, 10, 10, 7, 0, 5, 1, 6, 2, 7, 5, 0, 10, 6, 10, 7, 3, 9, 10, 4, 7, 9, 0, 1, 7, 8, 0, 10, 0, 0, 9, 9, 9, 0, 5, 1, 7, 9, 6, 7, 4, 0, 10, 10, 9, 9, 4, 3, 9, 1, 10, 3, 8, 9, 9, 7, 4, 7, 2, 10, 0, 4, 10, 10, 1, 8, 10, 8, 4, 7, 8, 9, 10, 4, 4, 7, 10, 5, 6, 0, 9, 9, 10, 7, 6, 6, 0, 8, 1, 2, 6, 9, 5, 3, 9, 3, 4, 8, 3, 2, 0, 2, 0, 9, 9, 5, 3, 1, 4, 9, 9, 1, 6, 1, 4, 9, 3, 5, 9, 9, 9, 9, 6, 5, 4, 5, 6, 10, 1, 4, 7, 3, 0, 6, 7, 10, 5, 0, 1, 0, 1, 6, 3, 7, 7, 2, 10, 9, 3, 10, 9, 4, 3, 3, 1, 7, 8, 5, 2, 4, 10, 1, 1, 2, 3, 10, 6, 2, 5, 3, 0, 9, 7, 0, 5, 0, 8, 1, 1, 7, 9, 10, 8, 5, 1, 2, 7, 9, 9, 7, 9, 0, 5, 10, 2, 4, 2, 5, 5, 10, 8, 0, 8, 6, 0, 1, 2, 9, 3, 2, 4, 10, 0, 6, 6, 0, 2, 7, 10, 1, 7, 6, 4, 2, 4, 2, 9, 9, 4, 3, 9, 6, 7, 9, 1, 2, 8, 5, 10, 4, 4, 1, 3, 8, 4, 7, 1, 10, 9, 2, 5, 0, 0, 10, 5, 1, 8, 7, 3, 6, 9, 10, 0, 9, 5, 1, 9, 3, 7, 8, 4, 2, 6, 10, 8, 9, 8, 5, 9, 9, 4, 9, 5, 0, 9, 4, 5, 0, 3, 7, 3, 9, 8, 2, 2, 4, 4, 9, 3, 9, 0, 5, 9, 9, 0, 0, 5, 6, 9, 9, 7, 4, 8, 9, 1, 10, 10, 8, 5, 5, 3, 3, 5, 10, 9, 7, 2, 3, 0, 0, 0, 5, 5, 1, 6, 0, 3, 7, 8, 4, 8, 3, 8, 0, 1, 2, 2, 1, 9, 10, 10, 9, 10, 6, 6, 5, 0, 8, 7, 2, 1, 9, 9, 5, 5, 9, 8, 2, 5, 7, 9, 10, 1, 8, 0, 6, 0, 9, 2, 4, 10, 1, 1, 6, 8, 2, 4, 0, 2, 8, 4, 9, 0, 9, 6, 9, 9, 0, 2, 6, 6, 9, 1, 7, 2, 4, 9, 0, 1, 3, 9, 6, 9, 4, 8, 1, 4, 5, 1, 8, 7, 10, 4, 10, 2, 5, 5, 7, 5, 1, 9, 5, 9, 4, 5, 4, 4, 5, 9, 7, 7, 2, 0, 8, 4, 4, 2, 8, 1, 8, 1, 1, 5, 0, 2, 0, 9, 7, 6, 3, 6, 9, 0, 10, 8, 0, 10, 1, 7, 3, 2, 7, 9, 8, 4, 8, 9, 0, 8, 2, 6, 6, 2, 10, 4, 7, 9, 6, 8, 6, 6, 9, 7, 4, 7, 9, 4, 9, 3, 3, 7, 4, 1, 7, 5, 9, 0, 7, 6, 0, 7, 4, 5, 5, 4, 6, 6, 6, 1, 5, 3, 0, 1, 4, 7, 1, 9, 4, 6, 6, 10, 8, 1, 0, 3, 9, 1, 4, 3, 1, 7, 8, 9, 9, 4, 0, 2, 3, 7, 8, 6, 8, 1, 7, 4, 5, 2, 0, 6, 6, 7],