{"val_acc": [0.08602150537634409, 0.0967741935483871, 0.0967741935483871, 0.0706605222734255, 0.09831029185867896, 0.0706605222734255, 0.09831029185867896, 0.10445468509984639, 0.08602150537634409, 0.07987711213517665], "val_loss": [2.396986063272675, 2.3986294357323206, 2.400444479807754, 2.3996675599572117, 2.3995968827440697, 2.39889391945915, 2.3996465981372297, 2.39880023704716, 2.4015420053634173, 2.3985941951260243], "train_loss": [2.399359859055303, 2.398554192002455, 2.39837426986682, 2.398468819384392, 2.398395832316718, 2.3984442693227246, 2.3984050356900535, 2.398440946414356, 2.3984042742303604, 2.3985153343983106], "test_correct_in_batch": [0.0, 2.0, 1.0, 0.0, 0.0, 1.0, 2.0, 1.0, 0.0, 0.0, 0.0, 1.0, 1.0, 0.0, 0.0, 0.0, 1.0, 1.0, 1.0, 1.0, 0.0, 1.0, 0.0, 0.0, 1.0, 0.0, 1.0, 0.0, 0.0, 1.0, 1.0, 0.0, 0.0, 0.0, 0.0, 0.0, 0.0, 0.0, 0.0, 0.0, 1.0, 0.0, 1.0, 1.0, 1.0, 0.0, 1.0, 0.0, 1.0, 0.0, 1.0, 1.0, 0.0, 0.0, 1.0, 0.0, 0.0, 0.0, 0.0, 0.0, 0.0, 1.0, 0.0, 0.0, 0.0, 0.0, 1.0, 1.0, 0.0, 0.0, 2.0, 0.0, 1.0, 1.0, 0.0, 1.0, 0.0, 0.0, 0.0, 0.0, 0.0, 2.0, 0.0, 1.0, 0.0, 0.0, 0.0, 0.0, 0.0, 1.0, 0.0, 2.0, 0.0, 0.0, 0.0, 1.0, 0.0, 0.0, 0.0, 0.0, 0.0, 0.0, 0.0, 0.0, 0.0, 0.0, 1.0, 2.0, 1.0, 0.0, 0.0, 0.0, 1.0, 0.0, 0.0, 1.0, 1.0, 0.0, 1.0, 1.0, 0.0, 0.0, 1.0, 0.0, 0.0, 0.0, 0.0, 0.0, 0.0, 0.0, 0.0, 0.0, 0.0, 0.0, 1.0, 2.0, 0.0, 0.0, 2.0, 0.0, 0.0, 1.0, 1.0, 1.0, 1.0, 0.0, 1.0, 0.0, 0.0, 1.0, 0.0, 1.0, 0.0, 0.0, 0.0, 0.0, 0.0, 1.0, 0.0, 1.0, 1.0, 0.0, 1.0], "test_losses": [2.4055237770080566, 2.395714521408081, 2.3943004608154297, 2.4026613235473633, 2.3984713554382324, 2.398813247680664, 2.3857736587524414, 2.3949408531188965, 2.4014785289764404, 2.398836135864258, 2.399113655090332, 2.3937630653381348, 2.3930845260620117, 2.3989782333374023, 2.4103405475616455, 2.401078224182129, 2.392728090286255, 2.4015750885009766, 2.4015750885009766, 2.3919458389282227, 2.405118942260742, 2.3975048065185547, 2.399899482727051, 2.4062423706054688, 2.3987529277801514, 2.402430295944214, 2.3958301544189453, 2.4055237770080566, 2.3972108364105225, 2.3922204971313477, 2.393117666244507, 2.4059970378875732, 2.3971989154815674, 2.405273914337158, 2.402649402618408, 2.399374008178711, 2.4004616737365723, 2.3958630561828613, 2.405639886856079, 2.400747060775757, 2.395817995071411, 2.3970870971679688, 2.3941712379455566, 2.3958630561828613, 2.3961238861083984, 2.3942136764526367, 2.3930845260620117, 2.393679141998291, 2.3961219787597656, 2.4028303623199463, 2.4009299278259277, 2.3905844688415527, 2.3967018127441406, 2.395048141479492, 2.392824649810791, 2.3972108364105225, 2.4017293453216553, 2.405010938644409, 2.399980068206787, 2.3996071815490723, 2.3966286182403564, 2.3999650478363037, 2.4018516540527344, 2.4018635749816895, 2.3967018127441406, 2.4055356979370117, 2.4022817611694336, 2.3965086936950684, 2.393848180770874, 2.4029736518859863, 2.3891525268554688, 2.393836259841919, 2.391852378845215, 2.3959836959838867, 2.396308183670044, 2.3926844596862793, 2.396705389022827, 2.404890298843384, 2.396336317062378, 2.3971657752990723, 2.3986563682556152, 2.393254518508911, 2.401606559753418, 2.3992464542388916, 2.401791572570801, 2.4012961387634277, 2.3992693424224854, 2.3928496837615967, 2.402818202972412, 2.3969414234161377, 2.39621639251709, 2.390259265899658, 2.3971989154815674, 2.400618076324463, 2.3985629081726074, 2.3955864906311035, 2.396111249923706, 2.4022953510284424, 2.397703170776367, 2.3991899490356445, 2.4023282527923584, 2.405809164047241, 2.3980255126953125, 2.403247117996216, 2.404613733291626, 2.4008677005767822, 2.3961238861083984, 2.387052536010742, 2.3906404972076416, 2.3995471000671387, 2.3989617824554443, 2.3972389698028564, 2.3980746269226074, 2.4023234844207764, 2.4035086631774902, 2.401313304901123, 2.395446300506592, 2.4018516540527344, 2.395081043243408, 2.3907976150512695, 2.402832508087158, 2.396027088165283, 2.3919458389282227, 2.396801471710205, 2.4001729488372803, 2.3959832191467285, 2.3942134380340576, 2.4060730934143066, 2.3970749378204346, 2.4042153358459473, 2.3953723907470703, 2.3980417251586914, 2.402468204498291, 2.394172430038452, 2.3980746269226074, 2.395035982131958, 2.399838924407959, 2.3978378772735596, 2.3903353214263916, 2.4027903079986572, 2.3986563682556152, 2.3968005180358887, 2.393543004989624, 2.396003007888794, 2.39180588722229, 2.3991496562957764, 2.3962512016296387, 2.3973069190979004, 2.403496742248535, 2.3948497772216797, 2.3987200260162354, 2.389305830001831, 2.4008798599243164, 2.408273696899414, 2.3953378200531006, 2.4060730934143066, 2.4021120071411133, 2.39650821685791, 2.399653911590576, 2.3932695388793945, 2.3986129760742188, 2.394709587097168, 2.3927886486053467], "test_loss": 2.398142258813776, "test_batch_lens": [4, 4, 4, 4, 4, 4, 4, 4, 4, 4, 4, 4, 4, 4, 4, 4, 4, 4, 4, 4, 4, 4, 4, 4, 4, 4, 4, 4, 4, 4, 4, 4, 4, 4, 4, 4, 4, 4, 4, 4, 4, 4, 4, 4, 4, 4, 4, 4, 4, 4, 4, 4, 4, 4, 4, 4, 4, 4, 4, 4, 4, 4, 4, 4, 4, 4, 4, 4, 4, 4, 4, 4, 4, 4, 4, 4, 4, 4, 4, 4, 4, 4, 4, 4, 4, 4, 4, 4, 4, 4, 4, 4, 4, 4, 4, 4, 4, 4, 4, 4, 4, 4, 4, 4, 4, 4, 4, 4, 4, 4, 4, 4, 4, 4, 4, 4, 4, 4, 4, 4, 4, 4, 4, 4, 4, 4, 4, 4, 4, 4, 4, 4, 4, 4, 4, 4, 4, 4, 4, 4, 4, 4, 4, 4, 4, 4, 4, 4, 4, 4, 4, 4, 4, 4, 4, 4, 4, 4, 4, 4, 4, 4, 3], "test_accuracy": 0.10445468509984639, "predictions": [8, 8, 8, 8, 8, 8, 8, 8, 8, 8, 8, 8, 8, 8, 8, 8, 8, 8, 8, 8, 8, 8, 8, 8, 8, 8, 8, 8, 8, 8, 8, 8, 8, 8, 8, 8, 8, 8, 8, 8, 8, 8, 8, 8, 8, 8, 8, 8, 8, 8, 8, 8, 8, 8, 8, 8, 8, 8, 8, 8, 8, 8, 8, 8, 8, 8, 8, 8, 8, 8, 8, 8, 8, 8, 8, 8, 8, 8, 8, 8, 8, 8, 8, 8, 8, 8, 8, 8, 8, 8, 8, 8, 8, 8, 8, 8, 8, 8, 8, 8, 8, 8, 8, 8, 8, 8, 8, 8, 8, 8, 8, 8, 8, 8, 8, 8, 8, 8, 8, 8, 8, 8, 8, 8, 8, 8, 8, 8, 8, 8, 8, 8, 8, 8, 8, 8, 8, 8, 8, 8, 8, 8, 8, 8, 8, 8, 8, 8, 8, 8, 8, 8, 8, 8, 8, 8, 8, 8, 8, 8, 8, 8, 8, 8, 8, 8, 8, 8, 8, 8, 8, 8, 8, 8, 8, 8, 8, 8, 8, 8, 8, 8, 8, 8, 8, 8, 8, 8, 8, 8, 8, 8, 8, 8, 8, 8, 8, 8, 8, 8, 8, 8, 8, 8, 8, 8, 8, 8, 8, 8, 8, 8, 8, 8, 8, 8, 8, 8, 8, 8, 8, 8, 8, 8, 8, 8, 8, 8, 8, 8, 8, 8, 8, 8, 8, 8, 8, 8, 8, 8, 8, 8, 8, 8, 8, 8, 8, 8, 8, 8, 8, 8, 8, 8, 8, 8, 8, 8, 8, 8, 8, 8, 8, 8, 8, 8, 8, 8, 8, 8, 8, 8, 8, 8, 8, 8, 8, 8, 8, 8, 8, 8, 8, 8, 8, 8, 8, 8, 8, 8, 8, 8, 8, 8, 8, 8, 8, 8, 8, 8, 8, 8, 8, 8, 8, 8, 8, 8, 8, 8, 8, 8, 8, 8, 8, 8, 8, 8, 8, 8, 8, 8, 8, 8, 8, 8, 8, 8, 8, 8, 8, 8, 8, 8, 8, 8, 8, 8, 8, 8, 8, 8, 8, 8, 8, 8, 8, 8, 8, 8, 8, 8, 8, 8, 8, 8, 8, 8, 8, 8, 8, 8, 8, 8, 8, 8, 8, 8, 8, 8, 8, 8, 8, 8, 8, 8, 8, 8, 8, 8, 8, 8, 8, 8, 8, 8, 8, 8, 8, 8, 8, 8, 8, 8, 8, 8, 8, 8, 8, 8, 8, 8, 8, 8, 8, 8, 8, 8, 8, 8, 8, 8, 8, 8, 8, 8, 8, 8, 8, 8, 8, 8, 8, 8, 8, 8, 8, 8, 8, 8, 8, 8, 8, 8, 8, 8, 8, 8, 8, 8, 8, 8, 8, 8, 8, 8, 8, 8, 8, 8, 8, 8, 8, 8, 8, 8, 8, 8, 8, 8, 8, 8, 8, 8, 8, 8, 8, 8, 8, 8, 8, 8, 8, 8, 8, 8, 8, 8, 8, 8, 8, 8, 8, 8, 8, 8, 8, 8, 8, 8, 8, 8, 8, 8, 8, 8, 8, 8, 8, 8, 8, 8, 8, 8, 8, 8, 8, 8, 8, 8, 8, 8, 8, 8, 8, 8, 8, 8, 8, 8, 8, 8, 8, 8, 8, 8, 8, 8, 8, 8, 8, 8, 8, 8, 8, 8, 8, 8, 8, 8, 8, 8, 8, 8, 8, 8, 8, 8, 8, 8, 8, 8, 8, 8, 8, 8, 8, 8, 8, 8, 8, 8, 8, 8, 8, 8, 8, 8, 8, 8, 8, 8, 8, 8, 8, 8, 8, 8, 8, 8, 8, 8, 8, 8, 8, 8, 8, 8, 8, 8, 8, 8, 8, 8, 8, 8, 8, 8, 8, 8, 8, 8, 8, 8, 8, 8, 8, 8, 8, 8, 8, 8, 8, 8, 8, 8, 8, 8, 8, 8, 8, 8, 8, 8, 8, 8, 8, 8, 8, 8, 8, 8, 8, 8, 8, 8, 8, 8, 8, 8, 8, 8, 8, 8, 8, 8, 8, 8, 8, 8, 8],