{"val_acc": [0.45622119815668205, 0.5821812596006144, 0.6651305683563749, 0.6712749615975423, 0.674347158218126, 0.7127496159754224, 0.7142857142857143, 0.7235023041474654, 0.7112135176651305, 0.7096774193548387], "val_loss": [1.5848009944693442, 1.2075929582301825, 0.9806264965263612, 0.9811978244388396, 0.9742236182642129, 0.9001956570185036, 0.8518431500468883, 0.8399351576394601, 0.9176788931152572, 0.9030990883239483], "train_loss": [1.935601181221043, 1.3050066527778215, 1.0829716188655794, 0.9481411948956637, 0.8560929883324743, 0.7952230506148644, 0.7632127358473226, 0.7224053109231183, 0.6925621438774195, 0.658857735019377], "test_correct_in_batch": [4.0, 2.0, 3.0, 3.0, 3.0, 3.0, 2.0, 3.0, 2.0, 4.0, 3.0, 4.0, 2.0, 3.0, 3.0, 3.0, 2.0, 3.0, 1.0, 3.0, 2.0, 2.0, 2.0, 3.0, 3.0, 4.0, 3.0, 3.0, 3.0, 3.0, 1.0, 3.0, 4.0, 2.0, 3.0, 4.0, 3.0, 3.0, 3.0, 4.0, 3.0, 3.0, 2.0, 4.0, 4.0, 4.0, 2.0, 3.0, 2.0, 1.0, 3.0, 0.0, 2.0, 3.0, 3.0, 4.0, 4.0, 4.0, 3.0, 3.0, 3.0, 3.0, 3.0, 4.0, 3.0, 1.0, 3.0, 3.0, 3.0, 3.0, 1.0, 4.0, 2.0, 2.0, 3.0, 3.0, 3.0, 3.0, 4.0, 3.0, 4.0, 2.0, 3.0, 2.0, 2.0, 2.0, 2.0, 3.0, 3.0, 0.0, 2.0, 3.0, 2.0, 3.0, 4.0, 4.0, 4.0, 1.0, 3.0, 3.0, 2.0, 4.0, 4.0, 2.0, 2.0, 3.0, 3.0, 3.0, 3.0, 4.0, 3.0, 3.0, 3.0, 1.0, 4.0, 4.0, 2.0, 3.0, 3.0, 2.0, 3.0, 3.0, 4.0, 4.0, 3.0, 3.0, 2.0, 3.0, 3.0, 3.0, 2.0, 3.0, 3.0, 2.0, 3.0, 1.0, 4.0, 3.0, 2.0, 3.0, 4.0, 1.0, 2.0, 2.0, 4.0, 3.0, 3.0, 3.0, 1.0, 4.0, 2.0, 3.0, 3.0, 3.0, 3.0, 2.0, 3.0, 3.0, 4.0, 3.0, 4.0, 4.0, 3.0], "test_losses": [0.1413833647966385, 0.6907225847244263, 1.1357139348983765, 1.4827444553375244, 1.230609655380249, 0.27620524168014526, 1.5871903896331787, 1.1581798791885376, 1.451689600944519, 0.026811832562088966, 0.27143216133117676, 0.18143166601657867, 2.4976491928100586, 0.4860016405582428, 0.7147260308265686, 0.9072769284248352, 1.3310072422027588, 0.8675682544708252, 2.1178176403045654, 0.9000359773635864, 0.9677259922027588, 0.8492811918258667, 2.4990501403808594, 0.37379026412963867, 0.8491951823234558, 0.08874889463186264, 0.5649670362472534, 1.0019326210021973, 0.5199524164199829, 1.2213008403778076, 3.1914610862731934, 0.549239993095398, 0.17333902418613434, 1.444453477859497, 0.7300038933753967, 0.22143316268920898, 0.4994747042655945, 1.0902900695800781, 1.1415913105010986, 0.2625149190425873, 0.5483343601226807, 0.7780518531799316, 1.14701509475708, 0.29718899726867676, 0.37807247042655945, 0.1445377916097641, 2.223151683807373, 1.41428542137146, 1.8029142618179321, 1.5282220840454102, 0.5688827633857727, 2.511873245239258, 1.0960571765899658, 0.7998791933059692, 0.8945949673652649, 0.1108049675822258, 0.1801336407661438, 0.16959509253501892, 0.7018756866455078, 0.6570934057235718, 0.5673549175262451, 0.35152003169059753, 0.6801192760467529, 0.16363444924354553, 0.9610703587532043, 1.1328325271606445, 0.573606014251709, 0.41595450043678284, 1.5382000207901, 0.5916339159011841, 1.8314512968063354, 0.10237303376197815, 0.9515082240104675, 0.73996901512146, 0.5860713124275208, 0.9258944988250732, 0.280509889125824, 0.9662719368934631, 0.3440426290035248, 0.9937365651130676, 0.19127342104911804, 2.760138988494873, 0.7375573515892029, 1.2794157266616821, 1.8251889944076538, 1.8990085124969482, 0.5692777037620544, 1.2624444961547852, 0.8799375295639038, 2.4870235919952393, 2.0397746562957764, 0.7018150687217712, 1.6077933311462402, 0.3556343913078308, 0.1928386390209198, 0.3929935693740845, 0.0971793457865715, 3.173302412033081, 0.9401583075523376, 0.42368578910827637, 1.565380334854126, 0.17461039125919342, 0.3800351619720459, 0.9696584939956665, 1.410414218902588, 1.154292345046997, 1.0563081502914429, 0.31644320487976074, 0.39961594343185425, 0.3006560206413269, 0.7117490768432617, 0.8637163639068604, 0.42365121841430664, 2.6364054679870605, 0.6259653568267822, 0.10037881135940552, 1.4863791465759277, 0.6781201362609863, 1.3637261390686035, 1.8522037267684937, 0.4322822690010071, 1.0553324222564697, 0.1441156566143036, 0.2353583425283432, 0.9536183476448059, 0.4669201374053955, 1.3997550010681152, 0.8789747953414917, 0.621086835861206, 0.5990726947784424, 1.8314896821975708, 1.1440980434417725, 0.564025342464447, 1.3885259628295898, 0.8656507730484009, 1.9893913269042969, 0.0750044509768486, 0.934419572353363, 1.0806355476379395, 1.3441444635391235, 0.395986407995224, 1.4480171203613281, 1.3677332401275635, 1.6548179388046265, 0.22286182641983032, 1.3225183486938477, 0.6380270719528198, 0.9578713178634644, 1.876150131225586, 0.34410715103149414, 0.9521123766899109, 0.6665038466453552, 0.3277300298213959, 0.5215986967086792, 1.7412928342819214, 1.569509744644165, 0.6258431673049927, 0.8017215728759766, 0.30169495940208435, 0.35935091972351074, 0.07882534712553024, 0.14479024708271027, 0.1676800698041916], "test_loss": 0.9148653989852024, "test_batch_lens": [4, 4, 4, 4, 4, 4, 4, 4, 4, 4, 4, 4, 4, 4, 4, 4, 4, 4, 4, 4, 4, 4, 4, 4, 4, 4, 4, 4, 4, 4, 4, 4, 4, 4, 4, 4, 4, 4, 4, 4, 4, 4, 4, 4, 4, 4, 4, 4, 4, 4, 4, 4, 4, 4, 4, 4, 4, 4, 4, 4, 4, 4, 4, 4, 4, 4, 4, 4, 4, 4, 4, 4, 4, 4, 4, 4, 4, 4, 4, 4, 4, 4, 4, 4, 4, 4, 4, 4, 4, 4, 4, 4, 4, 4, 4, 4, 4, 4, 4, 4, 4, 4, 4, 4, 4, 4, 4, 4, 4, 4, 4, 4, 4, 4, 4, 4, 4, 4, 4, 4, 4, 4, 4, 4, 4, 4, 4, 4, 4, 4, 4, 4, 4, 4, 4, 4, 4, 4, 4, 4, 4, 4, 4, 4, 4, 4, 4, 4, 4, 4, 4, 4, 4, 4, 4, 4, 4, 4, 4, 4, 4, 4, 3], "test_accuracy": 0.7096774193548387, "predictions": [7, 4, 1, 10, 7, 3, 8, 5, 0, 6, 4, 7, 4, 9, 3, 0, 5, 6, 4, 9, 8, 10, 0, 4, 6, 1, 9, 6, 6, 8, 2, 0, 3, 0, 6, 3, 10, 5, 5, 0, 10, 3, 2, 2, 7, 8, 4, 3, 3, 8, 10, 8, 3, 9, 6, 1, 0, 9, 1, 10, 10, 6, 7, 6, 5, 9, 8, 8, 8, 0, 3, 1, 0, 1, 1, 0, 6, 8, 2, 2, 3, 1, 1, 0, 5, 5, 8, 0, 0, 9, 9, 2, 10, 7, 0, 5, 0, 8, 2, 7, 5, 1, 10, 6, 10, 1, 3, 9, 10, 4, 7, 6, 0, 3, 7, 8, 0, 10, 0, 0, 9, 0, 7, 0, 5, 1, 7, 0, 6, 7, 4, 0, 10, 10, 5, 3, 4, 3, 9, 0, 10, 3, 3, 9, 9, 7, 4, 7, 2, 10, 8, 4, 10, 2, 1, 0, 10, 5, 4, 7, 6, 9, 10, 4, 2, 9, 10, 5, 8, 0, 5, 3, 10, 7, 6, 8, 0, 8, 1, 2, 6, 3, 5, 3, 9, 1, 2, 8, 3, 2, 0, 6, 0, 6, 9, 5, 0, 1, 0, 9, 0, 1, 6, 1, 5, 0, 3, 0, 3, 1, 5, 4, 9, 5, 4, 5, 6, 10, 8, 4, 7, 3, 0, 6, 7, 0, 5, 7, 1, 0, 1, 6, 1, 7, 7, 2, 10, 5, 3, 10, 9, 4, 0, 3, 1, 7, 1, 5, 2, 4, 10, 3, 1, 2, 3, 10, 2, 9, 5, 3, 0, 2, 7, 0, 5, 3, 8, 1, 9, 7, 3, 10, 3, 5, 5, 2, 7, 1, 9, 7, 9, 0, 5, 10, 2, 4, 2, 5, 5, 10, 5, 0, 6, 1, 0, 1, 2, 9, 3, 2, 4, 10, 3, 6, 6, 0, 2, 8, 10, 1, 8, 6, 9, 2, 5, 2, 0, 9, 9, 3, 2, 6, 7, 9, 3, 2, 8, 5, 2, 4, 4, 1, 3, 1, 4, 7, 1, 10, 3, 2, 5, 3, 8, 10, 8, 3, 5, 7, 3, 6, 5, 6, 9, 9, 5, 1, 1, 0, 9, 9, 6, 2, 6, 10, 8, 9, 10, 5, 2, 4, 4, 0, 5, 0, 1, 10, 5, 0, 3, 7, 3, 1, 8, 2, 2, 4, 4, 9, 3, 8, 0, 2, 7, 4, 0, 0, 5, 6, 5, 9, 7, 7, 8, 6, 1, 10, 10, 5, 5, 7, 3, 3, 0, 10, 4, 7, 2, 3, 8, 3, 0, 5, 5, 1, 2, 0, 3, 8, 7, 4, 8, 3, 8, 0, 1, 2, 2, 3, 7, 10, 10, 8, 10, 6, 6, 5, 0, 2, 8, 2, 1, 4, 8, 5, 5, 3, 1, 3, 5, 7, 9, 10, 1, 8, 0, 6, 0, 8, 10, 4, 10, 1, 1, 6, 8, 2, 4, 3, 2, 8, 9, 4, 0, 7, 2, 9, 2, 0, 2, 8, 6, 9, 3, 7, 2, 4, 2, 0, 1, 3, 9, 6, 2, 4, 7, 3, 1, 5, 3, 1, 7, 10, 2, 10, 2, 5, 5, 7, 5, 3, 2, 5, 1, 4, 5, 9, 9, 5, 9, 7, 8, 2, 0, 6, 5, 3, 2, 2, 1, 8, 8, 3, 8, 5, 2, 0, 9, 7, 6, 0, 6, 9, 0, 10, 10, 0, 6, 1, 7, 3, 2, 7, 9, 6, 7, 6, 0, 8, 1, 2, 10, 8, 10, 10, 4, 7, 9, 6, 8, 6, 6, 8, 7, 9, 7, 0, 4, 9, 3, 3, 7, 8, 0, 9, 5, 2, 0, 7, 8, 0, 7, 9, 8, 5, 4, 6, 6, 6, 1, 9, 3, 0, 8, 4, 7, 1, 9, 5, 6, 6, 10, 0, 8, 0, 3, 9, 0, 4, 2, 10, 7, 8, 9, 9, 4, 0, 2, 3, 7, 6, 6, 8, 1, 7, 4, 0, 2, 0, 8, 6, 7],