{"val_acc": [0.07987711213517665, 0.16129032258064516, 0.2903225806451613, 0.35944700460829493, 0.43317972350230416, 0.5053763440860215, 0.5775729646697388, 0.6036866359447005, 0.6052227342549923, 0.6036866359447005], "val_loss": [2.3986593579953435, 2.2889642627692663, 1.9939725026031214, 1.770763303604594, 1.6178964478837932, 1.384688927534899, 1.298133419335254, 1.1726294552987337, 1.1560313607011836, 1.150886246763124], "train_loss": [2.39985542898901, 2.3813725501631273, 2.154897527354049, 1.9026828049091256, 1.633731121462575, 1.468486394694053, 1.331661530312904, 1.2415827883969548, 1.1665288340947597, 1.086058723121154], "test_correct_in_batch": [4.0, 2.0, 2.0, 1.0, 3.0, 3.0, 1.0, 2.0, 3.0, 4.0, 3.0, 4.0, 1.0, 3.0, 4.0, 2.0, 2.0, 2.0, 0.0, 1.0, 1.0, 2.0, 3.0, 4.0, 1.0, 4.0, 3.0, 2.0, 2.0, 3.0, 1.0, 2.0, 3.0, 2.0, 3.0, 2.0, 2.0, 3.0, 2.0, 4.0, 2.0, 2.0, 2.0, 3.0, 1.0, 2.0, 2.0, 2.0, 2.0, 1.0, 3.0, 0.0, 2.0, 2.0, 2.0, 3.0, 4.0, 3.0, 2.0, 2.0, 2.0, 4.0, 3.0, 4.0, 2.0, 1.0, 3.0, 4.0, 2.0, 3.0, 1.0, 1.0, 1.0, 2.0, 3.0, 3.0, 1.0, 3.0, 2.0, 2.0, 2.0, 1.0, 3.0, 2.0, 2.0, 2.0, 2.0, 2.0, 3.0, 2.0, 2.0, 1.0, 1.0, 3.0, 3.0, 0.0, 3.0, 2.0, 2.0, 3.0, 2.0, 4.0, 1.0, 3.0, 3.0, 0.0, 2.0, 2.0, 3.0, 4.0, 3.0, 2.0, 3.0, 2.0, 1.0, 4.0, 1.0, 4.0, 2.0, 1.0, 2.0, 2.0, 3.0, 3.0, 3.0, 2.0, 1.0, 2.0, 3.0, 3.0, 3.0, 4.0, 1.0, 1.0, 1.0, 1.0, 4.0, 4.0, 3.0, 2.0, 3.0, 2.0, 1.0, 2.0, 3.0, 2.0, 1.0, 2.0, 1.0, 4.0, 2.0, 2.0, 4.0, 2.0, 2.0, 2.0, 4.0, 2.0, 1.0, 2.0, 4.0, 3.0, 3.0], "test_losses": [0.3259444236755371, 0.9246796369552612, 1.1465644836425781, 2.327291488647461, 0.6747584342956543, 0.8943618535995483, 1.9467527866363525, 1.603890061378479, 1.335771918296814, 0.2532905340194702, 0.9403308629989624, 0.2895278334617615, 2.1261370182037354, 0.7378842830657959, 0.5570972561836243, 1.1637499332427979, 1.578427791595459, 1.325884461402893, 2.523763656616211, 2.5694332122802734, 1.5811138153076172, 1.5295697450637817, 0.7855575084686279, 0.2103729099035263, 1.80942964553833, 0.24617087841033936, 0.6907010078430176, 1.2533831596374512, 0.8581428527832031, 0.9076283574104309, 1.6473710536956787, 0.9677296876907349, 0.30379146337509155, 1.9543888568878174, 0.8229660391807556, 0.9332356452941895, 0.7554808855056763, 1.3817760944366455, 0.9645693898200989, 0.14657209813594818, 1.1073405742645264, 1.8626735210418701, 1.11185622215271, 0.2969043552875519, 1.748529314994812, 0.9152812957763672, 1.278791069984436, 1.0742301940917969, 1.8093717098236084, 1.7364115715026855, 1.1828882694244385, 2.7984063625335693, 1.5966243743896484, 2.0116589069366455, 1.0887861251831055, 0.7736921310424805, 0.6748608350753784, 0.7010186910629272, 0.7263337969779968, 0.9049215316772461, 1.4009910821914673, 0.30387550592422485, 0.825400710105896, 0.23964469134807587, 1.9501975774765015, 2.515875816345215, 1.0205020904541016, 0.2673608660697937, 1.3525700569152832, 0.8186994194984436, 2.824798822402954, 1.2006531953811646, 1.5949503183364868, 1.3658511638641357, 0.7603777050971985, 1.0572923421859741, 1.1882197856903076, 0.7783217430114746, 1.3601398468017578, 1.5476816892623901, 1.2657586336135864, 1.7838129997253418, 0.7075449228286743, 1.3083537817001343, 2.0616743564605713, 1.1270099878311157, 1.4018189907073975, 1.192629098892212, 0.554698646068573, 1.441078543663025, 2.667264461517334, 1.3561592102050781, 2.108532428741455, 0.7066352367401123, 0.8668976426124573, 2.163992404937744, 0.6733899116516113, 1.0846164226531982, 0.9635297060012817, 0.5948704481124878, 0.8075870871543884, 0.3327767550945282, 1.6180293560028076, 0.809013843536377, 0.8731719851493835, 2.4816765785217285, 0.8129652738571167, 1.4087064266204834, 0.5997315645217896, 0.3458561599254608, 0.842993438243866, 1.0963726043701172, 1.1770100593566895, 1.4151585102081299, 1.443998098373413, 0.20333783328533173, 2.518380880355835, 0.29282376170158386, 1.1015090942382812, 1.1569123268127441, 1.7977534532546997, 1.2021002769470215, 0.6846038103103638, 1.1931934356689453, 0.8641200661659241, 1.2856324911117554, 1.5493255853652954, 1.2706600427627563, 0.7142521739006042, 0.9461376070976257, 0.9468680620193481, 0.18025121092796326, 1.8607501983642578, 2.135408401489258, 1.0048027038574219, 1.9708119630813599, 0.3251796364784241, 0.23324328660964966, 0.847571849822998, 2.0010945796966553, 0.5826095342636108, 2.2992212772369385, 2.2811691761016846, 1.2990005016326904, 1.1368104219436646, 1.5800235271453857, 2.083735704421997, 0.8921864032745361, 1.873469352722168, 0.5006871223449707, 1.384568691253662, 1.441481351852417, 0.3387436866760254, 0.9155439138412476, 1.4566242694854736, 0.888947069644928, 0.4806516766548157, 1.424046277999878, 1.5532665252685547, 1.208672285079956, 0.16137246787548065, 0.6692390441894531, 0.2416614294052124], "test_loss": 1.1769647259105203, "test_batch_lens": [4, 4, 4, 4, 4, 4, 4, 4, 4, 4, 4, 4, 4, 4, 4, 4, 4, 4, 4, 4, 4, 4, 4, 4, 4, 4, 4, 4, 4, 4, 4, 4, 4, 4, 4, 4, 4, 4, 4, 4, 4, 4, 4, 4, 4, 4, 4, 4, 4, 4, 4, 4, 4, 4, 4, 4, 4, 4, 4, 4, 4, 4, 4, 4, 4, 4, 4, 4, 4, 4, 4, 4, 4, 4, 4, 4, 4, 4, 4, 4, 4, 4, 4, 4, 4, 4, 4, 4, 4, 4, 4, 4, 4, 4, 4, 4, 4, 4, 4, 4, 4, 4, 4, 4, 4, 4, 4, 4, 4, 4, 4, 4, 4, 4, 4, 4, 4, 4, 4, 4, 4, 4, 4, 4, 4, 4, 4, 4, 4, 4, 4, 4, 4, 4, 4, 4, 4, 4, 4, 4, 4, 4, 4, 4, 4, 4, 4, 4, 4, 4, 4, 4, 4, 4, 4, 4, 4, 4, 4, 4, 4, 4, 3], "test_accuracy": 0.576036866359447, "predictions": [7, 4, 1, 10, 7, 3, 8, 5, 3, 3, 4, 7, 3, 9, 6, 1, 9, 6, 4, 2, 8, 10, 0, 4, 6, 9, 9, 8, 6, 10, 2, 0, 1, 8, 6, 3, 10, 5, 5, 0, 10, 3, 7, 10, 7, 8, 4, 3, 6, 8, 2, 9, 1, 4, 6, 1, 1, 9, 1, 10, 2, 6, 7, 6, 5, 10, 8, 0, 8, 8, 1, 1, 0, 1, 8, 6, 6, 9, 4, 9, 8, 1, 1, 7, 5, 5, 8, 0, 0, 5, 9, 10, 10, 7, 1, 5, 0, 5, 4, 7, 5, 1, 10, 6, 10, 8, 1, 9, 10, 4, 8, 7, 0, 1, 7, 8, 0, 10, 0, 0, 4, 0, 9, 8, 5, 9, 7, 2, 6, 7, 4, 5, 10, 10, 5, 1, 4, 1, 9, 8, 10, 1, 9, 9, 9, 7, 5, 7, 2, 10, 0, 4, 10, 8, 3, 0, 10, 5, 4, 7, 10, 9, 10, 0, 10, 9, 10, 5, 0, 0, 7, 0, 2, 7, 6, 8, 5, 8, 8, 6, 6, 1, 0, 3, 9, 1, 2, 8, 3, 2, 5, 9, 0, 6, 9, 4, 0, 0, 7, 9, 2, 1, 6, 1, 9, 1, 0, 0, 3, 1, 5, 2, 1, 5, 2, 5, 9, 10, 1, 4, 7, 3, 0, 5, 7, 0, 5, 7, 0, 0, 1, 6, 1, 8, 7, 2, 10, 9, 0, 10, 9, 9, 1, 3, 1, 7, 8, 5, 2, 4, 10, 8, 1, 2, 3, 10, 3, 4, 5, 3, 0, 7, 7, 2, 5, 1, 0, 1, 8, 7, 3, 10, 0, 5, 8, 2, 7, 6, 9, 7, 6, 1, 5, 7, 4, 9, 6, 5, 5, 8, 5, 8, 1, 3, 0, 1, 2, 9, 3, 2, 4, 10, 8, 10, 2, 5, 2, 8, 10, 1, 8, 6, 5, 2, 4, 2, 1, 9, 9, 3, 9, 2, 7, 9, 8, 2, 5, 5, 2, 4, 4, 1, 3, 1, 4, 7, 1, 8, 9, 2, 5, 3, 0, 10, 9, 1, 5, 7, 3, 8, 5, 6, 2, 9, 5, 1, 1, 3, 8, 7, 6, 10, 6, 10, 2, 2, 6, 5, 2, 9, 4, 9, 5, 0, 1, 10, 5, 0, 0, 7, 1, 8, 6, 4, 6, 4, 4, 9, 3, 7, 5, 7, 7, 4, 0, 3, 5, 6, 4, 9, 7, 9, 8, 9, 1, 10, 10, 5, 4, 7, 0, 0, 5, 10, 4, 7, 2, 3, 1, 9, 1, 9, 9, 9, 2, 0, 3, 7, 7, 4, 7, 3, 8, 0, 1, 2, 2, 3, 7, 10, 10, 9, 10, 6, 6, 5, 1, 8, 7, 2, 1, 9, 5, 5, 5, 9, 3, 8, 5, 8, 9, 10, 1, 8, 8, 6, 8, 2, 2, 4, 10, 1, 1, 6, 8, 6, 6, 6, 2, 8, 4, 1, 0, 7, 6, 9, 10, 1, 2, 6, 6, 9, 6, 7, 2, 4, 2, 0, 1, 3, 6, 6, 3, 5, 8, 0, 1, 5, 1, 7, 7, 10, 0, 10, 2, 5, 5, 9, 5, 1, 4, 5, 7, 4, 5, 4, 9, 5, 5, 7, 0, 10, 0, 6, 8, 0, 2, 8, 0, 6, 6, 1, 5, 5, 2, 0, 9, 7, 6, 9, 6, 9, 0, 10, 8, 0, 10, 3, 7, 3, 9, 7, 9, 6, 2, 8, 9, 8, 7, 2, 8, 6, 10, 10, 4, 7, 1, 6, 8, 6, 6, 8, 7, 5, 7, 9, 10, 4, 3, 1, 7, 5, 0, 7, 0, 6, 0, 7, 8, 0, 7, 9, 6, 5, 4, 10, 5, 6, 1, 5, 3, 0, 1, 10, 0, 1, 9, 9, 6, 2, 3, 7, 3, 0, 3, 9, 1, 4, 1, 10, 7, 6, 9, 4, 3, 1, 2, 3, 9, 6, 6, 8, 1, 7, 4, 1, 2, 0, 8, 6, 7],