{"val_acc": [0.47465437788018433, 0.5529953917050692, 0.6282642089093702, 0.674347158218126, 0.6466973886328725, 0.6943164362519201, 0.7096774193548387, 0.706605222734255, 0.7327188940092166, 0.7373271889400922], "val_loss": [1.583286078429661, 1.3568211942911148, 1.1179961046329672, 0.9333756859157166, 0.9916512444158273, 0.9274499968002818, 0.9033575065296852, 0.9248745779341166, 0.842299794303996, 0.7827792643495133], "train_loss": [1.9730519753233073, 1.387967855318073, 1.113398739080307, 0.9663778264951596, 0.8798637574498548, 0.8168036586794528, 0.7678331719217387, 0.7285200022340136, 0.6938705620553209, 0.6622317894729957], "test_correct_in_batch": [4.0, 3.0, 2.0, 1.0, 3.0, 4.0, 2.0, 2.0, 2.0, 4.0, 3.0, 4.0, 2.0, 2.0, 4.0, 2.0, 3.0, 1.0, 1.0, 2.0, 3.0, 3.0, 1.0, 4.0, 3.0, 4.0, 3.0, 3.0, 3.0, 3.0, 2.0, 1.0, 3.0, 4.0, 2.0, 3.0, 3.0, 3.0, 2.0, 4.0, 2.0, 3.0, 3.0, 4.0, 4.0, 4.0, 1.0, 3.0, 1.0, 3.0, 3.0, 1.0, 3.0, 3.0, 2.0, 3.0, 3.0, 4.0, 2.0, 3.0, 2.0, 4.0, 3.0, 3.0, 3.0, 1.0, 4.0, 2.0, 3.0, 3.0, 0.0, 4.0, 3.0, 3.0, 3.0, 3.0, 4.0, 4.0, 3.0, 1.0, 2.0, 3.0, 3.0, 2.0, 2.0, 3.0, 3.0, 3.0, 4.0, 2.0, 3.0, 3.0, 2.0, 3.0, 4.0, 2.0, 4.0, 3.0, 1.0, 3.0, 2.0, 3.0, 3.0, 4.0, 2.0, 1.0, 2.0, 3.0, 3.0, 4.0, 3.0, 2.0, 2.0, 3.0, 2.0, 4.0, 2.0, 2.0, 4.0, 2.0, 3.0, 3.0, 3.0, 4.0, 4.0, 4.0, 2.0, 2.0, 4.0, 2.0, 2.0, 2.0, 3.0, 2.0, 2.0, 2.0, 4.0, 3.0, 3.0, 2.0, 3.0, 1.0, 2.0, 3.0, 3.0, 1.0, 2.0, 3.0, 3.0, 2.0, 3.0, 3.0, 4.0, 3.0, 3.0, 4.0, 4.0, 3.0, 2.0, 3.0, 4.0, 3.0, 2.0], "test_losses": [0.1484198123216629, 0.6463052034378052, 0.982319712638855, 2.541330337524414, 0.44493862986564636, 0.17897407710552216, 1.491071343421936, 1.0856510400772095, 0.7464306354522705, 0.09701292216777802, 0.9207462668418884, 0.199367493391037, 2.04400897026062, 0.9075326323509216, 0.14536254107952118, 1.5423474311828613, 0.6471602916717529, 1.4563941955566406, 1.4933444261550903, 1.639009952545166, 0.8673773407936096, 0.6119787693023682, 1.3474094867706299, 0.1496148258447647, 0.4344501793384552, 0.07124701887369156, 0.4162747263908386, 0.6542835235595703, 0.6718341112136841, 1.065181016921997, 1.0388166904449463, 1.5434194803237915, 0.35695362091064453, 0.28396734595298767, 0.9449020624160767, 0.6455366611480713, 1.314493179321289, 0.45720812678337097, 0.802666187286377, 0.0696973130106926, 0.8854263424873352, 0.6897971630096436, 1.0487769842147827, 0.26240819692611694, 0.31920480728149414, 0.11822371184825897, 1.2292978763580322, 0.5939017534255981, 2.141514778137207, 0.914499819278717, 0.8306480646133423, 2.3613200187683105, 0.8626171350479126, 1.2071670293807983, 1.6748381853103638, 0.26089712977409363, 0.7568342089653015, 0.44626834988594055, 0.47117507457733154, 0.6806991696357727, 0.7392272353172302, 0.33322224020957947, 0.7636078000068665, 0.4616072177886963, 1.2895666360855103, 2.0718345642089844, 0.19303546845912933, 1.3408823013305664, 1.2344087362289429, 0.9442676901817322, 2.296931505203247, 0.09519672393798828, 0.7799772620201111, 0.5858726501464844, 0.2942928075790405, 0.6343989968299866, 0.09575097262859344, 0.2769036293029785, 0.7477226257324219, 1.0866987705230713, 1.1355493068695068, 0.8620375990867615, 0.4808907210826874, 1.5719361305236816, 1.5253942012786865, 1.1934378147125244, 0.24688860774040222, 0.9221906661987305, 0.33788636326789856, 1.508670449256897, 1.6011979579925537, 0.6369806528091431, 1.2189134359359741, 0.6923195719718933, 0.12270806729793549, 0.6656475067138672, 0.14230497181415558, 1.230697512626648, 1.1278361082077026, 0.4212262034416199, 1.2326518297195435, 0.517870306968689, 1.0748662948608398, 0.304365336894989, 1.389474868774414, 1.0796610116958618, 1.4645212888717651, 0.5176342725753784, 0.5800669193267822, 0.15116895735263824, 1.1077667474746704, 1.1713261604309082, 1.1182689666748047, 0.9199185371398926, 0.8242040872573853, 0.4187796115875244, 0.6819174885749817, 0.5483659505844116, 0.1579565554857254, 2.0256309509277344, 0.7277816534042358, 1.2740998268127441, 0.8924703001976013, 0.28117987513542175, 0.27667614817619324, 0.38147515058517456, 1.544909119606018, 2.0703542232513428, 0.025749284774065018, 0.9575889110565186, 1.3077070713043213, 0.7807881832122803, 0.816676676273346, 1.133453369140625, 1.1026685237884521, 1.6431236267089844, 0.18942853808403015, 0.8008511662483215, 0.6290622353553772, 1.7051115036010742, 0.5142662525177002, 2.309504985809326, 1.4846467971801758, 0.6086331009864807, 1.5688751935958862, 1.1205832958221436, 1.5934412479400635, 1.521851658821106, 1.564544439315796, 0.9339960217475891, 0.9604474902153015, 1.2059540748596191, 0.134867861866951, 0.4664159119129181, 1.3188599348068237, 0.426130473613739, 0.1876530945301056, 1.6351847648620605, 1.0712941884994507, 0.517472505569458, 0.06220873445272446, 0.38307446241378784, 0.46621060371398926], "test_loss": 0.8751801453256534, "test_batch_lens": [4, 4, 4, 4, 4, 4, 4, 4, 4, 4, 4, 4, 4, 4, 4, 4, 4, 4, 4, 4, 4, 4, 4, 4, 4, 4, 4, 4, 4, 4, 4, 4, 4, 4, 4, 4, 4, 4, 4, 4, 4, 4, 4, 4, 4, 4, 4, 4, 4, 4, 4, 4, 4, 4, 4, 4, 4, 4, 4, 4, 4, 4, 4, 4, 4, 4, 4, 4, 4, 4, 4, 4, 4, 4, 4, 4, 4, 4, 4, 4, 4, 4, 4, 4, 4, 4, 4, 4, 4, 4, 4, 4, 4, 4, 4, 4, 4, 4, 4, 4, 4, 4, 4, 4, 4, 4, 4, 4, 4, 4, 4, 4, 4, 4, 4, 4, 4, 4, 4, 4, 4, 4, 4, 4, 4, 4, 4, 4, 4, 4, 4, 4, 4, 4, 4, 4, 4, 4, 4, 4, 4, 4, 4, 4, 4, 4, 4, 4, 4, 4, 4, 4, 4, 4, 4, 4, 4, 4, 4, 4, 4, 4, 3], "test_accuracy": 0.6866359447004609, "predictions": [7, 4, 1, 10, 7, 1, 8, 5, 1, 0, 4, 7, 4, 9, 8, 3, 9, 6, 4, 2, 8, 10, 1, 4, 6, 8, 9, 8, 2, 8, 9, 1, 3, 5, 6, 3, 10, 5, 5, 0, 10, 3, 6, 10, 7, 8, 4, 3, 3, 1, 2, 4, 1, 4, 8, 1, 1, 9, 1, 10, 2, 6, 0, 6, 5, 9, 8, 5, 5, 1, 9, 3, 1, 1, 0, 5, 6, 2, 2, 2, 1, 1, 3, 1, 5, 5, 1, 0, 8, 9, 9, 2, 10, 7, 1, 5, 3, 8, 2, 7, 5, 1, 10, 6, 2, 8, 3, 9, 10, 4, 7, 9, 0, 3, 7, 8, 0, 2, 0, 0, 4, 0, 7, 0, 5, 9, 8, 2, 6, 7, 4, 5, 10, 10, 7, 9, 4, 3, 9, 1, 10, 3, 3, 4, 3, 7, 4, 7, 2, 10, 9, 4, 10, 2, 3, 0, 10, 5, 4, 7, 6, 1, 10, 4, 2, 0, 10, 5, 8, 0, 8, 0, 10, 7, 6, 8, 0, 8, 1, 2, 6, 3, 5, 3, 9, 1, 6, 9, 3, 2, 0, 9, 0, 6, 4, 5, 1, 3, 4, 9, 4, 1, 6, 1, 4, 1, 0, 6, 3, 9, 5, 8, 9, 5, 4, 5, 7, 10, 0, 4, 7, 3, 0, 8, 7, 1, 5, 7, 1, 0, 1, 6, 1, 8, 7, 2, 10, 4, 0, 10, 8, 9, 3, 3, 1, 7, 8, 5, 2, 4, 2, 1, 1, 2, 0, 10, 3, 9, 5, 3, 0, 9, 7, 8, 5, 1, 8, 1, 2, 7, 9, 10, 3, 5, 5, 2, 7, 7, 9, 7, 9, 0, 5, 8, 2, 4, 2, 5, 5, 2, 8, 0, 9, 6, 0, 1, 2, 9, 3, 2, 4, 10, 0, 6, 6, 0, 2, 7, 10, 1, 7, 6, 4, 2, 5, 2, 9, 7, 9, 3, 1, 6, 9, 9, 1, 2, 8, 5, 2, 9, 4, 9, 3, 3, 4, 7, 1, 10, 2, 2, 5, 0, 9, 10, 5, 1, 5, 7, 3, 6, 5, 6, 4, 9, 5, 1, 0, 3, 5, 7, 4, 2, 6, 10, 8, 9, 10, 5, 5, 1, 4, 0, 5, 0, 1, 10, 5, 0, 3, 7, 3, 1, 6, 4, 2, 4, 4, 9, 3, 7, 0, 9, 7, 5, 8, 0, 5, 6, 9, 2, 0, 7, 8, 9, 1, 10, 8, 5, 5, 7, 0, 3, 5, 10, 9, 7, 2, 3, 8, 3, 3, 5, 5, 9, 2, 0, 3, 7, 8, 4, 7, 3, 8, 0, 1, 2, 2, 3, 7, 10, 10, 1, 10, 6, 6, 4, 0, 5, 8, 2, 3, 1, 9, 5, 9, 3, 0, 10, 5, 7, 9, 10, 1, 8, 0, 6, 3, 6, 2, 9, 10, 3, 1, 2, 8, 2, 4, 9, 2, 8, 4, 9, 0, 7, 6, 9, 7, 0, 2, 9, 6, 9, 3, 7, 2, 4, 3, 0, 1, 3, 9, 6, 3, 4, 7, 3, 1, 5, 1, 8, 7, 10, 4, 10, 2, 5, 5, 9, 5, 0, 7, 5, 2, 4, 5, 4, 4, 8, 9, 7, 3, 2, 0, 2, 5, 0, 3, 2, 1, 8, 6, 1, 8, 5, 2, 0, 9, 7, 6, 0, 6, 9, 0, 10, 8, 0, 5, 4, 7, 3, 2, 7, 9, 2, 2, 6, 5, 0, 8, 2, 3, 6, 2, 10, 4, 7, 9, 6, 7, 6, 6, 9, 8, 4, 7, 0, 10, 9, 3, 3, 7, 9, 1, 7, 5, 9, 5, 1, 8, 0, 7, 9, 5, 5, 4, 8, 6, 5, 1, 5, 3, 0, 1, 8, 7, 1, 9, 5, 6, 6, 10, 7, 1, 0, 3, 9, 1, 4, 3, 8, 7, 8, 3, 4, 4, 0, 2, 3, 7, 6, 6, 8, 1, 7, 9, 0, 2, 0, 6, 6, 7],