{"val_acc": [0.29493087557603687, 0.39477726574500765, 0.5038402457757296, 0.5207373271889401, 0.5576036866359447, 0.565284178187404, 0.5837173579109063, 0.5745007680491552, 0.620583717357911, 0.6067588325652842], "val_loss": [2.0041252608679554, 1.743782259203905, 1.5143175874751038, 1.3913220572142513, 1.319169680719361, 1.3001972077631512, 1.270303067025597, 1.252657729058178, 1.1421849942463307, 1.1746849565783892], "train_loss": [2.1893487901666044, 1.878599375674234, 1.6458908005554187, 1.4775120373812287, 1.3860700633193193, 1.3202119137937058, 1.2591886996213755, 1.2001375081585108, 1.1636793471244198, 1.1320687219071834], "test_correct_in_batch": [3.0, 1.0, 2.0, 1.0, 3.0, 2.0, 1.0, 2.0, 3.0, 2.0, 3.0, 4.0, 2.0, 2.0, 4.0, 2.0, 2.0, 1.0, 1.0, 3.0, 1.0, 3.0, 1.0, 3.0, 3.0, 3.0, 2.0, 3.0, 1.0, 3.0, 1.0, 3.0, 3.0, 2.0, 2.0, 3.0, 2.0, 3.0, 3.0, 4.0, 3.0, 3.0, 2.0, 4.0, 1.0, 3.0, 2.0, 3.0, 1.0, 1.0, 2.0, 1.0, 2.0, 3.0, 2.0, 4.0, 3.0, 4.0, 3.0, 2.0, 3.0, 3.0, 3.0, 4.0, 2.0, 2.0, 2.0, 1.0, 4.0, 3.0, 0.0, 4.0, 3.0, 2.0, 3.0, 2.0, 1.0, 4.0, 1.0, 2.0, 3.0, 3.0, 4.0, 1.0, 2.0, 2.0, 1.0, 3.0, 3.0, 2.0, 2.0, 2.0, 1.0, 1.0, 2.0, 3.0, 2.0, 2.0, 3.0, 3.0, 1.0, 3.0, 3.0, 2.0, 3.0, 1.0, 2.0, 1.0, 2.0, 3.0, 3.0, 2.0, 2.0, 2.0, 4.0, 3.0, 2.0, 4.0, 3.0, 1.0, 1.0, 2.0, 2.0, 3.0, 3.0, 3.0, 2.0, 2.0, 3.0, 2.0, 3.0, 3.0, 1.0, 0.0, 1.0, 1.0, 3.0, 3.0, 2.0, 2.0, 4.0, 1.0, 1.0, 2.0, 2.0, 1.0, 1.0, 2.0, 3.0, 3.0, 3.0, 2.0, 3.0, 3.0, 2.0, 3.0, 4.0, 0.0, 1.0, 2.0, 4.0, 1.0, 2.0], "test_losses": [0.6639136075973511, 1.8476228713989258, 1.5651720762252808, 2.602890968322754, 0.677750825881958, 1.3202855587005615, 1.9935137033462524, 1.6960797309875488, 1.6263705492019653, 0.892818033695221, 1.3154128789901733, 0.4008832573890686, 1.8938705921173096, 0.7554931640625, 0.5638154149055481, 1.7256721258163452, 2.2515721321105957, 1.8994628190994263, 1.6738470792770386, 1.0475960969924927, 1.6918197870254517, 0.8761704564094543, 1.7119046449661255, 0.7830867171287537, 0.5173068046569824, 0.3965444564819336, 1.1009457111358643, 1.089180827140808, 1.446293830871582, 1.2267433404922485, 3.4900331497192383, 0.8791749477386475, 0.44165608286857605, 0.8690894842147827, 1.5346786975860596, 1.0968685150146484, 1.3785357475280762, 0.7797542810440063, 0.5938875675201416, 0.2913748621940613, 1.1251046657562256, 0.7701303362846375, 1.2859224081039429, 0.3915311396121979, 1.7174025774002075, 0.33134737610816956, 1.7497813701629639, 0.5461046695709229, 2.4050791263580322, 2.065244197845459, 0.9136891961097717, 1.974055528640747, 1.4491705894470215, 1.353276014328003, 1.4349013566970825, 0.25063788890838623, 0.9877927303314209, 0.41279223561286926, 0.7859724164009094, 0.9534202218055725, 0.8071532249450684, 0.715970516204834, 0.5585407018661499, 0.3486613929271698, 1.7289162874221802, 1.7541751861572266, 1.2886958122253418, 1.9307217597961426, 0.4044592082500458, 1.392137885093689, 2.4770896434783936, 0.1510508805513382, 1.1975888013839722, 1.671642541885376, 0.9331431984901428, 0.8641608357429504, 1.1710082292556763, 0.5926815271377563, 2.341071605682373, 1.456413984298706, 0.9243479371070862, 1.1244332790374756, 0.9768952131271362, 2.2152392864227295, 1.351130485534668, 1.6295970678329468, 1.502225399017334, 1.2955446243286133, 0.5352877974510193, 1.8217260837554932, 1.6660906076431274, 1.7274537086486816, 2.80751371383667, 1.575555682182312, 0.9566254615783691, 1.0709803104400635, 1.0205886363983154, 1.847137451171875, 1.404557704925537, 0.6577695608139038, 2.164637565612793, 0.2910274565219879, 0.8537101149559021, 0.9973158836364746, 1.0100903511047363, 1.6764297485351562, 1.5895323753356934, 1.4846080541610718, 0.7672248482704163, 0.7998871207237244, 0.6373152732849121, 1.5140786170959473, 1.3168089389801025, 1.4499210119247437, 0.4749033451080322, 0.5979200005531311, 1.307702898979187, 0.38814374804496765, 0.6367226839065552, 2.640143394470215, 1.370262861251831, 1.1382856369018555, 1.369739294052124, 1.0469266176223755, 0.915654182434082, 0.860130250453949, 1.3581151962280273, 1.408528447151184, 1.031638741493225, 1.5019432306289673, 1.505863070487976, 1.211038589477539, 2.1411542892456055, 2.8152053356170654, 1.808912992477417, 2.2779505252838135, 0.5346601009368896, 0.8453075885772705, 2.3252358436584473, 2.1468727588653564, 0.5927433371543884, 2.625988245010376, 3.2295567989349365, 0.7848173975944519, 1.0711764097213745, 1.7902541160583496, 2.189713478088379, 2.1409738063812256, 1.1146823167800903, 0.9119604229927063, 1.0973994731903076, 0.9691929817199707, 0.7532798647880554, 1.7793195247650146, 1.5864965915679932, 1.1306519508361816, 0.5560489892959595, 3.2667076587677, 1.269696593284607, 1.2025374174118042, 0.3544377386569977, 1.3197638988494873, 0.6913157105445862], "test_loss": 1.2886423091032753, "test_batch_lens": [4, 4, 4, 4, 4, 4, 4, 4, 4, 4, 4, 4, 4, 4, 4, 4, 4, 4, 4, 4, 4, 4, 4, 4, 4, 4, 4, 4, 4, 4, 4, 4, 4, 4, 4, 4, 4, 4, 4, 4, 4, 4, 4, 4, 4, 4, 4, 4, 4, 4, 4, 4, 4, 4, 4, 4, 4, 4, 4, 4, 4, 4, 4, 4, 4, 4, 4, 4, 4, 4, 4, 4, 4, 4, 4, 4, 4, 4, 4, 4, 4, 4, 4, 4, 4, 4, 4, 4, 4, 4, 4, 4, 4, 4, 4, 4, 4, 4, 4, 4, 4, 4, 4, 4, 4, 4, 4, 4, 4, 4, 4, 4, 4, 4, 4, 4, 4, 4, 4, 4, 4, 4, 4, 4, 4, 4, 4, 4, 4, 4, 4, 4, 4, 4, 4, 4, 4, 4, 4, 4, 4, 4, 4, 4, 4, 4, 4, 4, 4, 4, 4, 4, 4, 4, 4, 4, 4, 4, 4, 4, 4, 4, 3], "test_accuracy": 0.576036866359447, "predictions": [9, 4, 1, 10, 8, 1, 10, 5, 1, 3, 4, 7, 1, 5, 6, 9, 9, 6, 4, 2, 6, 10, 0, 4, 6, 3, 5, 10, 6, 6, 2, 3, 1, 3, 6, 3, 4, 5, 5, 3, 10, 3, 6, 10, 7, 8, 4, 3, 3, 1, 3, 4, 1, 4, 6, 3, 1, 9, 1, 10, 10, 6, 3, 0, 5, 3, 10, 5, 6, 1, 4, 3, 0, 3, 8, 6, 6, 6, 9, 2, 1, 1, 6, 0, 5, 5, 1, 3, 1, 5, 9, 2, 10, 7, 0, 5, 3, 8, 2, 7, 5, 0, 10, 6, 10, 1, 3, 4, 10, 4, 7, 6, 1, 1, 7, 10, 0, 2, 0, 0, 4, 3, 0, 3, 5, 9, 7, 9, 2, 7, 4, 0, 10, 10, 9, 3, 4, 3, 9, 1, 2, 3, 3, 9, 3, 7, 4, 9, 2, 10, 9, 4, 10, 2, 1, 0, 10, 5, 4, 7, 4, 9, 10, 4, 2, 9, 10, 5, 0, 0, 4, 0, 10, 7, 6, 8, 0, 3, 3, 6, 6, 0, 5, 3, 9, 1, 6, 8, 3, 2, 0, 6, 8, 6, 9, 3, 8, 1, 4, 9, 0, 1, 6, 3, 5, 3, 0, 9, 2, 9, 5, 9, 5, 5, 4, 5, 6, 10, 9, 4, 7, 3, 0, 6, 7, 9, 5, 7, 1, 0, 1, 6, 1, 7, 7, 2, 10, 9, 1, 10, 9, 4, 0, 3, 1, 7, 1, 5, 6, 4, 10, 1, 1, 2, 3, 10, 1, 4, 5, 3, 3, 9, 7, 0, 5, 3, 0, 1, 7, 9, 9, 10, 3, 5, 2, 2, 7, 2, 9, 7, 0, 0, 5, 8, 2, 4, 2, 5, 5, 3, 6, 0, 2, 3, 0, 1, 2, 9, 3, 2, 9, 10, 6, 6, 2, 5, 2, 8, 10, 1, 7, 6, 4, 2, 4, 6, 9, 9, 9, 3, 9, 6, 7, 9, 1, 2, 8, 5, 2, 9, 4, 1, 3, 3, 2, 7, 1, 1, 9, 2, 5, 3, 9, 10, 6, 0, 6, 8, 3, 6, 0, 6, 9, 9, 5, 1, 0, 3, 9, 7, 9, 10, 6, 10, 4, 9, 10, 5, 1, 8, 4, 9, 2, 3, 1, 10, 9, 3, 3, 7, 3, 1, 6, 2, 0, 2, 4, 9, 3, 9, 0, 9, 9, 5, 0, 0, 5, 6, 9, 3, 1, 9, 8, 9, 3, 10, 10, 5, 6, 7, 3, 3, 5, 10, 2, 5, 2, 3, 8, 1, 0, 8, 5, 3, 6, 0, 3, 8, 7, 9, 5, 3, 8, 3, 1, 2, 2, 3, 9, 10, 10, 1, 10, 6, 6, 5, 1, 6, 3, 2, 1, 6, 5, 5, 5, 9, 1, 3, 5, 7, 9, 10, 1, 6, 3, 6, 3, 9, 2, 4, 10, 1, 1, 2, 8, 6, 6, 3, 2, 0, 9, 0, 3, 9, 6, 3, 3, 0, 0, 6, 6, 9, 3, 9, 2, 4, 2, 0, 1, 3, 1, 6, 3, 4, 6, 1, 1, 5, 1, 4, 7, 10, 9, 10, 2, 5, 5, 9, 5, 10, 4, 5, 10, 4, 5, 4, 4, 5, 1, 7, 0, 10, 9, 6, 6, 5, 2, 3, 6, 1, 6, 1, 6, 9, 2, 0, 1, 7, 6, 3, 6, 9, 0, 10, 10, 0, 2, 1, 7, 2, 2, 7, 9, 6, 2, 6, 9, 1, 3, 2, 3, 6, 6, 10, 4, 7, 8, 6, 7, 6, 6, 2, 8, 4, 7, 9, 10, 4, 6, 3, 7, 5, 1, 7, 5, 2, 0, 7, 6, 0, 7, 9, 5, 5, 4, 6, 6, 5, 1, 9, 3, 0, 1, 10, 7, 1, 9, 9, 2, 6, 10, 7, 3, 0, 3, 9, 1, 4, 6, 6, 0, 6, 9, 4, 9, 1, 2, 3, 9, 6, 6, 8, 1, 7, 9, 1, 2, 5, 6, 6, 7],