{"val_acc": [0.25960061443932414, 0.3763440860215054, 0.4976958525345622, 0.5391705069124424, 0.6221198156682027, 0.6390168970814132, 0.6466973886328725, 0.6359447004608295, 0.6774193548387096, 0.6697388632872504], "val_loss": [2.03550788522498, 1.7427139750287577, 1.4817900006756461, 1.3794011907891992, 1.1824397816796977, 1.101728908580505, 1.0608105906313914, 1.0177006571342242, 0.9813210882840713, 0.9658453249675365], "train_loss": [2.1779641939785632, 1.8992605788345116, 1.6224685329983033, 1.4314406346273822, 1.2802383403677788, 1.175276141900329, 1.1050972437342448, 1.0303259755611054, 0.9766126377283756, 0.9305694631593043], "test_correct_in_batch": [2.0, 0.0, 2.0, 1.0, 3.0, 3.0, 1.0, 1.0, 3.0, 4.0, 4.0, 4.0, 0.0, 2.0, 2.0, 3.0, 2.0, 2.0, 1.0, 2.0, 1.0, 1.0, 2.0, 3.0, 3.0, 3.0, 3.0, 3.0, 2.0, 3.0, 2.0, 3.0, 4.0, 2.0, 2.0, 4.0, 3.0, 3.0, 4.0, 3.0, 3.0, 2.0, 3.0, 4.0, 2.0, 4.0, 2.0, 3.0, 1.0, 3.0, 3.0, 1.0, 4.0, 1.0, 2.0, 3.0, 4.0, 2.0, 3.0, 2.0, 4.0, 4.0, 4.0, 3.0, 3.0, 1.0, 1.0, 2.0, 3.0, 3.0, 1.0, 4.0, 3.0, 2.0, 4.0, 3.0, 3.0, 4.0, 2.0, 1.0, 2.0, 2.0, 4.0, 2.0, 2.0, 3.0, 4.0, 3.0, 3.0, 2.0, 3.0, 2.0, 1.0, 3.0, 4.0, 3.0, 3.0, 1.0, 2.0, 3.0, 2.0, 4.0, 4.0, 4.0, 2.0, 1.0, 2.0, 3.0, 3.0, 4.0, 3.0, 2.0, 4.0, 2.0, 3.0, 4.0, 2.0, 4.0, 4.0, 2.0, 2.0, 2.0, 3.0, 3.0, 3.0, 4.0, 2.0, 2.0, 2.0, 4.0, 2.0, 2.0, 3.0, 3.0, 3.0, 1.0, 3.0, 4.0, 2.0, 3.0, 3.0, 1.0, 3.0, 3.0, 3.0, 2.0, 2.0, 2.0, 2.0, 4.0, 2.0, 3.0, 4.0, 3.0, 4.0, 3.0, 1.0, 3.0, 1.0, 3.0, 4.0, 4.0, 2.0], "test_losses": [0.712114691734314, 1.5807768106460571, 1.0696938037872314, 1.8426226377487183, 0.5852837562561035, 0.4221079647541046, 2.269322395324707, 1.2069368362426758, 0.6210826635360718, 0.5123893022537231, 0.7401153445243835, 0.3264484107494354, 2.2005679607391357, 1.1703672409057617, 0.7658014297485352, 1.1306806802749634, 1.1820894479751587, 0.9626912474632263, 1.551454782485962, 1.177774429321289, 0.8151894211769104, 1.142596960067749, 1.598048448562622, 0.4696424901485443, 0.6271669864654541, 0.31493616104125977, 0.5844371318817139, 0.9402887225151062, 0.8109569549560547, 1.1098272800445557, 2.0604896545410156, 0.6989492774009705, 0.03379467502236366, 1.2793022394180298, 1.2038065195083618, 0.39551159739494324, 0.5770460367202759, 0.740408718585968, 0.5620612502098083, 0.5746899843215942, 1.1827768087387085, 1.144331693649292, 1.0716006755828857, 0.4301483631134033, 1.3900065422058105, 0.21877816319465637, 0.827548623085022, 0.6763458251953125, 1.4860196113586426, 0.9523706436157227, 0.798064649105072, 2.866713523864746, 0.6110464334487915, 2.4901881217956543, 1.4355266094207764, 0.6301129460334778, 0.34111547470092773, 0.7375020980834961, 0.5281689763069153, 2.088202953338623, 0.4364740252494812, 0.4047032594680786, 0.28839167952537537, 0.5162906646728516, 1.469384789466858, 1.5262541770935059, 0.8764684200286865, 1.8645418882369995, 1.025727391242981, 0.9019858837127686, 2.2158050537109375, 0.3383774161338806, 1.2224313020706177, 1.494820475578308, 0.24041278660297394, 0.800462007522583, 0.5792769193649292, 0.358256995677948, 1.6508193016052246, 2.2674760818481445, 1.1367533206939697, 1.7721493244171143, 0.22895470261573792, 0.949630081653595, 1.8365505933761597, 0.9666029810905457, 0.25810545682907104, 0.8373158574104309, 1.2215468883514404, 1.136304259300232, 1.6023277044296265, 1.4849375486373901, 1.6232476234436035, 0.9055346846580505, 0.38378605246543884, 0.9666217565536499, 0.5339515209197998, 2.3128297328948975, 0.8957878351211548, 0.8488948345184326, 1.1780314445495605, 0.5495615005493164, 0.8698211908340454, 0.46822020411491394, 0.6908672451972961, 2.6780128479003906, 0.839564323425293, 1.1462992429733276, 0.3965884745121002, 0.3898909091949463, 1.0021440982818604, 1.3101475238800049, 0.3935905396938324, 1.3612414598464966, 0.7355760335922241, 0.5276941061019897, 1.5341068506240845, 0.3245367407798767, 0.34084415435791016, 1.5436968803405762, 0.7521417140960693, 1.7547980546951294, 0.7642073631286621, 0.5581007599830627, 1.1219408512115479, 0.5354066491127014, 1.3816125392913818, 1.2320879697799683, 0.9998193979263306, 0.4101874828338623, 1.2358185052871704, 0.8607395887374878, 1.2854957580566406, 0.8052875399589539, 1.1596349477767944, 1.5796269178390503, 0.7126703858375549, 0.4467200040817261, 1.569678544998169, 1.8062654733657837, 0.6904785633087158, 2.344986915588379, 1.1971784830093384, 0.520027220249176, 0.6705306172370911, 1.3298652172088623, 1.9867029190063477, 0.944688081741333, 1.509560227394104, 0.13127249479293823, 1.385768175125122, 0.9591070413589478, 0.279152512550354, 0.4879269599914551, 0.5649328231811523, 0.6287910342216492, 1.0474965572357178, 1.4196255207061768, 1.5261600017547607, 0.7064464092254639, 0.14076092839241028, 0.37298163771629333, 0.5088856816291809], "test_loss": 1.00283580737337, "test_batch_lens": [4, 4, 4, 4, 4, 4, 4, 4, 4, 4, 4, 4, 4, 4, 4, 4, 4, 4, 4, 4, 4, 4, 4, 4, 4, 4, 4, 4, 4, 4, 4, 4, 4, 4, 4, 4, 4, 4, 4, 4, 4, 4, 4, 4, 4, 4, 4, 4, 4, 4, 4, 4, 4, 4, 4, 4, 4, 4, 4, 4, 4, 4, 4, 4, 4, 4, 4, 4, 4, 4, 4, 4, 4, 4, 4, 4, 4, 4, 4, 4, 4, 4, 4, 4, 4, 4, 4, 4, 4, 4, 4, 4, 4, 4, 4, 4, 4, 4, 4, 4, 4, 4, 4, 4, 4, 4, 4, 4, 4, 4, 4, 4, 4, 4, 4, 4, 4, 4, 4, 4, 4, 4, 4, 4, 4, 4, 4, 4, 4, 4, 4, 4, 4, 4, 4, 4, 4, 4, 4, 4, 4, 4, 4, 4, 4, 4, 4, 4, 4, 4, 4, 4, 4, 4, 4, 4, 4, 4, 4, 4, 4, 4, 3], "test_accuracy": 0.6589861751152074, "predictions": [9, 4, 1, 2, 0, 3, 7, 5, 1, 3, 4, 7, 4, 9, 8, 8, 9, 6, 4, 2, 8, 10, 0, 4, 10, 3, 4, 6, 2, 6, 2, 0, 1, 0, 6, 3, 10, 5, 5, 0, 10, 3, 2, 10, 7, 8, 4, 3, 2, 1, 3, 9, 1, 7, 6, 1, 0, 8, 1, 10, 10, 6, 7, 6, 5, 9, 8, 0, 8, 1, 1, 3, 5, 3, 8, 6, 6, 2, 9, 9, 1, 1, 1, 0, 5, 8, 0, 3, 8, 7, 9, 10, 10, 7, 0, 5, 0, 8, 2, 7, 5, 0, 10, 6, 2, 8, 3, 9, 10, 4, 7, 5, 8, 3, 7, 8, 0, 10, 0, 0, 4, 1, 7, 8, 5, 1, 7, 3, 6, 7, 4, 0, 10, 10, 9, 1, 4, 3, 9, 1, 10, 3, 3, 9, 9, 7, 4, 7, 2, 10, 0, 4, 10, 10, 1, 0, 10, 8, 4, 7, 8, 1, 10, 4, 4, 9, 10, 5, 5, 0, 9, 0, 10, 7, 6, 8, 0, 3, 1, 8, 6, 3, 5, 3, 9, 1, 2, 8, 1, 2, 0, 2, 0, 4, 7, 5, 1, 8, 5, 9, 0, 1, 6, 1, 4, 1, 3, 0, 3, 9, 5, 6, 1, 5, 2, 9, 9, 10, 1, 4, 7, 4, 0, 6, 7, 0, 5, 7, 1, 9, 3, 6, 1, 7, 7, 2, 10, 7, 4, 10, 9, 4, 3, 3, 1, 7, 8, 5, 2, 4, 10, 1, 1, 2, 8, 10, 3, 9, 5, 3, 8, 7, 7, 0, 0, 0, 8, 3, 1, 7, 9, 10, 3, 5, 6, 2, 7, 9, 9, 7, 9, 0, 5, 10, 2, 4, 2, 5, 5, 9, 8, 0, 2, 1, 0, 1, 2, 7, 3, 2, 4, 10, 1, 6, 2, 0, 2, 7, 10, 1, 7, 6, 4, 2, 5, 3, 9, 9, 9, 2, 6, 6, 9, 9, 1, 2, 0, 5, 2, 9, 4, 1, 3, 3, 4, 7, 1, 3, 9, 2, 5, 0, 0, 10, 5, 0, 5, 7, 3, 6, 8, 6, 0, 9, 5, 1, 1, 3, 9, 7, 4, 2, 6, 10, 9, 9, 10, 5, 9, 9, 4, 5, 5, 0, 1, 10, 5, 0, 3, 7, 3, 8, 8, 2, 2, 2, 4, 9, 3, 9, 5, 0, 7, 4, 8, 0, 7, 6, 9, 9, 7, 7, 8, 2, 1, 10, 10, 5, 5, 7, 3, 3, 5, 10, 9, 7, 2, 3, 0, 0, 0, 9, 5, 7, 6, 0, 3, 8, 8, 4, 7, 3, 8, 0, 1, 2, 2, 3, 7, 10, 10, 3, 10, 6, 6, 9, 0, 8, 8, 2, 1, 9, 5, 5, 5, 9, 0, 3, 5, 7, 9, 10, 1, 8, 0, 6, 0, 8, 2, 4, 10, 1, 1, 2, 8, 2, 4, 3, 2, 8, 9, 4, 1, 7, 6, 3, 8, 0, 2, 9, 6, 9, 1, 7, 2, 4, 2, 0, 1, 3, 9, 6, 3, 4, 0, 3, 1, 5, 3, 8, 7, 10, 9, 10, 9, 5, 5, 7, 5, 1, 9, 5, 1, 4, 5, 9, 4, 5, 9, 7, 3, 2, 0, 2, 5, 3, 2, 7, 1, 8, 6, 1, 5, 4, 2, 0, 1, 7, 6, 9, 6, 9, 0, 10, 10, 0, 8, 1, 7, 3, 2, 7, 9, 2, 2, 6, 9, 8, 8, 2, 9, 5, 10, 10, 8, 7, 9, 6, 10, 6, 6, 9, 7, 5, 7, 9, 10, 9, 1, 3, 7, 5, 0, 7, 5, 2, 0, 7, 8, 0, 5, 9, 5, 5, 4, 8, 4, 6, 1, 5, 3, 0, 1, 4, 8, 1, 9, 4, 6, 6, 10, 7, 3, 0, 1, 9, 9, 9, 3, 8, 7, 8, 0, 9, 2, 8, 2, 3, 7, 6, 6, 8, 1, 7, 4, 0, 2, 0, 6, 6, 7],