{"val_acc": [0.3010752688172043, 0.3717357910906298, 0.48540706605222733, 0.554531490015361, 0.5883256528417818, 0.6082949308755761, 0.6036866359447005, 0.631336405529954, 0.6390168970814132, 0.6789554531490015], "val_loss": [1.9881632174450927, 1.7912270956975551, 1.4619374863940513, 1.3348893115491223, 1.264682151788583, 1.1647526524915286, 1.174921329173208, 1.0967486820703636, 1.077370095289558, 0.9810941371541082], "train_loss": [2.164638416436101, 1.8262820803465936, 1.6005705030833999, 1.408291687063857, 1.2859790452753128, 1.2014351434438473, 1.1199575128223123, 1.0714578139278823, 1.0187486525581637, 0.9767528888893634], "test_correct_in_batch": [3.0, 3.0, 2.0, 1.0, 4.0, 3.0, 1.0, 1.0, 3.0, 3.0, 3.0, 3.0, 2.0, 3.0, 4.0, 3.0, 2.0, 2.0, 1.0, 1.0, 1.0, 3.0, 2.0, 4.0, 3.0, 3.0, 2.0, 3.0, 2.0, 2.0, 1.0, 3.0, 4.0, 2.0, 0.0, 3.0, 3.0, 3.0, 2.0, 4.0, 2.0, 2.0, 3.0, 3.0, 1.0, 4.0, 3.0, 3.0, 1.0, 2.0, 3.0, 0.0, 2.0, 2.0, 3.0, 4.0, 3.0, 4.0, 3.0, 3.0, 4.0, 3.0, 2.0, 4.0, 2.0, 2.0, 4.0, 2.0, 2.0, 3.0, 0.0, 3.0, 4.0, 2.0, 3.0, 3.0, 4.0, 3.0, 1.0, 1.0, 3.0, 3.0, 4.0, 2.0, 2.0, 3.0, 3.0, 3.0, 3.0, 1.0, 3.0, 2.0, 2.0, 3.0, 2.0, 3.0, 3.0, 2.0, 2.0, 3.0, 1.0, 4.0, 3.0, 4.0, 2.0, 2.0, 2.0, 1.0, 3.0, 2.0, 3.0, 3.0, 4.0, 2.0, 2.0, 4.0, 1.0, 2.0, 3.0, 2.0, 2.0, 2.0, 3.0, 3.0, 2.0, 4.0, 2.0, 2.0, 4.0, 4.0, 2.0, 4.0, 2.0, 3.0, 2.0, 1.0, 3.0, 4.0, 3.0, 2.0, 3.0, 1.0, 2.0, 3.0, 3.0, 2.0, 1.0, 3.0, 3.0, 3.0, 3.0, 3.0, 4.0, 4.0, 3.0, 1.0, 4.0, 2.0, 3.0, 2.0, 3.0, 3.0, 2.0], "test_losses": [0.3735209107398987, 1.2872010469436646, 1.8739416599273682, 2.3223226070404053, 0.26294761896133423, 0.6938269734382629, 1.9129160642623901, 1.8515474796295166, 1.1858481168746948, 0.7286434769630432, 0.5725513100624084, 0.5476540923118591, 2.8062338829040527, 0.5924274921417236, 0.1842939555644989, 0.833129346370697, 1.6850252151489258, 1.1684435606002808, 1.4805762767791748, 2.1360509395599365, 1.4905619621276855, 0.8094733357429504, 1.9920685291290283, 0.21803249418735504, 0.7128081917762756, 0.6367276310920715, 1.4664363861083984, 0.9906388521194458, 1.1190738677978516, 1.3869235515594482, 2.8498353958129883, 0.6212445497512817, 0.08991669118404388, 1.5008604526519775, 1.3071050643920898, 0.4684624671936035, 0.5875245332717896, 2.1278202533721924, 0.9564212560653687, 0.2354499250650406, 1.4454113245010376, 1.102325677871704, 1.343803882598877, 0.44134050607681274, 1.6476876735687256, 0.20452480018138885, 0.5048893690109253, 1.3620665073394775, 1.8744721412658691, 1.4491102695465088, 0.724945604801178, 3.0654776096343994, 1.7108433246612549, 1.2186050415039062, 0.7724061012268066, 0.12416797876358032, 1.039126992225647, 0.3343377113342285, 0.7455688714981079, 0.54545658826828, 0.5394232869148254, 1.0712993144989014, 1.6766448020935059, 0.41548797488212585, 1.6188815832138062, 1.5275897979736328, 0.32196369767189026, 2.293543577194214, 1.839270830154419, 0.9083155393600464, 2.981724977493286, 0.9078572392463684, 0.5056365728378296, 1.3645331859588623, 0.5956002473831177, 1.2597678899765015, 0.3876030147075653, 0.6602898240089417, 2.7667336463928223, 1.7190399169921875, 0.6565143465995789, 1.3324010372161865, 0.2979646325111389, 1.3849178552627563, 2.5573718547821045, 1.0040658712387085, 0.9334874153137207, 1.2362803220748901, 1.2003986835479736, 2.2024924755096436, 1.378724455833435, 1.5454992055892944, 1.5025299787521362, 0.5988737344741821, 0.8829923868179321, 1.0456881523132324, 0.9154603481292725, 1.903598427772522, 1.250031590461731, 0.5075434446334839, 1.5890527963638306, 0.4397745728492737, 0.6813458800315857, 0.31221750378608704, 0.997207522392273, 1.2288904190063477, 0.8884060978889465, 2.621622085571289, 0.5691044926643372, 0.8034943342208862, 0.5253951549530029, 0.8884605765342712, 0.30615466833114624, 1.5139639377593994, 1.760077714920044, 0.23327195644378662, 1.2346034049987793, 0.6491236090660095, 0.9573599100112915, 1.4271044731140137, 0.8408183455467224, 1.2846194505691528, 1.048246145248413, 0.869284987449646, 1.1639256477355957, 0.3308064341545105, 1.6421383619308472, 1.3627636432647705, 0.3088860809803009, 0.40552157163619995, 1.8486329317092896, 0.2670504152774811, 1.1008696556091309, 1.9945652484893799, 1.5933717489242554, 1.5948715209960938, 0.9914596080780029, 0.3671106994152069, 0.715130627155304, 2.2457311153411865, 0.5353063344955444, 1.9754326343536377, 1.6005889177322388, 1.0437253713607788, 0.664020299911499, 0.8231406211853027, 2.5186820030212402, 0.8304663896560669, 1.0410430431365967, 0.366573691368103, 0.4731377363204956, 0.6250422596931458, 0.32157009840011597, 0.42439183592796326, 0.8803486824035645, 1.3308025598526, 0.5645990967750549, 2.1196460723876953, 0.736557126045227, 0.8956906795501709, 0.4775225818157196, 0.6503884792327881, 0.6650639772415161], "test_loss": 1.10789738878882, "test_batch_lens": [4, 4, 4, 4, 4, 4, 4, 4, 4, 4, 4, 4, 4, 4, 4, 4, 4, 4, 4, 4, 4, 4, 4, 4, 4, 4, 4, 4, 4, 4, 4, 4, 4, 4, 4, 4, 4, 4, 4, 4, 4, 4, 4, 4, 4, 4, 4, 4, 4, 4, 4, 4, 4, 4, 4, 4, 4, 4, 4, 4, 4, 4, 4, 4, 4, 4, 4, 4, 4, 4, 4, 4, 4, 4, 4, 4, 4, 4, 4, 4, 4, 4, 4, 4, 4, 4, 4, 4, 4, 4, 4, 4, 4, 4, 4, 4, 4, 4, 4, 4, 4, 4, 4, 4, 4, 4, 4, 4, 4, 4, 4, 4, 4, 4, 4, 4, 4, 4, 4, 4, 4, 4, 4, 4, 4, 4, 4, 4, 4, 4, 4, 4, 4, 4, 4, 4, 4, 4, 4, 4, 4, 4, 4, 4, 4, 4, 4, 4, 4, 4, 4, 4, 4, 4, 4, 4, 4, 4, 4, 4, 4, 4, 3], "test_accuracy": 0.642089093701997, "predictions": [7, 4, 1, 4, 7, 1, 8, 5, 3, 3, 4, 7, 4, 4, 6, 0, 9, 6, 4, 9, 8, 10, 0, 4, 3, 10, 9, 6, 2, 6, 2, 0, 1, 3, 6, 3, 10, 5, 5, 3, 10, 3, 2, 2, 7, 7, 4, 3, 3, 3, 2, 4, 1, 4, 6, 1, 1, 9, 1, 10, 10, 6, 0, 6, 5, 9, 8, 6, 5, 1, 3, 3, 5, 1, 1, 6, 6, 5, 6, 9, 1, 1, 1, 7, 5, 5, 1, 0, 0, 5, 9, 2, 10, 7, 1, 5, 1, 8, 9, 7, 5, 0, 10, 6, 2, 1, 3, 9, 10, 4, 7, 9, 0, 1, 7, 8, 0, 2, 0, 5, 4, 4, 0, 0, 5, 1, 7, 3, 6, 7, 4, 0, 10, 10, 9, 3, 9, 3, 7, 1, 10, 1, 3, 9, 9, 7, 4, 7, 2, 10, 0, 4, 10, 2, 1, 5, 10, 5, 4, 7, 5, 9, 10, 0, 4, 9, 10, 5, 1, 0, 9, 0, 2, 7, 6, 8, 3, 3, 1, 3, 6, 3, 5, 3, 7, 3, 4, 8, 3, 2, 0, 9, 0, 6, 7, 5, 5, 1, 5, 9, 0, 1, 6, 1, 9, 1, 3, 4, 9, 9, 5, 9, 4, 5, 2, 5, 2, 10, 7, 4, 7, 3, 0, 6, 7, 9, 5, 7, 1, 0, 1, 6, 1, 7, 7, 2, 10, 9, 3, 10, 9, 4, 3, 3, 1, 7, 1, 5, 6, 5, 10, 1, 1, 2, 3, 10, 3, 4, 5, 3, 3, 9, 7, 3, 5, 1, 8, 1, 1, 7, 9, 10, 3, 5, 0, 3, 7, 0, 9, 7, 9, 3, 5, 8, 4, 4, 2, 5, 5, 3, 8, 0, 2, 6, 0, 3, 2, 7, 3, 10, 4, 10, 0, 6, 6, 0, 2, 7, 10, 0, 7, 6, 4, 2, 4, 3, 9, 9, 9, 1, 1, 6, 7, 9, 1, 2, 8, 5, 2, 9, 4, 1, 3, 3, 4, 7, 1, 3, 2, 2, 5, 0, 0, 10, 5, 1, 5, 7, 3, 6, 5, 6, 4, 1, 5, 1, 1, 3, 3, 9, 4, 2, 6, 10, 4, 9, 10, 5, 9, 9, 4, 0, 5, 0, 9, 2, 9, 0, 0, 7, 3, 1, 8, 4, 2, 2, 4, 9, 3, 7, 0, 2, 7, 9, 0, 0, 5, 6, 4, 9, 1, 9, 8, 9, 1, 10, 10, 5, 4, 7, 3, 3, 5, 10, 9, 7, 2, 3, 0, 3, 1, 5, 5, 1, 2, 0, 3, 7, 3, 0, 7, 3, 8, 0, 1, 2, 2, 1, 7, 8, 10, 2, 10, 6, 6, 5, 0, 8, 8, 2, 1, 9, 9, 5, 5, 3, 2, 3, 5, 1, 9, 10, 1, 8, 3, 6, 0, 6, 10, 4, 10, 3, 1, 8, 8, 2, 4, 1, 2, 8, 4, 3, 0, 7, 6, 9, 3, 1, 9, 8, 6, 9, 3, 2, 2, 4, 6, 0, 1, 1, 9, 6, 3, 4, 7, 0, 3, 5, 3, 7, 7, 10, 4, 10, 2, 5, 5, 7, 5, 1, 5, 5, 9, 4, 5, 4, 9, 5, 9, 7, 3, 3, 0, 2, 5, 3, 2, 8, 1, 6, 6, 1, 5, 5, 2, 0, 1, 7, 6, 9, 6, 9, 0, 10, 8, 0, 8, 9, 7, 3, 9, 7, 9, 6, 2, 6, 9, 3, 1, 2, 3, 5, 2, 10, 4, 7, 9, 6, 10, 6, 6, 9, 7, 4, 8, 9, 4, 4, 3, 3, 7, 5, 1, 7, 5, 9, 0, 7, 6, 0, 7, 9, 5, 5, 4, 6, 6, 6, 1, 5, 3, 0, 1, 4, 7, 1, 9, 5, 6, 6, 10, 0, 3, 3, 3, 9, 1, 4, 3, 1, 7, 6, 9, 4, 4, 0, 6, 3, 7, 6, 6, 8, 1, 9, 9, 0, 2, 0, 1, 6, 7],