{"val_acc": [0.2857142857142857, 0.34101382488479265, 0.45161290322580644, 0.5514592933947773, 0.6620583717357911, 0.717357910906298, 0.7434715821812596, 0.7726574500768049, 0.7342549923195084, 0.7619047619047619], "val_loss": [1.8812638356641758, 1.7473667797866774, 1.4950913953269187, 1.2670493398341665, 1.0076087811059016, 0.8042226885245439, 0.7731058438497087, 0.6749113176212264, 0.7377238715513169, 0.6578642532652232], "train_loss": [2.0699997239473547, 1.7863742903209723, 1.5250931899685727, 1.313471395781868, 1.1118973272786217, 0.9226234888377041, 0.7829567620161025, 0.7221922965697566, 0.669956207337258, 0.6351120006198037], "test_correct_in_batch": [4.0, 3.0, 3.0, 2.0, 4.0, 4.0, 2.0, 2.0, 3.0, 4.0, 4.0, 2.0, 1.0, 4.0, 3.0, 3.0, 4.0, 2.0, 3.0, 2.0, 2.0, 4.0, 2.0, 4.0, 3.0, 3.0, 4.0, 3.0, 3.0, 4.0, 2.0, 4.0, 4.0, 4.0, 4.0, 3.0, 4.0, 4.0, 3.0, 4.0, 2.0, 4.0, 3.0, 4.0, 3.0, 4.0, 4.0, 3.0, 3.0, 4.0, 3.0, 1.0, 3.0, 3.0, 2.0, 4.0, 4.0, 4.0, 4.0, 3.0, 3.0, 4.0, 2.0, 4.0, 2.0, 4.0, 4.0, 3.0, 3.0, 3.0, 1.0, 3.0, 2.0, 3.0, 4.0, 3.0, 4.0, 3.0, 2.0, 2.0, 1.0, 4.0, 3.0, 2.0, 3.0, 2.0, 4.0, 3.0, 4.0, 2.0, 4.0, 2.0, 2.0, 3.0, 4.0, 3.0, 3.0, 2.0, 2.0, 4.0, 1.0, 4.0, 2.0, 3.0, 2.0, 4.0, 3.0, 4.0, 4.0, 2.0, 4.0, 3.0, 3.0, 4.0, 3.0, 4.0, 2.0, 3.0, 3.0, 4.0, 3.0, 3.0, 4.0, 4.0, 3.0, 3.0, 2.0, 4.0, 3.0, 3.0, 3.0, 4.0, 4.0, 3.0, 3.0, 4.0, 4.0, 4.0, 2.0, 3.0, 4.0, 4.0, 4.0, 3.0, 4.0, 3.0, 3.0, 3.0, 4.0, 4.0, 3.0, 2.0, 4.0, 4.0, 1.0, 4.0, 3.0, 3.0, 4.0, 2.0, 4.0, 4.0, 2.0], "test_losses": [0.04633918032050133, 0.5896193385124207, 0.6568806171417236, 2.087942361831665, 0.06881792098283768, 0.17915697395801544, 1.5609169006347656, 1.248292326927185, 1.1368476152420044, 0.027821799740195274, 0.12753933668136597, 0.7749574780464172, 3.1943888664245605, 0.268724262714386, 0.3714175522327423, 1.2815605401992798, 0.5221971869468689, 1.8946393728256226, 0.5405476093292236, 1.5394132137298584, 1.3688688278198242, 0.31046348810195923, 0.7438532114028931, 0.13252034783363342, 0.6384971141815186, 0.37731826305389404, 0.3602312207221985, 0.7865323424339294, 0.7346277832984924, 0.17121760547161102, 1.374290108680725, 0.10248260200023651, 0.0855671688914299, 0.03227579966187477, 0.3901056945323944, 0.7706247568130493, 0.22499282658100128, 0.3348148763179779, 0.5640540719032288, 0.19883842766284943, 1.1610604524612427, 0.10003422200679779, 0.8647491931915283, 0.15848898887634277, 0.42302635312080383, 0.11212912201881409, 0.3858826756477356, 0.6631897687911987, 0.6658804416656494, 0.381955623626709, 1.6552423238754272, 1.6267809867858887, 0.9733548164367676, 0.31642308831214905, 1.301348090171814, 0.09120987355709076, 0.153320774435997, 0.29030564427375793, 0.1828441470861435, 0.4569142460823059, 0.3361290395259857, 0.14676614105701447, 0.4980623126029968, 0.17026245594024658, 0.9651935696601868, 0.5330085754394531, 0.24163363873958588, 0.8300428986549377, 0.8042323589324951, 0.6809995174407959, 2.15685772895813, 0.6803770661354065, 0.8769826889038086, 1.3794598579406738, 0.12424713373184204, 0.6449424028396606, 0.2670988440513611, 0.32354414463043213, 1.0317556858062744, 1.2452573776245117, 1.2586443424224854, 0.3842320442199707, 1.1132991313934326, 1.6254914999008179, 0.806238055229187, 2.416834592819214, 0.2521550953388214, 0.3927619457244873, 0.4803881049156189, 2.354287624359131, 0.18663224577903748, 0.5490592122077942, 2.5629844665527344, 0.3248453438282013, 0.16723908483982086, 0.4293816089630127, 0.523518443107605, 1.7572593688964844, 1.1510354280471802, 0.13854274153709412, 1.864058494567871, 0.3138176500797272, 1.0048351287841797, 0.9094211459159851, 1.20537531375885, 0.23440247774124146, 0.4473939538002014, 0.18476539850234985, 0.2675010859966278, 0.5896058082580566, 0.04848887771368027, 0.9192200899124146, 0.4970264434814453, 0.21364372968673706, 0.7220625877380371, 0.05896369367837906, 1.549585223197937, 0.7105653882026672, 1.0368502140045166, 0.40919509530067444, 0.5505975484848022, 0.8136403560638428, 0.39194875955581665, 0.38698214292526245, 0.9509949684143066, 0.6732664108276367, 0.6317834854125977, 0.4075595438480377, 0.49349936842918396, 0.45611703395843506, 0.8280894756317139, 0.32898277044296265, 0.1387019157409668, 1.036494255065918, 1.2246888875961304, 0.3690468966960907, 0.054030172526836395, 0.43545687198638916, 0.9773129224777222, 0.7653577327728271, 0.11468018591403961, 0.4274131655693054, 0.416770339012146, 0.5533352494239807, 0.1160266175866127, 0.9093438386917114, 0.2887031137943268, 0.6121512055397034, 0.24363884329795837, 0.1530599445104599, 0.841057300567627, 1.1330945491790771, 0.08428534865379333, 0.11950897425413132, 1.884497046470642, 0.35287341475486755, 0.8325566649436951, 0.9515248537063599, 0.5323003530502319, 1.4426912069320679, 0.06170614808797836, 0.2746279835700989, 0.6063601970672607], "test_loss": 0.6788316411451877, "test_batch_lens": [4, 4, 4, 4, 4, 4, 4, 4, 4, 4, 4, 4, 4, 4, 4, 4, 4, 4, 4, 4, 4, 4, 4, 4, 4, 4, 4, 4, 4, 4, 4, 4, 4, 4, 4, 4, 4, 4, 4, 4, 4, 4, 4, 4, 4, 4, 4, 4, 4, 4, 4, 4, 4, 4, 4, 4, 4, 4, 4, 4, 4, 4, 4, 4, 4, 4, 4, 4, 4, 4, 4, 4, 4, 4, 4, 4, 4, 4, 4, 4, 4, 4, 4, 4, 4, 4, 4, 4, 4, 4, 4, 4, 4, 4, 4, 4, 4, 4, 4, 4, 4, 4, 4, 4, 4, 4, 4, 4, 4, 4, 4, 4, 4, 4, 4, 4, 4, 4, 4, 4, 4, 4, 4, 4, 4, 4, 4, 4, 4, 4, 4, 4, 4, 4, 4, 4, 4, 4, 4, 4, 4, 4, 4, 4, 4, 4, 4, 4, 4, 4, 4, 4, 4, 4, 4, 4, 4, 4, 4, 4, 4, 4, 3], "test_accuracy": 0.7864823348694316, "predictions": [7, 4, 1, 10, 7, 1, 8, 6, 0, 3, 4, 7, 1, 9, 0, 8, 9, 6, 4, 9, 8, 10, 1, 4, 6, 1, 4, 6, 2, 8, 1, 1, 1, 5, 6, 3, 10, 5, 5, 0, 10, 3, 2, 10, 7, 8, 5, 1, 8, 3, 0, 4, 3, 4, 6, 1, 1, 9, 0, 10, 10, 6, 9, 6, 5, 5, 8, 5, 8, 0, 8, 1, 1, 1, 1, 8, 8, 8, 9, 1, 1, 1, 1, 1, 5, 5, 1, 8, 0, 5, 9, 2, 10, 7, 1, 5, 3, 8, 2, 7, 5, 0, 10, 6, 10, 8, 3, 9, 10, 4, 7, 5, 0, 3, 7, 8, 0, 8, 0, 0, 4, 8, 1, 8, 5, 1, 7, 9, 6, 7, 4, 0, 10, 10, 7, 9, 4, 1, 9, 0, 10, 3, 8, 9, 4, 7, 4, 7, 2, 10, 2, 4, 10, 10, 3, 0, 10, 5, 4, 7, 4, 9, 2, 4, 2, 3, 10, 5, 8, 0, 8, 0, 10, 7, 6, 8, 0, 8, 1, 10, 6, 3, 5, 3, 9, 3, 4, 8, 3, 2, 0, 9, 0, 4, 9, 8, 1, 3, 5, 9, 9, 1, 6, 1, 4, 1, 9, 0, 3, 9, 5, 2, 8, 5, 4, 5, 8, 10, 5, 4, 7, 3, 0, 6, 7, 0, 5, 7, 1, 0, 1, 6, 3, 7, 7, 2, 10, 9, 3, 10, 9, 4, 0, 3, 1, 7, 8, 5, 2, 5, 10, 3, 1, 2, 3, 10, 8, 4, 5, 3, 3, 10, 7, 1, 5, 1, 8, 1, 1, 7, 3, 10, 3, 5, 7, 2, 7, 5, 9, 7, 8, 1, 5, 10, 3, 4, 2, 5, 8, 2, 8, 0, 2, 6, 0, 1, 2, 7, 3, 2, 4, 10, 0, 6, 6, 0, 2, 7, 10, 1, 1, 6, 4, 2, 5, 3, 0, 4, 4, 8, 8, 8, 7, 7, 1, 8, 8, 5, 2, 9, 4, 4, 3, 3, 4, 7, 1, 2, 8, 2, 5, 1, 5, 10, 5, 0, 5, 7, 3, 6, 9, 6, 4, 9, 5, 1, 5, 3, 1, 7, 4, 4, 6, 10, 4, 9, 10, 5, 1, 9, 4, 0, 5, 0, 1, 10, 5, 0, 3, 7, 3, 0, 8, 2, 2, 4, 4, 4, 3, 7, 2, 8, 1, 5, 0, 0, 5, 6, 9, 9, 1, 7, 8, 8, 1, 10, 10, 5, 5, 5, 1, 3, 5, 10, 5, 7, 8, 3, 1, 3, 0, 5, 4, 1, 2, 0, 1, 7, 8, 4, 8, 3, 8, 0, 3, 2, 2, 1, 7, 8, 10, 4, 10, 6, 6, 5, 0, 8, 8, 2, 0, 9, 9, 5, 9, 9, 1, 0, 5, 7, 9, 10, 1, 8, 0, 6, 3, 4, 10, 4, 10, 1, 1, 2, 7, 2, 4, 8, 2, 5, 4, 9, 0, 7, 6, 9, 5, 0, 2, 8, 6, 9, 3, 7, 2, 4, 1, 0, 1, 3, 4, 6, 3, 4, 8, 1, 3, 5, 0, 1, 7, 10, 4, 10, 8, 5, 5, 7, 4, 1, 4, 5, 8, 4, 5, 4, 9, 5, 9, 7, 7, 2, 0, 2, 5, 3, 2, 1, 1, 8, 9, 1, 8, 8, 2, 0, 9, 7, 6, 9, 6, 9, 0, 10, 10, 5, 8, 1, 7, 3, 2, 7, 9, 6, 7, 8, 9, 0, 8, 2, 10, 5, 10, 10, 8, 7, 9, 6, 8, 6, 6, 4, 7, 4, 7, 1, 4, 9, 3, 3, 7, 5, 1, 7, 5, 4, 0, 7, 8, 0, 9, 4, 5, 5, 4, 6, 2, 6, 1, 5, 3, 0, 1, 4, 7, 1, 4, 1, 6, 5, 10, 7, 1, 0, 3, 1, 1, 4, 3, 8, 7, 8, 9, 9, 4, 0, 8, 3, 1, 8, 6, 8, 1, 7, 4, 0, 2, 0, 1, 6, 7],