{"val_acc": [0.33947772657450076, 0.5453149001536098, 0.5913978494623656, 0.6543778801843319, 0.7019969278033794, 0.6989247311827957, 0.706605222734255, 0.7403993855606759, 0.7511520737327189, 0.7649769585253456], "val_loss": [1.824940104791723, 1.30255873940108, 1.1713843179261025, 1.0083388271598728, 0.8426769022698417, 0.9027917867332148, 0.8574086560016395, 0.8137769585452471, 0.7676114954648574, 0.7493939428630233], "train_loss": [2.212792208001285, 1.5711884076055425, 1.2263547884409034, 1.0445719003287197, 0.9478855230429298, 0.8592613790772377, 0.8039747995171797, 0.7479479440014658, 0.7028267574464956, 0.6635364464844897], "test_correct_in_batch": [4.0, 2.0, 4.0, 2.0, 3.0, 4.0, 2.0, 4.0, 3.0, 4.0, 4.0, 4.0, 1.0, 4.0, 3.0, 3.0, 3.0, 2.0, 3.0, 3.0, 3.0, 3.0, 2.0, 4.0, 4.0, 4.0, 3.0, 3.0, 3.0, 4.0, 1.0, 3.0, 4.0, 2.0, 2.0, 4.0, 4.0, 3.0, 4.0, 3.0, 2.0, 3.0, 2.0, 3.0, 1.0, 3.0, 4.0, 3.0, 3.0, 4.0, 3.0, 2.0, 2.0, 3.0, 3.0, 4.0, 3.0, 4.0, 2.0, 2.0, 4.0, 4.0, 3.0, 4.0, 3.0, 2.0, 3.0, 3.0, 2.0, 3.0, 2.0, 3.0, 3.0, 3.0, 4.0, 1.0, 3.0, 3.0, 3.0, 3.0, 3.0, 2.0, 4.0, 2.0, 2.0, 3.0, 3.0, 3.0, 2.0, 0.0, 2.0, 4.0, 2.0, 2.0, 3.0, 2.0, 4.0, 1.0, 4.0, 4.0, 2.0, 3.0, 3.0, 4.0, 2.0, 3.0, 3.0, 4.0, 4.0, 2.0, 3.0, 3.0, 4.0, 4.0, 2.0, 4.0, 1.0, 3.0, 3.0, 2.0, 3.0, 2.0, 4.0, 3.0, 3.0, 3.0, 2.0, 2.0, 4.0, 4.0, 2.0, 3.0, 4.0, 1.0, 3.0, 2.0, 4.0, 4.0, 3.0, 2.0, 3.0, 2.0, 2.0, 3.0, 4.0, 2.0, 2.0, 4.0, 3.0, 3.0, 2.0, 4.0, 4.0, 4.0, 1.0, 3.0, 4.0, 2.0, 4.0, 4.0, 4.0, 4.0, 2.0], "test_losses": [0.08930050581693649, 1.1584455966949463, 0.3897893726825714, 1.8930113315582275, 0.39809176325798035, 0.22210891544818878, 1.7058005332946777, 0.416664183139801, 0.7101593613624573, 0.2132771760225296, 0.18013738095760345, 0.06011608988046646, 2.16043758392334, 0.2153203785419464, 0.7081165909767151, 0.8866955637931824, 0.8857375383377075, 0.750389575958252, 0.9357063174247742, 0.8377910256385803, 0.8090229034423828, 0.9318332672119141, 1.3602955341339111, 0.20939038693904877, 0.1622837334871292, 0.18071694672107697, 0.5249336361885071, 0.7866801023483276, 0.6031681299209595, 0.4710087478160858, 1.7376530170440674, 0.5396308898925781, 0.12427583336830139, 1.2911272048950195, 0.81489098072052, 0.24858899414539337, 0.40734511613845825, 0.6227756142616272, 0.25720667839050293, 0.5549249649047852, 1.309485912322998, 0.8695187568664551, 1.095496654510498, 0.9446091651916504, 1.842282772064209, 0.31334224343299866, 0.2437920868396759, 0.9635018110275269, 0.8601595163345337, 0.23261138796806335, 0.7693579792976379, 1.3415133953094482, 1.1912260055541992, 1.2868067026138306, 0.7549048066139221, 0.09706556797027588, 0.39174991846084595, 0.36270871758461, 0.5652067065238953, 0.7683582901954651, 0.2304079234600067, 0.08602984249591827, 0.43388208746910095, 0.09748224169015884, 1.1563111543655396, 0.9228863716125488, 0.4780355393886566, 0.3360832929611206, 1.1671028137207031, 0.7776325941085815, 1.2308518886566162, 0.4558648467063904, 0.8628849983215332, 0.5999917984008789, 0.05256623774766922, 0.9125725030899048, 0.32782796025276184, 0.7391140460968018, 0.9049004912376404, 0.5408942103385925, 0.6030811071395874, 0.9984033107757568, 0.13377317786216736, 1.185425877571106, 0.9537704586982727, 0.7171757221221924, 1.3990964889526367, 0.6670076847076416, 1.4065824747085571, 1.6588770151138306, 1.5270302295684814, 0.2538517713546753, 1.6586833000183105, 1.586479663848877, 0.49959081411361694, 1.2541013956069946, 0.35360363125801086, 2.0744616985321045, 0.2592659592628479, 0.3987087905406952, 1.2118251323699951, 0.7002424001693726, 0.4119577407836914, 0.4002797603607178, 0.9543443322181702, 1.0686721801757812, 0.4968424439430237, 0.6287349462509155, 0.51914381980896, 0.6140706539154053, 0.923847496509552, 0.864651620388031, 0.21927277743816376, 0.41320300102233887, 1.6136401891708374, 0.16746054589748383, 2.2499427795410156, 0.567264974117279, 0.51059490442276, 1.0685535669326782, 0.7248507738113403, 1.4033868312835693, 0.2180892825126648, 0.7884165048599243, 0.8998553156852722, 0.69795161485672, 1.6768440008163452, 1.7129613161087036, 0.08796804398298264, 0.5652334690093994, 1.2231398820877075, 1.0289053916931152, 0.22796355187892914, 1.2624199390411377, 0.941950261592865, 2.307147264480591, 0.0988549143075943, 0.3833644390106201, 0.4923218786716461, 1.2702432870864868, 0.5415523052215576, 2.0381908416748047, 1.3143408298492432, 0.32621079683303833, 0.3035619854927063, 2.00065016746521, 0.9229749441146851, 0.5237903594970703, 1.2404532432556152, 0.45204654335975647, 0.9316352009773254, 0.2924272418022156, 0.09227561950683594, 0.07660411298274994, 3.00370717048645, 1.3987776041030884, 0.37066614627838135, 1.7228293418884277, 0.49822908639907837, 0.42914173007011414, 0.13701027631759644, 0.24636942148208618, 0.6164162158966064], "test_loss": 0.7893074582233751, "test_batch_lens": [4, 4, 4, 4, 4, 4, 4, 4, 4, 4, 4, 4, 4, 4, 4, 4, 4, 4, 4, 4, 4, 4, 4, 4, 4, 4, 4, 4, 4, 4, 4, 4, 4, 4, 4, 4, 4, 4, 4, 4, 4, 4, 4, 4, 4, 4, 4, 4, 4, 4, 4, 4, 4, 4, 4, 4, 4, 4, 4, 4, 4, 4, 4, 4, 4, 4, 4, 4, 4, 4, 4, 4, 4, 4, 4, 4, 4, 4, 4, 4, 4, 4, 4, 4, 4, 4, 4, 4, 4, 4, 4, 4, 4, 4, 4, 4, 4, 4, 4, 4, 4, 4, 4, 4, 4, 4, 4, 4, 4, 4, 4, 4, 4, 4, 4, 4, 4, 4, 4, 4, 4, 4, 4, 4, 4, 4, 4, 4, 4, 4, 4, 4, 4, 4, 4, 4, 4, 4, 4, 4, 4, 4, 4, 4, 4, 4, 4, 4, 4, 4, 4, 4, 4, 4, 4, 4, 4, 4, 4, 4, 4, 4, 3], "test_accuracy": 0.7357910906298003, "predictions": [7, 4, 1, 10, 7, 3, 8, 5, 0, 8, 4, 7, 1, 9, 8, 8, 5, 6, 4, 9, 8, 10, 1, 4, 6, 1, 9, 6, 6, 8, 2, 1, 1, 5, 6, 3, 10, 5, 5, 0, 10, 3, 2, 10, 7, 8, 4, 3, 2, 8, 2, 1, 3, 4, 6, 1, 0, 9, 1, 10, 10, 6, 8, 6, 5, 10, 8, 5, 5, 1, 3, 3, 0, 3, 1, 8, 6, 8, 2, 2, 3, 1, 3, 0, 5, 5, 1, 0, 7, 5, 9, 10, 10, 7, 1, 5, 1, 8, 2, 7, 5, 1, 10, 6, 2, 8, 3, 9, 10, 4, 7, 2, 0, 3, 7, 8, 0, 8, 0, 0, 4, 0, 9, 1, 5, 1, 7, 2, 6, 7, 4, 0, 10, 10, 9, 3, 4, 3, 4, 0, 10, 3, 3, 9, 4, 7, 4, 7, 2, 10, 8, 4, 10, 10, 1, 0, 10, 5, 8, 7, 4, 7, 10, 4, 2, 8, 10, 5, 5, 0, 4, 0, 2, 7, 6, 8, 5, 8, 7, 3, 6, 1, 5, 3, 9, 3, 4, 8, 3, 2, 0, 6, 0, 4, 9, 8, 1, 3, 5, 9, 4, 1, 6, 1, 4, 1, 3, 8, 3, 9, 9, 2, 1, 5, 4, 5, 6, 10, 8, 4, 7, 3, 0, 6, 7, 8, 5, 7, 1, 0, 1, 6, 1, 8, 7, 2, 10, 5, 1, 10, 9, 4, 3, 3, 1, 7, 8, 5, 2, 9, 10, 1, 1, 2, 3, 10, 6, 2, 5, 3, 3, 8, 7, 3, 5, 1, 5, 1, 5, 7, 3, 10, 8, 5, 8, 2, 7, 9, 9, 7, 9, 8, 8, 8, 2, 4, 9, 5, 5, 3, 6, 0, 2, 6, 0, 1, 2, 7, 3, 2, 5, 10, 0, 8, 6, 0, 2, 8, 10, 1, 8, 6, 4, 2, 5, 2, 1, 9, 4, 3, 2, 8, 7, 9, 1, 2, 8, 8, 2, 9, 4, 1, 3, 1, 4, 7, 1, 10, 2, 2, 5, 0, 9, 10, 5, 3, 5, 7, 3, 6, 8, 6, 0, 9, 5, 3, 1, 0, 9, 8, 5, 8, 6, 10, 8, 9, 8, 5, 3, 9, 4, 0, 5, 1, 1, 10, 5, 0, 0, 7, 3, 8, 8, 4, 2, 4, 4, 9, 3, 9, 0, 2, 9, 4, 0, 0, 5, 6, 9, 9, 8, 7, 8, 9, 1, 10, 8, 5, 5, 8, 3, 3, 5, 10, 9, 7, 2, 3, 0, 0, 0, 5, 5, 1, 2, 0, 3, 8, 8, 4, 8, 3, 8, 0, 3, 2, 2, 3, 9, 2, 10, 2, 10, 6, 6, 5, 0, 8, 8, 2, 1, 9, 9, 5, 9, 9, 0, 8, 5, 7, 9, 10, 1, 8, 0, 6, 0, 9, 10, 4, 10, 1, 1, 2, 1, 2, 4, 9, 2, 8, 4, 9, 0, 7, 6, 2, 8, 0, 2, 8, 6, 9, 3, 8, 2, 4, 8, 0, 1, 3, 9, 6, 8, 4, 7, 1, 3, 5, 3, 7, 7, 10, 4, 10, 2, 5, 5, 7, 5, 1, 9, 5, 1, 4, 5, 4, 4, 5, 9, 7, 7, 2, 5, 6, 4, 8, 2, 3, 1, 8, 8, 1, 8, 5, 2, 0, 9, 7, 6, 9, 6, 9, 0, 10, 8, 0, 8, 3, 7, 3, 2, 8, 9, 6, 2, 8, 5, 0, 8, 2, 8, 6, 2, 10, 4, 7, 9, 6, 8, 6, 6, 8, 7, 4, 7, 9, 7, 9, 3, 3, 7, 4, 1, 7, 5, 9, 0, 7, 6, 0, 7, 7, 8, 5, 4, 8, 6, 6, 1, 5, 3, 0, 1, 4, 7, 1, 9, 5, 3, 8, 10, 1, 1, 0, 3, 9, 1, 4, 1, 1, 7, 8, 9, 9, 4, 0, 2, 3, 7, 8, 6, 8, 1, 7, 4, 0, 2, 0, 6, 6, 7],