{"val_acc": [0.5391705069124424, 0.663594470046083, 0.7265745007680492, 0.7895545314900153, 0.7726574500768049, 0.8125960061443932, 0.7926267281105991, 0.8187403993855606, 0.8310291858678955, 0.8248847926267281], "val_loss": [1.3324796822539136, 0.976394057456701, 0.803961105987521, 0.6853610381278341, 0.6371183954179287, 0.5811440700242307, 0.5852673211380657, 0.521938194686467, 0.4793426520619656, 0.5294695054095215], "train_loss": [1.781218674917184, 1.12870177266665, 0.9081446176019401, 0.7813294099814526, 0.6737267833509554, 0.619564401136667, 0.6040080165033954, 0.5621310535897216, 0.5497976196582091, 0.515760714239699], "test_correct_in_batch": [4.0, 4.0, 3.0, 1.0, 4.0, 4.0, 2.0, 4.0, 4.0, 4.0, 3.0, 3.0, 3.0, 4.0, 4.0, 3.0, 3.0, 2.0, 2.0, 3.0, 3.0, 4.0, 2.0, 3.0, 4.0, 3.0, 3.0, 3.0, 3.0, 4.0, 3.0, 2.0, 3.0, 4.0, 4.0, 4.0, 4.0, 4.0, 4.0, 3.0, 4.0, 4.0, 3.0, 3.0, 3.0, 4.0, 4.0, 2.0, 3.0, 4.0, 3.0, 2.0, 3.0, 3.0, 3.0, 4.0, 4.0, 4.0, 4.0, 3.0, 4.0, 4.0, 4.0, 4.0, 3.0, 3.0, 3.0, 3.0, 3.0, 3.0, 2.0, 4.0, 3.0, 3.0, 3.0, 3.0, 4.0, 4.0, 3.0, 4.0, 3.0, 4.0, 4.0, 2.0, 4.0, 3.0, 3.0, 3.0, 4.0, 3.0, 3.0, 3.0, 1.0, 4.0, 4.0, 4.0, 3.0, 2.0, 4.0, 4.0, 3.0, 3.0, 3.0, 2.0, 1.0, 3.0, 4.0, 3.0, 4.0, 3.0, 4.0, 3.0, 4.0, 4.0, 3.0, 4.0, 2.0, 3.0, 3.0, 3.0, 4.0, 3.0, 4.0, 3.0, 2.0, 4.0, 3.0, 4.0, 4.0, 3.0, 4.0, 4.0, 4.0, 3.0, 4.0, 3.0, 4.0, 4.0, 3.0, 2.0, 3.0, 3.0, 3.0, 4.0, 4.0, 3.0, 3.0, 2.0, 4.0, 4.0, 4.0, 4.0, 4.0, 4.0, 2.0, 3.0, 4.0, 4.0, 4.0, 3.0, 4.0, 4.0, 3.0], "test_losses": [0.036556534469127655, 0.30862098932266235, 0.6125826835632324, 2.559074640274048, 0.028612982481718063, 0.296682745218277, 1.398159146308899, 0.43511682748794556, 0.5985389947891235, 0.021084599196910858, 0.24800607562065125, 0.24778370559215546, 2.4995570182800293, 0.36817431449890137, 0.2802110016345978, 0.761795163154602, 0.5765566825866699, 0.8944041728973389, 1.2340967655181885, 0.35801899433135986, 1.155827283859253, 0.3418794870376587, 1.2133713960647583, 0.7860817909240723, 0.17519010603427887, 0.2940627336502075, 0.5495181679725647, 0.7229534387588501, 0.29174500703811646, 0.07852984219789505, 1.0195622444152832, 1.3473191261291504, 0.721961498260498, 0.06729590147733688, 0.30695852637290955, 0.31031137704849243, 0.008874521590769291, 0.16260941326618195, 0.11366045475006104, 0.3488452732563019, 0.22794435918331146, 0.137428879737854, 0.801108717918396, 0.946681559085846, 0.5495976209640503, 0.17079894244670868, 0.4152332544326782, 2.6478800773620605, 0.5029898285865784, 0.30535855889320374, 1.2314311265945435, 2.7646679878234863, 0.4916890561580658, 0.9975402355194092, 0.4333629310131073, 0.1625768095254898, 0.01749446988105774, 0.10491487383842468, 0.09823944419622421, 0.7160853743553162, 0.09761869162321091, 0.06535539031028748, 0.284712016582489, 0.06444054841995239, 0.8327617645263672, 0.5646191835403442, 0.7965033054351807, 1.0847742557525635, 0.6845042705535889, 0.6550977230072021, 1.5934116840362549, 0.06841807812452316, 0.3827289938926697, 0.5503251552581787, 0.30559325218200684, 0.2694697380065918, 0.09583134204149246, 0.03915023431181908, 1.0374438762664795, 0.20201747119426727, 0.30018872022628784, 0.18019016087055206, 0.16530700027942657, 1.8821574449539185, 0.2809833884239197, 0.7476297616958618, 0.43858370184898376, 0.8251059055328369, 0.16174083948135376, 0.9984645843505859, 0.6531661152839661, 0.5447952151298523, 1.768744707107544, 0.0835760235786438, 0.13936874270439148, 0.29432231187820435, 0.5678967237472534, 1.8645153045654297, 0.1221996620297432, 0.12371204793453217, 1.1575767993927002, 0.673176646232605, 0.5900848507881165, 1.6436412334442139, 1.3509767055511475, 0.8419537544250488, 0.05618339031934738, 1.3458106517791748, 0.08436448872089386, 0.4852033257484436, 0.14075185358524323, 0.6289291977882385, 0.03537125885486603, 0.01876731961965561, 0.9893631935119629, 0.03034023940563202, 0.7901169061660767, 0.35101318359375, 0.2955092489719391, 0.6937239170074463, 0.21402454376220703, 0.7197791337966919, 0.1750047355890274, 0.6522055268287659, 2.287205696105957, 0.052126213908195496, 0.624203622341156, 0.22882501780986786, 0.30892497301101685, 0.35248515009880066, 0.2894200086593628, 0.22846943140029907, 0.04518911615014076, 1.007087230682373, 0.3037949800491333, 0.5877942442893982, 0.034550126641988754, 0.055753085762262344, 1.0818297863006592, 1.031571865081787, 0.3533356189727783, 1.5382459163665771, 0.4900195002555847, 0.1118430644273758, 0.1778300702571869, 0.723650336265564, 0.70205157995224, 2.393939733505249, 0.3491446077823639, 0.16303640604019165, 0.21319931745529175, 0.10965214669704437, 0.06485394388437271, 0.015620201826095581, 0.56198650598526, 0.40598681569099426, 0.34394246339797974, 0.30277639627456665, 0.2570078372955322, 0.5346039533615112, 0.15438668429851532, 0.26809921860694885, 0.4623095989227295], "test_loss": 0.5674924272529643, "test_batch_lens": [4, 4, 4, 4, 4, 4, 4, 4, 4, 4, 4, 4, 4, 4, 4, 4, 4, 4, 4, 4, 4, 4, 4, 4, 4, 4, 4, 4, 4, 4, 4, 4, 4, 4, 4, 4, 4, 4, 4, 4, 4, 4, 4, 4, 4, 4, 4, 4, 4, 4, 4, 4, 4, 4, 4, 4, 4, 4, 4, 4, 4, 4, 4, 4, 4, 4, 4, 4, 4, 4, 4, 4, 4, 4, 4, 4, 4, 4, 4, 4, 4, 4, 4, 4, 4, 4, 4, 4, 4, 4, 4, 4, 4, 4, 4, 4, 4, 4, 4, 4, 4, 4, 4, 4, 4, 4, 4, 4, 4, 4, 4, 4, 4, 4, 4, 4, 4, 4, 4, 4, 4, 4, 4, 4, 4, 4, 4, 4, 4, 4, 4, 4, 4, 4, 4, 4, 4, 4, 4, 4, 4, 4, 4, 4, 4, 4, 4, 4, 4, 4, 4, 4, 4, 4, 4, 4, 4, 4, 4, 4, 4, 4, 3], "test_accuracy": 0.8310291858678955, "predictions": [7, 4, 1, 10, 7, 1, 8, 8, 0, 1, 4, 7, 8, 9, 8, 8, 9, 6, 4, 9, 8, 10, 1, 4, 6, 8, 4, 8, 6, 8, 2, 1, 1, 9, 6, 3, 10, 5, 5, 0, 10, 3, 6, 10, 7, 8, 5, 3, 3, 8, 2, 4, 3, 4, 6, 1, 1, 9, 1, 10, 10, 6, 0, 6, 5, 9, 8, 5, 8, 1, 7, 9, 0, 3, 9, 8, 8, 8, 9, 2, 3, 1, 1, 1, 5, 5, 1, 8, 3, 5, 9, 10, 10, 7, 0, 5, 1, 8, 2, 7, 5, 0, 10, 6, 10, 7, 3, 9, 10, 4, 7, 10, 0, 3, 7, 8, 0, 8, 0, 0, 4, 8, 7, 8, 5, 9, 8, 9, 6, 7, 9, 0, 10, 10, 7, 9, 4, 1, 9, 0, 10, 3, 3, 9, 4, 7, 4, 7, 2, 10, 2, 4, 10, 10, 1, 0, 10, 9, 4, 7, 8, 9, 10, 4, 2, 3, 10, 5, 8, 0, 10, 0, 8, 7, 6, 8, 0, 8, 7, 2, 6, 3, 5, 3, 9, 3, 4, 8, 3, 8, 0, 9, 0, 9, 9, 5, 1, 3, 5, 9, 9, 1, 6, 1, 4, 4, 9, 8, 3, 9, 5, 8, 9, 5, 4, 5, 2, 10, 9, 4, 7, 3, 0, 6, 7, 0, 5, 7, 1, 0, 1, 6, 3, 7, 7, 2, 10, 4, 1, 10, 9, 4, 3, 3, 1, 7, 8, 5, 2, 4, 10, 1, 1, 2, 3, 10, 6, 9, 5, 1, 3, 10, 7, 0, 5, 1, 8, 8, 1, 7, 3, 10, 3, 5, 9, 2, 7, 9, 9, 7, 9, 8, 5, 10, 2, 4, 2, 5, 5, 3, 5, 0, 5, 6, 0, 1, 2, 9, 3, 2, 4, 10, 0, 6, 6, 0, 2, 7, 10, 1, 7, 6, 9, 2, 5, 3, 0, 9, 4, 3, 6, 6, 7, 9, 1, 8, 8, 5, 2, 9, 4, 1, 3, 1, 4, 7, 1, 2, 7, 2, 5, 0, 4, 10, 5, 1, 5, 7, 3, 6, 9, 6, 4, 9, 5, 1, 7, 3, 7, 7, 4, 9, 6, 10, 8, 9, 10, 5, 9, 9, 4, 4, 5, 0, 9, 10, 5, 0, 3, 7, 3, 1, 8, 2, 3, 4, 4, 9, 3, 7, 8, 10, 9, 4, 0, 0, 5, 6, 9, 9, 7, 7, 10, 9, 1, 10, 10, 4, 5, 7, 1, 3, 5, 8, 4, 7, 3, 1, 0, 1, 0, 5, 4, 0, 2, 0, 1, 8, 8, 9, 8, 3, 8, 0, 3, 2, 2, 3, 7, 8, 10, 4, 10, 6, 6, 5, 0, 2, 8, 2, 1, 9, 9, 5, 9, 9, 1, 3, 5, 1, 9, 10, 1, 8, 0, 6, 3, 4, 2, 4, 10, 3, 1, 6, 8, 2, 4, 8, 2, 8, 9, 9, 0, 7, 6, 9, 10, 0, 2, 8, 6, 9, 3, 5, 2, 4, 10, 0, 0, 3, 9, 6, 3, 4, 8, 3, 3, 5, 0, 1, 7, 10, 4, 10, 2, 5, 5, 7, 5, 3, 4, 5, 0, 4, 5, 4, 9, 5, 9, 7, 7, 2, 0, 2, 5, 3, 2, 9, 1, 8, 9, 1, 8, 0, 2, 0, 9, 7, 6, 9, 6, 9, 0, 10, 8, 1, 8, 9, 7, 3, 2, 7, 9, 8, 2, 8, 9, 0, 8, 2, 8, 5, 2, 10, 8, 7, 9, 6, 8, 6, 6, 10, 7, 9, 7, 9, 4, 9, 3, 2, 7, 5, 1, 7, 5, 4, 0, 7, 8, 0, 7, 4, 5, 5, 4, 8, 6, 6, 1, 5, 3, 0, 1, 4, 7, 1, 9, 4, 9, 8, 10, 7, 3, 0, 3, 9, 1, 4, 3, 10, 7, 8, 9, 9, 4, 0, 2, 3, 7, 6, 6, 8, 1, 7, 4, 0, 2, 0, 8, 6, 7],