{"val_acc": [0.12749615975422426, 0.12749615975422426, 0.06144393241167435, 0.08602150537634409, 0.08602150537634409, 0.0706605222734255, 0.07987711213517665, 0.06144393241167435, 0.09831029185867896, 0.0967741935483871], "val_loss": [2.396264515040111, 2.3973453191160425, 2.3997647133341595, 2.3972336499968923, 2.398360707277169, 2.3988604574847074, 2.3987511447602254, 2.3978885053856973, 2.3974767345592287, 2.39795765408709], "train_loss": [2.399441909882524, 2.39875231657002, 2.398540454706969, 2.398519757145804, 2.398571955901424, 2.398491608300771, 2.398447233928855, 2.3984233244798365, 2.3984002408831806, 2.398431996103055], "test_correct_in_batch": [0.0, 0.0, 0.0, 0.0, 0.0, 0.0, 0.0, 0.0, 0.0, 2.0, 0.0, 0.0, 0.0, 0.0, 0.0, 0.0, 3.0, 0.0, 0.0, 0.0, 0.0, 2.0, 0.0, 1.0, 0.0, 1.0, 0.0, 0.0, 0.0, 0.0, 0.0, 1.0, 0.0, 0.0, 0.0, 0.0, 0.0, 0.0, 0.0, 1.0, 0.0, 1.0, 0.0, 0.0, 0.0, 1.0, 0.0, 0.0, 0.0, 1.0, 0.0, 0.0, 1.0, 2.0, 0.0, 0.0, 1.0, 0.0, 0.0, 0.0, 0.0, 1.0, 0.0, 0.0, 1.0, 0.0, 1.0, 0.0, 1.0, 0.0, 0.0, 1.0, 1.0, 0.0, 0.0, 0.0, 0.0, 0.0, 1.0, 0.0, 0.0, 1.0, 0.0, 0.0, 0.0, 1.0, 2.0, 0.0, 1.0, 0.0, 0.0, 1.0, 0.0, 1.0, 1.0, 0.0, 0.0, 0.0, 0.0, 1.0, 0.0, 1.0, 1.0, 1.0, 0.0, 1.0, 0.0, 0.0, 0.0, 0.0, 0.0, 1.0, 0.0, 1.0, 1.0, 0.0, 0.0, 0.0, 0.0, 1.0, 0.0, 0.0, 0.0, 0.0, 0.0, 0.0, 1.0, 0.0, 1.0, 2.0, 1.0, 2.0, 0.0, 0.0, 0.0, 0.0, 0.0, 0.0, 0.0, 0.0, 0.0, 0.0, 1.0, 0.0, 0.0, 0.0, 0.0, 0.0, 1.0, 0.0, 2.0, 0.0, 1.0, 0.0, 0.0, 0.0, 0.0, 0.0, 0.0, 0.0, 0.0, 0.0, 0.0], "test_losses": [2.4005861282348633, 2.3891818523406982, 2.397441864013672, 2.4144251346588135, 2.401845693588257, 2.3968729972839355, 2.3757388591766357, 2.393522262573242, 2.4057955741882324, 2.382040023803711, 2.4040260314941406, 2.402162551879883, 2.406822681427002, 2.406083106994629, 2.4049177169799805, 2.386814594268799, 2.368480682373047, 2.4064531326293945, 2.4064528942108154, 2.3935630321502686, 2.419104814529419, 2.3796982765197754, 2.4048452377319336, 2.3890395164489746, 2.3979339599609375, 2.3846278190612793, 2.400904417037964, 2.4005861282348633, 2.400733709335327, 2.4009296894073486, 2.3888120651245117, 2.394670248031616, 2.3967432975769043, 2.3947088718414307, 2.4104347229003906, 2.4135563373565674, 2.4018850326538086, 2.4060447216033936, 2.39888596534729, 2.3893685340881348, 2.396914005279541, 2.398397922515869, 2.401371955871582, 2.3828938007354736, 2.4021520614624023, 2.3988559246063232, 2.406822681427002, 2.4152233600616455, 2.4018142223358154, 2.403608798980713, 2.3931026458740234, 2.4071104526519775, 2.3945775032043457, 2.3887791633605957, 2.3972926139831543, 2.4007339477539062, 2.38960862159729, 2.401033878326416, 2.4059665203094482, 2.403935432434082, 2.4194746017456055, 2.3862967491149902, 2.405625104904175, 2.4096155166625977, 2.3945775032043457, 2.4045767784118652, 2.390915870666504, 2.3962440490722656, 2.404407024383545, 2.405587911605835, 2.379180431365967, 2.400416374206543, 2.394834041595459, 2.3927011489868164, 2.4110054969787598, 2.3878419399261475, 2.396834135055542, 2.391226291656494, 2.4001288414001465, 2.4147539138793945, 2.3972764015197754, 2.3825836181640625, 2.4112555980682373, 2.3978431224823, 2.4066860675811768, 2.3886382579803467, 2.383010149002075, 2.397052049636841, 2.399618148803711, 2.39721417427063, 2.396503210067749, 2.3826241493225098, 2.3967432975769043, 2.393298625946045, 2.3985471725463867, 2.406872510910034, 2.4115843772888184, 2.410248279571533, 2.4100334644317627, 2.3902993202209473, 2.392237424850464, 2.3880696296691895, 2.4032678604125977, 2.38908052444458, 2.4152050018310547, 2.3991758823394775, 2.4021520614624023, 2.398449420928955, 2.4064712524414062, 2.404996395111084, 2.390584945678711, 2.389857053756714, 2.4025943279266357, 2.399371385574341, 2.3989484310150146, 2.39658522605896, 2.3974218368530273, 2.405625104904175, 2.402972936630249, 2.391664505004883, 2.405527353286743, 2.401494264602661, 2.3935632705688477, 2.410914659500122, 2.418703556060791, 2.4061241149902344, 2.3988559246063232, 2.3998560905456543, 2.394407272338867, 2.383411407470703, 2.3995046615600586, 2.3884005546569824, 2.4016880989074707, 2.415132522583008, 2.4025943279266357, 2.3938422203063965, 2.4059062004089355, 2.3924858570098877, 2.387810468673706, 2.410494804382324, 2.3972764015197754, 2.3971540927886963, 2.3857460021972656, 2.3923444747924805, 2.3841123580932617, 2.3971855640411377, 2.3978841304779053, 2.4148142337799072, 2.394958019256592, 2.396711826324463, 2.383740186691284, 2.3844003677368164, 2.4031665325164795, 2.4061756134033203, 2.3927738666534424, 2.3998560905456543, 2.4151551723480225, 2.3962442874908447, 2.410475492477417, 2.4022533893585205, 2.3884832859039307, 2.410412073135376, 2.3811557292938232], "test_loss": 2.398583064050031, "test_batch_lens": [4, 4, 4, 4, 4, 4, 4, 4, 4, 4, 4, 4, 4, 4, 4, 4, 4, 4, 4, 4, 4, 4, 4, 4, 4, 4, 4, 4, 4, 4, 4, 4, 4, 4, 4, 4, 4, 4, 4, 4, 4, 4, 4, 4, 4, 4, 4, 4, 4, 4, 4, 4, 4, 4, 4, 4, 4, 4, 4, 4, 4, 4, 4, 4, 4, 4, 4, 4, 4, 4, 4, 4, 4, 4, 4, 4, 4, 4, 4, 4, 4, 4, 4, 4, 4, 4, 4, 4, 4, 4, 4, 4, 4, 4, 4, 4, 4, 4, 4, 4, 4, 4, 4, 4, 4, 4, 4, 4, 4, 4, 4, 4, 4, 4, 4, 4, 4, 4, 4, 4, 4, 4, 4, 4, 4, 4, 4, 4, 4, 4, 4, 4, 4, 4, 4, 4, 4, 4, 4, 4, 4, 4, 4, 4, 4, 4, 4, 4, 4, 4, 4, 4, 4, 4, 4, 4, 4, 4, 4, 4, 4, 4, 3], "test_accuracy": 0.08294930875576037, "predictions": [5, 5, 5, 5, 5, 5, 5, 5, 5, 5, 5, 5, 5, 5, 5, 5, 5, 5, 5, 5, 5, 5, 5, 5, 5, 5, 5, 5, 5, 5, 5, 5, 5, 5, 5, 5, 5, 5, 5, 5, 5, 5, 5, 5, 5, 5, 5, 5, 5, 5, 5, 5, 5, 5, 5, 5, 5, 5, 5, 5, 5, 5, 5, 5, 5, 5, 5, 5, 5, 5, 5, 5, 5, 5, 5, 5, 5, 5, 5, 5, 5, 5, 5, 5, 5, 5, 5, 5, 5, 5, 5, 5, 5, 5, 5, 5, 5, 5, 5, 5, 5, 5, 5, 5, 5, 5, 5, 5, 5, 5, 5, 5, 5, 5, 5, 5, 5, 5, 5, 5, 5, 5, 5, 5, 5, 5, 5, 5, 5, 5, 5, 5, 5, 5, 5, 5, 5, 5, 5, 5, 5, 5, 5, 5, 5, 5, 5, 5, 5, 5, 5, 5, 5, 5, 5, 5, 5, 5, 5, 5, 5, 5, 5, 5, 5, 5, 5, 5, 5, 5, 5, 5, 5, 5, 5, 5, 5, 5, 5, 5, 5, 5, 5, 5, 5, 5, 5, 5, 5, 5, 5, 5, 5, 5, 5, 5, 5, 5, 5, 5, 5, 5, 5, 5, 5, 5, 5, 5, 5, 5, 5, 5, 5, 5, 5, 5, 5, 5, 5, 5, 5, 5, 5, 5, 5, 5, 5, 5, 5, 5, 5, 5, 5, 5, 5, 5, 5, 5, 5, 5, 5, 5, 5, 5, 5, 5, 5, 5, 5, 5, 5, 5, 5, 5, 5, 5, 5, 5, 5, 5, 5, 5, 5, 5, 5, 5, 5, 5, 5, 5, 5, 5, 5, 5, 5, 5, 5, 5, 5, 5, 5, 5, 5, 5, 5, 5, 5, 5, 5, 5, 5, 5, 5, 5, 5, 5, 5, 5, 5, 5, 5, 5, 5, 5, 5, 5, 5, 5, 5, 5, 5, 5, 5, 5, 5, 5, 5, 5, 5, 5, 5, 5, 5, 5, 5, 5, 5, 5, 5, 5, 5, 5, 5, 5, 5, 5, 5, 5, 5, 5, 5, 5, 5, 5, 5, 5, 5, 5, 5, 5, 5, 5, 5, 5, 5, 5, 5, 5, 5, 5, 5, 5, 5, 5, 5, 5, 5, 5, 5, 5, 5, 5, 5, 5, 5, 5, 5, 5, 5, 5, 5, 5, 5, 5, 5, 5, 5, 5, 5, 5, 5, 5, 5, 5, 5, 5, 5, 5, 5, 5, 5, 5, 5, 5, 5, 5, 5, 5, 5, 5, 5, 5, 5, 5, 5, 5, 5, 5, 5, 5, 5, 5, 5, 5, 5, 5, 5, 5, 5, 5, 5, 5, 5, 5, 5, 5, 5, 5, 5, 5, 5, 5, 5, 5, 5, 5, 5, 5, 5, 5, 5, 5, 5, 5, 5, 5, 5, 5, 5, 5, 5, 5, 5, 5, 5, 5, 5, 5, 5, 5, 5, 5, 5, 5, 5, 5, 5, 5, 5, 5, 5, 5, 5, 5, 5, 5, 5, 5, 5, 5, 5, 5, 5, 5, 5, 5, 5, 5, 5, 5, 5, 5, 5, 5, 5, 5, 5, 5, 5, 5, 5, 5, 5, 5, 5, 5, 5, 5, 5, 5, 5, 5, 5, 5, 5, 5, 5, 5, 5, 5, 5, 5, 5, 5, 5, 5, 5, 5, 5, 5, 5, 5, 5, 5, 5, 5, 5, 5, 5, 5, 5, 5, 5, 5, 5, 5, 5, 5, 5, 5, 5, 5, 5, 5, 5, 5, 5, 5, 5, 5, 5, 5, 5, 5, 5, 5, 5, 5, 5, 5, 5, 5, 5, 5, 5, 5, 5, 5, 5, 5, 5, 5, 5, 5, 5, 5, 5, 5, 5, 5, 5, 5, 5, 5, 5, 5, 5, 5, 5, 5, 5, 5, 5, 5, 5, 5, 5, 5, 5, 5, 5, 5, 5, 5, 5, 5, 5, 5, 5, 5, 5, 5, 5, 5, 5, 5, 5, 5, 5, 5, 5, 5, 5, 5, 5, 5, 5, 5, 5, 5, 5],