{"val_acc": [0.0967741935483871, 0.0967741935483871, 0.08602150537634409, 0.0967741935483871, 0.0967741935483871, 0.06144393241167435, 0.0967741935483871, 0.0967741935483871, 0.0706605222734255, 0.0706605222734255], "val_loss": [2.400571520343149, 2.3991361585862796, 2.397952204101656, 2.3989522442495894, 2.3993411941762353, 2.399768525106044, 2.396835271566192, 2.399549580790514, 2.3993524715212957, 2.4002834009977936], "train_loss": [2.3961384769246714, 2.3985509821184428, 2.3986376321853333, 2.3986332006517666, 2.3985266890879573, 2.398387515681692, 2.398541453583321, 2.3984990984668673, 2.3984750592305892, 2.398461433263902], "test_correct_in_batch": [0.0, 0.0, 0.0, 0.0, 1.0, 0.0, 2.0, 1.0, 1.0, 0.0, 0.0, 0.0, 0.0, 1.0, 0.0, 2.0, 0.0, 0.0, 0.0, 1.0, 0.0, 0.0, 0.0, 0.0, 0.0, 1.0, 0.0, 0.0, 1.0, 0.0, 1.0, 0.0, 1.0, 0.0, 0.0, 0.0, 0.0, 0.0, 0.0, 0.0, 0.0, 0.0, 0.0, 1.0, 0.0, 1.0, 0.0, 0.0, 0.0, 0.0, 1.0, 0.0, 1.0, 0.0, 0.0, 1.0, 0.0, 1.0, 0.0, 0.0, 0.0, 0.0, 0.0, 0.0, 1.0, 0.0, 0.0, 0.0, 0.0, 0.0, 1.0, 0.0, 0.0, 1.0, 0.0, 1.0, 1.0, 1.0, 0.0, 0.0, 1.0, 0.0, 0.0, 0.0, 0.0, 0.0, 0.0, 2.0, 0.0, 0.0, 1.0, 0.0, 1.0, 0.0, 0.0, 0.0, 0.0, 0.0, 0.0, 1.0, 1.0, 0.0, 0.0, 0.0, 0.0, 0.0, 0.0, 0.0, 0.0, 0.0, 1.0, 1.0, 0.0, 0.0, 0.0, 0.0, 1.0, 0.0, 0.0, 0.0, 0.0, 1.0, 1.0, 0.0, 0.0, 1.0, 1.0, 0.0, 0.0, 0.0, 0.0, 0.0, 0.0, 0.0, 0.0, 0.0, 0.0, 2.0, 0.0, 0.0, 1.0, 0.0, 0.0, 0.0, 2.0, 1.0, 0.0, 0.0, 0.0, 0.0, 0.0, 2.0, 0.0, 0.0, 2.0, 0.0, 0.0, 0.0, 0.0, 0.0, 1.0, 0.0, 1.0], "test_losses": [2.4107518196105957, 2.4082252979278564, 2.4092321395874023, 2.396839141845703, 2.3776938915252686, 2.406510353088379, 2.3812999725341797, 2.396888017654419, 2.385375738143921, 2.3876399993896484, 2.4130640029907227, 2.410062551498413, 2.39790415763855, 2.3940281867980957, 2.397557497024536, 2.3827903270721436, 2.3766751289367676, 2.404484748840332, 2.404484748840332, 2.3892717361450195, 2.4052858352661133, 2.38557767868042, 2.39886474609375, 2.400813102722168, 2.4126217365264893, 2.3850796222686768, 2.3989596366882324, 2.4107518196105957, 2.3978054523468018, 2.4041972160339355, 2.397768974304199, 2.3911051750183105, 2.397739887237549, 2.404191017150879, 2.396773338317871, 2.3997607231140137, 2.4142379760742188, 2.4156036376953125, 2.407536745071411, 2.4018492698669434, 2.3988940715789795, 2.4020698070526123, 2.3963093757629395, 2.398824453353882, 2.408351182937622, 2.3851912021636963, 2.39790415763855, 2.413849353790283, 2.3884215354919434, 2.387665033340454, 2.3921914100646973, 2.4065566062927246, 2.3764731884002686, 2.391010046005249, 2.411207437515259, 2.397805690765381, 2.4035348892211914, 2.3921618461608887, 2.4179646968841553, 2.409403085708618, 2.398705244064331, 2.399022102355957, 2.4109067916870117, 2.4109723567962646, 2.3764731884002686, 2.4108173847198486, 2.3944802284240723, 2.4111180305480957, 2.404675006866455, 2.405651569366455, 2.394583225250244, 2.404609441757202, 2.3958535194396973, 2.392462730407715, 2.418119430541992, 2.3953187465667725, 2.401400566101074, 2.398524045944214, 2.3959569931030273, 2.3978750705718994, 2.393512725830078, 2.3947808742523193, 2.4011988639831543, 2.4089608192443848, 2.417017936706543, 2.4010844230651855, 2.3900904655456543, 2.3828365802764893, 2.387599468231201, 2.4135684967041016, 2.3960540294647217, 2.387164354324341, 2.397739887237549, 2.3889262676239014, 2.400094509124756, 2.409181594848633, 2.4022347927093506, 2.393493175506592, 2.3970448970794678, 2.367755174636841, 2.393357992172241, 2.398362874984741, 2.4009249210357666, 2.3931965827941895, 2.4088809490203857, 2.3954873085021973, 2.408351182937622, 2.4058210849761963, 2.4094529151916504, 2.4155144691467285, 2.3971097469329834, 2.375643014907837, 2.400463581085205, 2.371330499649048, 2.3998231887817383, 2.397858142852783, 2.3932926654815674, 2.4109067916870117, 2.412776470184326, 2.4002132415771484, 2.39266300201416, 2.38924241065979, 2.3892717361450195, 2.414458751678467, 2.405557155609131, 2.3864119052886963, 2.3851912021636963, 2.409986972808838, 2.4020042419433594, 2.3898191452026367, 2.3965232372283936, 2.3786966800689697, 2.4092464447021484, 2.4101881980895996, 2.400463342666626, 2.3960671424865723, 2.4049758911132812, 2.3654661178588867, 2.4060463905334473, 2.409761905670166, 2.3935129642486572, 2.4005799293518066, 2.401268720626831, 2.4147133827209473, 2.373383045196533, 2.3898520469665527, 2.4013445377349854, 2.4108636379241943, 2.3997576236724854, 2.4084675312042236, 2.390854835510254, 2.382035493850708, 2.39555287361145, 2.4086601734161377, 2.3741185665130615, 2.409987211227417, 2.3976035118103027, 2.4111180305480957, 2.3891570568084717, 2.4137234687805176, 2.396733045578003, 2.409358024597168, 2.3946166038513184], "test_loss": 2.398644349326385, "test_batch_lens": [4, 4, 4, 4, 4, 4, 4, 4, 4, 4, 4, 4, 4, 4, 4, 4, 4, 4, 4, 4, 4, 4, 4, 4, 4, 4, 4, 4, 4, 4, 4, 4, 4, 4, 4, 4, 4, 4, 4, 4, 4, 4, 4, 4, 4, 4, 4, 4, 4, 4, 4, 4, 4, 4, 4, 4, 4, 4, 4, 4, 4, 4, 4, 4, 4, 4, 4, 4, 4, 4, 4, 4, 4, 4, 4, 4, 4, 4, 4, 4, 4, 4, 4, 4, 4, 4, 4, 4, 4, 4, 4, 4, 4, 4, 4, 4, 4, 4, 4, 4, 4, 4, 4, 4, 4, 4, 4, 4, 4, 4, 4, 4, 4, 4, 4, 4, 4, 4, 4, 4, 4, 4, 4, 4, 4, 4, 4, 4, 4, 4, 4, 4, 4, 4, 4, 4, 4, 4, 4, 4, 4, 4, 4, 4, 4, 4, 4, 4, 4, 4, 4, 4, 4, 4, 4, 4, 4, 4, 4, 4, 4, 4, 3], "test_accuracy": 0.07834101382488479, "predictions": [6, 6, 6, 6, 6, 6, 6, 6, 6, 6, 6, 6, 6, 6, 6, 6, 6, 6, 6, 6, 6, 6, 6, 6, 6, 6, 6, 6, 6, 6, 6, 6, 6, 6, 6, 6, 6, 6, 6, 6, 6, 6, 6, 6, 6, 6, 6, 6, 6, 6, 6, 6, 6, 6, 6, 6, 6, 6, 6, 6, 6, 6, 6, 6, 6, 6, 6, 6, 6, 6, 6, 6, 6, 6, 6, 6, 6, 6, 6, 6, 6, 6, 6, 6, 6, 6, 6, 6, 6, 6, 6, 6, 6, 6, 6, 6, 6, 6, 6, 6, 6, 6, 6, 6, 6, 6, 6, 6, 6, 6, 6, 6, 6, 6, 6, 6, 6, 6, 6, 6, 6, 6, 6, 6, 6, 6, 6, 6, 6, 6, 6, 6, 6, 6, 6, 6, 6, 6, 6, 6, 6, 6, 6, 6, 6, 6, 6, 6, 6, 6, 6, 6, 6, 6, 6, 6, 6, 6, 6, 6, 6, 6, 6, 6, 6, 6, 6, 6, 6, 6, 6, 6, 6, 6, 6, 6, 6, 6, 6, 6, 6, 6, 6, 6, 6, 6, 6, 6, 6, 6, 6, 6, 6, 6, 6, 6, 6, 6, 6, 6, 6, 6, 6, 6, 6, 6, 6, 6, 6, 6, 6, 6, 6, 6, 6, 6, 6, 6, 6, 6, 6, 6, 6, 6, 6, 6, 6, 6, 6, 6, 6, 6, 6, 6, 6, 6, 6, 6, 6, 6, 6, 6, 6, 6, 6, 6, 6, 6, 6, 6, 6, 6, 6, 6, 6, 6, 6, 6, 6, 6, 6, 6, 6, 6, 6, 6, 6, 6, 6, 6, 6, 6, 6, 6, 6, 6, 6, 6, 6, 6, 6, 6, 6, 6, 6, 6, 6, 6, 6, 6, 6, 6, 6, 6, 6, 6, 6, 6, 6, 6, 6, 6, 6, 6, 6, 6, 6, 6, 6, 6, 6, 6, 6, 6, 6, 6, 6, 6, 6, 6, 6, 6, 6, 6, 6, 6, 6, 6, 6, 6, 6, 6, 6, 6, 6, 6, 6, 6, 6, 6, 6, 6, 6, 6, 6, 6, 6, 6, 6, 6, 6, 6, 6, 6, 6, 6, 6, 6, 6, 6, 6, 6, 6, 6, 6, 6, 6, 6, 6, 6, 6, 6, 6, 6, 6, 6, 6, 6, 6, 6, 6, 6, 6, 6, 6, 6, 6, 6, 6, 6, 6, 6, 6, 6, 6, 6, 6, 6, 6, 6, 6, 6, 6, 6, 6, 6, 6, 6, 6, 6, 6, 6, 6, 6, 6, 6, 6, 6, 6, 6, 6, 6, 6, 6, 6, 6, 6, 6, 6, 6, 6, 6, 6, 6, 6, 6, 6, 6, 6, 6, 6, 6, 6, 6, 6, 6, 6, 6, 6, 6, 6, 6, 6, 6, 6, 6, 6, 6, 6, 6, 6, 6, 6, 6, 6, 6, 6, 6, 6, 6, 6, 6, 6, 6, 6, 6, 6, 6, 6, 6, 6, 6, 6, 6, 6, 6, 6, 6, 6, 6, 6, 6, 6, 6, 6, 6, 6, 6, 6, 6, 6, 6, 6, 6, 6, 6, 6, 6, 6, 6, 6, 6, 6, 6, 6, 6, 6, 6, 6, 6, 6, 6, 6, 6, 6, 6, 6, 6, 6, 6, 6, 6, 6, 6, 6, 6, 6, 6, 6, 6, 6, 6, 6, 6, 6, 6, 6, 6, 6, 6, 6, 6, 6, 6, 6, 6, 6, 6, 6, 6, 6, 6, 6, 6, 6, 6, 6, 6, 6, 6, 6, 6, 6, 6, 6, 6, 6, 6, 6, 6, 6, 6, 6, 6, 6, 6, 6, 6, 6, 6, 6, 6, 6, 6, 6, 6, 6, 6, 6, 6, 6, 6, 6, 6, 6, 6, 6, 6, 6, 6, 6, 6, 6, 6, 6, 6, 6, 6, 6, 6, 6, 6, 6, 6, 6, 6, 6, 6, 6, 6, 6, 6, 6, 6, 6, 6, 6, 6, 6, 6, 6, 6, 6, 6, 6, 6, 6, 6, 6, 6, 6],