{"val_acc": [0.5591397849462365, 0.6543778801843319, 0.6620583717357911, 0.7250384024577573, 0.738863287250384, 0.728110599078341, 0.7419354838709677, 0.7788018433179723, 0.7649769585253456, 0.7649769585253456], "val_loss": [1.3472960648909669, 1.0229017553519617, 0.9515785390705419, 0.8559691271533264, 0.8023997114205653, 0.7714995975874684, 0.7612979855914057, 0.6869492252283027, 0.7016807804612637, 0.6739447868194866], "train_loss": [1.9233077390669466, 1.2259050158430653, 0.9916533815835701, 0.8502449745296377, 0.7381214725135274, 0.6723618399376597, 0.6365846235759142, 0.5896356876225125, 0.5479231280770043, 0.5042479367914787], "test_correct_in_batch": [4.0, 2.0, 2.0, 3.0, 3.0, 4.0, 1.0, 3.0, 3.0, 4.0, 2.0, 4.0, 2.0, 3.0, 4.0, 3.0, 3.0, 3.0, 2.0, 2.0, 1.0, 3.0, 3.0, 3.0, 4.0, 4.0, 4.0, 3.0, 2.0, 3.0, 1.0, 3.0, 4.0, 4.0, 3.0, 4.0, 3.0, 3.0, 4.0, 4.0, 3.0, 3.0, 3.0, 4.0, 3.0, 4.0, 4.0, 4.0, 2.0, 3.0, 2.0, 2.0, 2.0, 3.0, 4.0, 3.0, 4.0, 2.0, 4.0, 2.0, 2.0, 4.0, 3.0, 3.0, 2.0, 2.0, 4.0, 2.0, 3.0, 3.0, 2.0, 4.0, 3.0, 4.0, 3.0, 3.0, 3.0, 4.0, 3.0, 4.0, 4.0, 3.0, 3.0, 3.0, 3.0, 3.0, 2.0, 3.0, 2.0, 3.0, 3.0, 1.0, 4.0, 4.0, 3.0, 2.0, 3.0, 2.0, 1.0, 3.0, 2.0, 4.0, 3.0, 3.0, 3.0, 3.0, 3.0, 3.0, 4.0, 3.0, 3.0, 3.0, 4.0, 3.0, 2.0, 4.0, 1.0, 3.0, 4.0, 2.0, 3.0, 2.0, 3.0, 3.0, 3.0, 3.0, 0.0, 1.0, 3.0, 4.0, 3.0, 3.0, 4.0, 3.0, 3.0, 1.0, 3.0, 3.0, 3.0, 3.0, 3.0, 3.0, 1.0, 4.0, 4.0, 2.0, 3.0, 3.0, 1.0, 4.0, 3.0, 3.0, 4.0, 4.0, 0.0, 2.0, 3.0, 3.0, 4.0, 3.0, 4.0, 3.0, 2.0], "test_losses": [0.04827835410833359, 0.7202064990997314, 1.5400747060775757, 0.6042413711547852, 0.4936845302581787, 0.1644776463508606, 2.2867002487182617, 0.7625635862350464, 0.5240257978439331, 0.00951249897480011, 0.5644835829734802, 0.0379190519452095, 2.4491381645202637, 0.48451730608940125, 0.19187599420547485, 0.6897803544998169, 0.941635012626648, 0.7669662237167358, 1.8343082666397095, 1.2650034427642822, 1.6067898273468018, 1.225231647491455, 0.5118470788002014, 0.30142033100128174, 0.11341577768325806, 0.0982421338558197, 0.2921396791934967, 0.7430538535118103, 0.9312044382095337, 0.599085807800293, 3.0662686824798584, 0.3887844979763031, 0.04194658249616623, 0.14968369901180267, 1.0419385433197021, 0.19949820637702942, 0.5519089698791504, 0.4313443899154663, 0.2176574468612671, 0.16037419438362122, 1.054218053817749, 0.6550906896591187, 1.0346062183380127, 0.016820430755615234, 0.3714574873447418, 0.1294427216053009, 0.3926543891429901, 0.3447653353214264, 1.6086475849151611, 1.2156386375427246, 0.7428143620491028, 3.2605226039886475, 0.8353878855705261, 0.5527080297470093, 0.34218987822532654, 0.6267280578613281, 0.06621324270963669, 0.9830672144889832, 0.06256359815597534, 1.2050049304962158, 0.9222473502159119, 0.14362898468971252, 0.4453875422477722, 0.44090697169303894, 1.1802010536193848, 1.6474779844284058, 0.20741505920886993, 1.3574509620666504, 0.5899007320404053, 0.5828000903129578, 1.374398946762085, 0.0858374759554863, 0.2621365785598755, 0.08689627051353455, 0.7621636390686035, 1.1317311525344849, 0.3348800539970398, 0.03591063991189003, 0.7217826843261719, 0.26411154866218567, 0.2849602997303009, 1.2154911756515503, 0.7655467987060547, 0.7551963329315186, 0.5413722991943359, 0.4721516966819763, 0.6057611107826233, 1.0257905721664429, 1.1741704940795898, 1.4254112243652344, 0.6603454351425171, 1.1611071825027466, 0.3583988547325134, 0.3235921859741211, 0.7113460302352905, 0.8055553436279297, 0.5782529711723328, 1.4729305505752563, 1.6245806217193604, 0.24500614404678345, 2.1118738651275635, 0.15555627644062042, 0.2506404519081116, 1.9670557975769043, 0.9888132214546204, 0.8514833450317383, 0.8286300897598267, 0.7444199919700623, 0.27245432138442993, 0.8615279793739319, 0.9051971435546875, 0.6737452745437622, 0.281233012676239, 0.33685553073883057, 1.7500884532928467, 0.10531997680664062, 1.7295396327972412, 0.3677184283733368, 0.14626744389533997, 1.552353858947754, 0.6581184267997742, 1.2054765224456787, 0.3499087691307068, 0.6783307194709778, 1.0852605104446411, 0.6310147047042847, 1.7204461097717285, 2.1155078411102295, 0.7476872205734253, 0.2396426945924759, 0.9886928200721741, 0.340688556432724, 0.033633265644311905, 0.7942698001861572, 0.5349692106246948, 2.2180066108703613, 0.21746355295181274, 0.8504649996757507, 0.6463176012039185, 1.4678988456726074, 0.9744277000427246, 1.6673502922058105, 2.637176036834717, 0.08387556672096252, 0.17409241199493408, 1.6732866764068604, 0.5732081532478333, 1.0699373483657837, 1.4689812660217285, 0.1495441198348999, 0.6285315155982971, 1.0133898258209229, 0.0677218809723854, 0.11745522916316986, 2.2419276237487793, 1.1328850984573364, 0.5262266993522644, 0.6829781532287598, 0.19551777839660645, 0.31790775060653687, 0.022144373506307602, 0.8975123167037964, 0.39096805453300476], "test_loss": 0.7757522795875014, "test_batch_lens": [4, 4, 4, 4, 4, 4, 4, 4, 4, 4, 4, 4, 4, 4, 4, 4, 4, 4, 4, 4, 4, 4, 4, 4, 4, 4, 4, 4, 4, 4, 4, 4, 4, 4, 4, 4, 4, 4, 4, 4, 4, 4, 4, 4, 4, 4, 4, 4, 4, 4, 4, 4, 4, 4, 4, 4, 4, 4, 4, 4, 4, 4, 4, 4, 4, 4, 4, 4, 4, 4, 4, 4, 4, 4, 4, 4, 4, 4, 4, 4, 4, 4, 4, 4, 4, 4, 4, 4, 4, 4, 4, 4, 4, 4, 4, 4, 4, 4, 4, 4, 4, 4, 4, 4, 4, 4, 4, 4, 4, 4, 4, 4, 4, 4, 4, 4, 4, 4, 4, 4, 4, 4, 4, 4, 4, 4, 4, 4, 4, 4, 4, 4, 4, 4, 4, 4, 4, 4, 4, 4, 4, 4, 4, 4, 4, 4, 4, 4, 4, 4, 4, 4, 4, 4, 4, 4, 4, 4, 4, 4, 4, 4, 3], "test_accuracy": 0.7327188940092166, "predictions": [7, 4, 1, 10, 7, 3, 8, 5, 3, 0, 4, 7, 1, 9, 3, 8, 9, 6, 9, 9, 8, 10, 1, 4, 6, 3, 5, 2, 6, 8, 2, 0, 1, 3, 6, 3, 10, 5, 5, 0, 10, 2, 2, 2, 7, 8, 4, 3, 3, 1, 2, 4, 1, 4, 6, 1, 1, 9, 1, 10, 10, 6, 9, 6, 5, 2, 8, 5, 5, 1, 3, 1, 0, 1, 1, 8, 6, 2, 4, 2, 1, 1, 1, 0, 5, 5, 1, 0, 0, 9, 9, 10, 10, 7, 0, 5, 1, 8, 2, 7, 5, 1, 10, 6, 10, 8, 3, 9, 10, 4, 7, 9, 0, 0, 7, 8, 0, 10, 0, 0, 4, 0, 9, 0, 5, 0, 7, 9, 6, 7, 4, 0, 10, 10, 7, 9, 4, 3, 9, 0, 10, 3, 3, 9, 9, 7, 4, 7, 2, 10, 9, 4, 10, 10, 1, 0, 10, 5, 4, 7, 8, 1, 10, 4, 2, 0, 10, 5, 5, 0, 9, 0, 10, 7, 6, 8, 0, 8, 9, 2, 6, 3, 5, 3, 9, 3, 4, 8, 3, 2, 0, 2, 1, 9, 9, 5, 1, 3, 5, 0, 7, 1, 6, 0, 4, 5, 3, 8, 9, 9, 5, 2, 1, 5, 4, 5, 2, 10, 8, 4, 7, 4, 0, 6, 7, 0, 5, 7, 0, 7, 1, 6, 3, 7, 7, 2, 10, 9, 1, 10, 5, 9, 3, 3, 1, 7, 8, 5, 2, 4, 2, 1, 1, 2, 8, 10, 5, 2, 5, 3, 0, 10, 7, 0, 5, 1, 8, 1, 5, 7, 9, 10, 3, 5, 9, 2, 7, 9, 9, 7, 9, 8, 4, 10, 2, 4, 2, 5, 5, 3, 5, 0, 8, 6, 0, 1, 2, 8, 3, 2, 4, 10, 0, 6, 6, 0, 2, 8, 10, 1, 7, 6, 4, 2, 5, 2, 0, 9, 4, 3, 2, 6, 7, 9, 1, 9, 8, 5, 2, 2, 4, 1, 3, 8, 4, 7, 1, 10, 7, 2, 5, 0, 8, 10, 5, 1, 8, 7, 3, 6, 5, 6, 8, 9, 5, 3, 8, 3, 7, 8, 4, 2, 6, 10, 9, 7, 10, 5, 6, 7, 4, 0, 5, 0, 9, 10, 5, 0, 0, 7, 3, 8, 6, 2, 2, 6, 4, 9, 3, 7, 0, 2, 7, 9, 3, 0, 5, 6, 9, 7, 7, 4, 8, 9, 1, 10, 10, 5, 5, 7, 0, 3, 5, 10, 9, 5, 2, 3, 1, 3, 0, 5, 5, 1, 2, 0, 3, 8, 7, 4, 8, 3, 8, 0, 3, 2, 2, 3, 8, 10, 10, 2, 10, 6, 6, 5, 0, 8, 8, 2, 1, 9, 9, 5, 5, 9, 0, 3, 5, 8, 9, 10, 1, 8, 0, 6, 0, 6, 2, 4, 10, 3, 1, 2, 8, 2, 4, 0, 2, 8, 9, 7, 0, 7, 6, 3, 3, 0, 2, 6, 6, 9, 3, 8, 2, 4, 9, 0, 1, 3, 1, 6, 3, 4, 7, 0, 1, 8, 3, 7, 7, 2, 6, 10, 2, 5, 5, 7, 5, 1, 4, 5, 4, 4, 5, 4, 4, 5, 9, 7, 7, 2, 0, 6, 4, 3, 2, 9, 1, 6, 6, 1, 5, 5, 2, 0, 1, 7, 6, 8, 6, 9, 0, 10, 8, 3, 2, 1, 7, 3, 2, 7, 9, 2, 2, 8, 9, 0, 0, 2, 3, 6, 2, 10, 8, 7, 9, 6, 8, 6, 6, 9, 7, 4, 7, 9, 4, 9, 3, 3, 7, 5, 0, 7, 0, 9, 0, 7, 8, 0, 7, 4, 8, 5, 4, 4, 6, 6, 1, 5, 3, 0, 1, 4, 7, 1, 4, 5, 9, 9, 2, 7, 10, 0, 3, 7, 1, 4, 3, 10, 7, 2, 9, 9, 4, 0, 2, 3, 7, 6, 6, 8, 1, 7, 4, 5, 2, 0, 6, 6, 7],