{"val_acc": [0.49615975422427033, 0.5606758832565284, 0.6482334869431644, 0.6589861751152074, 0.7004608294930875, 0.685099846390169, 0.6881720430107527, 0.7081413210445469, 0.7019969278033794, 0.6866359447004609], "val_loss": [1.5016980853183137, 1.2846384332772414, 1.0585585350364994, 1.042254154896078, 0.917425663501847, 0.9376062200764662, 0.9598943044837176, 0.9022849537660739, 0.9599512976714255, 0.9376541539066774], "train_loss": [1.9838665624620149, 1.387709726684406, 1.1440246578625684, 0.9991639719603735, 0.9073391123792975, 0.837809318139052, 0.7898392660745182, 0.7661225041762929, 0.7258301268989368, 0.6939854424302916], "test_correct_in_batch": [4.0, 3.0, 2.0, 2.0, 4.0, 3.0, 2.0, 2.0, 2.0, 4.0, 4.0, 4.0, 1.0, 4.0, 3.0, 3.0, 3.0, 2.0, 2.0, 1.0, 2.0, 3.0, 1.0, 3.0, 4.0, 4.0, 3.0, 3.0, 3.0, 3.0, 1.0, 3.0, 4.0, 3.0, 3.0, 4.0, 3.0, 3.0, 2.0, 4.0, 2.0, 2.0, 2.0, 3.0, 4.0, 4.0, 1.0, 3.0, 2.0, 2.0, 2.0, 1.0, 2.0, 4.0, 2.0, 4.0, 3.0, 3.0, 4.0, 3.0, 4.0, 4.0, 3.0, 4.0, 3.0, 2.0, 3.0, 3.0, 2.0, 3.0, 1.0, 4.0, 4.0, 3.0, 4.0, 3.0, 4.0, 3.0, 2.0, 3.0, 3.0, 0.0, 3.0, 2.0, 2.0, 2.0, 2.0, 3.0, 3.0, 1.0, 3.0, 3.0, 2.0, 4.0, 4.0, 3.0, 4.0, 2.0, 4.0, 3.0, 3.0, 4.0, 3.0, 3.0, 2.0, 3.0, 2.0, 3.0, 3.0, 4.0, 3.0, 3.0, 3.0, 2.0, 2.0, 3.0, 2.0, 4.0, 3.0, 2.0, 3.0, 2.0, 3.0, 4.0, 3.0, 3.0, 2.0, 2.0, 4.0, 3.0, 2.0, 3.0, 4.0, 1.0, 3.0, 1.0, 3.0, 3.0, 3.0, 2.0, 3.0, 1.0, 2.0, 3.0, 4.0, 1.0, 2.0, 4.0, 3.0, 2.0, 3.0, 3.0, 4.0, 4.0, 3.0, 4.0, 3.0, 2.0, 4.0, 3.0, 4.0, 2.0, 2.0], "test_losses": [0.09111233800649643, 0.3918970227241516, 1.8906915187835693, 1.9234312772750854, 0.2599255442619324, 0.28041523694992065, 2.022707939147949, 0.9663144946098328, 1.23589289188385, 0.04236336424946785, 0.05227607861161232, 0.019385354593396187, 1.5984433889389038, 0.20065456628799438, 1.3541154861450195, 0.9499552845954895, 0.9657436013221741, 0.8753643035888672, 1.9744316339492798, 2.968837261199951, 1.0906755924224854, 0.9577493071556091, 2.008152723312378, 0.8917361497879028, 0.4208630919456482, 0.04101606830954552, 0.9092205166816711, 0.8924804329872131, 0.45847946405410767, 0.6792161464691162, 3.448451519012451, 0.6236749291419983, 0.18922853469848633, 0.5056787729263306, 0.3984273672103882, 0.2798768877983093, 1.310067892074585, 2.126518726348877, 0.5934487581253052, 0.1434842348098755, 0.8728486895561218, 1.6271189451217651, 1.3872579336166382, 0.41340363025665283, 0.3464801609516144, 0.09869439899921417, 1.1415681838989258, 0.6090669631958008, 1.822634220123291, 0.9749284982681274, 1.6890960931777954, 3.4739527702331543, 1.3273284435272217, 0.5910190343856812, 0.7994928359985352, 0.025733955204486847, 0.4385263919830322, 0.42182496190071106, 0.07002496719360352, 0.9247044920921326, 0.28962400555610657, 0.1436610221862793, 0.45028194785118103, 0.1060197651386261, 0.6652068495750427, 1.3755245208740234, 0.4076908826828003, 0.5414390563964844, 1.1756399869918823, 1.3341350555419922, 2.878317356109619, 0.0976896807551384, 0.283052533864975, 1.0778732299804688, 0.12376778572797775, 1.6322742700576782, 0.11152362823486328, 0.5305385589599609, 1.3043862581253052, 0.6513404846191406, 0.5763465762138367, 3.280468225479126, 0.626514732837677, 1.4193423986434937, 1.108567237854004, 1.3094805479049683, 1.0643519163131714, 0.8976645469665527, 0.8822296261787415, 1.4966636896133423, 1.249773383140564, 0.6200790405273438, 1.6239904165267944, 0.16062405705451965, 0.09400463849306107, 0.8999961614608765, 0.40389886498451233, 2.5438570976257324, 0.10981853306293488, 1.3995065689086914, 0.7449873089790344, 0.14443713426589966, 0.8690917491912842, 0.9542925357818604, 1.0402007102966309, 1.3993359804153442, 1.1824703216552734, 0.574057936668396, 0.3578816056251526, 0.0717247948050499, 0.33466818928718567, 0.5461939573287964, 0.5241798758506775, 1.5086685419082642, 1.3190860748291016, 0.26941293478012085, 2.053615093231201, 0.24301670491695404, 0.7550135254859924, 1.4746118783950806, 0.623420000076294, 0.7997953295707703, 0.4191427528858185, 0.11280518025159836, 0.5824296474456787, 0.5509222745895386, 1.816013216972351, 2.543604850769043, 0.1993851363658905, 0.6043119430541992, 2.2401912212371826, 0.9584214687347412, 0.1278812140226364, 1.948641061782837, 0.7453299760818481, 2.2134385108947754, 0.9347080588340759, 0.8156148791313171, 0.4397136867046356, 1.5101189613342285, 0.8878488540649414, 2.783780574798584, 2.226613759994507, 0.5228462815284729, 0.39698362350463867, 1.5706181526184082, 0.9191872477531433, 0.20725025236606598, 0.7120003700256348, 0.692428708076477, 0.8825222849845886, 0.4904872477054596, 0.14421327412128448, 0.21262261271476746, 2.1401443481445312, 0.3742324709892273, 0.7779213786125183, 0.7727905511856079, 0.3478194773197174, 0.449901819229126, 0.10500787943601608, 1.3514316082000732, 0.3372206389904022], "test_loss": 0.9195950064533875, "test_batch_lens": [4, 4, 4, 4, 4, 4, 4, 4, 4, 4, 4, 4, 4, 4, 4, 4, 4, 4, 4, 4, 4, 4, 4, 4, 4, 4, 4, 4, 4, 4, 4, 4, 4, 4, 4, 4, 4, 4, 4, 4, 4, 4, 4, 4, 4, 4, 4, 4, 4, 4, 4, 4, 4, 4, 4, 4, 4, 4, 4, 4, 4, 4, 4, 4, 4, 4, 4, 4, 4, 4, 4, 4, 4, 4, 4, 4, 4, 4, 4, 4, 4, 4, 4, 4, 4, 4, 4, 4, 4, 4, 4, 4, 4, 4, 4, 4, 4, 4, 4, 4, 4, 4, 4, 4, 4, 4, 4, 4, 4, 4, 4, 4, 4, 4, 4, 4, 4, 4, 4, 4, 4, 4, 4, 4, 4, 4, 4, 4, 4, 4, 4, 4, 4, 4, 4, 4, 4, 4, 4, 4, 4, 4, 4, 4, 4, 4, 4, 4, 4, 4, 4, 4, 4, 4, 4, 4, 4, 4, 4, 4, 4, 4, 3], "test_accuracy": 0.7050691244239631, "predictions": [7, 4, 1, 10, 7, 1, 8, 0, 3, 0, 4, 7, 3, 9, 6, 0, 9, 6, 4, 9, 6, 10, 1, 4, 6, 3, 4, 6, 2, 8, 2, 0, 1, 3, 6, 8, 10, 5, 5, 0, 10, 3, 2, 10, 7, 8, 4, 3, 2, 1, 2, 4, 3, 4, 6, 1, 0, 9, 1, 10, 10, 6, 7, 6, 5, 1, 8, 5, 5, 1, 3, 3, 5, 3, 5, 8, 6, 2, 2, 9, 3, 1, 1, 0, 5, 5, 1, 0, 8, 6, 9, 2, 10, 7, 0, 5, 1, 8, 2, 7, 5, 1, 10, 6, 10, 1, 3, 9, 10, 4, 7, 9, 0, 3, 7, 8, 0, 10, 0, 0, 4, 0, 0, 0, 5, 1, 7, 3, 6, 7, 4, 0, 10, 10, 9, 9, 4, 3, 9, 0, 10, 3, 3, 9, 9, 7, 4, 7, 2, 10, 0, 4, 10, 2, 3, 0, 10, 5, 4, 7, 9, 7, 10, 4, 10, 1, 10, 5, 5, 0, 6, 0, 10, 7, 6, 6, 0, 8, 1, 2, 6, 3, 5, 3, 9, 1, 10, 6, 3, 2, 0, 6, 0, 7, 9, 5, 3, 1, 5, 9, 0, 1, 6, 0, 4, 4, 3, 5, 3, 3, 5, 3, 2, 5, 4, 5, 6, 10, 3, 4, 7, 3, 0, 6, 7, 5, 5, 7, 0, 0, 1, 6, 3, 7, 7, 2, 10, 5, 3, 10, 9, 4, 3, 3, 1, 7, 8, 5, 2, 4, 10, 3, 1, 2, 3, 10, 6, 4, 5, 3, 0, 7, 7, 1, 5, 0, 8, 1, 2, 7, 3, 10, 1, 5, 6, 2, 7, 9, 9, 7, 9, 0, 3, 10, 2, 4, 2, 5, 5, 3, 8, 0, 9, 6, 0, 1, 2, 7, 3, 2, 4, 10, 3, 6, 6, 0, 2, 7, 10, 5, 7, 6, 4, 2, 5, 3, 9, 9, 4, 3, 2, 6, 7, 4, 8, 2, 7, 7, 2, 4, 4, 1, 3, 1, 4, 7, 1, 3, 9, 2, 5, 3, 5, 10, 0, 1, 5, 7, 3, 6, 9, 6, 0, 9, 5, 1, 3, 0, 6, 7, 4, 6, 6, 10, 8, 9, 6, 5, 0, 7, 4, 5, 5, 0, 9, 10, 5, 0, 3, 7, 3, 9, 8, 2, 2, 4, 4, 9, 3, 7, 0, 2, 9, 4, 0, 0, 5, 6, 9, 3, 8, 7, 6, 9, 1, 10, 10, 5, 5, 7, 0, 3, 5, 10, 4, 7, 2, 3, 0, 3, 0, 5, 5, 1, 2, 0, 3, 7, 8, 6, 8, 3, 8, 0, 1, 2, 2, 3, 7, 10, 10, 2, 10, 6, 6, 5, 0, 2, 8, 2, 1, 7, 5, 5, 9, 0, 0, 2, 5, 7, 9, 10, 3, 8, 0, 6, 3, 6, 2, 4, 10, 1, 1, 6, 8, 2, 4, 3, 2, 8, 4, 9, 0, 7, 6, 6, 9, 0, 6, 8, 6, 9, 3, 7, 2, 4, 0, 0, 1, 3, 9, 6, 0, 4, 0, 0, 3, 5, 9, 7, 7, 10, 4, 10, 2, 5, 5, 7, 5, 3, 9, 5, 6, 4, 5, 4, 4, 5, 9, 7, 7, 2, 0, 6, 5, 2, 2, 0, 1, 8, 6, 1, 5, 5, 2, 0, 1, 7, 6, 0, 6, 9, 0, 10, 8, 0, 1, 3, 7, 3, 2, 7, 9, 5, 2, 6, 9, 3, 8, 2, 6, 6, 2, 10, 4, 7, 9, 6, 8, 6, 6, 8, 8, 4, 7, 9, 4, 4, 3, 3, 7, 4, 1, 7, 5, 8, 0, 0, 6, 0, 7, 9, 5, 5, 4, 8, 2, 6, 1, 5, 3, 0, 1, 4, 7, 1, 9, 5, 6, 6, 10, 7, 1, 0, 3, 9, 0, 4, 3, 8, 7, 6, 9, 9, 4, 0, 2, 3, 9, 8, 6, 8, 1, 7, 4, 9, 2, 9, 1, 6, 7],