{"val_acc": [0.7772657450076805, 0.7864823348694316, 0.8433179723502304, 0.8417818740399385, 0.8509984639016898], "val_loss": [0.7062336409841579, 0.69626843618469, 0.48351669138400283, 0.4400691297776609, 0.45647836929655694], "train_loss": [1.257945920375489, 0.6213835200355967, 0.480100903844758, 0.3919460095897352, 0.3349025289023461], "test_correct_in_batch": [4.0, 3.0, 3.0, 3.0, 4.0, 4.0, 3.0, 3.0, 2.0, 4.0, 4.0, 3.0, 2.0, 3.0, 4.0, 3.0, 3.0, 3.0, 4.0, 2.0, 3.0, 3.0, 2.0, 4.0, 4.0, 3.0, 4.0, 3.0, 4.0, 4.0, 2.0, 4.0, 3.0, 4.0, 4.0, 2.0, 3.0, 4.0, 3.0, 4.0, 3.0, 4.0, 3.0, 4.0, 3.0, 4.0, 4.0, 3.0, 3.0, 3.0, 3.0, 1.0, 4.0, 4.0, 4.0, 4.0, 4.0, 4.0, 3.0, 3.0, 4.0, 4.0, 3.0, 4.0, 3.0, 3.0, 4.0, 2.0, 3.0, 3.0, 2.0, 4.0, 4.0, 2.0, 3.0, 4.0, 4.0, 4.0, 4.0, 4.0, 3.0, 4.0, 4.0, 3.0, 4.0, 4.0, 4.0, 4.0, 4.0, 3.0, 4.0, 3.0, 3.0, 4.0, 3.0, 4.0, 4.0, 2.0, 3.0, 4.0, 1.0, 4.0, 4.0, 4.0, 3.0, 4.0, 3.0, 2.0, 3.0, 4.0, 4.0, 4.0, 4.0, 4.0, 3.0, 4.0, 3.0, 4.0, 4.0, 4.0, 4.0, 3.0, 3.0, 4.0, 2.0, 4.0, 4.0, 3.0, 4.0, 4.0, 3.0, 4.0, 4.0, 1.0, 4.0, 2.0, 4.0, 4.0, 3.0, 3.0, 3.0, 1.0, 2.0, 4.0, 3.0, 3.0, 2.0, 4.0, 3.0, 2.0, 4.0, 4.0, 4.0, 4.0, 4.0, 4.0, 4.0, 2.0, 3.0, 3.0, 4.0, 3.0, 3.0], "test_losses": [0.12056112289428711, 0.526073157787323, 0.7788159847259521, 0.4312772750854492, 0.0383254811167717, 0.20184603333473206, 0.756111741065979, 0.7908438444137573, 2.013720989227295, 0.053912729024887085, 0.13056491315364838, 1.0144203901290894, 1.7779866456985474, 0.49127769470214844, 0.0796085000038147, 1.9642252922058105, 0.5400511026382446, 1.2197593450546265, 0.35076990723609924, 1.0415840148925781, 0.9445540904998779, 0.311069130897522, 1.3310704231262207, 0.11006587743759155, 0.30739855766296387, 1.1563602685928345, 0.07130254060029984, 0.7091386318206787, 0.08864977955818176, 0.06676875054836273, 1.3423234224319458, 0.04355357587337494, 0.5559488534927368, 0.06392458826303482, 0.1885320246219635, 0.6478127837181091, 0.4890739917755127, 0.31500229239463806, 0.9650585055351257, 0.0754537433385849, 0.8282903432846069, 0.02658267319202423, 0.7014381885528564, 0.19979038834571838, 0.8604416847229004, 0.0940035805106163, 0.11959925293922424, 0.7511076331138611, 0.3849779963493347, 0.650868833065033, 0.9588225483894348, 2.702165365219116, 0.05323662981390953, 0.17667408287525177, 0.17582663893699646, 0.058903876692056656, 0.03402289003133774, 0.1763673722743988, 1.0901321172714233, 0.41107094287872314, 0.2100840061903, 0.178617462515831, 0.37353378534317017, 0.008615998551249504, 0.2074553221464157, 0.32748109102249146, 0.04023903235793114, 1.1380643844604492, 0.9604634046554565, 0.6498467326164246, 2.3010103702545166, 0.0576295405626297, 0.12111840397119522, 1.2225987911224365, 0.6302925944328308, 0.2099590003490448, 0.04649779945611954, 0.02838079445064068, 0.3374997675418854, 0.16733606159687042, 0.9115778803825378, 0.17481520771980286, 0.037722282111644745, 0.6830836534500122, 0.10341247171163559, 0.27832552790641785, 0.21156328916549683, 0.04320541024208069, 0.20622088015079498, 0.8188096284866333, 0.04502544552087784, 0.8837749361991882, 1.1089977025985718, 0.03768402710556984, 0.24679410457611084, 0.14499662816524506, 0.2768566310405731, 1.053743600845337, 0.27971965074539185, 0.013733023777604103, 1.7298537492752075, 0.045769914984703064, 0.04807781055569649, 0.326424777507782, 0.5920042991638184, 0.3163414001464844, 0.3970438838005066, 1.073214054107666, 0.6677495241165161, 0.029467953369021416, 0.06765434890985489, 0.42560485005378723, 0.044250089675188065, 0.12261367589235306, 0.61322420835495, 0.09467386454343796, 0.34890419244766235, 0.07931153476238251, 0.1562483310699463, 0.2632312476634979, 0.028878094628453255, 0.586200475692749, 0.6343823075294495, 0.40978652238845825, 1.9995101690292358, 0.23723450303077698, 0.03153565526008606, 1.4694517850875854, 0.16145843267440796, 0.10437625646591187, 0.6520023345947266, 0.06943564116954803, 0.005019690375775099, 1.3522963523864746, 0.1667865663766861, 0.7741775512695312, 0.023783858865499496, 0.1414070725440979, 0.5234734416007996, 1.5070048570632935, 0.39273926615715027, 1.635047197341919, 2.313110828399658, 0.10761897265911102, 0.6877431273460388, 0.5784906148910522, 1.2561615705490112, 0.18348565697669983, 0.9078677892684937, 0.6998331546783447, 0.08282314985990524, 0.40727293491363525, 0.047745734453201294, 0.063193678855896, 0.02836443856358528, 0.011096572503447533, 0.3522338271141052, 0.9238410592079163, 1.1729376316070557, 0.3065321743488312, 0.06893687695264816, 0.31381699442863464, 0.16687792539596558], "test_loss": 0.505297814818682, "test_batch_lens": [4, 4, 4, 4, 4, 4, 4, 4, 4, 4, 4, 4, 4, 4, 4, 4, 4, 4, 4, 4, 4, 4, 4, 4, 4, 4, 4, 4, 4, 4, 4, 4, 4, 4, 4, 4, 4, 4, 4, 4, 4, 4, 4, 4, 4, 4, 4, 4, 4, 4, 4, 4, 4, 4, 4, 4, 4, 4, 4, 4, 4, 4, 4, 4, 4, 4, 4, 4, 4, 4, 4, 4, 4, 4, 4, 4, 4, 4, 4, 4, 4, 4, 4, 4, 4, 4, 4, 4, 4, 4, 4, 4, 4, 4, 4, 4, 4, 4, 4, 4, 4, 4, 4, 4, 4, 4, 4, 4, 4, 4, 4, 4, 4, 4, 4, 4, 4, 4, 4, 4, 4, 4, 4, 4, 4, 4, 4, 4, 4, 4, 4, 4, 4, 4, 4, 4, 4, 4, 4, 4, 4, 4, 4, 4, 4, 4, 4, 4, 4, 4, 4, 4, 4, 4, 4, 4, 4, 4, 4, 4, 4, 4, 3], "test_accuracy": 0.8417818740399385, "predictions": [7, 4, 1, 10, 7, 1, 8, 6, 0, 3, 4, 7, 1, 9, 8, 0, 9, 6, 4, 9, 8, 10, 1, 4, 8, 8, 8, 6, 6, 6, 2, 1, 1, 5, 6, 0, 10, 5, 5, 0, 10, 3, 2, 10, 7, 1, 4, 3, 8, 8, 8, 4, 3, 9, 6, 1, 1, 9, 1, 10, 10, 6, 9, 6, 5, 6, 8, 5, 8, 1, 0, 1, 1, 3, 1, 8, 6, 6, 9, 6, 3, 1, 1, 1, 5, 5, 1, 0, 0, 5, 9, 2, 10, 7, 1, 5, 1, 8, 2, 7, 5, 8, 10, 6, 10, 8, 3, 9, 10, 4, 7, 6, 0, 3, 7, 6, 0, 8, 0, 0, 4, 0, 7, 8, 5, 1, 7, 9, 6, 7, 4, 3, 10, 10, 7, 9, 4, 1, 9, 0, 3, 3, 10, 9, 5, 7, 4, 7, 2, 10, 2, 4, 2, 10, 1, 0, 10, 5, 4, 7, 9, 9, 10, 4, 2, 3, 10, 5, 8, 0, 6, 0, 10, 7, 6, 8, 3, 8, 1, 2, 6, 3, 5, 3, 9, 3, 4, 8, 3, 2, 0, 9, 0, 9, 9, 5, 8, 3, 5, 9, 7, 1, 6, 1, 4, 5, 9, 9, 3, 9, 5, 6, 2, 5, 4, 5, 2, 10, 8, 4, 7, 3, 0, 6, 7, 0, 5, 7, 1, 0, 1, 6, 1, 7, 7, 2, 10, 9, 3, 10, 9, 4, 3, 3, 1, 7, 8, 5, 2, 4, 2, 1, 1, 2, 3, 10, 6, 9, 5, 1, 3, 10, 7, 7, 5, 1, 8, 1, 1, 7, 1, 10, 3, 5, 8, 2, 7, 6, 9, 7, 4, 8, 5, 10, 2, 4, 2, 5, 5, 3, 8, 0, 5, 6, 3, 1, 2, 9, 3, 2, 4, 10, 8, 6, 6, 0, 2, 7, 10, 1, 7, 6, 9, 2, 5, 2, 0, 9, 4, 3, 2, 6, 9, 9, 1, 8, 8, 5, 2, 9, 4, 1, 0, 8, 4, 7, 1, 2, 7, 2, 5, 0, 7, 10, 5, 0, 5, 7, 3, 6, 4, 6, 4, 9, 5, 1, 8, 3, 7, 4, 4, 4, 6, 10, 7, 9, 8, 5, 6, 9, 4, 0, 5, 0, 9, 10, 5, 0, 0, 7, 3, 1, 8, 2, 2, 4, 4, 9, 3, 7, 5, 6, 9, 4, 1, 0, 5, 6, 9, 9, 7, 4, 8, 8, 1, 10, 10, 5, 5, 7, 3, 3, 5, 10, 9, 7, 2, 3, 1, 3, 0, 5, 4, 1, 2, 0, 1, 7, 10, 4, 9, 3, 8, 3, 3, 2, 2, 3, 7, 10, 10, 4, 10, 6, 6, 5, 0, 9, 8, 2, 1, 9, 9, 5, 9, 9, 1, 1, 5, 7, 9, 10, 1, 8, 1, 6, 3, 3, 2, 4, 10, 1, 1, 2, 8, 2, 4, 8, 2, 5, 9, 9, 0, 7, 6, 9, 6, 0, 2, 3, 6, 9, 3, 7, 2, 4, 2, 0, 8, 3, 9, 6, 3, 4, 6, 3, 3, 5, 1, 1, 7, 10, 4, 10, 2, 5, 5, 7, 5, 1, 4, 5, 3, 4, 5, 4, 9, 5, 9, 7, 7, 2, 0, 9, 5, 8, 2, 9, 1, 8, 9, 1, 6, 4, 2, 0, 9, 7, 6, 9, 6, 9, 0, 10, 8, 5, 8, 1, 7, 3, 2, 7, 9, 8, 4, 6, 4, 0, 3, 2, 2, 5, 2, 10, 8, 7, 3, 6, 8, 6, 6, 6, 7, 9, 7, 1, 2, 9, 3, 3, 7, 4, 1, 3, 5, 4, 0, 0, 6, 0, 7, 4, 5, 5, 4, 8, 6, 6, 1, 5, 3, 0, 1, 4, 7, 1, 9, 4, 6, 6, 10, 7, 1, 0, 3, 9, 1, 4, 3, 3, 7, 6, 9, 9, 4, 1, 2, 3, 7, 6, 6, 8, 1, 7, 4, 0, 2, 1, 8, 6, 7],