{"val_acc": [0.4715821812596006, 0.6820276497695853, 0.7496159754224271, 0.7542242703533026, 0.8172043010752689, 0.847926267281106, 0.8187403993855606, 0.858678955453149, 0.8325652841781874, 0.8617511520737328], "val_loss": [1.4723056938750612, 0.8983043454176077, 0.7641273834314083, 0.7697112921031157, 0.5257782536541666, 0.457112287971094, 0.5144967620083891, 0.4348217089777595, 0.4934872163065418, 0.4106204234395016], "train_loss": [1.890802386602023, 1.168787013897704, 0.8392183744997816, 0.7008293876450021, 0.6103301052674254, 0.5428815212522075, 0.5039461191897678, 0.4636611196961954, 0.4456482204785942, 0.4230441137576975], "test_correct_in_batch": [4.0, 4.0, 3.0, 3.0, 4.0, 4.0, 2.0, 4.0, 3.0, 4.0, 4.0, 3.0, 3.0, 3.0, 4.0, 3.0, 3.0, 4.0, 3.0, 4.0, 2.0, 3.0, 4.0, 3.0, 4.0, 4.0, 4.0, 3.0, 3.0, 4.0, 2.0, 3.0, 4.0, 4.0, 4.0, 3.0, 4.0, 4.0, 4.0, 4.0, 2.0, 4.0, 3.0, 4.0, 4.0, 4.0, 3.0, 3.0, 2.0, 4.0, 4.0, 1.0, 4.0, 3.0, 4.0, 4.0, 4.0, 4.0, 4.0, 3.0, 4.0, 4.0, 4.0, 4.0, 2.0, 3.0, 3.0, 4.0, 2.0, 3.0, 3.0, 4.0, 4.0, 4.0, 4.0, 4.0, 4.0, 4.0, 3.0, 2.0, 4.0, 4.0, 4.0, 3.0, 4.0, 3.0, 3.0, 3.0, 3.0, 2.0, 4.0, 3.0, 3.0, 3.0, 4.0, 3.0, 2.0, 2.0, 4.0, 4.0, 1.0, 3.0, 4.0, 3.0, 3.0, 4.0, 3.0, 2.0, 4.0, 3.0, 4.0, 3.0, 4.0, 4.0, 4.0, 4.0, 3.0, 4.0, 3.0, 3.0, 4.0, 3.0, 4.0, 4.0, 2.0, 3.0, 4.0, 2.0, 4.0, 3.0, 4.0, 4.0, 4.0, 3.0, 3.0, 3.0, 4.0, 3.0, 3.0, 2.0, 4.0, 3.0, 3.0, 4.0, 4.0, 3.0, 4.0, 4.0, 4.0, 4.0, 4.0, 4.0, 3.0, 4.0, 4.0, 4.0, 3.0, 3.0, 4.0, 4.0, 4.0, 4.0, 3.0], "test_losses": [0.020178012549877167, 0.10540582239627838, 0.6230250000953674, 1.0846848487854004, 0.1892661452293396, 0.01940646395087242, 1.7452037334442139, 0.13350635766983032, 0.9418460130691528, 0.02014884352684021, 0.021652227267622948, 0.36559855937957764, 1.9834661483764648, 0.3528098464012146, 0.05737840756773949, 1.4064887762069702, 0.7981590032577515, 0.10553097724914551, 1.146266222000122, 0.21974101662635803, 1.6107521057128906, 0.21712954342365265, 0.20777535438537598, 0.5464198589324951, 0.029231199994683266, 0.03736932575702667, 0.04332296550273895, 0.6245884895324707, 1.2402502298355103, 0.010852431878447533, 1.844866156578064, 0.49140605330467224, 0.08219639211893082, 0.021613825112581253, 0.09835610538721085, 0.36645862460136414, 0.16079267859458923, 0.02323130890727043, 0.038870204240083694, 0.17035511136054993, 0.7740930318832397, 0.02069985307753086, 0.6295401453971863, 0.01650831289589405, 0.04840366542339325, 0.010702840983867645, 0.6284727454185486, 0.6740074157714844, 0.8318777084350586, 0.5067216753959656, 0.3077985942363739, 1.2196203470230103, 0.2563454210758209, 0.2691364288330078, 0.125625878572464, 0.018211692571640015, 0.04177923500537872, 0.05181507766246796, 0.250383198261261, 0.9909748435020447, 0.014740939252078533, 0.016407998278737068, 0.19237640500068665, 0.025111151859164238, 0.9020456075668335, 0.5057727098464966, 0.33464357256889343, 0.1514497548341751, 1.1180353164672852, 0.6193339228630066, 0.9203254580497742, 0.04741697013378143, 0.2913854420185089, 0.2902752161026001, 0.1884218454360962, 0.0775398388504982, 0.20871126651763916, 0.012004035525023937, 0.5594050288200378, 0.6233748197555542, 0.12963533401489258, 0.33273816108703613, 0.04947002977132797, 1.192564845085144, 0.24910275638103485, 0.9108183979988098, 1.1809831857681274, 0.2245572954416275, 0.5332818031311035, 1.1585500240325928, 0.06646259129047394, 0.4934538006782532, 0.5031850337982178, 0.3230357766151428, 0.006112853065133095, 0.4509355425834656, 0.7999440431594849, 1.4754676818847656, 0.12333908677101135, 0.2461378574371338, 3.13838529586792, 0.5670301914215088, 0.1819426715373993, 1.4281138181686401, 0.543656587600708, 0.06192658096551895, 0.6564786434173584, 0.5883790850639343, 0.05742023512721062, 0.32675600051879883, 0.05210493505001068, 0.8391276001930237, 0.14494940638542175, 0.012367448769509792, 0.533949077129364, 0.04881146922707558, 1.139310598373413, 0.01724364049732685, 0.5920876860618591, 0.4789709150791168, 0.21294425427913666, 0.8749355673789978, 0.0921955332159996, 0.09460040926933289, 1.2212719917297363, 0.35192105174064636, 0.153218075633049, 0.8534284830093384, 0.17550517618656158, 0.6888876557350159, 0.0685986876487732, 0.18839460611343384, 0.01560894213616848, 0.48772674798965454, 0.5440930724143982, 0.6188020706176758, 0.05748146027326584, 1.392066240310669, 0.6013602614402771, 1.3399388790130615, 0.05968865007162094, 1.1067829132080078, 0.6416558027267456, 0.2895236909389496, 0.14457745850086212, 0.6536951661109924, 0.1919623613357544, 0.10293745994567871, 0.2094995081424713, 0.05030212178826332, 0.031398944556713104, 0.28761234879493713, 0.31545692682266235, 0.021800000220537186, 0.34177881479263306, 0.018425917252898216, 1.120595932006836, 0.5943886041641235, 0.41221311688423157, 0.11369751393795013, 0.045556701719760895, 0.01931351236999035, 0.3319126069545746], "test_loss": 0.4476910369767825, "test_batch_lens": [4, 4, 4, 4, 4, 4, 4, 4, 4, 4, 4, 4, 4, 4, 4, 4, 4, 4, 4, 4, 4, 4, 4, 4, 4, 4, 4, 4, 4, 4, 4, 4, 4, 4, 4, 4, 4, 4, 4, 4, 4, 4, 4, 4, 4, 4, 4, 4, 4, 4, 4, 4, 4, 4, 4, 4, 4, 4, 4, 4, 4, 4, 4, 4, 4, 4, 4, 4, 4, 4, 4, 4, 4, 4, 4, 4, 4, 4, 4, 4, 4, 4, 4, 4, 4, 4, 4, 4, 4, 4, 4, 4, 4, 4, 4, 4, 4, 4, 4, 4, 4, 4, 4, 4, 4, 4, 4, 4, 4, 4, 4, 4, 4, 4, 4, 4, 4, 4, 4, 4, 4, 4, 4, 4, 4, 4, 4, 4, 4, 4, 4, 4, 4, 4, 4, 4, 4, 4, 4, 4, 4, 4, 4, 4, 4, 4, 4, 4, 4, 4, 4, 4, 4, 4, 4, 4, 4, 4, 4, 4, 4, 4, 3], "test_accuracy": 0.8571428571428571, "predictions": [7, 4, 1, 10, 7, 1, 8, 8, 0, 3, 4, 7, 1, 9, 8, 0, 9, 6, 4, 9, 8, 10, 1, 4, 8, 8, 4, 6, 6, 8, 2, 1, 1, 0, 6, 3, 10, 5, 5, 0, 10, 3, 2, 10, 7, 8, 8, 3, 3, 8, 3, 4, 3, 4, 8, 1, 1, 9, 1, 10, 10, 6, 9, 6, 5, 0, 8, 5, 8, 1, 3, 1, 0, 3, 1, 8, 6, 8, 9, 2, 1, 1, 1, 1, 5, 5, 1, 0, 0, 4, 9, 10, 10, 7, 0, 5, 1, 8, 2, 7, 5, 1, 10, 6, 10, 8, 3, 9, 10, 4, 7, 0, 0, 3, 7, 8, 0, 8, 0, 0, 4, 8, 0, 2, 5, 1, 7, 2, 6, 7, 4, 0, 10, 10, 7, 9, 4, 1, 9, 0, 10, 3, 0, 9, 4, 7, 4, 7, 2, 10, 2, 4, 10, 10, 1, 0, 10, 5, 4, 7, 1, 9, 8, 4, 2, 3, 10, 5, 8, 0, 8, 0, 10, 7, 6, 8, 0, 8, 1, 2, 6, 3, 5, 3, 4, 3, 4, 8, 3, 2, 3, 2, 1, 7, 9, 8, 1, 3, 5, 9, 8, 1, 6, 1, 4, 1, 9, 0, 3, 9, 5, 6, 2, 5, 8, 5, 2, 10, 8, 4, 7, 3, 0, 6, 7, 0, 5, 7, 1, 0, 1, 6, 3, 7, 7, 2, 10, 9, 3, 10, 9, 4, 3, 3, 1, 7, 8, 5, 2, 4, 10, 1, 1, 2, 3, 10, 6, 4, 5, 1, 3, 10, 7, 0, 5, 1, 6, 1, 8, 7, 3, 10, 3, 8, 0, 2, 7, 0, 9, 7, 0, 8, 8, 10, 2, 4, 2, 5, 5, 3, 8, 0, 8, 6, 0, 1, 2, 7, 3, 2, 4, 10, 8, 6, 6, 0, 2, 7, 10, 1, 7, 6, 9, 2, 8, 2, 0, 4, 9, 3, 2, 6, 7, 9, 1, 8, 8, 5, 2, 9, 4, 1, 3, 8, 4, 7, 1, 2, 7, 2, 5, 0, 4, 10, 5, 0, 7, 7, 3, 6, 9, 6, 9, 9, 5, 1, 9, 3, 9, 7, 4, 4, 6, 10, 8, 9, 10, 5, 2, 7, 4, 0, 5, 0, 8, 10, 5, 0, 3, 7, 3, 1, 8, 10, 3, 4, 4, 4, 3, 7, 0, 0, 9, 4, 0, 0, 5, 6, 9, 9, 7, 0, 10, 8, 1, 10, 10, 4, 5, 7, 3, 3, 5, 10, 4, 7, 2, 3, 0, 1, 0, 5, 4, 1, 2, 0, 1, 7, 8, 9, 7, 3, 8, 0, 3, 2, 2, 3, 7, 8, 10, 4, 10, 6, 6, 5, 0, 8, 8, 2, 1, 9, 9, 5, 9, 9, 1, 3, 5, 7, 9, 10, 1, 8, 0, 6, 3, 8, 2, 4, 10, 1, 1, 6, 8, 2, 4, 8, 2, 8, 9, 9, 0, 7, 6, 9, 0, 0, 2, 8, 6, 9, 3, 7, 2, 4, 0, 0, 0, 3, 4, 6, 3, 4, 6, 3, 3, 5, 1, 7, 7, 10, 4, 10, 2, 5, 5, 7, 8, 1, 4, 5, 0, 4, 5, 4, 9, 5, 9, 7, 7, 2, 0, 2, 5, 3, 2, 8, 1, 8, 9, 1, 8, 0, 2, 0, 9, 7, 6, 1, 6, 9, 0, 10, 8, 1, 10, 8, 7, 3, 2, 7, 9, 6, 8, 8, 9, 0, 8, 2, 8, 5, 2, 10, 8, 7, 9, 6, 8, 6, 6, 0, 7, 9, 7, 8, 4, 9, 3, 3, 7, 4, 1, 7, 5, 4, 0, 7, 8, 0, 7, 4, 5, 5, 4, 8, 6, 6, 1, 9, 3, 0, 1, 4, 7, 1, 9, 4, 6, 6, 10, 7, 1, 0, 3, 8, 1, 4, 3, 10, 7, 6, 9, 9, 4, 0, 2, 3, 7, 8, 6, 8, 1, 7, 4, 0, 2, 0, 8, 6, 7],