{"val_acc": [0.37327188940092165, 0.5238095238095238, 0.576036866359447, 0.5990783410138248, 0.6282642089093702, 0.6405529953917051, 0.6574500768049155, 0.6436251920122887, 0.674347158218126, 0.6820276497695853], "val_loss": [1.8513548067010985, 1.4029374411501037, 1.2734850276650096, 1.157697315390673, 1.1179553336161046, 1.0688732601473667, 1.016145754239859, 1.033534407798498, 0.9653357431818188, 0.9422769115814951], "train_loss": [2.0735709488497847, 1.5867845288324147, 1.34069579185327, 1.2260578091587333, 1.127979067901906, 1.0701986571344277, 1.001755451424677, 0.9494324275705658, 0.9086039876988323, 0.8684412065481113], "test_correct_in_batch": [3.0, 2.0, 2.0, 0.0, 2.0, 2.0, 2.0, 1.0, 3.0, 4.0, 3.0, 4.0, 1.0, 3.0, 2.0, 3.0, 2.0, 0.0, 3.0, 2.0, 1.0, 3.0, 2.0, 3.0, 3.0, 4.0, 3.0, 3.0, 4.0, 3.0, 1.0, 3.0, 4.0, 3.0, 2.0, 2.0, 4.0, 3.0, 3.0, 3.0, 2.0, 2.0, 2.0, 3.0, 3.0, 3.0, 2.0, 2.0, 2.0, 2.0, 3.0, 0.0, 1.0, 1.0, 3.0, 4.0, 3.0, 4.0, 3.0, 2.0, 3.0, 4.0, 3.0, 3.0, 1.0, 2.0, 4.0, 2.0, 2.0, 3.0, 1.0, 4.0, 1.0, 3.0, 2.0, 3.0, 3.0, 4.0, 3.0, 2.0, 3.0, 2.0, 4.0, 1.0, 3.0, 2.0, 1.0, 3.0, 2.0, 1.0, 3.0, 2.0, 1.0, 2.0, 4.0, 3.0, 3.0, 2.0, 3.0, 3.0, 2.0, 2.0, 2.0, 3.0, 4.0, 2.0, 2.0, 1.0, 2.0, 3.0, 4.0, 3.0, 4.0, 3.0, 2.0, 4.0, 1.0, 1.0, 3.0, 3.0, 3.0, 3.0, 4.0, 3.0, 3.0, 3.0, 1.0, 1.0, 4.0, 3.0, 2.0, 2.0, 3.0, 1.0, 3.0, 1.0, 4.0, 3.0, 2.0, 3.0, 2.0, 1.0, 1.0, 3.0, 3.0, 2.0, 2.0, 4.0, 2.0, 3.0, 2.0, 2.0, 4.0, 4.0, 1.0, 3.0, 3.0, 2.0, 2.0, 4.0, 4.0, 3.0, 2.0], "test_losses": [0.4894978404045105, 1.2169978618621826, 1.1539124250411987, 2.426278829574585, 1.5287703275680542, 1.0094887018203735, 1.6270480155944824, 2.1074821949005127, 1.3694406747817993, 0.12523022294044495, 0.5100914239883423, 0.280927836894989, 3.0371556282043457, 0.3707185685634613, 0.7624064683914185, 0.830488383769989, 1.4225637912750244, 1.6099064350128174, 0.7662959098815918, 1.6575407981872559, 1.218228816986084, 0.40875357389450073, 2.1053552627563477, 1.636200189590454, 0.7550485730171204, 0.16612017154693604, 0.771190881729126, 0.612725555896759, 0.3117181360721588, 0.8637318015098572, 1.8962467908859253, 0.7755804061889648, 0.27968189120292664, 0.46466535329818726, 0.9114111661911011, 1.2856212854385376, 0.1531546413898468, 2.311023712158203, 1.4618070125579834, 0.375151664018631, 1.5138853788375854, 1.3114508390426636, 1.1471517086029053, 0.8634902238845825, 0.9051819443702698, 0.3095265030860901, 1.752763032913208, 1.1186106204986572, 1.5183727741241455, 1.3323849439620972, 0.8784934878349304, 3.1514713764190674, 2.026916265487671, 1.5254671573638916, 0.6986197829246521, 0.33954083919525146, 0.9014653563499451, 0.21278859674930573, 0.5525208115577698, 0.8011608123779297, 0.8547000288963318, 0.49781811237335205, 0.7859403491020203, 0.40429672598838806, 2.522566080093384, 1.0586912631988525, 0.5287011861801147, 1.1977473497390747, 1.5551027059555054, 0.8669393658638, 1.7776514291763306, 0.2186264544725418, 1.4546626806259155, 0.8222265243530273, 1.0112941265106201, 1.0557442903518677, 0.6072071194648743, 0.23323263227939606, 0.6566189527511597, 2.8704323768615723, 1.076448678970337, 1.976406216621399, 0.6483393311500549, 1.5931476354599, 0.8358027338981628, 2.709782838821411, 1.7853236198425293, 0.8029628992080688, 2.224431037902832, 2.5129051208496094, 1.2927069664001465, 0.9665952920913696, 1.7817543745040894, 1.3100711107254028, 0.3017200827598572, 0.7846925258636475, 0.7787025570869446, 1.76908540725708, 0.5575991272926331, 0.5219965577125549, 1.346086859703064, 0.9360823035240173, 1.4236477613449097, 1.4150162935256958, 0.5550023913383484, 1.7890210151672363, 2.344006061553955, 2.8631093502044678, 0.8736196756362915, 0.4785112142562866, 0.1942238062620163, 0.8528231382369995, 0.3977268636226654, 0.7869345545768738, 2.1182844638824463, 0.3244532346725464, 1.6650390625, 1.6444091796875, 0.41935378313064575, 0.867245614528656, 0.6320008039474487, 0.9750789403915405, 0.5839446187019348, 0.9349918961524963, 0.552345871925354, 0.9383412003517151, 1.6369616985321045, 2.2569427490234375, 0.32004693150520325, 0.4281345307826996, 1.9409352540969849, 1.7833459377288818, 1.55111563205719, 1.5472066402435303, 0.4659372568130493, 1.9745914936065674, 0.1863705962896347, 0.6292319297790527, 2.326343536376953, 0.9387563467025757, 1.131155014038086, 3.3925788402557373, 2.934354782104492, 0.4228174686431885, 0.6572673320770264, 1.139845848083496, 1.1402125358581543, 0.49047714471817017, 0.6973868608474731, 0.5679023265838623, 1.4232518672943115, 1.2060551643371582, 0.20733244717121124, 0.19666609168052673, 1.1867878437042236, 0.8779651522636414, 0.6853357553482056, 1.5021095275878906, 1.0401415824890137, 0.4264006018638611, 0.038190942257642746, 0.6563318967819214, 0.7503500580787659], "test_loss": 1.1153725958629255, "test_batch_lens": [4, 4, 4, 4, 4, 4, 4, 4, 4, 4, 4, 4, 4, 4, 4, 4, 4, 4, 4, 4, 4, 4, 4, 4, 4, 4, 4, 4, 4, 4, 4, 4, 4, 4, 4, 4, 4, 4, 4, 4, 4, 4, 4, 4, 4, 4, 4, 4, 4, 4, 4, 4, 4, 4, 4, 4, 4, 4, 4, 4, 4, 4, 4, 4, 4, 4, 4, 4, 4, 4, 4, 4, 4, 4, 4, 4, 4, 4, 4, 4, 4, 4, 4, 4, 4, 4, 4, 4, 4, 4, 4, 4, 4, 4, 4, 4, 4, 4, 4, 4, 4, 4, 4, 4, 4, 4, 4, 4, 4, 4, 4, 4, 4, 4, 4, 4, 4, 4, 4, 4, 4, 4, 4, 4, 4, 4, 4, 4, 4, 4, 4, 4, 4, 4, 4, 4, 4, 4, 4, 4, 4, 4, 4, 4, 4, 4, 4, 4, 4, 4, 4, 4, 4, 4, 4, 4, 4, 4, 4, 4, 4, 4, 3], "test_accuracy": 0.631336405529954, "predictions": [7, 4, 1, 2, 1, 1, 8, 5, 1, 3, 4, 7, 3, 4, 8, 3, 4, 6, 4, 2, 8, 2, 0, 4, 1, 8, 9, 6, 6, 6, 7, 0, 1, 0, 6, 3, 10, 5, 5, 0, 10, 3, 6, 10, 7, 8, 4, 3, 0, 7, 10, 4, 1, 4, 6, 1, 3, 5, 1, 10, 10, 6, 9, 6, 5, 0, 8, 8, 5, 0, 9, 3, 0, 3, 1, 8, 6, 2, 2, 2, 9, 1, 1, 0, 5, 5, 1, 0, 0, 0, 9, 2, 10, 7, 0, 5, 0, 8, 2, 7, 5, 1, 10, 6, 10, 1, 3, 9, 10, 4, 7, 7, 0, 3, 7, 6, 0, 2, 0, 0, 9, 0, 7, 8, 5, 1, 8, 9, 6, 7, 4, 0, 10, 10, 7, 1, 4, 3, 9, 1, 10, 1, 3, 7, 4, 7, 4, 7, 2, 10, 0, 4, 10, 3, 1, 0, 10, 8, 4, 7, 6, 3, 10, 4, 6, 0, 10, 5, 0, 0, 9, 1, 2, 7, 6, 8, 5, 8, 1, 2, 6, 1, 5, 3, 9, 1, 6, 8, 3, 2, 7, 6, 0, 6, 9, 5, 0, 1, 5, 9, 0, 1, 6, 1, 9, 9, 0, 0, 1, 1, 5, 9, 8, 4, 8, 5, 2, 10, 9, 4, 7, 3, 0, 6, 7, 1, 5, 7, 1, 0, 1, 6, 1, 7, 7, 2, 10, 9, 0, 10, 5, 4, 3, 3, 1, 7, 8, 5, 6, 4, 10, 1, 1, 3, 3, 10, 9, 10, 0, 3, 3, 7, 7, 0, 5, 1, 8, 1, 9, 7, 9, 10, 1, 5, 1, 2, 7, 9, 9, 7, 9, 1, 5, 10, 2, 4, 2, 5, 9, 6, 5, 0, 2, 6, 0, 1, 2, 9, 3, 10, 4, 10, 0, 6, 2, 0, 2, 7, 10, 1, 7, 6, 4, 2, 5, 2, 9, 9, 4, 2, 6, 6, 7, 9, 8, 2, 8, 5, 2, 9, 4, 1, 3, 3, 10, 7, 1, 8, 7, 2, 5, 3, 0, 10, 0, 1, 8, 7, 3, 6, 8, 6, 0, 0, 5, 1, 0, 3, 1, 5, 4, 2, 6, 10, 4, 9, 10, 5, 8, 9, 4, 5, 5, 3, 1, 10, 5, 0, 3, 7, 3, 1, 10, 2, 2, 2, 4, 9, 3, 7, 5, 3, 4, 4, 0, 0, 5, 6, 9, 5, 8, 7, 8, 9, 3, 10, 8, 5, 9, 7, 8, 3, 5, 10, 5, 7, 2, 3, 1, 1, 0, 5, 5, 9, 6, 0, 1, 7, 7, 8, 7, 3, 8, 3, 1, 2, 2, 3, 9, 10, 10, 4, 10, 6, 6, 5, 0, 5, 8, 2, 1, 9, 9, 5, 5, 9, 8, 10, 5, 7, 9, 10, 1, 8, 0, 6, 0, 2, 10, 4, 8, 3, 1, 2, 8, 8, 4, 0, 2, 5, 9, 0, 0, 7, 6, 9, 10, 0, 2, 8, 6, 9, 8, 7, 2, 4, 8, 0, 1, 3, 9, 6, 1, 4, 5, 1, 1, 5, 9, 7, 7, 2, 4, 10, 2, 5, 0, 7, 5, 1, 9, 5, 2, 4, 8, 4, 4, 5, 9, 7, 0, 2, 0, 6, 5, 8, 2, 9, 1, 6, 6, 1, 6, 5, 2, 0, 9, 7, 6, 3, 6, 9, 0, 10, 10, 0, 6, 1, 7, 3, 6, 0, 9, 6, 2, 6, 5, 0, 3, 2, 0, 6, 2, 10, 9, 7, 2, 6, 8, 6, 6, 2, 7, 4, 7, 4, 10, 9, 3, 3, 7, 4, 0, 7, 5, 9, 0, 7, 6, 0, 7, 7, 8, 5, 4, 6, 4, 6, 1, 5, 3, 0, 1, 4, 7, 1, 5, 5, 2, 6, 10, 7, 3, 0, 3, 9, 3, 4, 3, 2, 7, 0, 7, 9, 3, 0, 2, 3, 7, 8, 6, 8, 1, 7, 4, 9, 2, 0, 10, 6, 7],