{"val_acc": [0.4254992319508449, 0.7219662058371735, 0.8617511520737328, 0.9109062980030722, 0.9216589861751152, 0.9447004608294931, 0.9523809523809523, 0.9493087557603687, 0.946236559139785, 0.956989247311828], "val_loss": [1.8773414028202828, 1.1136815407159137, 0.6570910550882479, 0.3888240356478223, 0.3164403983191844, 0.253211189724185, 0.20422169265617257, 0.1814858360570267, 0.17513783237799727, 0.15671005075443192], "train_loss": [2.1931670324201633, 1.4996219276900205, 0.8536084821555809, 0.5027021232860547, 0.3522674428235546, 0.27209989981960936, 0.2091209967696688, 0.16404340495446498, 0.13174626086324487, 0.11119024668222151], "test_correct_in_batch": [4.0, 4.0, 4.0, 3.0, 4.0, 4.0, 3.0, 4.0, 4.0, 4.0, 4.0, 4.0, 3.0, 4.0, 4.0, 3.0, 3.0, 4.0, 3.0, 4.0, 3.0, 4.0, 3.0, 4.0, 4.0, 4.0, 4.0, 3.0, 3.0, 4.0, 3.0, 4.0, 4.0, 4.0, 4.0, 4.0, 4.0, 4.0, 4.0, 4.0, 4.0, 4.0, 4.0, 4.0, 4.0, 4.0, 4.0, 4.0, 4.0, 4.0, 3.0, 2.0, 4.0, 4.0, 4.0, 4.0, 4.0, 4.0, 4.0, 3.0, 4.0, 4.0, 3.0, 4.0, 4.0, 4.0, 4.0, 3.0, 3.0, 3.0, 3.0, 4.0, 4.0, 3.0, 4.0, 4.0, 4.0, 4.0, 2.0, 4.0, 4.0, 4.0, 4.0, 4.0, 4.0, 3.0, 4.0, 3.0, 4.0, 4.0, 4.0, 4.0, 2.0, 4.0, 4.0, 4.0, 4.0, 3.0, 4.0, 4.0, 2.0, 4.0, 4.0, 4.0, 4.0, 4.0, 4.0, 4.0, 4.0, 4.0, 4.0, 3.0, 4.0, 4.0, 4.0, 4.0, 4.0, 4.0, 4.0, 3.0, 4.0, 3.0, 4.0, 3.0, 3.0, 4.0, 4.0, 3.0, 3.0, 4.0, 4.0, 3.0, 4.0, 4.0, 4.0, 4.0, 4.0, 4.0, 4.0, 4.0, 4.0, 3.0, 4.0, 4.0, 4.0, 2.0, 4.0, 4.0, 3.0, 4.0, 4.0, 4.0, 4.0, 4.0, 3.0, 4.0, 4.0, 2.0, 4.0, 4.0, 4.0, 4.0, 3.0], "test_losses": [0.016160421073436737, 0.07920420169830322, 0.2722165584564209, 0.587189793586731, 0.0219788309186697, 0.016816075891256332, 0.6424108147621155, 0.18610703945159912, 0.4298587143421173, 0.03325546160340309, 0.02080420032143593, 0.03487956151366234, 0.5661097764968872, 0.10344409942626953, 0.01664157211780548, 1.5679429769515991, 0.7957000732421875, 0.0748913586139679, 1.3959782123565674, 0.039410002529621124, 0.46670377254486084, 0.02356123924255371, 0.7390840649604797, 0.08815331012010574, 0.03413458168506622, 0.02289070002734661, 0.056273430585861206, 0.7074793577194214, 0.9196133613586426, 0.037019532173871994, 0.5661357641220093, 0.019744347780942917, 0.02920622006058693, 0.011827792972326279, 0.03665583208203316, 0.02103087119758129, 0.014674621634185314, 0.04828643053770065, 0.03494150936603546, 0.09643629193305969, 0.093607097864151, 0.016838382929563522, 0.4757833480834961, 0.04759596288204193, 0.06159111484885216, 0.016556737944483757, 0.04853054881095886, 0.056885745376348495, 0.08634434640407562, 0.3142416179180145, 0.8475112318992615, 2.0059754848480225, 0.059228092432022095, 0.10072769969701767, 0.027359746396541595, 0.01727757789194584, 0.04622609168291092, 0.016590185463428497, 0.06700834631919861, 0.2844105660915375, 0.019251875579357147, 0.033299606293439865, 0.25436851382255554, 0.022552771493792534, 0.05202346667647362, 0.06557817757129669, 0.03920130804181099, 1.0935242176055908, 0.7773665189743042, 0.8877797722816467, 1.0718698501586914, 0.01469535194337368, 0.03234089910984039, 0.35062509775161743, 0.08250533789396286, 0.0785725936293602, 0.0225384458899498, 0.022051915526390076, 1.1613116264343262, 0.0611981600522995, 0.17750978469848633, 0.164372056722641, 0.10926763713359833, 0.022653285413980484, 0.07197580486536026, 0.49343279004096985, 0.03975725173950195, 0.8652370572090149, 0.053677789866924286, 0.3009450137615204, 0.23734025657176971, 0.05205794796347618, 1.8261069059371948, 0.03212011605501175, 0.024648627266287804, 0.02740446850657463, 0.06509491801261902, 1.7100934982299805, 0.04633007198572159, 0.13855397701263428, 1.8495688438415527, 0.038115497678518295, 0.0356699638068676, 0.23954352736473083, 0.02828868478536606, 0.05787786841392517, 0.011444956995546818, 0.020301932469010353, 0.04752684384584427, 0.01834229752421379, 0.017759038135409355, 0.5082833170890808, 0.017340555787086487, 0.02632114291191101, 0.05855212360620499, 0.02957463636994362, 0.37901967763900757, 0.01418200321495533, 0.04586835205554962, 0.2822718024253845, 0.04903880134224892, 0.6035688519477844, 0.04688657075166702, 0.2370893955230713, 0.6715419292449951, 0.2647753357887268, 0.10959368199110031, 0.5252389311790466, 0.3953518867492676, 0.11156920343637466, 0.02880004607141018, 0.28556308150291443, 0.01284394133836031, 0.08110114932060242, 0.02695191279053688, 0.06446400284767151, 0.012826809659600258, 0.08332329988479614, 0.10194455087184906, 0.22186744213104248, 0.2513272166252136, 0.2920316457748413, 0.19226685166358948, 0.0838310718536377, 0.022366920486092567, 0.7825604677200317, 0.2441483438014984, 0.04993697255849838, 1.5633944272994995, 0.02346351183950901, 0.035446587949991226, 0.1919507086277008, 0.029130758717656136, 0.15635409951210022, 0.630254864692688, 0.03217802196741104, 0.3355926275253296, 1.4417805671691895, 0.061735864728689194, 0.03132764995098114, 0.01725952699780464, 0.01702933758497238, 0.08034791797399521], "test_loss": 0.26007538234552174, "test_batch_lens": [4, 4, 4, 4, 4, 4, 4, 4, 4, 4, 4, 4, 4, 4, 4, 4, 4, 4, 4, 4, 4, 4, 4, 4, 4, 4, 4, 4, 4, 4, 4, 4, 4, 4, 4, 4, 4, 4, 4, 4, 4, 4, 4, 4, 4, 4, 4, 4, 4, 4, 4, 4, 4, 4, 4, 4, 4, 4, 4, 4, 4, 4, 4, 4, 4, 4, 4, 4, 4, 4, 4, 4, 4, 4, 4, 4, 4, 4, 4, 4, 4, 4, 4, 4, 4, 4, 4, 4, 4, 4, 4, 4, 4, 4, 4, 4, 4, 4, 4, 4, 4, 4, 4, 4, 4, 4, 4, 4, 4, 4, 4, 4, 4, 4, 4, 4, 4, 4, 4, 4, 4, 4, 4, 4, 4, 4, 4, 4, 4, 4, 4, 4, 4, 4, 4, 4, 4, 4, 4, 4, 4, 4, 4, 4, 4, 4, 4, 4, 4, 4, 4, 4, 4, 4, 4, 4, 4, 4, 4, 4, 4, 4, 3], "test_accuracy": 0.9308755760368663, "predictions": [7, 4, 1, 10, 7, 1, 8, 8, 0, 8, 4, 7, 1, 9, 2, 0, 9, 6, 4, 9, 8, 10, 1, 4, 6, 1, 8, 6, 6, 8, 2, 1, 1, 9, 6, 3, 10, 5, 5, 0, 10, 3, 2, 10, 7, 8, 4, 3, 3, 8, 2, 4, 3, 4, 6, 1, 1, 9, 1, 10, 10, 6, 4, 6, 5, 9, 8, 5, 8, 1, 3, 1, 0, 3, 1, 8, 6, 8, 9, 2, 3, 1, 1, 1, 5, 5, 1, 8, 0, 3, 9, 10, 10, 7, 1, 5, 1, 8, 2, 7, 5, 1, 10, 6, 10, 8, 3, 9, 10, 4, 7, 9, 0, 3, 7, 8, 0, 8, 0, 0, 4, 8, 1, 6, 5, 1, 7, 9, 6, 7, 4, 0, 10, 10, 7, 9, 4, 1, 9, 0, 10, 3, 3, 9, 4, 7, 4, 7, 2, 10, 2, 4, 10, 10, 1, 0, 10, 5, 4, 7, 8, 9, 10, 4, 2, 3, 10, 5, 8, 0, 9, 0, 10, 7, 6, 8, 0, 8, 1, 2, 6, 3, 5, 3, 9, 3, 4, 8, 3, 2, 0, 2, 0, 9, 9, 8, 1, 3, 5, 9, 2, 1, 6, 1, 4, 5, 9, 8, 3, 9, 5, 6, 2, 5, 4, 5, 2, 10, 8, 4, 7, 3, 0, 6, 7, 0, 5, 7, 1, 0, 1, 6, 3, 7, 7, 2, 10, 9, 3, 10, 9, 4, 3, 3, 1, 7, 8, 5, 2, 4, 10, 3, 1, 2, 3, 10, 6, 9, 5, 3, 3, 10, 7, 1, 5, 1, 8, 1, 3, 7, 3, 10, 3, 5, 0, 2, 7, 2, 9, 7, 0, 8, 8, 10, 2, 4, 2, 5, 5, 3, 8, 0, 8, 6, 3, 1, 2, 7, 3, 2, 4, 10, 8, 6, 6, 0, 2, 7, 10, 1, 7, 6, 4, 2, 4, 2, 0, 9, 4, 3, 2, 6, 7, 9, 1, 8, 8, 5, 2, 9, 4, 1, 1, 8, 4, 7, 1, 2, 7, 2, 5, 0, 4, 10, 5, 0, 5, 7, 3, 6, 9, 6, 4, 9, 5, 1, 8, 3, 7, 7, 4, 4, 6, 10, 8, 9, 8, 5, 2, 9, 4, 0, 5, 0, 9, 10, 5, 0, 3, 7, 3, 1, 8, 2, 2, 4, 4, 9, 3, 7, 5, 9, 9, 4, 0, 0, 5, 6, 9, 9, 7, 7, 8, 2, 1, 10, 10, 5, 5, 7, 3, 3, 5, 10, 9, 7, 2, 3, 1, 1, 0, 5, 4, 1, 2, 0, 1, 8, 8, 4, 8, 3, 8, 0, 3, 2, 2, 3, 7, 10, 10, 4, 10, 6, 6, 5, 0, 4, 8, 2, 1, 9, 9, 5, 9, 9, 1, 3, 5, 7, 9, 10, 1, 8, 1, 6, 3, 8, 2, 4, 10, 1, 1, 2, 8, 2, 4, 8, 2, 8, 9, 9, 0, 7, 6, 9, 9, 0, 2, 8, 6, 9, 3, 8, 2, 4, 0, 0, 1, 3, 9, 6, 3, 4, 6, 3, 3, 5, 3, 1, 7, 10, 1, 10, 2, 5, 5, 7, 5, 1, 4, 5, 0, 4, 5, 4, 4, 5, 9, 7, 7, 2, 0, 2, 4, 3, 2, 9, 1, 8, 9, 1, 8, 8, 2, 0, 9, 7, 6, 9, 6, 9, 0, 10, 8, 8, 4, 1, 7, 3, 2, 7, 9, 6, 7, 0, 9, 0, 8, 2, 10, 5, 2, 10, 8, 7, 9, 6, 8, 6, 6, 9, 7, 4, 7, 8, 4, 9, 3, 3, 7, 4, 1, 9, 5, 4, 0, 7, 8, 0, 7, 4, 5, 5, 4, 8, 6, 6, 1, 5, 3, 0, 1, 4, 7, 1, 9, 4, 6, 8, 10, 7, 1, 0, 3, 9, 1, 4, 3, 8, 7, 0, 9, 9, 4, 0, 2, 3, 7, 8, 6, 8, 1, 7, 4, 0, 2, 0, 8, 6, 7],