{"val_acc": [0.6513056835637481, 0.7311827956989247, 0.7757296466973886, 0.8172043010752689, 0.82642089093702, 0.8509984639016898, 0.8433179723502304, 0.880184331797235, 0.869431643625192, 0.8755760368663594], "val_loss": [0.9900178831139225, 0.7980158708052584, 0.6408098985675288, 0.5381380501174671, 0.49994552297877615, 0.44817059235990137, 0.47123667244953704, 0.3909189566195674, 0.3933553602575022, 0.3776298593701166], "train_loss": [1.5239274181474944, 0.9018458690216121, 0.7136216627490194, 0.5995178051462693, 0.5447548588730169, 0.4945757884678377, 0.46388634776272675, 0.4363643271480591, 0.4181309445015725, 0.40034922472312606], "test_correct_in_batch": [4.0, 3.0, 3.0, 2.0, 4.0, 4.0, 3.0, 1.0, 3.0, 4.0, 4.0, 4.0, 2.0, 4.0, 3.0, 3.0, 4.0, 3.0, 3.0, 3.0, 4.0, 4.0, 2.0, 4.0, 4.0, 4.0, 3.0, 3.0, 4.0, 4.0, 2.0, 4.0, 4.0, 4.0, 4.0, 4.0, 4.0, 4.0, 4.0, 4.0, 3.0, 4.0, 3.0, 4.0, 4.0, 4.0, 2.0, 3.0, 3.0, 4.0, 3.0, 1.0, 4.0, 3.0, 2.0, 3.0, 4.0, 3.0, 4.0, 4.0, 4.0, 3.0, 4.0, 4.0, 4.0, 3.0, 4.0, 3.0, 3.0, 3.0, 2.0, 4.0, 4.0, 3.0, 4.0, 4.0, 4.0, 4.0, 3.0, 4.0, 4.0, 3.0, 4.0, 3.0, 4.0, 3.0, 4.0, 3.0, 3.0, 2.0, 3.0, 3.0, 2.0, 4.0, 4.0, 4.0, 4.0, 2.0, 4.0, 4.0, 2.0, 4.0, 4.0, 4.0, 4.0, 4.0, 3.0, 4.0, 4.0, 4.0, 4.0, 3.0, 4.0, 4.0, 4.0, 4.0, 3.0, 3.0, 4.0, 3.0, 4.0, 2.0, 4.0, 3.0, 3.0, 3.0, 3.0, 2.0, 3.0, 3.0, 4.0, 4.0, 4.0, 3.0, 4.0, 2.0, 4.0, 3.0, 4.0, 1.0, 4.0, 3.0, 3.0, 3.0, 4.0, 3.0, 4.0, 3.0, 4.0, 4.0, 4.0, 4.0, 3.0, 4.0, 4.0, 4.0, 4.0, 3.0, 3.0, 3.0, 4.0, 4.0, 3.0], "test_losses": [0.0034113426227122545, 0.49233293533325195, 1.112860918045044, 0.9214288592338562, 0.0029566893354058266, 0.030517801642417908, 0.6833874583244324, 1.5610687732696533, 0.7298403978347778, 0.01151149719953537, 0.04974730312824249, 0.017362507060170174, 1.8629474639892578, 0.10840843617916107, 0.44181227684020996, 0.9818943738937378, 0.4715314209461212, 0.49069690704345703, 1.024220585823059, 0.3646678328514099, 0.03416132554411888, 0.25679811835289, 0.9392828941345215, 0.02123945951461792, 0.05029352754354477, 0.022161560133099556, 0.36519643664360046, 0.5814956426620483, 0.2033495157957077, 0.07027696073055267, 1.6439670324325562, 0.1350216120481491, 0.00985769834369421, 0.04036489129066467, 0.03266198933124542, 0.0769641250371933, 0.030234457924962044, 0.014568799175322056, 0.0343664214015007, 0.006973187904804945, 1.3071280717849731, 0.01568717323243618, 0.7044757604598999, 0.007512706331908703, 0.031041406095027924, 0.006472240202128887, 0.9769735336303711, 0.6725887656211853, 1.12675940990448, 0.16267900168895721, 1.0076042413711548, 2.8140718936920166, 0.11153833568096161, 0.5904752612113953, 0.8288707137107849, 0.35006892681121826, 0.06132424622774124, 0.2757337689399719, 0.06288494169712067, 0.23406802117824554, 0.19779931008815765, 0.2963291108608246, 0.27784115076065063, 0.0058130379766225815, 0.03985774889588356, 0.5436862707138062, 0.1276720017194748, 0.6285374164581299, 0.5858004093170166, 0.6472089290618896, 1.3961825370788574, 0.033678315579891205, 0.2599211037158966, 0.7566729187965393, 0.015591984614729881, 0.08733988553285599, 0.042481571435928345, 0.01277710311114788, 0.29273805022239685, 0.06315165758132935, 0.2647392749786377, 0.49705347418785095, 0.22439101338386536, 0.3869335651397705, 0.28422027826309204, 2.0039796829223633, 0.02979094535112381, 0.9022080302238464, 1.0121350288391113, 1.0261918306350708, 0.468526691198349, 0.39750006794929504, 0.9894667267799377, 0.18079985678195953, 0.012537296861410141, 0.1210842952132225, 0.14169082045555115, 1.5018904209136963, 0.12738394737243652, 0.18211302161216736, 1.6071250438690186, 0.11004821956157684, 0.036603301763534546, 0.04924170300364494, 0.20124110579490662, 0.10483997315168381, 0.7025538086891174, 0.049625907093286514, 0.21074432134628296, 0.007433682214468718, 0.016590790823101997, 0.6472330689430237, 0.011462433263659477, 0.005909598898142576, 0.08290503174066544, 0.09236187487840652, 0.5571759939193726, 0.27792608737945557, 0.16646745800971985, 0.6063308715820312, 0.038184504956007004, 1.3028897047042847, 0.19708822667598724, 0.41255101561546326, 0.653527021408081, 0.6931878924369812, 1.0095797777175903, 1.3541291952133179, 1.0255378484725952, 1.0344326496124268, 0.16303414106369019, 0.022936632856726646, 0.007502271793782711, 0.8072670102119446, 0.22144815325737, 0.9016459584236145, 0.0069582522846758366, 0.3914557695388794, 0.10382121801376343, 2.4344496726989746, 0.05336633697152138, 0.7875856161117554, 0.47455766797065735, 0.3741703927516937, 0.07588455080986023, 0.55269455909729, 0.3910667896270752, 0.8190873861312866, 0.037547916173934937, 0.15613919496536255, 0.13208609819412231, 0.09365735203027725, 0.40176093578338623, 0.06044480577111244, 0.2312903106212616, 0.044393014162778854, 0.10203197598457336, 0.5282471179962158, 1.1557737588882446, 0.7671715021133423, 0.008175812661647797, 0.1667345017194748, 0.0427088737487793], "test_loss": 0.4302303085997815, "test_batch_lens": [4, 4, 4, 4, 4, 4, 4, 4, 4, 4, 4, 4, 4, 4, 4, 4, 4, 4, 4, 4, 4, 4, 4, 4, 4, 4, 4, 4, 4, 4, 4, 4, 4, 4, 4, 4, 4, 4, 4, 4, 4, 4, 4, 4, 4, 4, 4, 4, 4, 4, 4, 4, 4, 4, 4, 4, 4, 4, 4, 4, 4, 4, 4, 4, 4, 4, 4, 4, 4, 4, 4, 4, 4, 4, 4, 4, 4, 4, 4, 4, 4, 4, 4, 4, 4, 4, 4, 4, 4, 4, 4, 4, 4, 4, 4, 4, 4, 4, 4, 4, 4, 4, 4, 4, 4, 4, 4, 4, 4, 4, 4, 4, 4, 4, 4, 4, 4, 4, 4, 4, 4, 4, 4, 4, 4, 4, 4, 4, 4, 4, 4, 4, 4, 4, 4, 4, 4, 4, 4, 4, 4, 4, 4, 4, 4, 4, 4, 4, 4, 4, 4, 4, 4, 4, 4, 4, 4, 4, 4, 4, 4, 4, 3], "test_accuracy": 0.858678955453149, "predictions": [7, 4, 1, 10, 7, 1, 2, 8, 0, 3, 4, 7, 8, 9, 8, 0, 9, 6, 4, 9, 8, 10, 1, 4, 6, 8, 4, 6, 6, 10, 9, 0, 1, 5, 6, 3, 10, 5, 5, 0, 10, 3, 2, 10, 7, 8, 4, 3, 8, 8, 8, 4, 3, 4, 6, 1, 1, 9, 0, 10, 10, 6, 9, 6, 5, 5, 8, 5, 9, 1, 3, 1, 8, 3, 1, 8, 6, 6, 9, 2, 3, 1, 3, 1, 5, 5, 1, 8, 0, 5, 9, 2, 10, 7, 1, 5, 1, 8, 2, 7, 5, 1, 10, 6, 10, 7, 3, 9, 10, 4, 7, 6, 0, 3, 7, 6, 0, 8, 0, 0, 4, 3, 0, 6, 5, 1, 7, 9, 6, 7, 4, 0, 10, 10, 7, 9, 4, 1, 9, 0, 10, 3, 3, 9, 4, 7, 4, 7, 2, 10, 2, 4, 10, 10, 1, 0, 10, 5, 4, 7, 9, 9, 10, 4, 2, 3, 10, 5, 8, 0, 5, 0, 10, 7, 6, 8, 0, 8, 1, 2, 6, 3, 5, 3, 9, 10, 4, 10, 3, 2, 7, 2, 1, 9, 9, 8, 1, 3, 5, 9, 9, 1, 6, 1, 4, 1, 9, 2, 3, 9, 5, 6, 8, 5, 4, 5, 10, 10, 5, 4, 7, 3, 5, 6, 7, 0, 5, 7, 1, 8, 1, 6, 3, 7, 7, 2, 10, 4, 3, 10, 9, 4, 3, 3, 1, 7, 9, 5, 2, 4, 10, 1, 1, 2, 3, 10, 6, 9, 5, 3, 3, 10, 7, 0, 5, 1, 8, 1, 8, 7, 2, 10, 3, 5, 5, 2, 7, 5, 9, 7, 5, 8, 5, 10, 2, 4, 2, 5, 5, 3, 8, 0, 6, 6, 0, 1, 2, 7, 3, 2, 4, 10, 8, 6, 6, 0, 2, 7, 10, 1, 7, 6, 9, 2, 4, 2, 0, 9, 4, 3, 2, 6, 7, 9, 8, 8, 8, 5, 2, 9, 4, 1, 1, 3, 4, 7, 1, 2, 7, 2, 5, 0, 4, 10, 5, 0, 5, 7, 3, 6, 9, 6, 4, 9, 5, 9, 5, 3, 4, 7, 4, 9, 6, 10, 8, 9, 10, 5, 2, 9, 4, 0, 5, 0, 9, 10, 5, 0, 3, 7, 3, 1, 8, 2, 2, 4, 4, 9, 3, 7, 5, 6, 9, 4, 0, 0, 5, 6, 9, 9, 7, 7, 8, 2, 1, 10, 10, 5, 5, 7, 3, 3, 5, 10, 9, 7, 2, 3, 1, 1, 0, 5, 4, 1, 2, 0, 1, 7, 8, 4, 8, 3, 8, 0, 3, 2, 2, 3, 7, 10, 10, 4, 10, 6, 6, 5, 0, 6, 8, 2, 1, 9, 9, 5, 9, 9, 1, 3, 5, 7, 9, 10, 1, 8, 8, 6, 3, 8, 10, 4, 10, 1, 1, 2, 8, 2, 4, 8, 2, 8, 9, 9, 0, 7, 6, 4, 6, 0, 2, 8, 6, 9, 3, 8, 2, 4, 8, 0, 1, 3, 5, 6, 3, 4, 9, 3, 3, 5, 1, 8, 7, 10, 4, 10, 2, 8, 5, 7, 5, 3, 4, 5, 0, 4, 5, 4, 9, 5, 9, 7, 7, 2, 0, 2, 5, 3, 2, 9, 1, 8, 9, 1, 6, 0, 2, 0, 9, 7, 8, 9, 6, 9, 0, 10, 8, 8, 8, 8, 9, 3, 2, 7, 9, 6, 8, 8, 9, 0, 8, 2, 4, 5, 10, 10, 8, 7, 9, 6, 8, 6, 6, 5, 7, 9, 7, 8, 4, 9, 3, 3, 7, 8, 1, 7, 5, 4, 0, 7, 8, 0, 7, 4, 5, 5, 4, 8, 6, 6, 1, 4, 3, 0, 1, 4, 7, 1, 9, 4, 6, 6, 10, 7, 1, 0, 3, 9, 1, 4, 3, 8, 7, 8, 9, 9, 4, 8, 2, 3, 7, 6, 6, 8, 1, 7, 4, 0, 2, 0, 8, 6, 7],