{"val_acc": [0.16589861751152074, 0.25960061443932414, 0.3010752688172043, 0.2872503840245776, 0.26881720430107525, 0.27956989247311825, 0.3087557603686636, 0.3241167434715822, 0.33947772657450076, 0.3717357910906298], "val_loss": [2.2184151491504505, 2.028718356705882, 1.9707313227507235, 2.025690785214945, 2.0215283529890096, 2.040272702468685, 1.895954976418267, 1.8304866658397978, 1.8342017659380392, 1.7485445688472936], "train_loss": [2.3197568218022493, 2.1341271669043467, 2.0188546685346287, 2.0183348175838494, 2.0769644070561797, 2.0484414990140563, 1.9606636212670554, 1.8722530742521641, 1.8155934440746666, 1.7961477087487], "test_correct_in_batch": [1.0, 1.0, 2.0, 1.0, 2.0, 1.0, 0.0, 0.0, 0.0, 2.0, 2.0, 1.0, 0.0, 0.0, 1.0, 1.0, 1.0, 0.0, 0.0, 1.0, 0.0, 1.0, 2.0, 2.0, 1.0, 1.0, 1.0, 2.0, 1.0, 2.0, 1.0, 1.0, 2.0, 3.0, 2.0, 1.0, 2.0, 1.0, 2.0, 2.0, 1.0, 1.0, 1.0, 2.0, 1.0, 0.0, 2.0, 1.0, 2.0, 0.0, 0.0, 0.0, 0.0, 1.0, 2.0, 2.0, 3.0, 1.0, 2.0, 2.0, 0.0, 1.0, 2.0, 1.0, 0.0, 1.0, 0.0, 1.0, 1.0, 2.0, 1.0, 1.0, 1.0, 1.0, 1.0, 2.0, 2.0, 2.0, 2.0, 0.0, 1.0, 0.0, 1.0, 1.0, 0.0, 1.0, 4.0, 0.0, 2.0, 0.0, 2.0, 0.0, 2.0, 3.0, 2.0, 0.0, 1.0, 0.0, 1.0, 1.0, 2.0, 3.0, 1.0, 1.0, 0.0, 2.0, 1.0, 0.0, 0.0, 1.0, 2.0, 2.0, 0.0, 1.0, 1.0, 2.0, 0.0, 1.0, 0.0, 1.0, 4.0, 1.0, 1.0, 0.0, 1.0, 0.0, 1.0, 1.0, 1.0, 1.0, 2.0, 2.0, 1.0, 2.0, 0.0, 1.0, 2.0, 1.0, 2.0, 1.0, 2.0, 1.0, 1.0, 2.0, 0.0, 1.0, 2.0, 1.0, 2.0, 2.0, 2.0, 1.0, 0.0, 1.0, 1.0, 3.0, 2.0, 1.0, 3.0, 0.0, 1.0, 2.0, 1.0], "test_losses": [2.2332754135131836, 1.7063415050506592, 1.3794993162155151, 1.655622959136963, 1.4341048002243042, 1.6708413362503052, 1.7680370807647705, 1.8739395141601562, 2.09936785697937, 1.3868223428726196, 1.0346840620040894, 2.654653310775757, 2.7662787437438965, 1.7871756553649902, 1.4558204412460327, 1.3381011486053467, 1.9090882539749146, 2.291560173034668, 1.850550651550293, 2.089526653289795, 1.7416646480560303, 1.906025767326355, 1.9863154888153076, 0.9370402693748474, 1.395584225654602, 1.226793885231018, 1.469552755355835, 1.7726099491119385, 2.2330548763275146, 1.846198558807373, 2.8487348556518555, 1.4637012481689453, 1.3767645359039307, 1.357010006904602, 1.586749792098999, 1.836233377456665, 1.7594844102859497, 2.4744832515716553, 2.68005108833313, 1.8624458312988281, 2.412461757659912, 1.9938141107559204, 1.8277531862258911, 1.239750862121582, 2.0704915523529053, 1.654453158378601, 1.6968019008636475, 1.8591222763061523, 2.0430493354797363, 1.6901241540908813, 1.7317841053009033, 2.9215633869171143, 3.045745849609375, 1.8791784048080444, 1.5627593994140625, 1.262817621231079, 0.962094783782959, 1.6778550148010254, 0.8747215270996094, 1.1917911767959595, 2.268728017807007, 1.5487112998962402, 1.0020101070404053, 1.2769347429275513, 2.445240020751953, 1.9896783828735352, 1.8780550956726074, 2.013908863067627, 2.0038373470306396, 1.5063166618347168, 1.636548638343811, 1.971158742904663, 2.053619384765625, 1.6857571601867676, 1.4085737466812134, 1.247888207435608, 1.1048214435577393, 0.8944118022918701, 1.479231595993042, 3.1346068382263184, 2.5602595806121826, 2.073054790496826, 2.479173421859741, 1.5036436319351196, 1.8647351264953613, 1.7660125494003296, 1.188737392425537, 2.1347098350524902, 1.6625522375106812, 2.820279836654663, 1.0579999685287476, 2.399827003479004, 2.1184520721435547, 1.4195128679275513, 1.5267066955566406, 2.1489391326904297, 2.3169357776641846, 3.052887201309204, 2.4481897354125977, 1.717982530593872, 2.3556900024414062, 1.1156377792358398, 2.018008232116699, 2.09126615524292, 1.582980990409851, 2.4766156673431396, 1.5955455303192139, 1.826997995376587, 1.7346537113189697, 1.6555677652359009, 1.2850654125213623, 1.9411976337432861, 1.7907692193984985, 1.9720758199691772, 2.307523012161255, 1.3205969333648682, 1.9897119998931885, 1.5005589723587036, 1.809224247932434, 1.6508100032806396, 1.1931099891662598, 1.9597089290618896, 1.8530696630477905, 2.1791558265686035, 2.283984899520874, 2.2764737606048584, 2.701107978820801, 2.185394287109375, 1.467952013015747, 2.1309328079223633, 2.1806130409240723, 1.5860843658447266, 1.9493370056152344, 1.4251351356506348, 2.3077473640441895, 2.000931739807129, 1.188987135887146, 1.8041987419128418, 1.6307580471038818, 1.8364614248275757, 1.1661710739135742, 2.350285053253174, 2.140706777572632, 1.6077702045440674, 3.0127506256103516, 1.721998929977417, 1.5991463661193848, 2.3866724967956543, 1.45570969581604, 2.0252535343170166, 1.840219259262085, 2.081073760986328, 1.756061315536499, 1.7275571823120117, 1.953008770942688, 0.8189225196838379, 1.5510234832763672, 2.1335456371307373, 1.8187553882598877, 2.265458106994629, 1.5673799514770508, 1.6515486240386963, 1.2734836339950562], "test_loss": 1.8320288142543628, "test_batch_lens": [4, 4, 4, 4, 4, 4, 4, 4, 4, 4, 4, 4, 4, 4, 4, 4, 4, 4, 4, 4, 4, 4, 4, 4, 4, 4, 4, 4, 4, 4, 4, 4, 4, 4, 4, 4, 4, 4, 4, 4, 4, 4, 4, 4, 4, 4, 4, 4, 4, 4, 4, 4, 4, 4, 4, 4, 4, 4, 4, 4, 4, 4, 4, 4, 4, 4, 4, 4, 4, 4, 4, 4, 4, 4, 4, 4, 4, 4, 4, 4, 4, 4, 4, 4, 4, 4, 4, 4, 4, 4, 4, 4, 4, 4, 4, 4, 4, 4, 4, 4, 4, 4, 4, 4, 4, 4, 4, 4, 4, 4, 4, 4, 4, 4, 4, 4, 4, 4, 4, 4, 4, 4, 4, 4, 4, 4, 4, 4, 4, 4, 4, 4, 4, 4, 4, 4, 4, 4, 4, 4, 4, 4, 4, 4, 4, 4, 4, 4, 4, 4, 4, 4, 4, 4, 4, 4, 4, 4, 4, 4, 4, 4, 3], "test_accuracy": 0.2964669738863287, "predictions": [0, 4, 0, 4, 7, 0, 2, 9, 5, 9, 4, 7, 0, 6, 5, 0, 6, 4, 4, 9, 0, 10, 0, 9, 4, 9, 9, 4, 9, 10, 4, 5, 0, 4, 4, 5, 10, 0, 0, 0, 10, 5, 4, 10, 10, 0, 4, 5, 0, 9, 10, 6, 5, 6, 4, 9, 0, 5, 5, 10, 10, 4, 5, 9, 5, 9, 7, 0, 5, 7, 9, 5, 0, 0, 0, 5, 6, 6, 4, 4, 5, 0, 0, 0, 5, 0, 0, 0, 0, 9, 4, 10, 10, 7, 0, 0, 0, 0, 4, 7, 0, 0, 10, 4, 10, 0, 5, 6, 4, 4, 7, 6, 6, 0, 7, 5, 0, 10, 5, 0, 4, 9, 0, 0, 0, 5, 7, 5, 4, 7, 4, 9, 10, 10, 0, 9, 4, 0, 5, 0, 10, 5, 9, 0, 9, 7, 4, 0, 4, 4, 0, 4, 10, 9, 4, 0, 9, 5, 10, 7, 4, 5, 10, 5, 10, 4, 10, 0, 5, 0, 6, 5, 10, 7, 4, 10, 0, 0, 7, 4, 4, 0, 0, 5, 9, 9, 4, 7, 0, 4, 0, 9, 0, 4, 9, 5, 0, 0, 0, 5, 5, 0, 4, 0, 5, 5, 0, 9, 4, 7, 0, 5, 9, 9, 2, 5, 9, 10, 0, 4, 7, 0, 0, 9, 7, 5, 5, 7, 9, 0, 0, 4, 0, 7, 7, 4, 10, 9, 0, 10, 5, 5, 0, 0, 0, 7, 5, 0, 4, 4, 10, 0, 5, 4, 5, 10, 5, 4, 9, 0, 0, 9, 7, 5, 0, 0, 0, 5, 4, 9, 0, 10, 5, 5, 9, 4, 7, 6, 5, 7, 9, 0, 9, 10, 4, 4, 9, 0, 5, 9, 5, 5, 5, 4, 0, 0, 6, 7, 0, 4, 4, 10, 0, 4, 4, 0, 4, 7, 10, 0, 7, 4, 9, 4, 5, 4, 5, 0, 5, 4, 4, 6, 0, 7, 0, 4, 7, 0, 4, 10, 4, 0, 0, 0, 10, 7, 0, 4, 9, 4, 0, 5, 0, 10, 5, 0, 5, 7, 0, 4, 5, 4, 4, 5, 5, 0, 0, 0, 4, 0, 4, 10, 4, 10, 10, 5, 10, 0, 5, 9, 4, 0, 5, 0, 5, 10, 9, 0, 9, 7, 0, 9, 4, 4, 5, 6, 4, 6, 0, 5, 0, 2, 7, 6, 0, 7, 5, 4, 5, 5, 7, 5, 0, 9, 0, 10, 10, 5, 9, 7, 9, 6, 0, 10, 4, 0, 4, 5, 0, 5, 0, 5, 9, 4, 4, 0, 0, 9, 7, 6, 7, 0, 7, 5, 0, 4, 4, 5, 0, 10, 10, 10, 10, 5, 4, 5, 0, 4, 9, 4, 0, 5, 5, 5, 5, 6, 5, 10, 0, 7, 9, 10, 5, 7, 5, 4, 0, 6, 10, 6, 10, 0, 5, 6, 7, 10, 4, 0, 4, 0, 9, 9, 0, 7, 4, 4, 10, 0, 6, 0, 4, 9, 5, 9, 4, 9, 4, 0, 0, 9, 5, 4, 0, 5, 7, 0, 9, 5, 5, 7, 7, 2, 9, 10, 6, 0, 0, 0, 5, 0, 9, 5, 9, 4, 5, 6, 9, 0, 0, 7, 0, 10, 0, 4, 4, 5, 4, 7, 0, 5, 9, 0, 5, 0, 4, 0, 6, 7, 9, 5, 4, 9, 0, 10, 10, 0, 9, 5, 7, 6, 4, 7, 9, 4, 9, 5, 0, 0, 0, 4, 4, 5, 10, 10, 4, 7, 0, 0, 4, 4, 10, 10, 7, 5, 7, 4, 10, 9, 6, 9, 7, 5, 0, 7, 5, 9, 0, 0, 0, 0, 7, 5, 5, 9, 4, 6, 5, 4, 0, 0, 0, 5, 0, 10, 7, 0, 9, 5, 4, 4, 10, 7, 0, 0, 0, 9, 5, 4, 0, 10, 5, 9, 9, 4, 4, 0, 4, 5, 5, 5, 9, 7, 0, 7, 10, 0, 4, 0, 9, 4, 7],