{"val_acc": [0.6728110599078341, 0.7204301075268817, 0.7788018433179723, 0.7772657450076805, 0.8095238095238095, 0.8003072196620584, 0.8110599078341014, 0.8125960061443932, 0.8325652841781874, 0.8310291858678955], "val_loss": [0.9301419881589573, 0.8881096088904544, 0.6845358203685173, 0.6485088721454784, 0.5943776285361522, 0.5910725634505093, 0.5458980488528046, 0.5817178726236284, 0.5027433059241143, 0.49023761931075455], "train_loss": [1.3519304749253773, 0.8447768460656332, 0.7133517593087567, 0.6509109651748888, 0.6098848087186272, 0.5716636055430627, 0.5495416104554358, 0.5270754527407848, 0.5281871585059488, 0.49325094705865874], "test_correct_in_batch": [4.0, 4.0, 2.0, 2.0, 4.0, 4.0, 2.0, 2.0, 4.0, 4.0, 2.0, 2.0, 2.0, 4.0, 3.0, 3.0, 3.0, 2.0, 2.0, 4.0, 4.0, 4.0, 3.0, 3.0, 4.0, 4.0, 4.0, 3.0, 3.0, 4.0, 2.0, 3.0, 4.0, 4.0, 4.0, 4.0, 4.0, 4.0, 4.0, 4.0, 4.0, 4.0, 3.0, 4.0, 4.0, 4.0, 4.0, 3.0, 3.0, 2.0, 3.0, 1.0, 4.0, 4.0, 4.0, 4.0, 3.0, 4.0, 4.0, 4.0, 4.0, 4.0, 4.0, 4.0, 3.0, 2.0, 4.0, 2.0, 3.0, 3.0, 2.0, 4.0, 4.0, 4.0, 4.0, 4.0, 3.0, 4.0, 4.0, 4.0, 3.0, 4.0, 4.0, 2.0, 3.0, 3.0, 4.0, 3.0, 4.0, 4.0, 3.0, 3.0, 1.0, 4.0, 4.0, 4.0, 3.0, 2.0, 2.0, 4.0, 1.0, 4.0, 4.0, 3.0, 4.0, 3.0, 3.0, 4.0, 4.0, 4.0, 4.0, 3.0, 3.0, 4.0, 4.0, 2.0, 3.0, 4.0, 4.0, 4.0, 4.0, 2.0, 4.0, 4.0, 3.0, 3.0, 4.0, 2.0, 3.0, 3.0, 4.0, 3.0, 4.0, 3.0, 3.0, 3.0, 4.0, 4.0, 4.0, 2.0, 4.0, 1.0, 3.0, 4.0, 4.0, 3.0, 3.0, 2.0, 4.0, 4.0, 4.0, 4.0, 3.0, 4.0, 3.0, 3.0, 3.0, 4.0, 1.0, 4.0, 4.0, 4.0, 3.0], "test_losses": [0.04334637522697449, 0.2609947919845581, 0.9277272820472717, 1.7423417568206787, 0.2878275513648987, 0.032532647252082825, 1.7751562595367432, 0.8322871327400208, 0.3081885576248169, 0.054103102535009384, 0.6281100511550903, 1.1061735153198242, 1.2335494756698608, 0.23242706060409546, 0.5125250220298767, 0.5490323305130005, 0.8061068654060364, 1.2390156984329224, 1.7753454446792603, 0.1510171890258789, 0.1333719938993454, 0.21695944666862488, 0.8359348773956299, 0.21436966955661774, 0.12972894310951233, 0.036954861134290695, 0.05306766927242279, 0.8108726143836975, 0.9803863763809204, 0.06510922312736511, 1.1032099723815918, 0.5555258989334106, 0.15503746271133423, 0.07982107251882553, 0.09871204942464828, 0.2120998203754425, 0.08182235062122345, 0.018341027200222015, 0.045131947845220566, 0.25783514976501465, 0.10230644792318344, 0.07366038858890533, 0.8438442349433899, 0.010927427560091019, 0.20664876699447632, 0.009106243029236794, 0.2666734755039215, 0.709230899810791, 0.8124306201934814, 0.6578506231307983, 0.3550722599029541, 1.8477283716201782, 0.45688745379447937, 0.25698256492614746, 0.2585225999355316, 0.2616554796695709, 0.740748405456543, 0.029216408729553223, 0.0403113067150116, 0.2427171915769577, 0.022703204303979874, 0.08172821253538132, 0.12521089613437653, 0.057693224400281906, 0.30056682229042053, 1.288512945175171, 0.04374406114220619, 1.3608949184417725, 0.7951871752738953, 0.7030540704727173, 1.9390164613723755, 0.03239510580897331, 0.17922502756118774, 0.47733739018440247, 0.10535852611064911, 0.06434492021799088, 0.2781490981578827, 0.01715720258653164, 0.05994156002998352, 0.1645221710205078, 0.6315771341323853, 0.13896872103214264, 0.08688037097454071, 1.1431164741516113, 0.7127342820167542, 0.9830471277236938, 0.18654021620750427, 0.582078754901886, 0.25149357318878174, 0.4479588270187378, 0.5047942996025085, 0.6307306885719299, 2.8480751514434814, 0.2594451904296875, 0.02982708439230919, 0.33241599798202515, 0.835208535194397, 1.84105384349823, 0.8068996071815491, 0.12316524982452393, 1.5045793056488037, 0.17376703023910522, 0.014684651046991348, 0.2813580632209778, 0.20915183424949646, 0.7488867044448853, 0.3803762197494507, 0.05506100878119469, 0.03448425605893135, 0.01923520117998123, 0.03490466624498367, 0.7048335075378418, 0.5704466700553894, 0.15112635493278503, 0.19947493076324463, 0.6790269017219543, 0.555364727973938, 0.03820664808154106, 0.03304951637983322, 0.39203622937202454, 0.1018512174487114, 1.0235404968261719, 0.24930274486541748, 0.13396969437599182, 1.330265998840332, 1.1487762928009033, 0.2507074475288391, 1.046460509300232, 0.674966037273407, 0.6963412165641785, 0.2528301179409027, 0.34920400381088257, 0.025428906083106995, 0.762080192565918, 1.7798717021942139, 0.5023739337921143, 0.04389479383826256, 0.18924595415592194, 0.2727903127670288, 1.5187373161315918, 0.18013569712638855, 2.831481456756592, 0.2824268043041229, 0.02445315569639206, 0.038999900221824646, 0.6577962040901184, 1.336935043334961, 2.057042121887207, 0.13809402287006378, 0.016573123633861542, 0.1566612869501114, 0.058144815266132355, 0.7628270983695984, 0.035447459667921066, 0.3379228711128235, 0.35338062047958374, 0.34136059880256653, 0.33556491136550903, 1.6709040403366089, 0.3802673816680908, 0.030344270169734955, 0.09261418879032135, 0.3043017089366913], "test_loss": 0.5018021345275677, "test_batch_lens": [4, 4, 4, 4, 4, 4, 4, 4, 4, 4, 4, 4, 4, 4, 4, 4, 4, 4, 4, 4, 4, 4, 4, 4, 4, 4, 4, 4, 4, 4, 4, 4, 4, 4, 4, 4, 4, 4, 4, 4, 4, 4, 4, 4, 4, 4, 4, 4, 4, 4, 4, 4, 4, 4, 4, 4, 4, 4, 4, 4, 4, 4, 4, 4, 4, 4, 4, 4, 4, 4, 4, 4, 4, 4, 4, 4, 4, 4, 4, 4, 4, 4, 4, 4, 4, 4, 4, 4, 4, 4, 4, 4, 4, 4, 4, 4, 4, 4, 4, 4, 4, 4, 4, 4, 4, 4, 4, 4, 4, 4, 4, 4, 4, 4, 4, 4, 4, 4, 4, 4, 4, 4, 4, 4, 4, 4, 4, 4, 4, 4, 4, 4, 4, 4, 4, 4, 4, 4, 4, 4, 4, 4, 4, 4, 4, 4, 4, 4, 4, 4, 4, 4, 4, 4, 4, 4, 4, 4, 4, 4, 4, 4, 3], "test_accuracy": 0.8402457757296466, "predictions": [7, 4, 1, 10, 7, 1, 8, 8, 1, 3, 4, 7, 1, 9, 8, 8, 9, 6, 4, 9, 8, 10, 1, 4, 8, 8, 9, 6, 2, 10, 2, 1, 1, 9, 6, 3, 10, 5, 5, 0, 10, 2, 9, 10, 7, 8, 10, 2, 8, 8, 2, 4, 3, 4, 6, 1, 1, 8, 1, 10, 10, 6, 9, 6, 5, 9, 8, 5, 8, 0, 3, 3, 9, 3, 8, 8, 6, 8, 9, 2, 3, 1, 3, 1, 5, 5, 1, 8, 0, 4, 9, 2, 10, 7, 0, 5, 1, 8, 2, 7, 5, 1, 10, 6, 10, 8, 3, 9, 10, 4, 7, 4, 0, 3, 7, 8, 0, 8, 0, 0, 4, 3, 7, 8, 5, 1, 7, 2, 6, 7, 4, 0, 10, 10, 7, 9, 4, 1, 9, 0, 10, 3, 3, 9, 4, 7, 4, 7, 2, 10, 2, 4, 10, 10, 1, 0, 10, 5, 4, 7, 8, 9, 10, 4, 2, 3, 10, 5, 8, 0, 6, 0, 10, 7, 6, 8, 0, 8, 1, 2, 6, 3, 5, 3, 9, 3, 4, 8, 3, 2, 8, 2, 0, 3, 9, 8, 8, 3, 9, 9, 9, 1, 6, 1, 4, 1, 9, 9, 3, 9, 5, 6, 2, 5, 4, 5, 2, 10, 8, 4, 7, 3, 0, 6, 7, 1, 5, 7, 1, 0, 1, 6, 3, 7, 7, 2, 10, 4, 3, 10, 9, 4, 3, 3, 1, 7, 8, 5, 2, 4, 10, 1, 1, 2, 3, 10, 6, 8, 5, 3, 3, 2, 7, 0, 5, 1, 8, 1, 5, 7, 2, 10, 3, 5, 6, 2, 7, 6, 9, 7, 9, 1, 8, 10, 2, 4, 2, 5, 5, 3, 8, 0, 8, 6, 0, 1, 2, 7, 3, 2, 4, 10, 8, 6, 6, 5, 2, 7, 10, 1, 7, 6, 9, 2, 5, 2, 0, 9, 4, 3, 6, 6, 7, 9, 1, 8, 8, 5, 2, 9, 4, 1, 3, 0, 4, 7, 1, 2, 9, 2, 5, 0, 9, 10, 5, 0, 5, 7, 3, 6, 9, 6, 4, 9, 5, 1, 8, 3, 7, 7, 4, 8, 6, 10, 8, 9, 6, 5, 1, 9, 4, 3, 5, 0, 9, 10, 5, 0, 3, 7, 3, 1, 8, 2, 10, 4, 4, 9, 3, 7, 8, 6, 7, 5, 0, 0, 5, 6, 9, 9, 7, 9, 8, 8, 1, 10, 10, 5, 5, 7, 3, 3, 5, 10, 4, 7, 2, 3, 1, 1, 0, 9, 4, 1, 2, 0, 1, 7, 8, 4, 8, 3, 8, 0, 3, 2, 2, 3, 7, 10, 10, 4, 10, 6, 6, 5, 0, 10, 8, 2, 1, 1, 9, 5, 9, 9, 1, 3, 5, 7, 8, 10, 1, 10, 1, 6, 3, 5, 2, 4, 10, 1, 1, 2, 8, 2, 4, 8, 2, 5, 9, 9, 0, 7, 6, 4, 9, 0, 2, 8, 6, 9, 3, 7, 2, 4, 10, 0, 1, 3, 1, 6, 3, 4, 6, 3, 3, 5, 1, 7, 7, 10, 4, 10, 2, 4, 9, 7, 5, 1, 4, 5, 0, 4, 5, 4, 4, 5, 9, 7, 7, 2, 0, 2, 5, 3, 2, 8, 1, 8, 9, 1, 8, 0, 2, 0, 9, 7, 6, 9, 6, 9, 0, 10, 8, 8, 8, 1, 7, 2, 2, 7, 9, 6, 1, 2, 5, 0, 8, 2, 8, 5, 2, 10, 8, 7, 9, 6, 8, 6, 6, 6, 7, 9, 7, 9, 4, 9, 3, 2, 7, 5, 1, 7, 5, 4, 0, 7, 8, 0, 7, 4, 5, 5, 4, 8, 6, 6, 1, 9, 3, 0, 1, 4, 7, 1, 9, 9, 6, 6, 10, 7, 1, 3, 3, 4, 1, 4, 3, 10, 7, 8, 4, 9, 2, 8, 2, 3, 7, 8, 6, 8, 1, 7, 4, 0, 2, 0, 8, 6, 7],