{"val_acc": [0.6912442396313364, 0.7450076804915514, 0.7972350230414746, 0.8079877112135176, 0.8079877112135176, 0.8387096774193549, 0.8248847926267281, 0.8125960061443932, 0.8387096774193549, 0.8540706605222734], "val_loss": [0.8699070614036972, 0.7197163242366782, 0.5979583363385836, 0.5899930693454858, 0.5594250872771204, 0.5045698672658735, 0.502855467221534, 0.5500868653787151, 0.4868282862036186, 0.47317087682295433], "train_loss": [1.3031991895346031, 0.7803930169354064, 0.6675930890869286, 0.5975064027576396, 0.5630133423870103, 0.5246434859101753, 0.49937243732049563, 0.4852491543144776, 0.47237638611933097, 0.45135994299470866], "test_correct_in_batch": [4.0, 3.0, 2.0, 1.0, 4.0, 4.0, 2.0, 1.0, 3.0, 4.0, 4.0, 3.0, 2.0, 4.0, 3.0, 3.0, 3.0, 3.0, 3.0, 3.0, 3.0, 4.0, 3.0, 4.0, 4.0, 3.0, 4.0, 3.0, 3.0, 4.0, 3.0, 3.0, 4.0, 4.0, 3.0, 4.0, 4.0, 4.0, 4.0, 4.0, 4.0, 4.0, 3.0, 3.0, 3.0, 4.0, 4.0, 4.0, 3.0, 3.0, 3.0, 1.0, 4.0, 4.0, 2.0, 4.0, 4.0, 4.0, 4.0, 4.0, 4.0, 3.0, 3.0, 4.0, 3.0, 4.0, 4.0, 3.0, 3.0, 3.0, 1.0, 3.0, 3.0, 2.0, 4.0, 3.0, 3.0, 4.0, 3.0, 3.0, 4.0, 4.0, 4.0, 2.0, 3.0, 3.0, 4.0, 4.0, 4.0, 4.0, 3.0, 3.0, 2.0, 4.0, 4.0, 4.0, 4.0, 2.0, 2.0, 4.0, 3.0, 3.0, 3.0, 4.0, 4.0, 4.0, 4.0, 3.0, 3.0, 4.0, 4.0, 2.0, 3.0, 4.0, 2.0, 4.0, 2.0, 4.0, 4.0, 3.0, 4.0, 3.0, 3.0, 4.0, 2.0, 2.0, 4.0, 3.0, 4.0, 4.0, 3.0, 4.0, 4.0, 3.0, 3.0, 2.0, 4.0, 3.0, 3.0, 3.0, 4.0, 2.0, 4.0, 3.0, 4.0, 3.0, 3.0, 3.0, 3.0, 4.0, 3.0, 4.0, 4.0, 4.0, 2.0, 3.0, 3.0, 2.0, 2.0, 4.0, 4.0, 4.0, 3.0], "test_losses": [0.002857549348846078, 0.8815448880195618, 0.9991559982299805, 1.8727805614471436, 0.10006612539291382, 0.037321094423532486, 1.620213508605957, 2.1354892253875732, 0.6549398303031921, 0.02585882693529129, 0.1806800216436386, 0.6899940371513367, 1.8389021158218384, 0.03660713881254196, 0.24862636625766754, 0.7521408200263977, 0.5438358187675476, 0.5366316437721252, 1.018052577972412, 0.6071352362632751, 0.30216264724731445, 0.1550421565771103, 0.9030393362045288, 0.1394057720899582, 0.21719634532928467, 0.46254962682724, 0.05470423400402069, 0.5643490552902222, 0.429245263338089, 0.028060825541615486, 1.0952863693237305, 0.45584535598754883, 0.02329195663332939, 0.11335822194814682, 0.6427115201950073, 0.1527356505393982, 0.20039474964141846, 0.19960764050483704, 0.0510881133377552, 0.10482392460107803, 0.389892578125, 0.22572404146194458, 0.7969617247581482, 1.1628012657165527, 0.31490644812583923, 0.19356635212898254, 0.20181815326213837, 0.13392406702041626, 0.5366591215133667, 0.8539519906044006, 1.5804829597473145, 1.6135597229003906, 0.06311048567295074, 0.3935275077819824, 0.9141440987586975, 0.13889248669147491, 0.27599036693573, 0.0469832681119442, 0.030199823901057243, 0.27585411071777344, 0.0773032158613205, 0.30059105157852173, 0.6526299715042114, 0.07119204849004745, 0.5205389261245728, 0.11254478245973587, 0.04380526766180992, 0.9328473210334778, 0.7673505544662476, 0.6901189684867859, 2.5706241130828857, 0.3896397650241852, 1.6081535816192627, 0.9945886135101318, 0.01930723525583744, 0.8168438076972961, 0.4784431755542755, 0.026131922379136086, 0.4597594141960144, 0.5138523578643799, 0.20660509169101715, 0.35465526580810547, 0.0652729719877243, 1.0880399942398071, 0.9653164148330688, 1.3737211227416992, 0.14120273292064667, 0.07050849497318268, 0.21580243110656738, 0.4132240414619446, 0.415945827960968, 0.9367528557777405, 2.4522922039031982, 0.21131786704063416, 0.023434508591890335, 0.25677916407585144, 0.3455747961997986, 2.18282413482666, 0.7303534150123596, 0.22264647483825684, 0.8860874176025391, 0.4512249529361725, 0.8680469989776611, 0.1767117828130722, 0.20839418470859528, 0.29112744331359863, 0.05563455820083618, 0.5968812704086304, 1.207310676574707, 0.1643880158662796, 0.051110800355672836, 0.7196087837219238, 0.3849005103111267, 0.13119587302207947, 2.128903865814209, 0.11781678348779678, 1.4592682123184204, 0.17087262868881226, 0.02438296377658844, 0.504727840423584, 0.1721675544977188, 1.0774122476577759, 0.2573753595352173, 0.14579325914382935, 1.5030733346939087, 0.8278546929359436, 0.09996097534894943, 0.6244691014289856, 0.2804548144340515, 0.3535301983356476, 1.198165774345398, 0.2398776262998581, 0.2560745179653168, 0.5075187087059021, 0.723617434501648, 1.6940553188323975, 0.07719846069812775, 0.5341915488243103, 0.6627638936042786, 0.5710018873214722, 0.05864120274782181, 1.0563631057739258, 0.1501469910144806, 1.6360894441604614, 0.060541532933712006, 0.5399825572967529, 0.6924808621406555, 0.6609565615653992, 0.5314224362373352, 0.07235141098499298, 0.7582070231437683, 0.32077786326408386, 0.02595173940062523, 0.24123919010162354, 0.8333830833435059, 0.28479185700416565, 0.7545096278190613, 1.9422082901000977, 0.8029575943946838, 0.12516498565673828, 0.011662498116493225, 0.05522732436656952, 0.17692379653453827], "test_loss": 0.5529837538531062, "test_batch_lens": [4, 4, 4, 4, 4, 4, 4, 4, 4, 4, 4, 4, 4, 4, 4, 4, 4, 4, 4, 4, 4, 4, 4, 4, 4, 4, 4, 4, 4, 4, 4, 4, 4, 4, 4, 4, 4, 4, 4, 4, 4, 4, 4, 4, 4, 4, 4, 4, 4, 4, 4, 4, 4, 4, 4, 4, 4, 4, 4, 4, 4, 4, 4, 4, 4, 4, 4, 4, 4, 4, 4, 4, 4, 4, 4, 4, 4, 4, 4, 4, 4, 4, 4, 4, 4, 4, 4, 4, 4, 4, 4, 4, 4, 4, 4, 4, 4, 4, 4, 4, 4, 4, 4, 4, 4, 4, 4, 4, 4, 4, 4, 4, 4, 4, 4, 4, 4, 4, 4, 4, 4, 4, 4, 4, 4, 4, 4, 4, 4, 4, 4, 4, 4, 4, 4, 4, 4, 4, 4, 4, 4, 4, 4, 4, 4, 4, 4, 4, 4, 4, 4, 4, 4, 4, 4, 4, 4, 4, 4, 4, 4, 4, 3], "test_accuracy": 0.82642089093702, "predictions": [7, 4, 1, 10, 7, 1, 8, 5, 8, 0, 4, 7, 3, 9, 8, 8, 9, 6, 4, 9, 8, 10, 1, 4, 6, 3, 4, 6, 2, 8, 8, 0, 1, 0, 6, 3, 10, 5, 5, 0, 10, 3, 2, 10, 7, 8, 7, 3, 3, 0, 2, 4, 3, 4, 6, 1, 0, 9, 1, 10, 10, 6, 9, 6, 5, 0, 8, 5, 8, 0, 3, 1, 5, 3, 1, 8, 6, 8, 9, 3, 3, 1, 1, 1, 5, 5, 1, 8, 0, 8, 9, 10, 10, 7, 1, 5, 1, 8, 2, 7, 5, 0, 10, 6, 10, 8, 3, 9, 10, 4, 7, 9, 0, 3, 7, 8, 0, 8, 0, 0, 4, 3, 7, 6, 5, 1, 7, 2, 6, 7, 4, 0, 10, 10, 7, 9, 4, 1, 9, 1, 10, 3, 3, 9, 4, 7, 4, 7, 2, 10, 2, 4, 10, 10, 1, 0, 10, 5, 4, 7, 8, 9, 10, 4, 2, 3, 10, 5, 5, 0, 9, 0, 10, 7, 6, 6, 1, 8, 1, 2, 6, 3, 5, 3, 9, 3, 4, 8, 3, 2, 0, 2, 0, 4, 9, 8, 4, 3, 5, 9, 9, 1, 6, 1, 4, 0, 9, 0, 3, 9, 5, 6, 2, 5, 4, 5, 10, 10, 5, 4, 7, 3, 0, 6, 7, 0, 5, 7, 1, 0, 1, 6, 3, 7, 7, 2, 10, 4, 3, 10, 9, 4, 3, 3, 1, 7, 6, 5, 2, 4, 10, 3, 1, 2, 3, 10, 8, 9, 5, 3, 3, 10, 7, 1, 5, 1, 8, 1, 1, 7, 3, 10, 3, 5, 0, 2, 7, 0, 9, 7, 9, 8, 5, 2, 3, 4, 2, 5, 5, 3, 8, 8, 2, 6, 3, 1, 2, 7, 3, 2, 4, 10, 0, 6, 6, 5, 2, 7, 10, 1, 7, 6, 4, 2, 5, 2, 0, 9, 4, 2, 2, 6, 7, 9, 1, 8, 8, 5, 2, 9, 4, 1, 1, 3, 8, 7, 1, 2, 9, 2, 5, 0, 4, 10, 5, 0, 5, 7, 3, 6, 4, 6, 4, 9, 5, 1, 8, 3, 7, 7, 4, 4, 2, 10, 8, 9, 10, 5, 3, 9, 4, 0, 5, 0, 9, 10, 5, 0, 3, 7, 3, 1, 8, 2, 2, 4, 4, 9, 3, 7, 5, 0, 7, 4, 1, 0, 5, 6, 9, 9, 1, 7, 6, 9, 1, 10, 10, 4, 5, 1, 3, 3, 5, 10, 9, 7, 2, 3, 1, 1, 0, 5, 4, 1, 2, 0, 1, 8, 8, 5, 8, 3, 8, 3, 3, 2, 2, 3, 7, 10, 10, 4, 10, 6, 6, 5, 8, 4, 8, 2, 1, 4, 9, 5, 9, 9, 1, 8, 5, 8, 9, 10, 1, 8, 3, 6, 3, 4, 2, 4, 10, 1, 1, 2, 8, 2, 4, 8, 2, 8, 9, 9, 0, 7, 6, 9, 0, 0, 2, 6, 6, 9, 3, 7, 2, 4, 1, 0, 8, 3, 4, 6, 8, 4, 6, 3, 3, 5, 0, 7, 7, 10, 4, 10, 2, 5, 5, 7, 5, 1, 4, 5, 8, 4, 5, 4, 9, 5, 9, 7, 7, 2, 0, 2, 5, 3, 2, 2, 1, 8, 9, 1, 6, 0, 2, 0, 9, 7, 6, 4, 6, 9, 0, 10, 8, 3, 9, 1, 7, 3, 2, 7, 9, 6, 0, 8, 5, 0, 8, 2, 10, 5, 2, 10, 4, 7, 9, 6, 8, 6, 6, 9, 7, 9, 7, 4, 4, 9, 3, 8, 7, 4, 1, 0, 5, 4, 0, 7, 8, 0, 8, 4, 5, 5, 4, 8, 6, 6, 1, 5, 3, 0, 1, 4, 7, 1, 4, 5, 6, 6, 10, 7, 1, 1, 3, 4, 1, 4, 3, 4, 7, 6, 9, 9, 3, 1, 2, 3, 7, 8, 6, 8, 1, 7, 4, 0, 2, 0, 8, 6, 7],