{"val_acc": [0.0706605222734255, 0.0706605222734255, 0.0967741935483871, 0.07987711213517665, 0.06144393241167435, 0.0967741935483871, 0.08602150537634409, 0.07987711213517665, 0.10445468509984639, 0.08602150537634409], "val_loss": [2.4019112674736536, 2.400086837312195, 2.399195497021353, 2.3984006284936075, 2.3997191081017806, 2.397494705176792, 2.3996848460355418, 2.400577362329682, 2.3995154606052704, 2.3979192877108333], "train_loss": [2.399541374052093, 2.3987401255078438, 2.3984474637155024, 2.3984779323921925, 2.3985052780051483, 2.3984786775128724, 2.3983645962073457, 2.3983449063086058, 2.3985073636956566, 2.398471844336974], "test_correct_in_batch": [0.0, 0.0, 0.0, 1.0, 0.0, 0.0, 0.0, 0.0, 1.0, 0.0, 1.0, 1.0, 1.0, 1.0, 0.0, 0.0, 0.0, 1.0, 1.0, 0.0, 2.0, 0.0, 0.0, 0.0, 0.0, 0.0, 1.0, 0.0, 1.0, 0.0, 0.0, 0.0, 0.0, 0.0, 0.0, 2.0, 0.0, 0.0, 0.0, 0.0, 0.0, 1.0, 0.0, 0.0, 0.0, 2.0, 1.0, 1.0, 0.0, 1.0, 0.0, 1.0, 1.0, 0.0, 0.0, 1.0, 0.0, 0.0, 1.0, 1.0, 2.0, 0.0, 0.0, 1.0, 1.0, 1.0, 0.0, 1.0, 1.0, 1.0, 0.0, 0.0, 1.0, 0.0, 1.0, 0.0, 0.0, 0.0, 0.0, 1.0, 0.0, 0.0, 0.0, 0.0, 0.0, 0.0, 0.0, 1.0, 0.0, 1.0, 0.0, 0.0, 0.0, 0.0, 1.0, 1.0, 0.0, 1.0, 0.0, 0.0, 0.0, 0.0, 2.0, 0.0, 1.0, 0.0, 0.0, 1.0, 1.0, 1.0, 0.0, 0.0, 0.0, 0.0, 1.0, 0.0, 1.0, 0.0, 0.0, 0.0, 0.0, 0.0, 0.0, 1.0, 2.0, 1.0, 2.0, 0.0, 0.0, 0.0, 0.0, 0.0, 0.0, 1.0, 0.0, 0.0, 0.0, 0.0, 0.0, 1.0, 0.0, 0.0, 0.0, 0.0, 0.0, 0.0, 0.0, 2.0, 0.0, 0.0, 0.0, 0.0, 1.0, 0.0, 0.0, 0.0, 1.0, 1.0, 0.0, 1.0, 0.0, 0.0, 0.0], "test_losses": [2.4026222229003906, 2.415980100631714, 2.4046592712402344, 2.3961572647094727, 2.395918607711792, 2.409552812576294, 2.41264009475708, 2.4155213832855225, 2.398069381713867, 2.384096622467041, 2.3852791786193848, 2.3986940383911133, 2.3968329429626465, 2.4036366939544678, 2.406083583831787, 2.404604911804199, 2.3899364471435547, 2.4130454063415527, 2.4130454063415527, 2.4046316146850586, 2.4010820388793945, 2.4023265838623047, 2.392664909362793, 2.395554542541504, 2.412677049636841, 2.3983991146087646, 2.3899240493774414, 2.4026222229003906, 2.391834259033203, 2.402817487716675, 2.406571388244629, 2.3968963623046875, 2.4005730152130127, 2.3848235607147217, 2.4048962593078613, 2.377960681915283, 2.4005024433135986, 2.400848627090454, 2.3966455459594727, 2.3902320861816406, 2.39866304397583, 2.3851206302642822, 2.400024175643921, 2.3996622562408447, 2.413609266281128, 2.382507562637329, 2.3968329429626465, 2.396244525909424, 2.397230863571167, 2.3918635845184326, 2.4209227561950684, 2.402400255203247, 2.385679244995117, 2.3937010765075684, 2.404151678085327, 2.391834020614624, 2.3906610012054443, 2.414924144744873, 2.3916847705841064, 2.3853578567504883, 2.3848695755004883, 2.4056880474090576, 2.406249761581421, 2.3975110054016113, 2.385679244995117, 2.393883228302002, 2.4147167205810547, 2.391785144805908, 2.391951084136963, 2.3861961364746094, 2.406592845916748, 2.4006898403167725, 2.3925588130950928, 2.4128260612487793, 2.3953123092651367, 2.4033684730529785, 2.400494337081909, 2.4017605781555176, 2.395122528076172, 2.3908348083496094, 2.3977010250091553, 2.412618637084961, 2.4075913429260254, 2.4127557277679443, 2.4093739986419678, 2.387458324432373, 2.3872995376586914, 2.3974523544311523, 2.4006025791168213, 2.3949878215789795, 2.400144100189209, 2.401728630065918, 2.4005730152130127, 2.3855972290039062, 2.3856282234191895, 2.407644271850586, 2.402268886566162, 2.3843350410461426, 2.3967995643615723, 2.3888509273529053, 2.394073486328125, 2.3923521041870117, 2.3796632289886475, 2.38466477394104, 2.4097423553466797, 2.403395891189575, 2.413609266281128, 2.4056246280670166, 2.399547815322876, 2.388482093811035, 2.393235206604004, 2.391644239425659, 2.410815954208374, 2.384145498275757, 2.3937246799468994, 2.4039855003356934, 2.4068613052368164, 2.406249761581421, 2.416304588317871, 2.4039928913116455, 2.3903000354766846, 2.3986332416534424, 2.4046316146850586, 2.3953909873962402, 2.3929855823516846, 2.392746925354004, 2.382507562637329, 2.399848461151123, 2.393859624862671, 2.3953959941864014, 2.398073434829712, 2.3882124423980713, 2.3948564529418945, 2.3963234424591064, 2.410815954208374, 2.414119005203247, 2.3957889080047607, 2.39505672454834, 2.4046807289123535, 2.400792360305786, 2.397700786590576, 2.3990917205810547, 2.3970839977264404, 2.4004454612731934, 2.403848648071289, 2.397779703140259, 2.4018657207489014, 2.386730670928955, 2.402463674545288, 2.4018852710723877, 2.390073299407959, 2.4094157218933105, 2.3946568965911865, 2.414853811264038, 2.4006242752075195, 2.399848222732544, 2.3989312648773193, 2.391785144805908, 2.3940062522888184, 2.3986153602600098, 2.411893844604492, 2.4022884368896484, 2.406123399734497], "test_loss": 2.3987275091416995, "test_batch_lens": [4, 4, 4, 4, 4, 4, 4, 4, 4, 4, 4, 4, 4, 4, 4, 4, 4, 4, 4, 4, 4, 4, 4, 4, 4, 4, 4, 4, 4, 4, 4, 4, 4, 4, 4, 4, 4, 4, 4, 4, 4, 4, 4, 4, 4, 4, 4, 4, 4, 4, 4, 4, 4, 4, 4, 4, 4, 4, 4, 4, 4, 4, 4, 4, 4, 4, 4, 4, 4, 4, 4, 4, 4, 4, 4, 4, 4, 4, 4, 4, 4, 4, 4, 4, 4, 4, 4, 4, 4, 4, 4, 4, 4, 4, 4, 4, 4, 4, 4, 4, 4, 4, 4, 4, 4, 4, 4, 4, 4, 4, 4, 4, 4, 4, 4, 4, 4, 4, 4, 4, 4, 4, 4, 4, 4, 4, 4, 4, 4, 4, 4, 4, 4, 4, 4, 4, 4, 4, 4, 4, 4, 4, 4, 4, 4, 4, 4, 4, 4, 4, 4, 4, 4, 4, 4, 4, 4, 4, 4, 4, 4, 4, 3], "test_accuracy": 0.0967741935483871, "predictions": [3, 3, 3, 3, 3, 3, 3, 3, 3, 3, 3, 3, 3, 3, 3, 3, 3, 3, 3, 3, 3, 3, 3, 3, 3, 3, 3, 3, 3, 3, 3, 3, 3, 3, 3, 3, 3, 3, 3, 3, 3, 3, 3, 3, 3, 3, 3, 3, 3, 3, 3, 3, 3, 3, 3, 3, 3, 3, 3, 3, 3, 3, 3, 3, 3, 3, 3, 3, 3, 3, 3, 3, 3, 3, 3, 3, 3, 3, 3, 3, 3, 3, 3, 3, 3, 3, 3, 3, 3, 3, 3, 3, 3, 3, 3, 3, 3, 3, 3, 3, 3, 3, 3, 3, 3, 3, 3, 3, 3, 3, 3, 3, 3, 3, 3, 3, 3, 3, 3, 3, 3, 3, 3, 3, 3, 3, 3, 3, 3, 3, 3, 3, 3, 3, 3, 3, 3, 3, 3, 3, 3, 3, 3, 3, 3, 3, 3, 3, 3, 3, 3, 3, 3, 3, 3, 3, 3, 3, 3, 3, 3, 3, 3, 3, 3, 3, 3, 3, 3, 3, 3, 3, 3, 3, 3, 3, 3, 3, 3, 3, 3, 3, 3, 3, 3, 3, 3, 3, 3, 3, 3, 3, 3, 3, 3, 3, 3, 3, 3, 3, 3, 3, 3, 3, 3, 3, 3, 3, 3, 3, 3, 3, 3, 3, 3, 3, 3, 3, 3, 3, 3, 3, 3, 3, 3, 3, 3, 3, 3, 3, 3, 3, 3, 3, 3, 3, 3, 3, 3, 3, 3, 3, 3, 3, 3, 3, 3, 3, 3, 3, 3, 3, 3, 3, 3, 3, 3, 3, 3, 3, 3, 3, 3, 3, 3, 3, 3, 3, 3, 3, 3, 3, 3, 3, 3, 3, 3, 3, 3, 3, 3, 3, 3, 3, 3, 3, 3, 3, 3, 3, 3, 3, 3, 3, 3, 3, 3, 3, 3, 3, 3, 3, 3, 3, 3, 3, 3, 3, 3, 3, 3, 3, 3, 3, 3, 3, 3, 3, 3, 3, 3, 3, 3, 3, 3, 3, 3, 3, 3, 3, 3, 3, 3, 3, 3, 3, 3, 3, 3, 3, 3, 3, 3, 3, 3, 3, 3, 3, 3, 3, 3, 3, 3, 3, 3, 3, 3, 3, 3, 3, 3, 3, 3, 3, 3, 3, 3, 3, 3, 3, 3, 3, 3, 3, 3, 3, 3, 3, 3, 3, 3, 3, 3, 3, 3, 3, 3, 3, 3, 3, 3, 3, 3, 3, 3, 3, 3, 3, 3, 3, 3, 3, 3, 3, 3, 3, 3, 3, 3, 3, 3, 3, 3, 3, 3, 3, 3, 3, 3, 3, 3, 3, 3, 3, 3, 3, 3, 3, 3, 3, 3, 3, 3, 3, 3, 3, 3, 3, 3, 3, 3, 3, 3, 3, 3, 3, 3, 3, 3, 3, 3, 3, 3, 3, 3, 3, 3, 3, 3, 3, 3, 3, 3, 3, 3, 3, 3, 3, 3, 3, 3, 3, 3, 3, 3, 3, 3, 3, 3, 3, 3, 3, 3, 3, 3, 3, 3, 3, 3, 3, 3, 3, 3, 3, 3, 3, 3, 3, 3, 3, 3, 3, 3, 3, 3, 3, 3, 3, 3, 3, 3, 3, 3, 3, 3, 3, 3, 3, 3, 3, 3, 3, 3, 3, 3, 3, 3, 3, 3, 3, 3, 3, 3, 3, 3, 3, 3, 3, 3, 3, 3, 3, 3, 3, 3, 3, 3, 3, 3, 3, 3, 3, 3, 3, 3, 3, 3, 3, 3, 3, 3, 3, 3, 3, 3, 3, 3, 3, 3, 3, 3, 3, 3, 3, 3, 3, 3, 3, 3, 3, 3, 3, 3, 3, 3, 3, 3, 3, 3, 3, 3, 3, 3, 3, 3, 3, 3, 3, 3, 3, 3, 3, 3, 3, 3, 3, 3, 3, 3, 3, 3, 3, 3, 3, 3, 3, 3, 3, 3, 3, 3, 3, 3, 3, 3, 3, 3, 3, 3, 3, 3, 3, 3, 3, 3, 3, 3, 3, 3, 3, 3, 3, 3, 3, 3, 3, 3, 3, 3, 3, 3],