{"val_acc": [0.7741935483870968, 0.8709677419354839, 0.9109062980030722, 0.9078341013824884, 0.9216589861751152, 0.9170506912442397, 0.9354838709677419, 0.9216589861751152, 0.9324116743471582, 0.9278033794162827], "val_loss": [0.7263056967790279, 0.4263648099096012, 0.29213929932726623, 0.3135468233200869, 0.26727238205901455, 0.23142280948436592, 0.23308184635881699, 0.23842972270875826, 0.22162467128596933, 0.2080842804519145], "train_loss": [1.4294006045033463, 0.5537785233869286, 0.3706928563525109, 0.29226270028893436, 0.2416250111091711, 0.20470402539335783, 0.17440269331690014, 0.15132524480777929, 0.13045990469026106, 0.11248607673278696], "test_correct_in_batch": [4.0, 4.0, 3.0, 3.0, 4.0, 4.0, 3.0, 2.0, 3.0, 4.0, 4.0, 4.0, 2.0, 4.0, 4.0, 3.0, 3.0, 4.0, 3.0, 4.0, 3.0, 4.0, 3.0, 4.0, 4.0, 4.0, 4.0, 3.0, 3.0, 4.0, 3.0, 4.0, 4.0, 4.0, 4.0, 4.0, 4.0, 4.0, 4.0, 3.0, 4.0, 4.0, 3.0, 4.0, 3.0, 4.0, 3.0, 3.0, 4.0, 3.0, 4.0, 1.0, 4.0, 4.0, 4.0, 4.0, 4.0, 4.0, 4.0, 4.0, 4.0, 4.0, 4.0, 4.0, 4.0, 4.0, 4.0, 4.0, 3.0, 3.0, 3.0, 4.0, 4.0, 4.0, 4.0, 4.0, 4.0, 4.0, 3.0, 4.0, 3.0, 4.0, 4.0, 4.0, 4.0, 3.0, 4.0, 4.0, 4.0, 4.0, 4.0, 4.0, 3.0, 4.0, 4.0, 4.0, 4.0, 2.0, 4.0, 4.0, 3.0, 4.0, 4.0, 3.0, 4.0, 4.0, 4.0, 4.0, 4.0, 4.0, 4.0, 4.0, 4.0, 4.0, 4.0, 4.0, 2.0, 4.0, 4.0, 3.0, 3.0, 3.0, 4.0, 4.0, 3.0, 4.0, 2.0, 4.0, 4.0, 3.0, 4.0, 4.0, 4.0, 4.0, 4.0, 4.0, 4.0, 3.0, 4.0, 3.0, 4.0, 3.0, 4.0, 4.0, 4.0, 4.0, 3.0, 4.0, 3.0, 4.0, 4.0, 4.0, 4.0, 4.0, 3.0, 3.0, 4.0, 3.0, 4.0, 4.0, 4.0, 4.0, 3.0], "test_losses": [0.0192911084741354, 0.018109962344169617, 1.1733506917953491, 0.6791930794715881, 0.000189949685591273, 0.0002876426442526281, 1.6847772598266602, 3.2867250442504883, 1.579230546951294, 0.0001694093953119591, 0.0008889104938134551, 0.009575187228620052, 1.8861445188522339, 0.007642512675374746, 2.0652365492423996e-05, 0.7799696922302246, 0.7139703631401062, 0.1284971535205841, 0.8718701601028442, 0.012445781379938126, 0.4249539375305176, 0.08856770396232605, 1.1254042387008667, 0.0010897385654971004, 0.0007619762327522039, 2.965188650705386e-05, 0.0002969243796542287, 0.8151021599769592, 0.647596001625061, 0.0004621466214302927, 0.38383814692497253, 0.0012222985969856381, 0.003948373254388571, 1.5765108400955796e-05, 0.0002531609789002687, 0.00026469846488907933, 0.001424949849024415, 0.000593713775742799, 0.011409672908484936, 0.6494770050048828, 0.03309572488069534, 0.0011053683701902628, 0.8501209616661072, 0.0026430601719766855, 0.23835691809654236, 0.0002651930262800306, 0.8242185115814209, 0.5852819085121155, 0.03009907342493534, 0.34929847717285156, 0.11142390966415405, 4.08036994934082, 0.008916964754462242, 0.08253444731235504, 0.04430828616023064, 6.318067789834458e-06, 0.0018375494983047247, 0.0014517385279759765, 0.00013697866233997047, 0.01374136470258236, 0.006188326980918646, 0.00020972666970919818, 0.007535145618021488, 0.0017714828718453646, 0.25944820046424866, 0.08250194787979126, 0.0006052138633094728, 0.040282972157001495, 0.5653150081634521, 1.2443983554840088, 0.8085837960243225, 0.004143611062318087, 0.02874717116355896, 0.006800335831940174, 3.4778626286424696e-05, 0.0010270543862134218, 0.0002561603323556483, 0.0013498356565833092, 0.6449907422065735, 0.00044237112160772085, 0.5064486265182495, 0.0011434655170887709, 0.0174165740609169, 5.8886438637273386e-05, 0.18640603125095367, 0.7497816681861877, 0.029862144961953163, 0.01602519489824772, 0.08653146028518677, 0.11531487107276917, 0.07623610645532608, 6.639623461524025e-05, 0.6470529437065125, 0.002748915459960699, 7.63776624808088e-05, 0.00015975238056853414, 0.006408032029867172, 1.3869209289550781, 0.003112626960501075, 0.017798591405153275, 2.44045352935791, 0.0026587978936731815, 0.0008842096431180835, 1.704735517501831, 0.00012011513172183186, 0.16046129167079926, 0.0003136419109068811, 0.010281100869178772, 0.0005453948979265988, 7.063097655191086e-06, 0.00012288292055018246, 0.11819411814212799, 0.00012308676377870142, 0.004257604014128447, 0.04091576486825943, 6.800222035963088e-05, 1.3568110466003418, 0.002171482890844345, 0.0002485440345481038, 0.8071737885475159, 0.5135982036590576, 1.6233375072479248, 0.04379639774560928, 0.01091682631522417, 1.3413162231445312, 0.013959646224975586, 0.9125223755836487, 0.05332111567258835, 0.037874985486269, 0.6025601029396057, 0.008960590697824955, 0.07707897573709488, 3.504627602524124e-05, 0.2502969801425934, 0.007651456166058779, 0.05888241156935692, 0.0003619962080847472, 1.3371202945709229, 0.00015239739150274545, 0.8697007894515991, 0.00033270951826125383, 0.539372980594635, 0.2245234251022339, 0.00010328418284188956, 2.6731948310043663e-05, 0.22439591586589813, 0.32260745763778687, 0.00168215564917773, 0.5400983691215515, 0.0011137783294543624, 0.02894577756524086, 0.000825644878204912, 0.03949202969670296, 0.0009091795072890818, 0.8747831583023071, 0.6659308671951294, 0.004728273022919893, 0.4245425760746002, 0.01357454527169466, 0.00011571182403713465, 0.0009291279129683971, 0.009695252403616905, 0.004555500578135252], "test_loss": 0.30772854100101493, "test_batch_lens": [4, 4, 4, 4, 4, 4, 4, 4, 4, 4, 4, 4, 4, 4, 4, 4, 4, 4, 4, 4, 4, 4, 4, 4, 4, 4, 4, 4, 4, 4, 4, 4, 4, 4, 4, 4, 4, 4, 4, 4, 4, 4, 4, 4, 4, 4, 4, 4, 4, 4, 4, 4, 4, 4, 4, 4, 4, 4, 4, 4, 4, 4, 4, 4, 4, 4, 4, 4, 4, 4, 4, 4, 4, 4, 4, 4, 4, 4, 4, 4, 4, 4, 4, 4, 4, 4, 4, 4, 4, 4, 4, 4, 4, 4, 4, 4, 4, 4, 4, 4, 4, 4, 4, 4, 4, 4, 4, 4, 4, 4, 4, 4, 4, 4, 4, 4, 4, 4, 4, 4, 4, 4, 4, 4, 4, 4, 4, 4, 4, 4, 4, 4, 4, 4, 4, 4, 4, 4, 4, 4, 4, 4, 4, 4, 4, 4, 4, 4, 4, 4, 4, 4, 4, 4, 4, 4, 4, 4, 4, 4, 4, 4, 3], "test_accuracy": 0.9185867895545314, "predictions": [7, 4, 1, 10, 7, 1, 8, 8, 0, 1, 4, 7, 1, 9, 3, 1, 9, 6, 4, 9, 8, 10, 1, 4, 6, 1, 8, 6, 6, 8, 8, 0, 1, 1, 6, 3, 10, 5, 5, 0, 10, 3, 2, 10, 7, 8, 4, 3, 8, 8, 1, 4, 3, 4, 6, 1, 1, 9, 1, 10, 10, 6, 9, 6, 5, 3, 8, 5, 8, 1, 3, 1, 5, 3, 1, 8, 6, 8, 9, 2, 3, 1, 8, 1, 5, 5, 1, 8, 0, 9, 9, 10, 10, 7, 1, 5, 1, 8, 2, 7, 5, 1, 10, 6, 10, 8, 3, 9, 10, 4, 7, 8, 0, 3, 7, 8, 0, 8, 0, 0, 4, 0, 7, 6, 5, 1, 7, 9, 6, 7, 4, 0, 10, 10, 7, 9, 4, 1, 9, 0, 10, 3, 3, 9, 4, 7, 4, 7, 2, 10, 2, 4, 10, 10, 1, 0, 10, 6, 4, 7, 8, 9, 10, 4, 2, 3, 10, 5, 8, 0, 8, 0, 10, 7, 6, 8, 0, 8, 1, 8, 6, 3, 5, 3, 9, 2, 4, 8, 8, 2, 0, 2, 0, 9, 9, 8, 1, 8, 5, 9, 8, 1, 6, 1, 4, 1, 9, 9, 3, 9, 5, 6, 2, 5, 4, 5, 2, 10, 8, 4, 7, 3, 0, 6, 7, 0, 5, 7, 1, 0, 1, 6, 3, 7, 7, 2, 10, 4, 3, 10, 9, 4, 3, 3, 1, 7, 8, 5, 2, 4, 10, 1, 1, 2, 3, 10, 6, 9, 5, 3, 3, 10, 7, 1, 5, 1, 8, 1, 8, 7, 3, 10, 3, 5, 8, 2, 7, 2, 9, 7, 3, 8, 8, 10, 2, 4, 2, 5, 5, 3, 8, 0, 8, 6, 0, 1, 2, 7, 3, 2, 4, 10, 8, 6, 6, 0, 2, 7, 10, 1, 7, 6, 4, 2, 5, 2, 0, 9, 4, 3, 6, 6, 7, 9, 1, 8, 8, 5, 2, 9, 4, 1, 1, 8, 4, 7, 1, 2, 7, 2, 5, 0, 9, 10, 5, 0, 5, 7, 3, 6, 4, 6, 4, 9, 5, 1, 8, 3, 7, 7, 4, 4, 6, 10, 8, 9, 8, 5, 6, 9, 4, 0, 5, 0, 9, 10, 5, 0, 3, 7, 3, 1, 8, 2, 2, 4, 4, 9, 3, 7, 5, 8, 9, 4, 0, 0, 5, 6, 9, 9, 7, 7, 8, 9, 1, 10, 10, 5, 5, 7, 3, 3, 5, 10, 4, 7, 2, 3, 1, 1, 0, 5, 4, 1, 2, 0, 1, 8, 8, 4, 8, 3, 8, 0, 3, 2, 2, 3, 7, 10, 10, 4, 10, 6, 6, 5, 0, 9, 8, 2, 1, 9, 9, 5, 9, 9, 1, 3, 5, 7, 9, 10, 1, 8, 0, 6, 3, 4, 2, 4, 10, 1, 1, 2, 8, 2, 4, 8, 2, 8, 4, 9, 0, 7, 6, 9, 8, 0, 2, 8, 6, 9, 3, 7, 2, 4, 8, 0, 1, 3, 9, 6, 3, 4, 6, 1, 1, 5, 0, 1, 7, 10, 4, 10, 2, 5, 5, 7, 5, 8, 4, 5, 0, 4, 5, 4, 9, 5, 9, 7, 7, 2, 0, 2, 4, 3, 2, 9, 1, 8, 9, 1, 8, 8, 2, 0, 9, 7, 6, 1, 6, 9, 0, 10, 8, 8, 8, 1, 7, 3, 2, 7, 9, 6, 8, 8, 9, 0, 8, 2, 10, 5, 2, 10, 8, 7, 9, 6, 8, 6, 6, 4, 7, 9, 7, 1, 4, 9, 3, 3, 7, 4, 1, 7, 8, 4, 0, 7, 8, 0, 7, 4, 5, 5, 4, 8, 6, 6, 1, 5, 3, 0, 1, 4, 7, 1, 9, 4, 6, 8, 10, 7, 8, 0, 3, 9, 1, 4, 3, 8, 7, 8, 9, 9, 4, 0, 2, 3, 7, 8, 6, 8, 1, 7, 4, 0, 2, 0, 8, 6, 7],