{"val_acc": [0.8509984639016898, 0.8832565284178188, 0.8755760368663594, 0.8878648233486943, 0.8940092165898618, 0.8725038402457758, 0.8602150537634409, 0.880184331797235, 0.8832565284178188, 0.8894009216589862], "val_loss": [0.45348954795105556, 0.35591085308139997, 0.41259493977738476, 0.32742579389067844, 0.2958012655415955, 0.38953360102514795, 0.4502468073101199, 0.3960365168519286, 0.3331785404439853, 0.42093094451690916], "train_loss": [0.9034395728515274, 0.46691652846888076, 0.3670481204554855, 0.3078749737580377, 0.2675366894979179, 0.23277918994840183, 0.21279701314013966, 0.19328050408535802, 0.18085389517401831, 0.1729804471792507], "test_correct_in_batch": [4.0, 3.0, 4.0, 4.0, 4.0, 4.0, 3.0, 3.0, 2.0, 4.0, 4.0, 3.0, 2.0, 4.0, 4.0, 3.0, 3.0, 3.0, 3.0, 4.0, 3.0, 4.0, 4.0, 4.0, 4.0, 4.0, 4.0, 2.0, 3.0, 4.0, 2.0, 4.0, 4.0, 4.0, 4.0, 4.0, 3.0, 4.0, 4.0, 4.0, 4.0, 4.0, 3.0, 4.0, 3.0, 4.0, 4.0, 4.0, 2.0, 4.0, 3.0, 1.0, 4.0, 4.0, 3.0, 4.0, 4.0, 4.0, 3.0, 4.0, 4.0, 4.0, 4.0, 4.0, 4.0, 3.0, 4.0, 3.0, 3.0, 3.0, 2.0, 4.0, 4.0, 3.0, 4.0, 4.0, 4.0, 4.0, 4.0, 3.0, 4.0, 3.0, 4.0, 3.0, 4.0, 2.0, 3.0, 4.0, 4.0, 2.0, 4.0, 2.0, 3.0, 4.0, 3.0, 4.0, 3.0, 2.0, 3.0, 4.0, 3.0, 4.0, 4.0, 3.0, 4.0, 3.0, 4.0, 4.0, 2.0, 4.0, 4.0, 4.0, 4.0, 4.0, 3.0, 2.0, 3.0, 4.0, 3.0, 4.0, 4.0, 2.0, 4.0, 4.0, 3.0, 3.0, 4.0, 3.0, 3.0, 4.0, 4.0, 4.0, 4.0, 3.0, 4.0, 3.0, 4.0, 4.0, 3.0, 2.0, 3.0, 3.0, 4.0, 4.0, 3.0, 3.0, 3.0, 3.0, 3.0, 4.0, 4.0, 3.0, 4.0, 4.0, 3.0, 4.0, 2.0, 2.0, 3.0, 3.0, 4.0, 4.0, 3.0], "test_losses": [0.00047961960081011057, 0.831146776676178, 0.08199021965265274, 0.07259584963321686, 0.03158125653862953, 0.046625688672065735, 0.7400525212287903, 0.29744529724121094, 1.2880929708480835, 0.008575871586799622, 0.005115095525979996, 0.5156658291816711, 0.9862709045410156, 0.0011392799206078053, 0.00016151342424564064, 1.8279378414154053, 0.4616641700267792, 1.1125588417053223, 0.8990928530693054, 0.14110489189624786, 1.1013046503067017, 0.026866121217608452, 0.13464726507663727, 4.738544703286607e-06, 0.28259459137916565, 6.57650816719979e-05, 0.027065014466643333, 0.9693596363067627, 0.4206185042858124, 0.0015616725431755185, 1.6974698305130005, 0.0026813442818820477, 0.08012213557958603, 2.1159573861950776e-06, 0.0051988959312438965, 0.16123344004154205, 1.0126055479049683, 0.04341104254126549, 0.052020344883203506, 0.0011141683207824826, 0.05913843214511871, 0.0004784593475051224, 0.8146244883537292, 0.005035013426095247, 0.6217833757400513, 0.0018839386757463217, 0.0021132284309715033, 0.013663011603057384, 1.8246809244155884, 0.015669748187065125, 0.18628063797950745, 2.53418231010437, 0.0019424001220613718, 0.12447786331176758, 0.40077340602874756, 0.0028408982325345278, 0.03379269689321518, 0.005684361327439547, 2.056213855743408, 0.008693239651620388, 0.02622659131884575, 0.07537848502397537, 0.20991723239421844, 5.667774530593306e-05, 0.13457469642162323, 1.2428475618362427, 0.030281178653240204, 0.9010940790176392, 2.020657539367676, 0.5504594445228577, 1.0805693864822388, 0.004835691303014755, 0.015647804364562035, 1.2025097608566284, 0.005835006479173899, 0.00833958201110363, 0.00010408028902020305, 0.05041548237204552, 0.023394525051116943, 0.30285441875457764, 0.007918678224086761, 0.4824237525463104, 0.003972974605858326, 0.3429704010486603, 0.0006446107872761786, 0.7598214149475098, 1.0353626012802124, 0.0074594332836568356, 0.007102213334292173, 1.3605546951293945, 0.0011440201196819544, 0.8631253838539124, 2.0991530418395996, 2.2887554223416373e-05, 0.566172182559967, 0.006701077334582806, 0.2641570568084717, 2.1596903800964355, 0.4518958330154419, 2.7088846763945185e-05, 0.7776336669921875, 6.984925857977942e-05, 0.04590676352381706, 0.8315874934196472, 0.19074423611164093, 0.6478725671768188, 0.016517743468284607, 0.19810667634010315, 1.515951156616211, 0.0006783183780498803, 0.0033396556973457336, 0.13406147062778473, 0.0449618324637413, 0.012164609506726265, 1.1269224882125854, 1.5460014343261719, 0.40033894777297974, 0.002060960978269577, 0.5818853378295898, 0.01661878637969494, 0.00046500767348334193, 1.1280735731124878, 0.09617277979850769, 0.10035761445760727, 1.1189064979553223, 0.5758180022239685, 0.0005947910249233246, 2.7997214794158936, 0.8405576944351196, 0.020755816251039505, 0.19475913047790527, 0.007471773773431778, 7.68891186453402e-06, 0.4062499403953552, 0.023414764553308487, 0.3722413182258606, 2.369231151533313e-05, 0.02186070755124092, 1.366703748703003, 2.164097309112549, 0.2183559536933899, 0.29610946774482727, 0.14483045041561127, 9.391953062731773e-05, 0.41267699003219604, 0.6695142984390259, 1.0769875049591064, 0.6551016569137573, 1.0479271411895752, 0.03859160840511322, 0.034093815833330154, 0.5515907406806946, 0.0016980671789497137, 0.00044808065285906196, 1.3161128759384155, 0.0007188443560153246, 1.1267855167388916, 2.5837841033935547, 0.45744049549102783, 0.19404307007789612, 0.0003384169249329716, 0.009134730324149132, 0.03500225767493248], "test_loss": 0.4453532066919221, "test_batch_lens": [4, 4, 4, 4, 4, 4, 4, 4, 4, 4, 4, 4, 4, 4, 4, 4, 4, 4, 4, 4, 4, 4, 4, 4, 4, 4, 4, 4, 4, 4, 4, 4, 4, 4, 4, 4, 4, 4, 4, 4, 4, 4, 4, 4, 4, 4, 4, 4, 4, 4, 4, 4, 4, 4, 4, 4, 4, 4, 4, 4, 4, 4, 4, 4, 4, 4, 4, 4, 4, 4, 4, 4, 4, 4, 4, 4, 4, 4, 4, 4, 4, 4, 4, 4, 4, 4, 4, 4, 4, 4, 4, 4, 4, 4, 4, 4, 4, 4, 4, 4, 4, 4, 4, 4, 4, 4, 4, 4, 4, 4, 4, 4, 4, 4, 4, 4, 4, 4, 4, 4, 4, 4, 4, 4, 4, 4, 4, 4, 4, 4, 4, 4, 4, 4, 4, 4, 4, 4, 4, 4, 4, 4, 4, 4, 4, 4, 4, 4, 4, 4, 4, 4, 4, 4, 4, 4, 4, 4, 4, 4, 4, 4, 3], "test_accuracy": 0.8648233486943164}