{"val_acc": [0.3302611367127496, 0.423963133640553, 0.4715821812596006, 0.5576036866359447, 0.554531490015361, 0.5791090629800307, 0.5606758832565284, 0.5929339477726574, 0.6098310291858678, 0.5898617511520737], "val_loss": [1.9361732700851066, 1.6952212390724135, 1.5111302674913698, 1.321293075757524, 1.3089727927570693, 1.2234742675273695, 1.246589756999279, 1.1963340498369897, 1.1554013336637268, 1.1592222843204905], "train_loss": [2.1806661217552175, 1.842109839587137, 1.61060837972852, 1.4693216228761599, 1.3683438971241284, 1.2846981699728843, 1.235208513121555, 1.1959280474212293, 1.1485683750123368, 1.1203639537363363], "test_correct_in_batch": [4.0, 1.0, 2.0, 0.0, 3.0, 3.0, 2.0, 1.0, 3.0, 4.0, 3.0, 4.0, 1.0, 4.0, 3.0, 3.0, 2.0, 2.0, 1.0, 4.0, 1.0, 1.0, 2.0, 4.0, 2.0, 4.0, 3.0, 3.0, 2.0, 3.0, 2.0, 3.0, 2.0, 2.0, 2.0, 3.0, 3.0, 3.0, 3.0, 2.0, 2.0, 2.0, 1.0, 3.0, 1.0, 3.0, 2.0, 3.0, 3.0, 1.0, 3.0, 1.0, 3.0, 2.0, 2.0, 4.0, 3.0, 2.0, 3.0, 3.0, 2.0, 3.0, 2.0, 4.0, 3.0, 2.0, 3.0, 2.0, 3.0, 2.0, 1.0, 4.0, 3.0, 2.0, 4.0, 1.0, 3.0, 2.0, 2.0, 2.0, 3.0, 1.0, 4.0, 2.0, 2.0, 2.0, 2.0, 4.0, 3.0, 2.0, 2.0, 3.0, 1.0, 2.0, 2.0, 0.0, 4.0, 1.0, 3.0, 2.0, 1.0, 3.0, 3.0, 3.0, 1.0, 2.0, 2.0, 1.0, 2.0, 3.0, 3.0, 3.0, 2.0, 3.0, 2.0, 3.0, 2.0, 2.0, 4.0, 2.0, 2.0, 2.0, 3.0, 3.0, 3.0, 2.0, 1.0, 2.0, 4.0, 2.0, 2.0, 2.0, 3.0, 2.0, 2.0, 1.0, 4.0, 4.0, 2.0, 2.0, 3.0, 1.0, 1.0, 2.0, 2.0, 3.0, 2.0, 3.0, 2.0, 3.0, 3.0, 3.0, 4.0, 3.0, 2.0, 2.0, 2.0, 2.0, 3.0, 2.0, 4.0, 3.0, 2.0], "test_losses": [0.15681873261928558, 2.0824713706970215, 0.9999801516532898, 3.263551712036133, 1.095863699913025, 1.0340899229049683, 1.5016193389892578, 1.8328684568405151, 1.3838521242141724, 0.1658957302570343, 0.9939805865287781, 0.3545335531234741, 3.10347056388855, 0.36840441823005676, 0.7613429427146912, 0.7350380420684814, 1.7198824882507324, 1.481144905090332, 2.169288158416748, 0.7072528600692749, 3.1603140830993652, 1.7594985961914062, 1.624354362487793, 0.32817497849464417, 1.5997438430786133, 0.2938670217990875, 1.1860511302947998, 1.0704171657562256, 1.5763850212097168, 0.8568841218948364, 1.4248077869415283, 0.7163204550743103, 0.8938267230987549, 0.8676533699035645, 0.9807972311973572, 0.9161596894264221, 0.346912682056427, 0.7730458378791809, 0.5097517371177673, 0.7684037685394287, 2.1539063453674316, 1.4660038948059082, 1.5415985584259033, 1.1601558923721313, 1.317337155342102, 0.875933051109314, 2.4586329460144043, 1.1719210147857666, 1.0234503746032715, 1.6044625043869019, 1.268244743347168, 2.309297561645508, 1.264232873916626, 1.9806549549102783, 1.6564382314682007, 0.2145378589630127, 0.8317943215370178, 0.7997424602508545, 0.37665480375289917, 0.7172607779502869, 1.0404213666915894, 0.5654950737953186, 0.8110373020172119, 0.37632837891578674, 1.7953213453292847, 1.1261621713638306, 0.6894477605819702, 1.35052490234375, 0.951671302318573, 1.2857298851013184, 2.5489158630371094, 0.2790980935096741, 1.2782996892929077, 1.4632165431976318, 0.27348771691322327, 1.8551805019378662, 0.8417102694511414, 0.7105689644813538, 1.4444109201431274, 1.7795841693878174, 1.304783821105957, 2.1243417263031006, 0.5851686000823975, 1.1673492193222046, 1.4162760972976685, 1.1951228380203247, 1.3765887022018433, 0.6484154462814331, 0.5990623831748962, 1.601043939590454, 1.925524353981018, 1.2545924186706543, 2.32831072807312, 1.449973464012146, 1.427922010421753, 1.5968105792999268, 0.3859712481498718, 2.1357669830322266, 0.8385800123214722, 0.9661078453063965, 1.5788042545318604, 0.7687503695487976, 1.505428433418274, 0.6890889406204224, 1.3272700309753418, 1.0820958614349365, 1.484658122062683, 1.6765859127044678, 1.0052006244659424, 0.8455356359481812, 1.256539225578308, 1.939679741859436, 0.951043963432312, 0.7588901519775391, 1.4240686893463135, 0.5395140647888184, 1.6966614723205566, 1.317911148071289, 0.4676963984966278, 1.5080089569091797, 0.8878695964813232, 0.9212347269058228, 1.236626148223877, 1.1082931756973267, 0.5731727480888367, 1.2614775896072388, 1.5217909812927246, 1.3779367208480835, 0.23506377637386322, 0.7197388410568237, 1.4380043745040894, 1.0353138446807861, 1.18657386302948, 1.8602348566055298, 1.566281795501709, 2.3251194953918457, 0.33755192160606384, 0.4851441979408264, 1.1170494556427002, 2.328409433364868, 0.8601245880126953, 2.3022773265838623, 1.8386380672454834, 1.185682773590088, 1.7841964960098267, 1.4845993518829346, 1.8337011337280273, 1.1759185791015625, 1.9545886516571045, 0.7649556398391724, 0.8914240598678589, 1.4486745595932007, 0.3210538327693939, 1.8403834104537964, 1.0811827182769775, 0.881977915763855, 0.9721689224243164, 1.0969531536102295, 0.8137216567993164, 1.4903538227081299, 0.2287377119064331, 0.7931022644042969, 0.8282175660133362], "test_loss": 1.2133144666812172, "test_batch_lens": [4, 4, 4, 4, 4, 4, 4, 4, 4, 4, 4, 4, 4, 4, 4, 4, 4, 4, 4, 4, 4, 4, 4, 4, 4, 4, 4, 4, 4, 4, 4, 4, 4, 4, 4, 4, 4, 4, 4, 4, 4, 4, 4, 4, 4, 4, 4, 4, 4, 4, 4, 4, 4, 4, 4, 4, 4, 4, 4, 4, 4, 4, 4, 4, 4, 4, 4, 4, 4, 4, 4, 4, 4, 4, 4, 4, 4, 4, 4, 4, 4, 4, 4, 4, 4, 4, 4, 4, 4, 4, 4, 4, 4, 4, 4, 4, 4, 4, 4, 4, 4, 4, 4, 4, 4, 4, 4, 4, 4, 4, 4, 4, 4, 4, 4, 4, 4, 4, 4, 4, 4, 4, 4, 4, 4, 4, 4, 4, 4, 4, 4, 4, 4, 4, 4, 4, 4, 4, 4, 4, 4, 4, 4, 4, 4, 4, 4, 4, 4, 4, 4, 4, 4, 4, 4, 4, 4, 4, 4, 4, 4, 4, 3], "test_accuracy": 0.6052227342549923, "predictions": [7, 4, 1, 10, 7, 3, 10, 5, 4, 3, 4, 7, 0, 5, 6, 7, 9, 6, 4, 0, 8, 10, 0, 4, 6, 1, 9, 6, 6, 10, 9, 0, 1, 3, 6, 3, 10, 5, 5, 0, 10, 3, 6, 10, 7, 8, 4, 3, 8, 2, 10, 4, 3, 4, 6, 1, 7, 9, 1, 10, 10, 6, 9, 6, 5, 8, 8, 0, 5, 1, 9, 1, 8, 3, 5, 5, 6, 8, 9, 2, 0, 1, 6, 7, 5, 0, 8, 1, 0, 5, 9, 2, 10, 7, 1, 5, 0, 5, 2, 7, 5, 1, 10, 6, 2, 8, 3, 9, 10, 4, 7, 8, 8, 1, 7, 6, 0, 8, 8, 0, 4, 0, 7, 10, 5, 9, 7, 9, 6, 7, 9, 5, 10, 10, 9, 1, 4, 3, 9, 1, 10, 1, 3, 9, 9, 7, 4, 7, 2, 10, 0, 4, 10, 10, 3, 0, 2, 5, 2, 7, 4, 9, 2, 4, 10, 4, 10, 5, 0, 0, 7, 8, 10, 7, 6, 6, 8, 6, 1, 6, 6, 8, 5, 3, 9, 3, 6, 2, 3, 2, 0, 6, 0, 9, 9, 0, 5, 1, 9, 9, 0, 1, 6, 1, 4, 0, 0, 0, 9, 9, 5, 6, 8, 5, 10, 5, 5, 10, 0, 4, 7, 3, 0, 6, 7, 9, 5, 7, 8, 0, 3, 6, 1, 7, 7, 2, 10, 5, 3, 10, 9, 1, 0, 3, 3, 7, 8, 5, 6, 4, 10, 3, 1, 2, 3, 10, 9, 9, 5, 3, 3, 7, 7, 0, 5, 1, 8, 3, 7, 7, 9, 10, 3, 5, 8, 2, 7, 8, 5, 7, 5, 3, 5, 10, 2, 4, 2, 5, 5, 3, 6, 0, 9, 2, 0, 1, 2, 7, 3, 2, 5, 10, 3, 2, 2, 0, 2, 7, 10, 3, 9, 6, 4, 2, 5, 3, 0, 9, 9, 2, 2, 9, 7, 9, 1, 2, 7, 0, 2, 9, 4, 1, 3, 3, 4, 7, 1, 3, 9, 2, 5, 8, 0, 10, 2, 1, 5, 7, 3, 6, 4, 6, 9, 9, 5, 1, 9, 3, 9, 7, 9, 10, 6, 10, 2, 9, 8, 5, 3, 5, 4, 9, 9, 0, 1, 10, 9, 0, 0, 7, 1, 3, 1, 4, 2, 4, 4, 9, 3, 0, 5, 7, 9, 9, 0, 0, 9, 6, 4, 9, 8, 9, 3, 9, 1, 10, 10, 0, 9, 7, 3, 3, 5, 10, 2, 7, 9, 3, 3, 9, 0, 5, 9, 9, 6, 0, 1, 7, 7, 4, 7, 0, 8, 6, 1, 2, 2, 3, 9, 10, 7, 4, 10, 6, 6, 5, 0, 2, 8, 2, 3, 8, 9, 5, 5, 9, 8, 2, 5, 7, 9, 10, 1, 10, 0, 6, 0, 8, 10, 4, 10, 3, 1, 2, 8, 2, 4, 3, 2, 0, 5, 9, 1, 7, 6, 9, 10, 1, 9, 8, 6, 9, 6, 7, 2, 4, 3, 0, 1, 1, 9, 10, 0, 4, 7, 1, 1, 5, 1, 9, 7, 10, 4, 10, 2, 5, 0, 7, 5, 3, 9, 5, 7, 4, 5, 4, 4, 0, 9, 7, 0, 2, 0, 2, 5, 7, 2, 8, 1, 6, 8, 1, 5, 4, 2, 0, 9, 7, 6, 9, 6, 9, 0, 10, 10, 0, 6, 4, 7, 3, 2, 7, 9, 2, 4, 6, 9, 8, 0, 2, 3, 8, 10, 10, 9, 7, 2, 6, 7, 6, 6, 10, 7, 9, 7, 9, 4, 7, 3, 3, 7, 5, 9, 7, 5, 9, 0, 7, 6, 0, 7, 9, 5, 5, 4, 8, 4, 6, 1, 5, 3, 0, 1, 10, 7, 1, 5, 9, 6, 6, 10, 8, 3, 0, 1, 9, 3, 4, 1, 6, 7, 8, 9, 4, 4, 0, 2, 3, 9, 6, 6, 8, 1, 7, 9, 0, 2, 0, 6, 6, 7],