{"val_acc": [0.8540706605222734, 0.9109062980030722, 0.8847926267281107, 0.890937019969278, 0.9170506912442397], "val_loss": [0.5045262830452623, 0.3070395333352001, 0.33283837619083156, 0.36088686593886754, 0.25033088452397473], "train_loss": [0.7926140035742842, 0.4125488789480276, 0.3152773565509881, 0.25748935558131547, 0.22312406889814715], "test_correct_in_batch": [4.0, 4.0, 4.0, 3.0, 4.0, 4.0, 4.0, 3.0, 3.0, 4.0, 3.0, 4.0, 2.0, 4.0, 4.0, 3.0, 3.0, 3.0, 3.0, 3.0, 4.0, 4.0, 4.0, 4.0, 4.0, 4.0, 4.0, 3.0, 3.0, 4.0, 4.0, 4.0, 3.0, 4.0, 4.0, 4.0, 4.0, 4.0, 4.0, 4.0, 4.0, 4.0, 3.0, 4.0, 3.0, 4.0, 3.0, 4.0, 4.0, 4.0, 3.0, 2.0, 4.0, 4.0, 4.0, 4.0, 4.0, 3.0, 4.0, 3.0, 4.0, 4.0, 4.0, 4.0, 3.0, 3.0, 4.0, 2.0, 3.0, 3.0, 3.0, 4.0, 4.0, 4.0, 4.0, 4.0, 4.0, 4.0, 3.0, 3.0, 4.0, 4.0, 3.0, 4.0, 4.0, 2.0, 3.0, 3.0, 4.0, 4.0, 4.0, 4.0, 1.0, 4.0, 4.0, 4.0, 3.0, 2.0, 4.0, 4.0, 3.0, 4.0, 4.0, 3.0, 4.0, 4.0, 4.0, 4.0, 3.0, 4.0, 4.0, 3.0, 4.0, 4.0, 2.0, 4.0, 2.0, 4.0, 4.0, 3.0, 4.0, 3.0, 4.0, 4.0, 3.0, 4.0, 4.0, 2.0, 4.0, 3.0, 4.0, 4.0, 4.0, 4.0, 4.0, 4.0, 4.0, 4.0, 4.0, 2.0, 4.0, 3.0, 4.0, 4.0, 4.0, 3.0, 3.0, 4.0, 4.0, 4.0, 4.0, 4.0, 4.0, 4.0, 3.0, 4.0, 4.0, 3.0, 3.0, 4.0, 4.0, 4.0, 3.0], "test_losses": [1.2785018952854443e-05, 0.002031644806265831, 0.02866939641535282, 0.32484108209609985, 0.009653730317950249, 0.00026102137053385377, 0.19269467890262604, 0.636546790599823, 0.6159052848815918, 0.00014009456208441406, 0.2201571762561798, 0.01713564433157444, 1.214961051940918, 0.009475454688072205, 0.006085761822760105, 1.59386146068573, 0.9870378375053406, 0.7003661394119263, 0.44338271021842957, 0.20506873726844788, 0.07561248540878296, 0.00018702674424275756, 0.054357510060071945, 0.00011442707182141021, 0.012693393975496292, 0.032774005085229874, 0.003040001494809985, 0.730905294418335, 0.4878149926662445, 0.032024797052145004, 0.31479763984680176, 0.0010909809498116374, 0.1917513906955719, 6.109415608079871e-06, 0.008922483772039413, 0.028776118531823158, 0.004454037174582481, 6.546916119987145e-05, 0.00043374093365855515, 0.042569227516651154, 0.027823355048894882, 0.005160757806152105, 0.9711111783981323, 0.001722569577395916, 0.34125471115112305, 0.0015669646672904491, 0.34957587718963623, 0.23066458106040955, 0.22377441823482513, 0.044052187353372574, 1.195411205291748, 3.1193103790283203, 0.07032299786806107, 0.000851754448376596, 0.0003652390732895583, 0.001252192771062255, 0.02240227721631527, 0.32731086015701294, 0.007958704605698586, 0.8929241299629211, 0.04652673378586769, 0.0234405305236578, 0.17460337281227112, 0.044796813279390335, 0.44360896944999695, 0.5570500493049622, 0.0656873881816864, 1.7269070148468018, 0.7613428831100464, 0.7547084093093872, 0.6700764298439026, 0.00014125011512078345, 0.025646820664405823, 0.1589425504207611, 0.008327148854732513, 0.043400198221206665, 0.042164094746112823, 0.0006836145184934139, 0.46615520119667053, 0.4473988711833954, 0.0023818081244826317, 0.05088070407509804, 0.5848267078399658, 0.15231402218341827, 0.06813991069793701, 0.977363109588623, 0.3664250075817108, 0.5579862594604492, 0.1287190318107605, 0.04338613152503967, 0.0031253343913704157, 0.015062643215060234, 2.5206987857818604, 0.017378026619553566, 0.001152168377302587, 0.02199065499007702, 0.3783892095088959, 1.900050163269043, 0.08122514933347702, 0.025505430996418, 0.7195515036582947, 0.017744911834597588, 0.0022174648474901915, 1.246403694152832, 0.013745879754424095, 0.0369453988969326, 0.00021175987785682082, 0.016078734770417213, 0.5441697835922241, 0.0031818679999560118, 0.002563438843935728, 0.810980498790741, 0.0002573057427071035, 0.0001177668891614303, 1.4046218395233154, 0.0014426636043936014, 0.8799026608467102, 0.0002920880797319114, 0.0015181684866547585, 0.8562775254249573, 0.058340199291706085, 0.46066492795944214, 0.1344362050294876, 0.008566067554056644, 1.1987279653549194, 0.019673505797982216, 0.008173301815986633, 1.1006715297698975, 0.004267505370080471, 0.420474648475647, 0.008631492033600807, 0.0004184809513390064, 1.2248623534105718e-05, 0.5070043206214905, 0.013670407235622406, 0.011936713941395283, 0.00030794538906775415, 0.0018338002264499664, 0.022452212870121002, 1.610137701034546, 0.002111053094267845, 0.5747211575508118, 0.06598779559135437, 0.00045135177788324654, 0.0008325169910676777, 0.7658224105834961, 0.8498357534408569, 0.012508849613368511, 0.23538771271705627, 0.002628099173307419, 0.007999701425433159, 0.11972968280315399, 0.026592401787638664, 0.0009681163355708122, 0.5598278641700745, 0.01472924742847681, 0.0030337776988744736, 0.7865341901779175, 0.5287423729896545, 0.0025581512600183487, 0.0008031366742216051, 0.0014055977808311582, 0.01350459922105074], "test_loss": 0.29539537567469404, "test_batch_lens": [4, 4, 4, 4, 4, 4, 4, 4, 4, 4, 4, 4, 4, 4, 4, 4, 4, 4, 4, 4, 4, 4, 4, 4, 4, 4, 4, 4, 4, 4, 4, 4, 4, 4, 4, 4, 4, 4, 4, 4, 4, 4, 4, 4, 4, 4, 4, 4, 4, 4, 4, 4, 4, 4, 4, 4, 4, 4, 4, 4, 4, 4, 4, 4, 4, 4, 4, 4, 4, 4, 4, 4, 4, 4, 4, 4, 4, 4, 4, 4, 4, 4, 4, 4, 4, 4, 4, 4, 4, 4, 4, 4, 4, 4, 4, 4, 4, 4, 4, 4, 4, 4, 4, 4, 4, 4, 4, 4, 4, 4, 4, 4, 4, 4, 4, 4, 4, 4, 4, 4, 4, 4, 4, 4, 4, 4, 4, 4, 4, 4, 4, 4, 4, 4, 4, 4, 4, 4, 4, 4, 4, 4, 4, 4, 4, 4, 4, 4, 4, 4, 4, 4, 4, 4, 4, 4, 4, 4, 4, 4, 4, 4, 3], "test_accuracy": 0.901689708141321, "predictions": [7, 4, 1, 10, 7, 1, 8, 8, 0, 8, 4, 7, 1, 9, 8, 0, 9, 6, 4, 9, 8, 10, 1, 4, 6, 8, 8, 6, 6, 8, 2, 8, 1, 1, 6, 3, 10, 5, 5, 0, 10, 2, 2, 10, 7, 8, 4, 3, 8, 8, 2, 4, 3, 4, 6, 1, 1, 9, 1, 10, 10, 6, 2, 6, 5, 7, 8, 5, 8, 1, 3, 9, 5, 3, 1, 8, 6, 2, 9, 2, 3, 1, 3, 1, 5, 5, 1, 8, 0, 4, 9, 10, 10, 7, 1, 5, 1, 8, 2, 7, 5, 1, 10, 6, 10, 8, 3, 9, 10, 4, 7, 2, 0, 3, 7, 8, 0, 8, 0, 0, 4, 8, 7, 6, 5, 1, 7, 9, 6, 7, 4, 8, 10, 10, 7, 9, 4, 1, 9, 0, 10, 3, 3, 9, 4, 7, 4, 7, 2, 10, 2, 4, 10, 10, 1, 0, 10, 5, 4, 7, 8, 9, 10, 4, 2, 3, 10, 5, 8, 0, 2, 0, 10, 7, 6, 8, 3, 8, 1, 2, 6, 3, 5, 3, 9, 8, 4, 8, 3, 2, 0, 2, 0, 9, 9, 8, 1, 3, 5, 9, 4, 1, 6, 1, 4, 9, 9, 8, 3, 9, 5, 6, 2, 5, 4, 5, 2, 10, 8, 4, 7, 3, 0, 6, 7, 0, 5, 7, 1, 8, 1, 6, 3, 7, 7, 2, 10, 9, 3, 10, 9, 4, 3, 3, 1, 7, 8, 5, 2, 4, 10, 1, 1, 2, 3, 10, 6, 9, 9, 3, 3, 10, 7, 9, 5, 1, 8, 1, 3, 7, 9, 10, 3, 5, 7, 2, 7, 2, 9, 7, 7, 8, 8, 10, 2, 4, 2, 5, 5, 3, 8, 0, 8, 6, 0, 1, 2, 7, 3, 2, 4, 10, 8, 6, 6, 0, 2, 7, 10, 1, 7, 6, 4, 2, 5, 2, 8, 9, 4, 3, 2, 6, 7, 9, 1, 8, 8, 5, 2, 4, 4, 1, 1, 8, 4, 7, 1, 2, 7, 2, 5, 8, 9, 10, 5, 8, 5, 7, 3, 6, 9, 6, 4, 9, 5, 1, 8, 3, 7, 7, 4, 4, 6, 10, 8, 9, 8, 5, 2, 9, 4, 4, 5, 0, 9, 10, 5, 0, 3, 7, 3, 1, 8, 2, 2, 8, 4, 9, 3, 7, 5, 2, 9, 4, 0, 0, 5, 6, 9, 9, 7, 7, 8, 9, 1, 10, 10, 5, 5, 7, 3, 3, 9, 10, 9, 7, 2, 3, 1, 1, 0, 5, 4, 1, 2, 0, 1, 8, 8, 4, 8, 3, 8, 1, 3, 2, 2, 3, 7, 10, 10, 4, 10, 6, 6, 5, 0, 5, 8, 2, 1, 9, 9, 5, 9, 9, 8, 3, 5, 8, 9, 10, 1, 8, 8, 6, 3, 9, 2, 4, 10, 1, 1, 2, 8, 2, 4, 8, 2, 8, 9, 9, 0, 7, 6, 9, 1, 0, 2, 8, 6, 9, 3, 7, 2, 4, 8, 0, 1, 3, 9, 6, 3, 4, 6, 3, 3, 5, 8, 7, 7, 10, 4, 10, 2, 5, 5, 7, 5, 3, 4, 5, 0, 4, 5, 4, 9, 5, 9, 7, 7, 2, 0, 2, 4, 3, 2, 9, 1, 8, 9, 1, 8, 8, 2, 0, 9, 7, 6, 9, 6, 9, 0, 10, 8, 8, 6, 7, 7, 3, 2, 7, 9, 6, 7, 8, 9, 8, 8, 2, 10, 5, 2, 10, 8, 7, 9, 6, 8, 6, 6, 2, 7, 9, 7, 1, 4, 9, 3, 3, 7, 4, 1, 7, 5, 4, 0, 7, 8, 0, 7, 4, 5, 5, 4, 8, 6, 6, 1, 5, 3, 0, 1, 4, 7, 1, 9, 4, 6, 8, 10, 7, 1, 0, 3, 9, 1, 4, 3, 6, 7, 8, 9, 9, 4, 8, 2, 3, 7, 8, 6, 8, 1, 7, 4, 0, 2, 0, 8, 6, 7],