{"val_acc": [0.28110599078341014, 0.3870967741935484, 0.48540706605222733, 0.533026113671275, 0.5883256528417818, 0.6175115207373272, 0.620583717357911, 0.6574500768049155, 0.6682027649769585, 0.663594470046083], "val_loss": [2.0484427550087676, 1.7424291588046068, 1.494531087531634, 1.3401506312785705, 1.1966975508886246, 1.1452574253630785, 1.116616940754323, 1.0186042975337228, 0.984388722552478, 0.9892196242977505], "train_loss": [2.2557757177471593, 1.9253097941287023, 1.6647904684292358, 1.4367347519266138, 1.2840490954923132, 1.2037767983331171, 1.153400804587967, 1.0850868860934926, 1.0252377343360597, 1.0094320191639738], "test_correct_in_batch": [3.0, 1.0, 2.0, 1.0, 4.0, 2.0, 3.0, 1.0, 3.0, 4.0, 2.0, 4.0, 1.0, 2.0, 3.0, 2.0, 2.0, 2.0, 1.0, 3.0, 2.0, 3.0, 2.0, 3.0, 3.0, 3.0, 4.0, 3.0, 4.0, 2.0, 0.0, 2.0, 3.0, 4.0, 2.0, 1.0, 3.0, 3.0, 2.0, 3.0, 2.0, 3.0, 2.0, 3.0, 2.0, 3.0, 3.0, 3.0, 3.0, 4.0, 3.0, 1.0, 0.0, 2.0, 2.0, 4.0, 3.0, 4.0, 1.0, 2.0, 2.0, 3.0, 3.0, 4.0, 3.0, 4.0, 3.0, 3.0, 3.0, 3.0, 1.0, 4.0, 3.0, 3.0, 4.0, 3.0, 3.0, 3.0, 3.0, 2.0, 3.0, 2.0, 2.0, 2.0, 3.0, 3.0, 3.0, 2.0, 3.0, 2.0, 1.0, 1.0, 1.0, 3.0, 4.0, 3.0, 3.0, 2.0, 3.0, 4.0, 2.0, 4.0, 3.0, 3.0, 2.0, 1.0, 1.0, 3.0, 3.0, 3.0, 3.0, 3.0, 4.0, 1.0, 3.0, 3.0, 1.0, 3.0, 4.0, 3.0, 2.0, 3.0, 4.0, 3.0, 2.0, 2.0, 3.0, 1.0, 2.0, 4.0, 3.0, 4.0, 2.0, 0.0, 2.0, 2.0, 3.0, 4.0, 2.0, 2.0, 3.0, 1.0, 1.0, 2.0, 2.0, 2.0, 2.0, 2.0, 2.0, 4.0, 2.0, 2.0, 3.0, 4.0, 2.0, 2.0, 3.0, 3.0, 0.0, 3.0, 4.0, 4.0, 3.0], "test_losses": [0.6889381408691406, 1.4012243747711182, 0.8551673293113708, 2.5114634037017822, 0.29918214678764343, 0.9863084554672241, 0.9242975115776062, 1.7751507759094238, 1.6702406406402588, 0.1341097056865692, 0.9580139517784119, 0.07276475429534912, 2.8725504875183105, 0.6746139526367188, 0.6994740962982178, 1.0119820833206177, 1.517529845237732, 0.7587763667106628, 2.3088371753692627, 1.0683791637420654, 1.7412388324737549, 1.5221247673034668, 1.309448003768921, 0.9736284017562866, 0.7279165387153625, 0.5578873753547668, 0.60822594165802, 0.7149128913879395, 0.7257824540138245, 1.5212090015411377, 2.9591927528381348, 1.1289446353912354, 0.5226947069168091, 0.5013853311538696, 1.1580195426940918, 1.5172944068908691, 0.6256711483001709, 1.1299208402633667, 1.2790582180023193, 1.1971356868743896, 1.069400668144226, 1.1575469970703125, 0.890201985836029, 0.6835688352584839, 1.125809907913208, 0.5149673819541931, 0.7856296896934509, 0.9383105635643005, 1.2515552043914795, 1.198203444480896, 0.866729199886322, 1.8204973936080933, 2.3834352493286133, 2.2428793907165527, 0.9582222104072571, 0.1099749356508255, 1.0645047426223755, 0.45321592688560486, 0.9365370273590088, 0.7673397660255432, 1.074448823928833, 0.443103551864624, 0.7038524150848389, 0.18622800707817078, 0.8510213494300842, 0.5536185503005981, 0.7308905124664307, 1.0542707443237305, 0.9339821934700012, 0.7373480200767517, 1.6838933229446411, 0.1416173279285431, 1.1817584037780762, 0.9876487851142883, 0.2372174859046936, 0.5834071636199951, 0.5711970329284668, 0.8299190998077393, 0.6858885884284973, 1.8764526844024658, 0.5602314472198486, 3.085967779159546, 1.1326470375061035, 1.7808564901351929, 1.2320783138275146, 1.4591768980026245, 0.9615750312805176, 1.3221372365951538, 0.9148831367492676, 1.7956774234771729, 2.503101348876953, 1.3988432884216309, 2.332575798034668, 0.7866032719612122, 0.32357341051101685, 0.9758671522140503, 0.8461769819259644, 1.7465460300445557, 0.8304812908172607, 0.4994138479232788, 0.8488689064979553, 0.0920286774635315, 1.4293055534362793, 1.3665379285812378, 1.2882119417190552, 1.7642656564712524, 1.0974034070968628, 0.8966275453567505, 0.49980002641677856, 0.6706944108009338, 1.542864441871643, 1.1987751722335815, 0.45551902055740356, 1.9866070747375488, 0.8897693157196045, 0.657211184501648, 1.6943179368972778, 0.5243914127349854, 0.16430531442165375, 1.0672718286514282, 1.5971390008926392, 0.8177610039710999, 0.5223623514175415, 0.5900125503540039, 0.9371481537818909, 1.040350079536438, 1.1917338371276855, 2.6751151084899902, 1.7028348445892334, 0.21739128232002258, 1.3503495454788208, 0.16894738376140594, 1.2866119146347046, 1.8213526010513306, 1.0771352052688599, 1.7018682956695557, 1.401300311088562, 0.5736788511276245, 0.982214093208313, 2.256340503692627, 0.5683450102806091, 1.9322236776351929, 1.9005391597747803, 0.8872743248939514, 0.9897746443748474, 2.062683343887329, 1.9442095756530762, 1.174269199371338, 1.5464568138122559, 0.17214174568653107, 1.6340041160583496, 1.7586321830749512, 0.8238409757614136, 0.3489965796470642, 1.4277273416519165, 0.7593048214912415, 0.8948753476142883, 0.6549275517463684, 1.7806951999664307, 1.0926940441131592, 0.23625513911247253, 0.5216574668884277, 0.3321910798549652], "test_loss": 1.0972732923513542, "test_batch_lens": [4, 4, 4, 4, 4, 4, 4, 4, 4, 4, 4, 4, 4, 4, 4, 4, 4, 4, 4, 4, 4, 4, 4, 4, 4, 4, 4, 4, 4, 4, 4, 4, 4, 4, 4, 4, 4, 4, 4, 4, 4, 4, 4, 4, 4, 4, 4, 4, 4, 4, 4, 4, 4, 4, 4, 4, 4, 4, 4, 4, 4, 4, 4, 4, 4, 4, 4, 4, 4, 4, 4, 4, 4, 4, 4, 4, 4, 4, 4, 4, 4, 4, 4, 4, 4, 4, 4, 4, 4, 4, 4, 4, 4, 4, 4, 4, 4, 4, 4, 4, 4, 4, 4, 4, 4, 4, 4, 4, 4, 4, 4, 4, 4, 4, 4, 4, 4, 4, 4, 4, 4, 4, 4, 4, 4, 4, 4, 4, 4, 4, 4, 4, 4, 4, 4, 4, 4, 4, 4, 4, 4, 4, 4, 4, 4, 4, 4, 4, 4, 4, 4, 4, 4, 4, 4, 4, 4, 4, 4, 4, 4, 4, 3], "test_accuracy": 0.6405529953917051, "predictions": [7, 4, 1, 6, 7, 3, 2, 5, 3, 0, 4, 7, 3, 9, 6, 8, 9, 6, 4, 9, 8, 10, 0, 10, 6, 8, 1, 6, 6, 6, 7, 0, 1, 2, 6, 3, 10, 5, 5, 0, 10, 2, 6, 10, 7, 8, 4, 3, 2, 3, 2, 4, 1, 4, 6, 0, 1, 3, 1, 10, 2, 6, 8, 6, 5, 8, 8, 8, 8, 1, 2, 3, 0, 10, 5, 8, 6, 8, 2, 2, 1, 1, 3, 0, 5, 5, 1, 1, 8, 4, 9, 2, 10, 7, 0, 5, 9, 8, 2, 7, 5, 0, 10, 6, 10, 8, 3, 9, 10, 4, 7, 10, 0, 3, 7, 6, 0, 10, 5, 0, 2, 9, 1, 0, 5, 9, 7, 2, 6, 7, 4, 5, 10, 10, 7, 9, 4, 3, 1, 0, 2, 1, 10, 9, 9, 7, 4, 7, 2, 10, 0, 4, 10, 10, 3, 7, 10, 6, 4, 7, 4, 9, 2, 4, 2, 4, 10, 5, 6, 0, 7, 0, 10, 7, 6, 6, 0, 6, 7, 2, 6, 1, 5, 3, 9, 3, 4, 10, 3, 2, 0, 6, 0, 9, 9, 5, 1, 3, 5, 9, 9, 1, 6, 1, 9, 1, 3, 8, 9, 3, 8, 0, 1, 5, 10, 5, 6, 10, 1, 4, 7, 3, 0, 6, 7, 9, 5, 7, 1, 0, 1, 6, 1, 8, 7, 4, 10, 9, 1, 10, 9, 9, 0, 3, 3, 7, 8, 5, 2, 5, 10, 1, 1, 2, 3, 10, 2, 9, 5, 3, 3, 10, 7, 1, 5, 3, 8, 1, 9, 7, 3, 10, 3, 5, 6, 2, 7, 9, 9, 7, 9, 0, 0, 10, 2, 4, 2, 5, 5, 3, 6, 0, 2, 6, 0, 1, 2, 7, 3, 2, 4, 10, 5, 6, 6, 0, 2, 8, 10, 0, 7, 6, 4, 2, 5, 2, 9, 9, 9, 3, 2, 2, 7, 9, 8, 2, 8, 5, 2, 2, 9, 1, 3, 1, 4, 7, 1, 2, 9, 2, 5, 0, 5, 10, 5, 3, 5, 7, 1, 6, 5, 6, 2, 9, 5, 1, 1, 3, 2, 7, 9, 2, 2, 10, 2, 2, 10, 5, 2, 9, 4, 9, 5, 0, 1, 10, 5, 0, 3, 7, 3, 2, 8, 2, 2, 2, 4, 9, 3, 7, 0, 2, 9, 4, 3, 0, 5, 6, 9, 9, 7, 9, 8, 9, 1, 10, 10, 5, 5, 7, 9, 3, 5, 10, 9, 5, 2, 3, 8, 3, 3, 5, 5, 3, 6, 0, 3, 7, 7, 4, 8, 3, 8, 0, 1, 2, 2, 3, 9, 10, 10, 3, 10, 6, 6, 5, 0, 2, 8, 2, 1, 9, 5, 5, 5, 2, 9, 3, 5, 7, 9, 10, 1, 2, 0, 6, 0, 6, 2, 4, 10, 3, 1, 2, 8, 2, 4, 1, 2, 5, 4, 4, 0, 7, 6, 4, 2, 0, 2, 8, 6, 9, 1, 7, 2, 4, 2, 0, 0, 3, 6, 6, 2, 4, 10, 3, 3, 5, 1, 7, 7, 2, 6, 10, 4, 5, 5, 7, 5, 1, 4, 5, 9, 4, 5, 4, 9, 5, 8, 7, 7, 10, 5, 6, 5, 0, 2, 2, 1, 6, 6, 1, 8, 5, 2, 0, 3, 7, 6, 9, 6, 9, 0, 10, 10, 0, 10, 9, 7, 3, 2, 7, 9, 2, 2, 6, 0, 0, 7, 2, 9, 9, 10, 10, 4, 7, 2, 6, 6, 6, 6, 2, 7, 4, 7, 9, 10, 9, 3, 10, 7, 9, 3, 7, 5, 2, 0, 7, 8, 0, 7, 9, 6, 5, 4, 6, 4, 6, 1, 5, 9, 0, 1, 4, 7, 1, 9, 9, 2, 6, 10, 7, 3, 3, 3, 9, 3, 4, 1, 10, 7, 8, 4, 4, 2, 1, 2, 3, 9, 8, 6, 8, 1, 7, 4, 0, 2, 0, 8, 6, 7],