{"val_acc": [0.0706605222734255, 0.06144393241167435, 0.33640552995391704, 0.47619047619047616, 0.5238095238095238, 0.5683563748079877, 0.5852534562211982, 0.6082949308755761, 0.6513056835637481, 0.6559139784946236], "val_loss": [2.400297701724468, 2.3995963517873564, 1.8970209177286348, 1.4785385510307147, 1.3287859067229406, 1.2586563450792816, 1.1745860006180278, 1.127718509980506, 1.0555534591795477, 1.054988397273915], "train_loss": [2.399544169680452, 2.398717779825746, 2.180718520239865, 1.6806436386149053, 1.434898259689306, 1.30482497177711, 1.2198598935239164, 1.125929911363962, 1.0478794509951397, 1.004767333348984], "test_correct_in_batch": [3.0, 2.0, 2.0, 1.0, 2.0, 3.0, 2.0, 1.0, 4.0, 4.0, 3.0, 4.0, 1.0, 3.0, 4.0, 2.0, 2.0, 3.0, 3.0, 0.0, 0.0, 2.0, 2.0, 3.0, 4.0, 4.0, 2.0, 3.0, 2.0, 3.0, 2.0, 3.0, 3.0, 3.0, 1.0, 2.0, 3.0, 3.0, 2.0, 4.0, 0.0, 3.0, 3.0, 3.0, 2.0, 4.0, 1.0, 2.0, 3.0, 3.0, 3.0, 0.0, 0.0, 3.0, 2.0, 4.0, 4.0, 4.0, 1.0, 2.0, 3.0, 3.0, 2.0, 4.0, 1.0, 1.0, 3.0, 2.0, 2.0, 3.0, 1.0, 3.0, 2.0, 3.0, 4.0, 4.0, 4.0, 3.0, 2.0, 1.0, 3.0, 3.0, 3.0, 2.0, 2.0, 2.0, 1.0, 2.0, 3.0, 2.0, 3.0, 3.0, 1.0, 1.0, 4.0, 3.0, 4.0, 2.0, 2.0, 4.0, 2.0, 4.0, 2.0, 3.0, 2.0, 2.0, 3.0, 3.0, 3.0, 2.0, 2.0, 3.0, 4.0, 4.0, 2.0, 4.0, 2.0, 2.0, 3.0, 2.0, 2.0, 2.0, 4.0, 3.0, 1.0, 1.0, 0.0, 2.0, 2.0, 3.0, 2.0, 3.0, 2.0, 1.0, 2.0, 2.0, 3.0, 4.0, 1.0, 3.0, 4.0, 1.0, 2.0, 2.0, 4.0, 3.0, 2.0, 2.0, 2.0, 4.0, 2.0, 2.0, 3.0, 3.0, 3.0, 2.0, 4.0, 2.0, 1.0, 4.0, 4.0, 4.0, 2.0], "test_losses": [0.34563788771629333, 0.6670414209365845, 1.2284568548202515, 1.8361334800720215, 0.8681532144546509, 0.6566570997238159, 1.806684136390686, 1.7919225692749023, 0.7465289235115051, 0.26526954770088196, 0.534019947052002, 0.15713465213775635, 2.5384700298309326, 0.9247320890426636, 0.2365073412656784, 1.2586193084716797, 1.3610612154006958, 0.49076855182647705, 1.0078853368759155, 2.297529458999634, 1.3839417695999146, 1.4115482568740845, 1.2635995149612427, 0.44902724027633667, 0.2562526762485504, 0.20753300189971924, 1.2416050434112549, 0.7059252262115479, 0.8224920630455017, 0.9671902060508728, 1.8046625852584839, 0.6820071935653687, 0.495176762342453, 0.48394155502319336, 1.1765718460083008, 0.8693439960479736, 0.6587216854095459, 0.9829564094543457, 1.096543312072754, 0.1519165188074112, 2.2136614322662354, 1.1849268674850464, 0.9703199863433838, 0.6879599094390869, 1.4958221912384033, 0.4375297427177429, 1.659200668334961, 1.3123047351837158, 0.8158284425735474, 1.1125593185424805, 0.835687518119812, 3.1200551986694336, 2.674835681915283, 1.8759716749191284, 1.3311717510223389, 0.37550508975982666, 0.4583165645599365, 0.3702264428138733, 0.7821673154830933, 1.0387022495269775, 0.765285849571228, 0.9182990193367004, 0.9197359085083008, 0.47735822200775146, 1.3022968769073486, 1.0899237394332886, 0.6138637065887451, 1.2433462142944336, 1.4577100276947021, 0.8001995086669922, 2.2666001319885254, 1.393127202987671, 1.229511022567749, 0.9842167496681213, 0.24199846386909485, 0.2854948043823242, 0.43498629331588745, 0.5158727765083313, 1.2162208557128906, 2.2232258319854736, 1.0392067432403564, 1.0603280067443848, 0.7292541265487671, 1.3515985012054443, 1.5889918804168701, 1.4804092645645142, 1.7550636529922485, 0.788392186164856, 0.9005950093269348, 1.4572230577468872, 1.738214135169983, 0.8861391544342041, 1.6040161848068237, 1.0745604038238525, 0.3175663650035858, 1.1130038499832153, 0.4859169125556946, 2.027818441390991, 1.7571817636489868, 0.5207738876342773, 1.0723552703857422, 0.13070498406887054, 0.9212299585342407, 0.6260274052619934, 0.6998767852783203, 1.4771127700805664, 0.4722178280353546, 1.2546100616455078, 0.5313601493835449, 0.5302546620368958, 1.6404908895492554, 0.7613414525985718, 0.5008896589279175, 0.7279980182647705, 1.1754266023635864, 0.29281818866729736, 1.284350037574768, 0.9845142364501953, 0.49328142404556274, 1.3115899562835693, 0.7356444597244263, 1.017990231513977, 0.5181130766868591, 0.3766796588897705, 1.836843490600586, 1.198623538017273, 1.8690190315246582, 1.803128957748413, 1.165395975112915, 0.3936120569705963, 1.1414742469787598, 0.9724199771881104, 1.5132989883422852, 1.8255250453948975, 1.1811801195144653, 2.0897583961486816, 0.42463579773902893, 0.3119014501571655, 2.17545223236084, 1.0061782598495483, 0.39743664860725403, 2.0405337810516357, 1.3239359855651855, 0.9086951613426208, 0.5924854874610901, 1.1339170932769775, 0.9679572582244873, 1.169015884399414, 1.2666587829589844, 0.34661245346069336, 1.5566155910491943, 0.657669723033905, 0.5721455812454224, 0.531926155090332, 1.2748140096664429, 1.324077844619751, 0.4161241054534912, 1.1942883729934692, 2.368483781814575, 0.3208431005477905, 0.21977469325065613, 0.5608325004577637, 1.1017544269561768], "test_loss": 1.0406771361645013, "test_batch_lens": [4, 4, 4, 4, 4, 4, 4, 4, 4, 4, 4, 4, 4, 4, 4, 4, 4, 4, 4, 4, 4, 4, 4, 4, 4, 4, 4, 4, 4, 4, 4, 4, 4, 4, 4, 4, 4, 4, 4, 4, 4, 4, 4, 4, 4, 4, 4, 4, 4, 4, 4, 4, 4, 4, 4, 4, 4, 4, 4, 4, 4, 4, 4, 4, 4, 4, 4, 4, 4, 4, 4, 4, 4, 4, 4, 4, 4, 4, 4, 4, 4, 4, 4, 4, 4, 4, 4, 4, 4, 4, 4, 4, 4, 4, 4, 4, 4, 4, 4, 4, 4, 4, 4, 4, 4, 4, 4, 4, 4, 4, 4, 4, 4, 4, 4, 4, 4, 4, 4, 4, 4, 4, 4, 4, 4, 4, 4, 4, 4, 4, 4, 4, 4, 4, 4, 4, 4, 4, 4, 4, 4, 4, 4, 4, 4, 4, 4, 4, 4, 4, 4, 4, 4, 4, 4, 4, 4, 4, 4, 4, 4, 4, 3], "test_accuracy": 0.6251920122887865, "predictions": [7, 9, 1, 10, 7, 3, 7, 8, 1, 3, 4, 7, 3, 9, 0, 9, 9, 6, 9, 2, 8, 10, 0, 4, 6, 1, 5, 6, 3, 6, 2, 0, 1, 9, 6, 3, 10, 5, 5, 0, 10, 3, 2, 2, 7, 8, 4, 3, 9, 1, 2, 4, 1, 4, 6, 1, 1, 9, 1, 10, 10, 6, 8, 8, 5, 9, 8, 8, 8, 1, 1, 1, 0, 3, 1, 8, 8, 2, 4, 9, 1, 3, 1, 7, 8, 5, 1, 1, 1, 9, 9, 10, 10, 7, 0, 5, 1, 8, 2, 7, 5, 1, 10, 6, 2, 8, 1, 9, 10, 4, 7, 9, 0, 1, 7, 8, 0, 10, 0, 0, 4, 1, 7, 0, 5, 1, 7, 2, 6, 7, 4, 9, 10, 10, 7, 1, 4, 3, 1, 1, 10, 3, 0, 7, 9, 7, 4, 7, 2, 10, 0, 4, 2, 10, 3, 0, 10, 5, 4, 7, 4, 1, 3, 9, 2, 2, 10, 5, 8, 0, 9, 8, 10, 7, 2, 8, 8, 8, 1, 3, 6, 3, 5, 3, 9, 9, 2, 10, 3, 2, 7, 8, 0, 9, 9, 5, 1, 3, 4, 9, 9, 1, 6, 1, 9, 5, 0, 0, 1, 1, 1, 8, 8, 5, 4, 5, 1, 10, 1, 4, 7, 3, 0, 6, 7, 0, 5, 7, 1, 0, 1, 6, 1, 8, 7, 4, 10, 9, 1, 10, 9, 5, 3, 3, 1, 7, 1, 5, 2, 6, 10, 3, 1, 2, 3, 10, 9, 9, 8, 1, 0, 2, 7, 0, 5, 1, 8, 3, 6, 7, 9, 10, 3, 5, 9, 10, 7, 9, 9, 7, 9, 1, 5, 10, 2, 4, 1, 5, 8, 1, 8, 0, 9, 6, 0, 1, 2, 7, 3, 2, 4, 10, 8, 6, 6, 0, 2, 7, 10, 0, 7, 6, 4, 2, 5, 6, 1, 7, 8, 3, 2, 6, 7, 7, 1, 2, 8, 5, 10, 9, 4, 1, 3, 1, 4, 7, 1, 3, 9, 2, 5, 1, 0, 10, 8, 1, 8, 7, 1, 6, 5, 6, 9, 9, 5, 1, 1, 3, 9, 7, 4, 6, 6, 10, 4, 9, 8, 5, 2, 9, 4, 9, 5, 1, 1, 4, 5, 0, 3, 7, 3, 1, 8, 4, 2, 4, 4, 9, 3, 1, 0, 9, 8, 9, 0, 0, 5, 6, 9, 9, 8, 7, 6, 2, 1, 10, 10, 5, 4, 7, 1, 3, 0, 10, 9, 7, 2, 1, 1, 3, 0, 5, 5, 9, 2, 0, 3, 8, 7, 4, 8, 3, 8, 0, 1, 2, 2, 1, 9, 10, 10, 3, 10, 8, 6, 5, 0, 7, 8, 2, 1, 9, 9, 5, 9, 9, 9, 1, 5, 7, 9, 10, 1, 8, 0, 6, 0, 8, 10, 4, 10, 3, 1, 2, 7, 2, 4, 9, 2, 8, 4, 4, 0, 7, 6, 2, 9, 0, 2, 8, 6, 9, 1, 7, 2, 4, 10, 0, 0, 8, 3, 6, 1, 9, 0, 1, 1, 8, 9, 7, 7, 10, 1, 10, 2, 8, 5, 7, 5, 3, 9, 5, 1, 4, 5, 4, 4, 5, 9, 7, 1, 3, 0, 6, 5, 1, 2, 1, 1, 6, 8, 1, 8, 5, 2, 0, 1, 7, 6, 9, 6, 9, 1, 10, 10, 1, 3, 1, 7, 3, 2, 7, 9, 6, 2, 6, 9, 3, 8, 2, 3, 6, 10, 10, 9, 7, 9, 6, 8, 6, 6, 2, 7, 9, 7, 9, 10, 9, 1, 3, 7, 5, 9, 7, 5, 2, 0, 7, 8, 0, 7, 9, 8, 5, 4, 4, 2, 6, 1, 5, 1, 0, 1, 10, 7, 1, 9, 9, 6, 6, 10, 8, 1, 3, 3, 9, 1, 4, 1, 3, 7, 8, 7, 9, 3, 9, 2, 3, 7, 8, 6, 8, 1, 7, 4, 0, 2, 0, 3, 6, 7],