{"val_acc": [0.08602150537634409, 0.0967741935483871, 0.12749615975422426, 0.0706605222734255, 0.10445468509984639, 0.06144393241167435, 0.12749615975422426, 0.06144393241167435, 0.10445468509984639, 0.09216589861751152], "val_loss": [2.4002452613385907, 2.398482182274567, 2.397334032994838, 2.3983815418430634, 2.3963172260237617, 2.399058747145296, 2.397053613253166, 2.399441566935346, 2.395966541547717, 2.398802760188565], "train_loss": [2.399228572961065, 2.398731856001624, 2.3987366793247, 2.3985581453886597, 2.3984399164784644, 2.3985040572804435, 2.398391278086407, 2.39839630576276, 2.3984370054750888, 2.3983603028232223], "test_correct_in_batch": [1.0, 0.0, 1.0, 0.0, 1.0, 1.0, 0.0, 0.0, 0.0, 0.0, 0.0, 1.0, 1.0, 1.0, 0.0, 0.0, 0.0, 0.0, 0.0, 0.0, 0.0, 0.0, 1.0, 0.0, 0.0, 0.0, 0.0, 1.0, 0.0, 0.0, 1.0, 0.0, 1.0, 0.0, 1.0, 0.0, 2.0, 1.0, 0.0, 1.0, 1.0, 0.0, 0.0, 0.0, 0.0, 0.0, 1.0, 0.0, 0.0, 0.0, 0.0, 2.0, 0.0, 1.0, 1.0, 0.0, 0.0, 0.0, 0.0, 1.0, 1.0, 0.0, 1.0, 0.0, 0.0, 0.0, 0.0, 0.0, 0.0, 0.0, 0.0, 1.0, 0.0, 0.0, 0.0, 1.0, 0.0, 0.0, 0.0, 1.0, 0.0, 0.0, 1.0, 1.0, 0.0, 0.0, 0.0, 1.0, 1.0, 0.0, 2.0, 0.0, 1.0, 0.0, 0.0, 0.0, 2.0, 0.0, 1.0, 0.0, 0.0, 0.0, 0.0, 0.0, 0.0, 1.0, 0.0, 1.0, 0.0, 0.0, 1.0, 0.0, 0.0, 0.0, 0.0, 0.0, 0.0, 1.0, 0.0, 1.0, 0.0, 0.0, 0.0, 1.0, 0.0, 1.0, 0.0, 0.0, 1.0, 0.0, 2.0, 1.0, 0.0, 1.0, 0.0, 0.0, 0.0, 0.0, 0.0, 1.0, 0.0, 0.0, 0.0, 0.0, 0.0, 1.0, 1.0, 1.0, 1.0, 0.0, 1.0, 1.0, 0.0, 1.0, 1.0, 0.0, 1.0, 0.0, 1.0, 0.0, 0.0, 1.0, 0.0], "test_losses": [2.388960361480713, 2.407292127609253, 2.395392417907715, 2.3925461769104004, 2.392961025238037, 2.3845391273498535, 2.394848108291626, 2.3995087146759033, 2.3890326023101807, 2.4112987518310547, 2.393350601196289, 2.3887345790863037, 2.3870649337768555, 2.3721678256988525, 2.3959813117980957, 2.385206937789917, 2.4239425659179688, 2.3875808715820312, 2.3875811100006104, 2.4076833724975586, 2.377713918685913, 2.4133036136627197, 2.3895044326782227, 2.408290147781372, 2.4106528759002686, 2.397145986557007, 2.3969595432281494, 2.388960361480713, 2.392915964126587, 2.3986659049987793, 2.391878843307495, 2.415260076522827, 2.388669729232788, 2.407029628753662, 2.3882999420166016, 2.3870925903320312, 2.3889095783233643, 2.3966832160949707, 2.3912248611450195, 2.399599552154541, 2.3927135467529297, 2.402785062789917, 2.4046268463134766, 2.401773691177368, 2.403022289276123, 2.3870530128479004, 2.3870649337768555, 2.4019386768341064, 2.410587787628174, 2.4009716510772705, 2.3907253742218018, 2.3701999187469482, 2.399671792984009, 2.4079737663269043, 2.393322467803955, 2.392915725708008, 2.4191431999206543, 2.3875162601470947, 2.4106297492980957, 2.3758764266967773, 2.377197742462158, 2.412508487701416, 2.387899875640869, 2.392146110534668, 2.399671792984009, 2.3932065963745117, 2.4026644229888916, 2.3986291885375977, 2.4103643894195557, 2.410020589828491, 2.3973522186279297, 2.406118154525757, 2.4004335403442383, 2.3929388523101807, 2.409569263458252, 2.383239269256592, 2.4061436653137207, 2.3963510990142822, 2.422983169555664, 2.3838558197021484, 2.412104606628418, 2.4080872535705566, 2.3948700428009033, 2.393178939819336, 2.414013624191284, 2.410503387451172, 2.419938325881958, 2.3708677291870117, 2.396725654602051, 2.40726900100708, 2.3691258430480957, 2.416261672973633, 2.388669729232788, 2.4088339805603027, 2.4048547744750977, 2.396364450454712, 2.3861794471740723, 2.408350944519043, 2.3905136585235596, 2.412290573120117, 2.4131650924682617, 2.3996503353118896, 2.3981969356536865, 2.416464328765869, 2.390941619873047, 2.3907647132873535, 2.403022289276123, 2.3843131065368652, 2.398577928543091, 2.4019899368286133, 2.3790206909179688, 2.40632963180542, 2.4089832305908203, 2.421764850616455, 2.4026412963867188, 2.4014041423797607, 2.3862810134887695, 2.387899875640869, 2.409592390060425, 2.402757406234741, 2.415009021759033, 2.4044742584228516, 2.4076831340789795, 2.3920950889587402, 2.379927396774292, 2.3803420066833496, 2.3870530128479004, 2.399864673614502, 2.3985390663146973, 2.417724847793579, 2.3820741176605225, 2.4073646068573, 2.423248529434204, 2.384464740753174, 2.4089832305908203, 2.4056224822998047, 2.4156179428100586, 2.4003515243530273, 2.4008660316467285, 2.3833117485046387, 2.412104606628418, 2.412257194519043, 2.4126522541046143, 2.4118571281433105, 2.397599935531616, 2.3946304321289062, 2.401353359222412, 2.3788673877716064, 2.39839506149292, 2.4062962532043457, 2.409034252166748, 2.380734920501709, 2.3950109481811523, 2.387756109237671, 2.383486747741699, 2.399864673614502, 2.3816423416137695, 2.3986294269561768, 2.3964743614196777, 2.4062085151672363, 2.400569438934326, 2.391122817993164, 2.4052250385284424], "test_loss": 2.398204882452093, "test_batch_lens": [4, 4, 4, 4, 4, 4, 4, 4, 4, 4, 4, 4, 4, 4, 4, 4, 4, 4, 4, 4, 4, 4, 4, 4, 4, 4, 4, 4, 4, 4, 4, 4, 4, 4, 4, 4, 4, 4, 4, 4, 4, 4, 4, 4, 4, 4, 4, 4, 4, 4, 4, 4, 4, 4, 4, 4, 4, 4, 4, 4, 4, 4, 4, 4, 4, 4, 4, 4, 4, 4, 4, 4, 4, 4, 4, 4, 4, 4, 4, 4, 4, 4, 4, 4, 4, 4, 4, 4, 4, 4, 4, 4, 4, 4, 4, 4, 4, 4, 4, 4, 4, 4, 4, 4, 4, 4, 4, 4, 4, 4, 4, 4, 4, 4, 4, 4, 4, 4, 4, 4, 4, 4, 4, 4, 4, 4, 4, 4, 4, 4, 4, 4, 4, 4, 4, 4, 4, 4, 4, 4, 4, 4, 4, 4, 4, 4, 4, 4, 4, 4, 4, 4, 4, 4, 4, 4, 4, 4, 4, 4, 4, 4, 3], "test_accuracy": 0.09523809523809523, "predictions": [4, 4, 4, 4, 4, 4, 4, 4, 4, 4, 4, 4, 4, 4, 4, 4, 4, 4, 4, 4, 4, 4, 4, 4, 4, 4, 4, 4, 4, 4, 4, 4, 4, 4, 4, 4, 4, 4, 4, 4, 4, 4, 4, 4, 4, 4, 4, 4, 4, 4, 4, 4, 4, 4, 4, 4, 4, 4, 4, 4, 4, 4, 4, 4, 4, 4, 4, 4, 4, 4, 4, 4, 4, 4, 4, 4, 4, 4, 4, 4, 4, 4, 4, 4, 4, 4, 4, 4, 4, 4, 4, 4, 4, 4, 4, 4, 4, 4, 4, 4, 4, 4, 4, 4, 4, 4, 4, 4, 4, 4, 4, 4, 4, 4, 4, 4, 4, 4, 4, 4, 4, 4, 4, 4, 4, 4, 4, 4, 4, 4, 4, 4, 4, 4, 4, 4, 4, 4, 4, 4, 4, 4, 4, 4, 4, 4, 4, 4, 4, 4, 4, 4, 4, 4, 4, 4, 4, 4, 4, 4, 4, 4, 4, 4, 4, 4, 4, 4, 4, 4, 4, 4, 4, 4, 4, 4, 4, 4, 4, 4, 4, 4, 4, 4, 4, 4, 4, 4, 4, 4, 4, 4, 4, 4, 4, 4, 4, 4, 4, 4, 4, 4, 4, 4, 4, 4, 4, 4, 4, 4, 4, 4, 4, 4, 4, 4, 4, 4, 4, 4, 4, 4, 4, 4, 4, 4, 4, 4, 4, 4, 4, 4, 4, 4, 4, 4, 4, 4, 4, 4, 4, 4, 4, 4, 4, 4, 4, 4, 4, 4, 4, 4, 4, 4, 4, 4, 4, 4, 4, 4, 4, 4, 4, 4, 4, 4, 4, 4, 4, 4, 4, 4, 4, 4, 4, 4, 4, 4, 4, 4, 4, 4, 4, 4, 4, 4, 4, 4, 4, 4, 4, 4, 4, 4, 4, 4, 4, 4, 4, 4, 4, 4, 4, 4, 4, 4, 4, 4, 4, 4, 4, 4, 4, 4, 4, 4, 4, 4, 4, 4, 4, 4, 4, 4, 4, 4, 4, 4, 4, 4, 4, 4, 4, 4, 4, 4, 4, 4, 4, 4, 4, 4, 4, 4, 4, 4, 4, 4, 4, 4, 4, 4, 4, 4, 4, 4, 4, 4, 4, 4, 4, 4, 4, 4, 4, 4, 4, 4, 4, 4, 4, 4, 4, 4, 4, 4, 4, 4, 4, 4, 4, 4, 4, 4, 4, 4, 4, 4, 4, 4, 4, 4, 4, 4, 4, 4, 4, 4, 4, 4, 4, 4, 4, 4, 4, 4, 4, 4, 4, 4, 4, 4, 4, 4, 4, 4, 4, 4, 4, 4, 4, 4, 4, 4, 4, 4, 4, 4, 4, 4, 4, 4, 4, 4, 4, 4, 4, 4, 4, 4, 4, 4, 4, 4, 4, 4, 4, 4, 4, 4, 4, 4, 4, 4, 4, 4, 4, 4, 4, 4, 4, 4, 4, 4, 4, 4, 4, 4, 4, 4, 4, 4, 4, 4, 4, 4, 4, 4, 4, 4, 4, 4, 4, 4, 4, 4, 4, 4, 4, 4, 4, 4, 4, 4, 4, 4, 4, 4, 4, 4, 4, 4, 4, 4, 4, 4, 4, 4, 4, 4, 4, 4, 4, 4, 4, 4, 4, 4, 4, 4, 4, 4, 4, 4, 4, 4, 4, 4, 4, 4, 4, 4, 4, 4, 4, 4, 4, 4, 4, 4, 4, 4, 4, 4, 4, 4, 4, 4, 4, 4, 4, 4, 4, 4, 4, 4, 4, 4, 4, 4, 4, 4, 4, 4, 4, 4, 4, 4, 4, 4, 4, 4, 4, 4, 4, 4, 4, 4, 4, 4, 4, 4, 4, 4, 4, 4, 4, 4, 4, 4, 4, 4, 4, 4, 4, 4, 4, 4, 4, 4, 4, 4, 4, 4, 4, 4, 4, 4, 4, 4, 4, 4, 4, 4, 4, 4, 4, 4, 4, 4, 4, 4, 4, 4, 4, 4, 4, 4, 4, 4, 4, 4, 4, 4, 4, 4, 4, 4, 4, 4, 4, 4, 4, 4, 4, 4, 4, 4, 4, 4, 4],