{"val_acc": [0.4946236559139785, 0.6344086021505376, 0.7311827956989247, 0.7603686635944701, 0.7926267281105991, 0.8095238095238095, 0.7864823348694316, 0.8187403993855606, 0.8417818740399385, 0.8433179723502304], "val_loss": [1.367586668100825, 1.0252000552836371, 0.7532817627891807, 0.7026821759563694, 0.6004919513511512, 0.5625112305275319, 0.5750645760138251, 0.5187646421358172, 0.4798699570048395, 0.48357165142168157], "train_loss": [1.768330093607468, 1.2079465888772978, 0.8944656039317653, 0.7435682904179516, 0.6666154663364643, 0.5985194884490279, 0.5591001252135578, 0.536669711753881, 0.5150386467426062, 0.4883700564633651], "test_correct_in_batch": [4.0, 3.0, 3.0, 2.0, 4.0, 4.0, 3.0, 4.0, 3.0, 4.0, 4.0, 3.0, 2.0, 4.0, 4.0, 4.0, 2.0, 3.0, 3.0, 3.0, 3.0, 4.0, 4.0, 4.0, 2.0, 4.0, 4.0, 3.0, 4.0, 3.0, 3.0, 4.0, 4.0, 4.0, 3.0, 3.0, 3.0, 2.0, 4.0, 4.0, 3.0, 3.0, 2.0, 4.0, 3.0, 4.0, 4.0, 3.0, 4.0, 3.0, 3.0, 2.0, 4.0, 3.0, 3.0, 4.0, 4.0, 4.0, 4.0, 4.0, 3.0, 4.0, 3.0, 4.0, 4.0, 4.0, 4.0, 3.0, 3.0, 3.0, 3.0, 3.0, 2.0, 1.0, 4.0, 4.0, 3.0, 4.0, 3.0, 3.0, 3.0, 4.0, 4.0, 2.0, 2.0, 4.0, 4.0, 3.0, 4.0, 3.0, 4.0, 4.0, 1.0, 4.0, 4.0, 4.0, 2.0, 2.0, 3.0, 4.0, 2.0, 3.0, 3.0, 3.0, 4.0, 4.0, 4.0, 3.0, 4.0, 4.0, 4.0, 3.0, 4.0, 4.0, 4.0, 4.0, 3.0, 4.0, 3.0, 3.0, 4.0, 3.0, 4.0, 4.0, 3.0, 3.0, 4.0, 2.0, 3.0, 2.0, 3.0, 3.0, 4.0, 3.0, 2.0, 2.0, 4.0, 3.0, 4.0, 3.0, 4.0, 2.0, 3.0, 4.0, 4.0, 3.0, 4.0, 3.0, 4.0, 4.0, 4.0, 3.0, 3.0, 4.0, 4.0, 3.0, 3.0, 2.0, 3.0, 3.0, 4.0, 4.0, 2.0], "test_losses": [0.006025226786732674, 0.8378750085830688, 0.8699305653572083, 1.196578025817871, 0.030986344441771507, 0.024215947836637497, 0.9032253623008728, 0.05352330952882767, 0.6775517463684082, 0.01271329540759325, 0.2807781398296356, 0.9229669570922852, 2.2839274406433105, 0.103422611951828, 0.17881563305854797, 0.3173539936542511, 0.9124236702919006, 1.1161319017410278, 1.5235702991485596, 0.617517352104187, 0.40499454736709595, 0.10320428013801575, 0.3361627161502838, 0.11803603172302246, 0.7826207280158997, 0.12547636032104492, 0.02402539551258087, 0.5303837656974792, 0.1787858009338379, 0.39398694038391113, 0.9932844042778015, 0.0595175139605999, 0.017379174008965492, 0.021330203860998154, 0.46114301681518555, 0.25236964225769043, 0.4460447132587433, 1.1013517379760742, 0.07233072817325592, 0.04705643653869629, 0.23321260511875153, 0.44046375155448914, 1.0154563188552856, 0.06367865949869156, 0.3846050202846527, 0.022006521001458168, 0.14806878566741943, 0.7078192234039307, 0.162543386220932, 0.36849892139434814, 1.026314616203308, 1.5398354530334473, 0.13232995569705963, 0.5062106847763062, 0.7265706658363342, 0.2686000466346741, 0.09603436291217804, 0.05005262792110443, 0.06885737180709839, 0.07342245429754257, 0.4794920086860657, 0.04919428378343582, 0.795497715473175, 0.03381403163075447, 0.09950093179941177, 0.34237849712371826, 0.13589279353618622, 0.7594894766807556, 0.678657591342926, 0.5534089803695679, 1.003962516784668, 0.36405104398727417, 0.9974018335342407, 1.528734564781189, 0.054241739213466644, 0.06350246071815491, 1.164063572883606, 0.030551645904779434, 0.3181370794773102, 0.7807459235191345, 0.6039422154426575, 0.26942604780197144, 0.03768047317862511, 1.7352904081344604, 1.0975513458251953, 0.37127959728240967, 0.19485574960708618, 0.5126652121543884, 0.03658641502261162, 0.33249711990356445, 0.01541082002222538, 0.40857404470443726, 2.98671555519104, 0.3279244601726532, 0.03804828226566315, 0.18613910675048828, 1.637373924255371, 1.9654643535614014, 0.423828661441803, 0.017129741609096527, 1.6366409063339233, 0.7546941041946411, 0.7246503233909607, 0.7723074555397034, 0.08933884650468826, 0.5255643725395203, 0.15136685967445374, 0.5517539978027344, 0.18002299964427948, 0.010049303062260151, 0.01258403342217207, 1.136060357093811, 0.06246819347143173, 0.15134447813034058, 0.22028452157974243, 0.010226535610854626, 0.93529212474823, 0.03995389863848686, 0.5266185998916626, 0.8235742449760437, 0.07104648649692535, 0.7065847516059875, 0.3095220923423767, 0.3841296136379242, 0.547829806804657, 0.6707549095153809, 0.2778111696243286, 1.518600344657898, 0.473854660987854, 1.5223593711853027, 0.6669822931289673, 0.21162743866443634, 0.09101521223783493, 1.3463661670684814, 1.134716272354126, 2.329590082168579, 0.09653790295124054, 0.5889337658882141, 0.22679701447486877, 1.1425402164459229, 0.17400166392326355, 1.0259218215942383, 1.6053768396377563, 0.11379683017730713, 0.13008016347885132, 0.8622312545776367, 0.287321537733078, 0.692704975605011, 0.11223810166120529, 0.08411039412021637, 0.11984718590974808, 0.9088442325592041, 0.3457099199295044, 0.12578555941581726, 0.1459531933069229, 0.5844313502311707, 0.6869682669639587, 0.9753999710083008, 0.3974974751472473, 0.689817488193512, 0.026524372398853302, 0.08174720406532288, 0.6532354354858398], "test_loss": 0.5231082306294902, "test_batch_lens": [4, 4, 4, 4, 4, 4, 4, 4, 4, 4, 4, 4, 4, 4, 4, 4, 4, 4, 4, 4, 4, 4, 4, 4, 4, 4, 4, 4, 4, 4, 4, 4, 4, 4, 4, 4, 4, 4, 4, 4, 4, 4, 4, 4, 4, 4, 4, 4, 4, 4, 4, 4, 4, 4, 4, 4, 4, 4, 4, 4, 4, 4, 4, 4, 4, 4, 4, 4, 4, 4, 4, 4, 4, 4, 4, 4, 4, 4, 4, 4, 4, 4, 4, 4, 4, 4, 4, 4, 4, 4, 4, 4, 4, 4, 4, 4, 4, 4, 4, 4, 4, 4, 4, 4, 4, 4, 4, 4, 4, 4, 4, 4, 4, 4, 4, 4, 4, 4, 4, 4, 4, 4, 4, 4, 4, 4, 4, 4, 4, 4, 4, 4, 4, 4, 4, 4, 4, 4, 4, 4, 4, 4, 4, 4, 4, 4, 4, 4, 4, 4, 4, 4, 4, 4, 4, 4, 4, 4, 4, 4, 4, 4, 3], "test_accuracy": 0.8341013824884793, "predictions": [7, 4, 1, 10, 7, 3, 8, 8, 1, 8, 4, 7, 1, 9, 8, 1, 9, 6, 4, 9, 8, 10, 1, 4, 6, 8, 9, 6, 6, 8, 2, 1, 1, 1, 6, 3, 10, 5, 5, 0, 10, 3, 2, 10, 7, 8, 0, 3, 8, 8, 0, 4, 3, 4, 6, 1, 1, 9, 1, 10, 10, 6, 1, 6, 8, 1, 8, 5, 8, 0, 3, 1, 8, 3, 1, 8, 6, 2, 9, 2, 3, 1, 1, 1, 5, 5, 1, 8, 0, 4, 9, 10, 10, 7, 1, 5, 1, 6, 4, 7, 5, 1, 10, 6, 10, 8, 3, 9, 10, 4, 7, 0, 0, 3, 7, 6, 0, 8, 8, 0, 4, 8, 8, 6, 5, 1, 7, 9, 6, 7, 4, 0, 10, 10, 7, 9, 4, 1, 9, 1, 10, 3, 2, 9, 1, 7, 4, 7, 4, 10, 8, 4, 10, 10, 1, 0, 10, 5, 4, 7, 8, 4, 10, 4, 2, 2, 10, 5, 5, 0, 1, 0, 10, 7, 6, 8, 8, 8, 1, 2, 6, 3, 5, 3, 9, 3, 4, 8, 3, 2, 7, 2, 0, 9, 9, 8, 8, 3, 5, 9, 4, 1, 6, 1, 4, 8, 4, 6, 3, 9, 5, 6, 8, 5, 4, 5, 7, 10, 8, 4, 7, 3, 0, 6, 7, 0, 5, 7, 1, 0, 1, 6, 3, 7, 7, 2, 10, 4, 3, 10, 9, 9, 3, 3, 1, 7, 8, 5, 2, 5, 10, 1, 1, 2, 3, 10, 6, 9, 5, 3, 3, 10, 7, 1, 5, 1, 8, 1, 8, 7, 2, 10, 3, 5, 6, 2, 7, 1, 9, 7, 4, 8, 8, 10, 4, 4, 2, 5, 8, 3, 6, 0, 2, 2, 3, 1, 2, 7, 3, 2, 4, 10, 8, 6, 6, 5, 2, 7, 10, 1, 7, 6, 4, 2, 5, 2, 0, 4, 4, 3, 6, 6, 7, 9, 1, 8, 8, 5, 2, 9, 4, 1, 1, 3, 8, 7, 1, 3, 8, 2, 5, 0, 7, 10, 5, 0, 5, 7, 3, 6, 9, 6, 4, 9, 5, 1, 8, 3, 9, 7, 4, 4, 6, 10, 8, 9, 8, 5, 8, 9, 4, 1, 5, 0, 9, 10, 5, 0, 3, 7, 3, 1, 8, 2, 10, 9, 4, 9, 3, 7, 5, 0, 9, 5, 0, 0, 5, 6, 9, 9, 7, 7, 8, 2, 1, 10, 10, 9, 5, 8, 3, 3, 5, 10, 4, 7, 2, 3, 1, 1, 0, 5, 4, 1, 2, 0, 1, 8, 8, 8, 8, 3, 8, 0, 3, 2, 2, 3, 7, 10, 10, 4, 10, 6, 6, 5, 0, 2, 8, 2, 1, 9, 9, 5, 9, 9, 1, 3, 5, 7, 9, 10, 1, 8, 1, 6, 3, 4, 2, 4, 10, 1, 1, 2, 8, 6, 5, 8, 2, 5, 9, 9, 0, 7, 6, 9, 1, 0, 2, 8, 6, 9, 3, 7, 2, 4, 2, 0, 1, 3, 4, 6, 3, 4, 6, 3, 3, 5, 3, 7, 7, 10, 4, 10, 4, 5, 0, 7, 5, 3, 4, 5, 1, 4, 5, 4, 4, 5, 9, 7, 7, 2, 0, 2, 5, 3, 2, 2, 1, 6, 9, 1, 6, 0, 2, 0, 9, 7, 6, 9, 6, 1, 0, 10, 8, 8, 2, 1, 7, 3, 2, 7, 9, 6, 8, 2, 9, 0, 8, 2, 8, 5, 2, 10, 8, 7, 9, 6, 8, 6, 6, 1, 7, 9, 7, 8, 4, 9, 3, 3, 7, 5, 1, 7, 5, 4, 0, 7, 8, 0, 7, 4, 5, 5, 4, 6, 6, 6, 1, 9, 3, 0, 1, 4, 7, 1, 9, 4, 6, 6, 10, 7, 1, 1, 3, 4, 1, 4, 3, 8, 7, 6, 9, 9, 4, 1, 2, 3, 9, 8, 6, 8, 1, 7, 4, 0, 2, 0, 1, 6, 7],