{"val_acc": [0.7158218125960062, 0.7895545314900153, 0.783410138248848, 0.8141321044546851, 0.8509984639016898, 0.8110599078341014, 0.8202764976958525, 0.8279569892473119, 0.8448540706605223, 0.8525345622119815], "val_loss": [0.8029813720770409, 0.6196379515176719, 0.6392566607136599, 0.5830681729958924, 0.49969183317202776, 0.5631691749676193, 0.5060715138900773, 0.5122935401412881, 0.4909452015271216, 0.4522098791071334], "train_loss": [1.1607155946992713, 0.7368720476301087, 0.6380165210306821, 0.5808798484648731, 0.5379532131837437, 0.5039277743568176, 0.4800339141004546, 0.4629302597533567, 0.46308131728383634, 0.4534127189264036], "test_correct_in_batch": [4.0, 4.0, 2.0, 1.0, 4.0, 4.0, 2.0, 2.0, 4.0, 4.0, 4.0, 3.0, 2.0, 4.0, 4.0, 3.0, 3.0, 3.0, 3.0, 4.0, 3.0, 4.0, 3.0, 4.0, 2.0, 4.0, 4.0, 3.0, 3.0, 4.0, 1.0, 4.0, 3.0, 4.0, 3.0, 3.0, 4.0, 4.0, 4.0, 3.0, 3.0, 3.0, 3.0, 4.0, 3.0, 4.0, 4.0, 4.0, 4.0, 3.0, 3.0, 1.0, 3.0, 4.0, 3.0, 3.0, 4.0, 4.0, 4.0, 3.0, 4.0, 4.0, 3.0, 4.0, 3.0, 2.0, 2.0, 4.0, 3.0, 3.0, 2.0, 4.0, 3.0, 3.0, 3.0, 3.0, 4.0, 4.0, 3.0, 3.0, 3.0, 3.0, 4.0, 2.0, 3.0, 2.0, 3.0, 3.0, 3.0, 2.0, 4.0, 3.0, 2.0, 4.0, 3.0, 4.0, 4.0, 3.0, 3.0, 3.0, 3.0, 4.0, 4.0, 4.0, 4.0, 4.0, 4.0, 3.0, 3.0, 3.0, 4.0, 3.0, 4.0, 4.0, 3.0, 4.0, 3.0, 4.0, 4.0, 3.0, 4.0, 3.0, 4.0, 3.0, 3.0, 4.0, 4.0, 2.0, 3.0, 4.0, 3.0, 3.0, 4.0, 1.0, 3.0, 4.0, 4.0, 3.0, 2.0, 3.0, 4.0, 3.0, 4.0, 3.0, 4.0, 3.0, 3.0, 2.0, 4.0, 4.0, 4.0, 4.0, 4.0, 4.0, 4.0, 3.0, 4.0, 2.0, 4.0, 2.0, 4.0, 4.0, 3.0], "test_losses": [0.014245633035898209, 0.14246627688407898, 1.1480402946472168, 2.5904958248138428, 0.017282256856560707, 0.08626712113618851, 1.2265039682388306, 0.6905625462532043, 0.5244966745376587, 0.01508804690092802, 0.04912617430090904, 0.34142598509788513, 1.858533501625061, 0.05439148470759392, 0.013790695928037167, 1.1271700859069824, 0.5273396968841553, 0.9997751116752625, 0.9849591851234436, 0.14700253307819366, 0.3312165439128876, 0.2717517912387848, 0.5393211841583252, 0.16973836719989777, 0.7452426552772522, 0.021585246548056602, 0.12767383456230164, 0.6174286603927612, 0.6300056576728821, 0.254865825176239, 2.127237319946289, 0.015544900670647621, 0.31516149640083313, 0.1436014622449875, 0.2886062562465668, 0.9459624886512756, 0.1295519769191742, 0.014683155342936516, 0.05331530421972275, 0.4010070264339447, 0.5468369126319885, 0.4826267957687378, 0.598953902721405, 0.02983163483440876, 0.8810169100761414, 0.06191962584853172, 0.058247800916433334, 0.2141948789358139, 0.2048838585615158, 1.094987392425537, 1.1920815706253052, 2.6506242752075195, 0.5825973749160767, 0.14268189668655396, 0.5354443192481995, 0.4408242404460907, 0.10922141373157501, 0.10101526975631714, 0.05039964243769646, 1.320115327835083, 0.01688295416533947, 0.26515135169029236, 0.7075880765914917, 0.031065450981259346, 0.2982020080089569, 1.7573750019073486, 0.5607087016105652, 0.4114723205566406, 1.0893324613571167, 0.8291643261909485, 0.8580883145332336, 0.017739534378051758, 0.34930646419525146, 0.7907729744911194, 0.2873365879058838, 0.5824583768844604, 0.08446887135505676, 0.11336078494787216, 1.130859613418579, 0.6324571371078491, 0.8504266738891602, 0.3654562830924988, 0.13221845030784607, 1.3727855682373047, 0.6165823340415955, 1.0173524618148804, 0.737274169921875, 0.5854595303535461, 0.5599750280380249, 0.9312209486961365, 0.2078264355659485, 0.39331844449043274, 1.8354709148406982, 0.06074588745832443, 0.2014651894569397, 0.2713863253593445, 0.3245805501937866, 1.1017829179763794, 0.3168538808822632, 0.6428812742233276, 1.5837937593460083, 0.11406952887773514, 0.09034352004528046, 0.10345357656478882, 0.11489091068506241, 0.14582736790180206, 0.26269882917404175, 0.3329595923423767, 0.386398583650589, 1.4458696842193604, 0.15857338905334473, 0.8498515486717224, 0.2869489789009094, 0.154654398560524, 0.963851809501648, 0.1383141577243805, 0.8581535816192627, 0.15138515830039978, 0.14006850123405457, 0.8698450922966003, 0.05970274284482002, 0.5948590040206909, 0.04997054487466812, 0.7382504343986511, 1.1570359468460083, 0.10735209286212921, 0.27707573771476746, 0.6641418933868408, 0.8380675315856934, 0.08602073788642883, 1.02360200881958, 0.5015360713005066, 0.00965665653347969, 1.381723165512085, 0.5321424007415771, 0.2035275548696518, 0.0008862705435603857, 0.40448448061943054, 1.2641085386276245, 1.231218695640564, 0.002278943546116352, 2.0414648056030273, 0.42834752798080444, 0.21006424725055695, 0.09447627514600754, 0.7779442667961121, 0.465748131275177, 1.5119231939315796, 0.4920191168785095, 0.02492721937596798, 0.1555676907300949, 0.16709254682064056, 0.22772733867168427, 0.03177628666162491, 0.22495092451572418, 0.9098078608512878, 0.10554694384336472, 1.1672800779342651, 0.24051529169082642, 1.1032904386520386, 0.006250966805964708, 0.309703528881073, 0.12158117443323135], "test_loss": 0.530290939583746, "test_batch_lens": [4, 4, 4, 4, 4, 4, 4, 4, 4, 4, 4, 4, 4, 4, 4, 4, 4, 4, 4, 4, 4, 4, 4, 4, 4, 4, 4, 4, 4, 4, 4, 4, 4, 4, 4, 4, 4, 4, 4, 4, 4, 4, 4, 4, 4, 4, 4, 4, 4, 4, 4, 4, 4, 4, 4, 4, 4, 4, 4, 4, 4, 4, 4, 4, 4, 4, 4, 4, 4, 4, 4, 4, 4, 4, 4, 4, 4, 4, 4, 4, 4, 4, 4, 4, 4, 4, 4, 4, 4, 4, 4, 4, 4, 4, 4, 4, 4, 4, 4, 4, 4, 4, 4, 4, 4, 4, 4, 4, 4, 4, 4, 4, 4, 4, 4, 4, 4, 4, 4, 4, 4, 4, 4, 4, 4, 4, 4, 4, 4, 4, 4, 4, 4, 4, 4, 4, 4, 4, 4, 4, 4, 4, 4, 4, 4, 4, 4, 4, 4, 4, 4, 4, 4, 4, 4, 4, 4, 4, 4, 4, 4, 4, 3], "test_accuracy": 0.8279569892473119, "predictions": [7, 4, 1, 10, 7, 1, 8, 8, 7, 2, 4, 7, 1, 4, 8, 8, 9, 6, 4, 9, 8, 10, 1, 4, 6, 1, 9, 6, 6, 10, 2, 0, 1, 9, 6, 3, 10, 5, 5, 0, 10, 3, 2, 10, 7, 8, 9, 3, 3, 1, 2, 4, 3, 4, 6, 1, 1, 9, 1, 10, 10, 6, 9, 6, 5, 9, 8, 5, 8, 1, 3, 2, 7, 3, 1, 8, 6, 8, 9, 2, 3, 1, 1, 1, 5, 5, 1, 8, 0, 5, 9, 10, 10, 7, 1, 5, 9, 6, 2, 7, 5, 1, 10, 6, 10, 8, 3, 9, 10, 4, 7, 9, 0, 3, 7, 8, 0, 8, 0, 0, 4, 3, 1, 8, 5, 1, 7, 9, 6, 7, 4, 8, 10, 10, 7, 9, 4, 1, 9, 1, 10, 3, 8, 9, 4, 7, 4, 7, 2, 10, 2, 4, 10, 10, 1, 0, 10, 5, 8, 7, 4, 9, 10, 4, 2, 3, 10, 8, 8, 0, 8, 0, 10, 7, 6, 8, 6, 8, 1, 2, 6, 3, 5, 3, 9, 3, 4, 8, 3, 2, 0, 2, 0, 9, 9, 8, 3, 3, 5, 9, 9, 1, 6, 1, 4, 9, 9, 7, 3, 9, 5, 2, 2, 5, 4, 5, 2, 10, 5, 4, 7, 3, 7, 6, 7, 0, 5, 7, 1, 0, 1, 6, 3, 7, 7, 2, 10, 9, 3, 10, 9, 4, 3, 3, 1, 7, 8, 5, 2, 4, 10, 3, 1, 2, 3, 10, 6, 9, 8, 3, 1, 10, 7, 0, 8, 0, 8, 1, 8, 7, 3, 10, 3, 5, 1, 2, 7, 8, 9, 7, 9, 8, 5, 10, 2, 4, 2, 5, 5, 3, 8, 8, 8, 6, 8, 1, 2, 9, 3, 2, 9, 10, 8, 6, 6, 0, 2, 7, 10, 1, 7, 6, 4, 2, 5, 2, 0, 9, 4, 1, 6, 6, 7, 9, 1, 9, 8, 5, 2, 9, 4, 1, 3, 2, 4, 7, 1, 2, 9, 2, 5, 1, 4, 10, 5, 3, 5, 7, 3, 6, 9, 6, 9, 9, 5, 1, 1, 3, 9, 7, 4, 4, 6, 10, 8, 9, 2, 5, 3, 9, 4, 0, 5, 0, 9, 10, 5, 1, 3, 7, 3, 1, 8, 2, 2, 4, 4, 9, 3, 7, 8, 9, 9, 4, 0, 1, 5, 6, 9, 7, 7, 7, 2, 9, 1, 10, 10, 5, 5, 7, 3, 3, 5, 10, 9, 7, 2, 3, 1, 1, 0, 5, 4, 1, 2, 0, 1, 8, 3, 4, 8, 3, 8, 3, 3, 2, 2, 1, 7, 10, 10, 4, 10, 6, 6, 5, 0, 10, 8, 2, 1, 9, 9, 5, 9, 9, 1, 2, 5, 7, 9, 10, 1, 8, 1, 6, 3, 5, 2, 4, 10, 1, 1, 2, 8, 2, 5, 8, 2, 5, 9, 9, 0, 7, 6, 9, 6, 0, 2, 8, 6, 9, 3, 6, 2, 4, 2, 0, 1, 3, 9, 6, 3, 4, 6, 3, 3, 5, 7, 8, 7, 10, 4, 10, 2, 8, 5, 7, 5, 1, 9, 5, 0, 4, 5, 4, 4, 5, 9, 7, 7, 2, 8, 2, 5, 8, 2, 6, 1, 8, 9, 1, 8, 8, 2, 0, 9, 7, 6, 3, 6, 9, 8, 10, 8, 9, 10, 1, 7, 3, 2, 7, 9, 6, 2, 8, 9, 0, 8, 2, 10, 5, 10, 10, 8, 7, 9, 6, 8, 6, 6, 9, 7, 9, 7, 3, 4, 9, 3, 2, 7, 8, 1, 7, 5, 4, 0, 7, 8, 0, 7, 4, 5, 5, 4, 8, 6, 6, 1, 5, 3, 0, 1, 4, 7, 1, 9, 4, 6, 6, 10, 7, 1, 3, 3, 9, 1, 4, 3, 6, 7, 6, 9, 9, 4, 0, 2, 3, 9, 6, 6, 8, 1, 7, 4, 0, 2, 0, 8, 6, 7],