{"val_acc": [0.4254992319508449, 0.6482334869431644, 0.6912442396313364, 0.7250384024577573, 0.7634408602150538, 0.783410138248848, 0.7803379416282642, 0.8125960061443932, 0.8018433179723502, 0.804915514592934], "val_loss": [1.5082526803016663, 1.0270471628641058, 0.8531901656758566, 0.7592489465591183, 0.7066081731917302, 0.6517002869603092, 0.606527174120209, 0.6006048415656104, 0.5938878374094246, 0.5652427413383716], "train_loss": [1.880006980352647, 1.2479063102366448, 0.9890941335049405, 0.871925737594104, 0.7813716785464733, 0.7102919515652523, 0.6639510482040578, 0.6253522141397491, 0.6011387668352821, 0.5784887442114959], "test_correct_in_batch": [4.0, 3.0, 3.0, 1.0, 4.0, 4.0, 3.0, 2.0, 3.0, 3.0, 4.0, 3.0, 2.0, 4.0, 4.0, 3.0, 3.0, 4.0, 4.0, 2.0, 4.0, 3.0, 3.0, 4.0, 4.0, 4.0, 4.0, 3.0, 3.0, 3.0, 1.0, 4.0, 3.0, 4.0, 3.0, 4.0, 4.0, 3.0, 4.0, 4.0, 3.0, 4.0, 4.0, 3.0, 2.0, 4.0, 4.0, 4.0, 3.0, 3.0, 3.0, 2.0, 3.0, 2.0, 2.0, 3.0, 4.0, 4.0, 4.0, 3.0, 4.0, 4.0, 4.0, 4.0, 4.0, 3.0, 4.0, 3.0, 3.0, 3.0, 1.0, 4.0, 3.0, 2.0, 4.0, 3.0, 3.0, 4.0, 4.0, 4.0, 3.0, 4.0, 4.0, 2.0, 2.0, 2.0, 2.0, 3.0, 3.0, 2.0, 3.0, 3.0, 1.0, 3.0, 3.0, 4.0, 2.0, 2.0, 3.0, 4.0, 1.0, 3.0, 4.0, 2.0, 3.0, 3.0, 4.0, 3.0, 3.0, 4.0, 4.0, 2.0, 4.0, 4.0, 4.0, 4.0, 3.0, 3.0, 4.0, 3.0, 3.0, 2.0, 4.0, 3.0, 3.0, 3.0, 3.0, 2.0, 4.0, 2.0, 3.0, 4.0, 4.0, 1.0, 2.0, 3.0, 4.0, 3.0, 4.0, 3.0, 4.0, 3.0, 3.0, 3.0, 3.0, 3.0, 4.0, 2.0, 3.0, 4.0, 3.0, 3.0, 4.0, 4.0, 3.0, 4.0, 4.0, 2.0, 3.0, 2.0, 4.0, 4.0, 3.0], "test_losses": [0.01234485860913992, 0.6186240315437317, 1.3061422109603882, 1.4943649768829346, 0.05603791028261185, 0.2866220474243164, 0.915830671787262, 1.8455060720443726, 0.6416313052177429, 0.2716946005821228, 0.22695215046405792, 0.39864328503608704, 1.9786471128463745, 0.2075444906949997, 0.05392295494675636, 1.140676498413086, 0.6890109777450562, 0.399200975894928, 0.3848413825035095, 1.7390551567077637, 0.2731323540210724, 0.31159162521362305, 0.3786027729511261, 0.024531563743948936, 0.06534609198570251, 0.149093359708786, 0.06294015794992447, 0.7737404108047485, 0.6584330201148987, 0.530443549156189, 2.478992223739624, 0.2201915681362152, 0.266647070646286, 0.031906887888908386, 1.2021499872207642, 0.2863772213459015, 0.18958835303783417, 1.007429599761963, 0.09385707229375839, 0.2210083305835724, 0.682543158531189, 0.14451724290847778, 0.5505061745643616, 1.0564244985580444, 0.942044198513031, 0.10109123587608337, 0.31315264105796814, 0.117363840341568, 0.5591877102851868, 0.5797277092933655, 0.7054515480995178, 1.8272545337677002, 0.6610039472579956, 1.5860521793365479, 0.9801889061927795, 1.1159714460372925, 0.23505130410194397, 0.0438847541809082, 0.035966116935014725, 0.24826771020889282, 0.1499980390071869, 0.1072978600859642, 0.29799264669418335, 0.08100894093513489, 0.16761735081672668, 0.5993507504463196, 0.19191981852054596, 0.7790707945823669, 0.6741510629653931, 0.7687128186225891, 1.177339792251587, 0.09196112304925919, 0.5969090461730957, 1.7307254076004028, 0.023630641400814056, 0.4463837146759033, 0.9498847723007202, 0.051751263439655304, 0.3645961284637451, 0.07188050448894501, 0.7568280696868896, 0.31959348917007446, 0.08025410026311874, 1.1218668222427368, 0.9928596615791321, 2.248990297317505, 1.137118935585022, 0.8897780179977417, 0.7071044445037842, 0.8357996344566345, 0.4927782118320465, 0.6555161476135254, 2.323460817337036, 0.6473694443702698, 0.31197232007980347, 0.28967973589897156, 1.2513595819473267, 1.8777568340301514, 0.8824234008789062, 0.10631189495325089, 1.4449011087417603, 0.2555602788925171, 0.06870602071285248, 1.1391748189926147, 0.43953707814216614, 0.6570257544517517, 0.11135806888341904, 0.6366997957229614, 0.8568320274353027, 0.03892825171351433, 0.021834909915924072, 1.1905715465545654, 0.23023879528045654, 0.08247817307710648, 0.4087230861186981, 0.07872575521469116, 1.5063133239746094, 0.5047472715377808, 0.30903932452201843, 0.9737359881401062, 0.3543859124183655, 1.4455251693725586, 0.43724676966667175, 0.6906935572624207, 0.6718354225158691, 0.566997230052948, 0.9518527984619141, 2.0483016967773438, 0.25014132261276245, 0.9826915860176086, 0.7215448617935181, 0.1273629367351532, 0.17835023999214172, 1.0136654376983643, 1.4291329383850098, 0.6342008113861084, 0.055501654744148254, 0.4548182785511017, 0.2730332911014557, 1.2271085977554321, 0.02645391970872879, 1.0758988857269287, 0.9096249938011169, 0.3297197222709656, 0.6872816681861877, 0.6612488031387329, 0.4088119566440582, 1.0232179164886475, 0.835042417049408, 0.12284328043460846, 0.5111983418464661, 0.27509328722953796, 0.18136215209960938, 0.3295130729675293, 0.5242397785186768, 0.2121894359588623, 0.0888274759054184, 0.923267662525177, 1.3047780990600586, 1.117436408996582, 0.022881364449858665, 0.3581206798553467, 0.27518269419670105], "test_loss": 0.6214951410649653, "test_batch_lens": [4, 4, 4, 4, 4, 4, 4, 4, 4, 4, 4, 4, 4, 4, 4, 4, 4, 4, 4, 4, 4, 4, 4, 4, 4, 4, 4, 4, 4, 4, 4, 4, 4, 4, 4, 4, 4, 4, 4, 4, 4, 4, 4, 4, 4, 4, 4, 4, 4, 4, 4, 4, 4, 4, 4, 4, 4, 4, 4, 4, 4, 4, 4, 4, 4, 4, 4, 4, 4, 4, 4, 4, 4, 4, 4, 4, 4, 4, 4, 4, 4, 4, 4, 4, 4, 4, 4, 4, 4, 4, 4, 4, 4, 4, 4, 4, 4, 4, 4, 4, 4, 4, 4, 4, 4, 4, 4, 4, 4, 4, 4, 4, 4, 4, 4, 4, 4, 4, 4, 4, 4, 4, 4, 4, 4, 4, 4, 4, 4, 4, 4, 4, 4, 4, 4, 4, 4, 4, 4, 4, 4, 4, 4, 4, 4, 4, 4, 4, 4, 4, 4, 4, 4, 4, 4, 4, 4, 4, 4, 4, 4, 4, 3], "test_accuracy": 0.7972350230414746, "predictions": [7, 4, 1, 10, 7, 1, 8, 2, 1, 8, 4, 7, 3, 9, 8, 1, 9, 6, 4, 9, 8, 10, 1, 4, 6, 8, 5, 6, 6, 10, 2, 0, 1, 3, 6, 3, 10, 5, 5, 1, 10, 3, 2, 10, 7, 8, 9, 3, 8, 8, 0, 4, 3, 4, 6, 1, 1, 9, 1, 10, 10, 6, 9, 6, 5, 9, 8, 5, 8, 1, 3, 1, 1, 3, 1, 8, 8, 8, 9, 3, 3, 1, 3, 1, 5, 5, 1, 3, 0, 5, 9, 10, 10, 7, 1, 5, 1, 8, 2, 7, 5, 1, 10, 6, 10, 8, 3, 9, 10, 4, 7, 9, 0, 3, 7, 8, 0, 8, 1, 0, 4, 3, 1, 2, 5, 1, 7, 9, 6, 7, 4, 1, 10, 10, 7, 9, 4, 1, 9, 1, 10, 3, 3, 9, 4, 7, 4, 7, 2, 10, 8, 4, 10, 10, 1, 0, 10, 5, 4, 7, 4, 9, 10, 4, 2, 3, 10, 5, 8, 0, 9, 0, 10, 7, 6, 10, 1, 8, 1, 3, 6, 3, 5, 3, 9, 3, 4, 8, 3, 2, 0, 2, 1, 9, 9, 8, 0, 3, 5, 9, 9, 1, 6, 1, 4, 0, 9, 8, 3, 9, 5, 2, 5, 5, 4, 4, 10, 10, 5, 4, 7, 3, 3, 6, 7, 0, 5, 7, 1, 0, 1, 6, 3, 7, 7, 2, 10, 9, 3, 10, 9, 4, 3, 3, 1, 7, 8, 5, 2, 4, 10, 1, 1, 2, 3, 10, 6, 9, 5, 3, 3, 10, 7, 3, 5, 1, 8, 1, 3, 7, 3, 10, 3, 5, 9, 2, 7, 9, 9, 7, 5, 1, 3, 10, 2, 4, 2, 5, 5, 8, 8, 0, 3, 6, 3, 1, 2, 7, 3, 2, 9, 10, 8, 6, 6, 3, 2, 7, 10, 1, 7, 6, 9, 2, 5, 2, 0, 9, 4, 3, 6, 6, 7, 9, 1, 8, 8, 5, 2, 9, 4, 1, 3, 3, 4, 7, 1, 8, 0, 2, 5, 3, 9, 10, 5, 3, 8, 7, 3, 6, 9, 6, 9, 9, 5, 1, 0, 3, 9, 7, 9, 4, 6, 10, 8, 9, 10, 5, 8, 9, 4, 1, 5, 0, 1, 10, 5, 1, 3, 7, 3, 1, 8, 2, 7, 4, 4, 4, 3, 1, 5, 9, 9, 4, 1, 0, 5, 6, 9, 9, 7, 1, 8, 2, 1, 10, 10, 4, 5, 7, 3, 3, 5, 10, 4, 4, 2, 3, 1, 3, 0, 5, 5, 1, 2, 0, 1, 8, 8, 9, 8, 3, 8, 3, 3, 2, 2, 3, 7, 10, 10, 4, 10, 6, 6, 5, 3, 8, 8, 2, 1, 9, 9, 5, 9, 9, 1, 3, 5, 7, 9, 10, 1, 8, 1, 6, 3, 9, 10, 4, 10, 1, 1, 2, 8, 2, 5, 8, 2, 5, 9, 9, 1, 7, 6, 9, 9, 3, 2, 8, 6, 9, 3, 4, 2, 4, 3, 0, 0, 3, 5, 6, 3, 4, 9, 3, 3, 5, 1, 7, 7, 10, 4, 10, 2, 5, 5, 7, 4, 3, 4, 5, 1, 4, 5, 4, 9, 5, 9, 7, 7, 2, 1, 6, 5, 3, 2, 8, 1, 6, 9, 1, 8, 1, 2, 0, 9, 7, 6, 3, 6, 9, 0, 10, 8, 8, 8, 1, 7, 3, 2, 7, 9, 6, 0, 8, 9, 0, 8, 2, 2, 5, 2, 10, 10, 7, 9, 6, 10, 6, 6, 9, 7, 9, 7, 8, 4, 9, 3, 0, 7, 5, 1, 7, 5, 2, 0, 7, 8, 0, 7, 5, 5, 5, 4, 8, 2, 6, 1, 5, 3, 0, 1, 4, 7, 1, 4, 4, 6, 6, 10, 7, 1, 0, 3, 9, 1, 4, 3, 8, 7, 6, 9, 9, 4, 3, 2, 3, 0, 2, 6, 8, 1, 7, 4, 0, 2, 0, 8, 6, 7],