{"val_acc": [0.07987711213517665, 0.12749615975422426, 0.09831029185867896, 0.0706605222734255, 0.09216589861751152, 0.10445468509984639, 0.08602150537634409, 0.10445468509984639, 0.08602150537634409, 0.0967741935483871], "val_loss": [2.399880634495086, 2.3957906471439667, 2.3971422640092532, 2.399907368092449, 2.3994118611505426, 2.3977633078405463, 2.400231026432997, 2.399147077572126, 2.3986731233772325, 2.4001532932000655], "train_loss": [2.399299831368801, 2.3985759606167942, 2.398431261001582, 2.3984558261691302, 2.3984015484666985, 2.398423567946554, 2.3984657255690336, 2.3984964631072767, 2.398456847627232, 2.3983540320716266], "test_correct_in_batch": [1.0, 0.0, 0.0, 0.0, 0.0, 1.0, 0.0, 0.0, 0.0, 1.0, 2.0, 0.0, 0.0, 0.0, 1.0, 1.0, 0.0, 0.0, 0.0, 0.0, 0.0, 0.0, 1.0, 1.0, 0.0, 1.0, 1.0, 1.0, 0.0, 0.0, 0.0, 0.0, 0.0, 2.0, 0.0, 1.0, 0.0, 1.0, 2.0, 1.0, 1.0, 1.0, 0.0, 1.0, 0.0, 0.0, 0.0, 0.0, 0.0, 0.0, 0.0, 0.0, 0.0, 0.0, 1.0, 0.0, 0.0, 0.0, 0.0, 2.0, 0.0, 0.0, 1.0, 1.0, 0.0, 1.0, 0.0, 1.0, 0.0, 0.0, 1.0, 0.0, 0.0, 0.0, 0.0, 1.0, 0.0, 1.0, 0.0, 0.0, 0.0, 0.0, 0.0, 0.0, 0.0, 1.0, 0.0, 0.0, 0.0, 0.0, 1.0, 0.0, 0.0, 1.0, 0.0, 0.0, 0.0, 0.0, 0.0, 0.0, 0.0, 2.0, 0.0, 1.0, 0.0, 0.0, 0.0, 0.0, 0.0, 1.0, 2.0, 0.0, 0.0, 0.0, 0.0, 1.0, 0.0, 1.0, 0.0, 0.0, 0.0, 0.0, 0.0, 0.0, 0.0, 0.0, 0.0, 1.0, 1.0, 0.0, 0.0, 0.0, 0.0, 0.0, 0.0, 0.0, 0.0, 0.0, 1.0, 0.0, 0.0, 0.0, 1.0, 1.0, 0.0, 0.0, 0.0, 0.0, 0.0, 0.0, 0.0, 0.0, 0.0, 0.0, 0.0, 1.0, 0.0, 1.0, 0.0, 0.0, 0.0, 0.0, 0.0], "test_losses": [2.4139442443847656, 2.4060471057891846, 2.41550874710083, 2.4002199172973633, 2.397590160369873, 2.408897638320923, 2.3794093132019043, 2.3958377838134766, 2.3907604217529297, 2.392122507095337, 2.373567819595337, 2.4092648029327393, 2.4025118350982666, 2.4081854820251465, 2.4013147354125977, 2.381429433822632, 2.3989598751068115, 2.4081833362579346, 2.4081830978393555, 2.384289503097534, 2.4055240154266357, 2.4062013626098633, 2.4009342193603516, 2.4008259773254395, 2.4067587852478027, 2.389904499053955, 2.3789713382720947, 2.4139442443847656, 2.3912558555603027, 2.4019126892089844, 2.4060492515563965, 2.4069414138793945, 2.4096341133117676, 2.3788557052612305, 2.418597936630249, 2.376312255859375, 2.4326891899108887, 2.400479316711426, 2.388942003250122, 2.4067025184631348, 2.3973495960235596, 2.3839898109436035, 2.3966217041015625, 2.3825087547302246, 2.405297040939331, 2.38256573677063, 2.4025120735168457, 2.393507719039917, 2.3913307189941406, 2.399235486984253, 2.404967784881592, 2.4199366569519043, 2.383518934249878, 2.412790298461914, 2.3997673988342285, 2.3912558555603027, 2.4074368476867676, 2.408552408218384, 2.3993043899536133, 2.3885748386383057, 2.399852752685547, 2.4086475372314453, 2.40960955619812, 2.3912315368652344, 2.383518934249878, 2.39556622505188, 2.413442850112915, 2.3857243061065674, 2.3925232887268066, 2.3968863487243652, 2.377462387084961, 2.4109015464782715, 2.394684314727783, 2.3987107276916504, 2.3949697017669678, 2.393181085586548, 2.394627094268799, 2.392350912094116, 2.3934764862060547, 2.4060966968536377, 2.389336109161377, 2.4036009311676025, 2.415724992752075, 2.4217658042907715, 2.407470941543579, 2.39456844329834, 2.4049906730651855, 2.3924686908721924, 2.4176135063171387, 2.398592472076416, 2.4088997840881348, 2.3920528888702393, 2.4096341133117676, 2.3878157138824463, 2.399731159210205, 2.3990530967712402, 2.4216017723083496, 2.3901333808898926, 2.4123406410217285, 2.384471893310547, 2.3936707973480225, 2.3879575729370117, 2.3934872150421143, 2.389277935028076, 2.408895254135132, 2.4229044914245605, 2.40529727935791, 2.4042179584503174, 2.3927958011627197, 2.3864359855651855, 2.385359287261963, 2.3897628784179688, 2.4000062942504883, 2.3886404037475586, 2.4059882164001465, 2.391472816467285, 2.3924665451049805, 2.40960955619812, 2.4024243354797363, 2.410189628601074, 2.3963775634765625, 2.3878743648529053, 2.384289503097534, 2.4099764823913574, 2.3992667198181152, 2.396637201309204, 2.382565975189209, 2.4018101692199707, 2.4023680686950684, 2.411247968673706, 2.428781270980835, 2.410371780395508, 2.4002575874328613, 2.4085147380828857, 2.4000062942504883, 2.399294376373291, 2.3987956047058105, 2.3759968280792236, 2.3869216442108154, 2.4191067218780518, 2.389336109161377, 2.3980836868286133, 2.3866491317749023, 2.3890953063964844, 2.3777029514312744, 2.4043431282043457, 2.410217761993408, 2.4066054821014404, 2.4243662357330322, 2.403374433517456, 2.4171247482299805, 2.395127773284912, 2.404526472091675, 2.431607961654663, 2.3934216499328613, 2.4018101692199707, 2.412353992462158, 2.3857243061065674, 2.4070496559143066, 2.3942577838897705, 2.400172710418701, 2.4147586822509766, 2.39005446434021], "test_loss": 2.399589604395299, "test_batch_lens": [4, 4, 4, 4, 4, 4, 4, 4, 4, 4, 4, 4, 4, 4, 4, 4, 4, 4, 4, 4, 4, 4, 4, 4, 4, 4, 4, 4, 4, 4, 4, 4, 4, 4, 4, 4, 4, 4, 4, 4, 4, 4, 4, 4, 4, 4, 4, 4, 4, 4, 4, 4, 4, 4, 4, 4, 4, 4, 4, 4, 4, 4, 4, 4, 4, 4, 4, 4, 4, 4, 4, 4, 4, 4, 4, 4, 4, 4, 4, 4, 4, 4, 4, 4, 4, 4, 4, 4, 4, 4, 4, 4, 4, 4, 4, 4, 4, 4, 4, 4, 4, 4, 4, 4, 4, 4, 4, 4, 4, 4, 4, 4, 4, 4, 4, 4, 4, 4, 4, 4, 4, 4, 4, 4, 4, 4, 4, 4, 4, 4, 4, 4, 4, 4, 4, 4, 4, 4, 4, 4, 4, 4, 4, 4, 4, 4, 4, 4, 4, 4, 4, 4, 4, 4, 4, 4, 4, 4, 4, 4, 4, 4, 3], "test_accuracy": 0.07680491551459294, "predictions": [10, 10, 10, 10, 10, 10, 10, 10, 10, 10, 10, 10, 10, 10, 10, 10, 10, 10, 10, 10, 10, 10, 10, 10, 10, 10, 10, 10, 10, 10, 10, 10, 10, 10, 10, 10, 10, 10, 10, 10, 10, 10, 10, 10, 10, 10, 10, 10, 10, 10, 10, 10, 10, 10, 10, 10, 10, 10, 10, 10, 10, 10, 10, 10, 10, 10, 10, 10, 10, 10, 10, 10, 10, 10, 10, 10, 10, 10, 10, 10, 10, 10, 10, 10, 10, 10, 10, 10, 10, 10, 10, 10, 10, 10, 10, 10, 10, 10, 10, 10, 10, 10, 10, 10, 10, 10, 10, 10, 10, 10, 10, 10, 10, 10, 10, 10, 10, 10, 10, 10, 10, 10, 10, 10, 10, 10, 10, 10, 10, 10, 10, 10, 10, 10, 10, 10, 10, 10, 10, 10, 10, 10, 10, 10, 10, 10, 10, 10, 10, 10, 10, 10, 10, 10, 10, 10, 10, 10, 10, 10, 10, 10, 10, 10, 10, 10, 10, 10, 10, 10, 10, 10, 10, 10, 10, 10, 10, 10, 10, 10, 10, 10, 10, 10, 10, 10, 10, 10, 10, 10, 10, 10, 10, 10, 10, 10, 10, 10, 10, 10, 10, 10, 10, 10, 10, 10, 10, 10, 10, 10, 10, 10, 10, 10, 10, 10, 10, 10, 10, 10, 10, 10, 10, 10, 10, 10, 10, 10, 10, 10, 10, 10, 10, 10, 10, 10, 10, 10, 10, 10, 10, 10, 10, 10, 10, 10, 10, 10, 10, 10, 10, 10, 10, 10, 10, 10, 10, 10, 10, 10, 10, 10, 10, 10, 10, 10, 10, 10, 10, 10, 10, 10, 10, 10, 10, 10, 10, 10, 10, 10, 10, 10, 10, 10, 10, 10, 10, 10, 10, 10, 10, 10, 10, 10, 10, 10, 10, 10, 10, 10, 10, 10, 10, 10, 10, 10, 10, 10, 10, 10, 10, 10, 10, 10, 10, 10, 10, 10, 10, 10, 10, 10, 10, 10, 10, 10, 10, 10, 10, 10, 10, 10, 10, 10, 10, 10, 10, 10, 10, 10, 10, 10, 10, 10, 10, 10, 10, 10, 10, 10, 10, 10, 10, 10, 10, 10, 10, 10, 10, 10, 10, 10, 10, 10, 10, 10, 10, 10, 10, 10, 10, 10, 10, 10, 10, 10, 10, 10, 10, 10, 10, 10, 10, 10, 10, 10, 10, 10, 10, 10, 10, 10, 10, 10, 10, 10, 10, 10, 10, 10, 10, 10, 10, 10, 10, 10, 10, 10, 10, 10, 10, 10, 10, 10, 10, 10, 10, 10, 10, 10, 10, 10, 10, 10, 10, 10, 10, 10, 10, 10, 10, 10, 10, 10, 10, 10, 10, 10, 10, 10, 10, 10, 10, 10, 10, 10, 10, 10, 10, 10, 10, 10, 10, 10, 10, 10, 10, 10, 10, 10, 10, 10, 10, 10, 10, 10, 10, 10, 10, 10, 10, 10, 10, 10, 10, 10, 10, 10, 10, 10, 10, 10, 10, 10, 10, 10, 10, 10, 10, 10, 10, 10, 10, 10, 10, 10, 10, 10, 10, 10, 10, 10, 10, 10, 10, 10, 10, 10, 10, 10, 10, 10, 10, 10, 10, 10, 10, 10, 10, 10, 10, 10, 10, 10, 10, 10, 10, 10, 10, 10, 10, 10, 10, 10, 10, 10, 10, 10, 10, 10, 10, 10, 10, 10, 10, 10, 10, 10, 10, 10, 10, 10, 10, 10, 10, 10, 10, 10, 10, 10, 10, 10, 10, 10, 10, 10, 10, 10, 10, 10, 10, 10, 10, 10, 10, 10, 10, 10, 10, 10, 10, 10, 10, 10, 10, 10, 10, 10, 10, 10, 10, 10, 10, 10, 10, 10, 10, 10, 10, 10, 10, 10, 10, 10, 10, 10, 10, 10, 10, 10, 10, 10, 10, 10, 10, 10, 10, 10, 10, 10, 10, 10, 10, 10, 10, 10, 10, 10, 10, 10, 10, 10, 10, 10, 10, 10, 10, 10, 10, 10, 10, 10, 10, 10, 10, 10, 10, 10, 10, 10, 10],