{"val_acc": [0.8095238095238095, 0.847926267281106, 0.8709677419354839, 0.8725038402457758, 0.8571428571428571, 0.8509984639016898, 0.8632872503840245, 0.8894009216589862, 0.8924731182795699, 0.8924731182795699], "val_loss": [0.5790477576294194, 0.4409455856211209, 0.3395995975834849, 0.37188299492358995, 0.41489628178538746, 0.4619112362027414, 0.4486378922468421, 0.35557032451150433, 0.3623014472225503, 0.39006279385536585], "train_loss": [0.8986895382027629, 0.4645050372643693, 0.35921135384362923, 0.3029375612325162, 0.26010933265456987, 0.23541543668172907, 0.20696522988494923, 0.19631087544866982, 0.18023024375858124, 0.16481932100738264], "test_correct_in_batch": [4.0, 3.0, 3.0, 3.0, 4.0, 4.0, 3.0, 2.0, 2.0, 4.0, 4.0, 3.0, 4.0, 4.0, 4.0, 3.0, 4.0, 3.0, 4.0, 4.0, 3.0, 4.0, 3.0, 4.0, 3.0, 4.0, 4.0, 2.0, 2.0, 4.0, 1.0, 4.0, 3.0, 4.0, 4.0, 3.0, 4.0, 4.0, 4.0, 4.0, 4.0, 4.0, 3.0, 4.0, 3.0, 4.0, 4.0, 4.0, 3.0, 4.0, 3.0, 2.0, 4.0, 3.0, 2.0, 4.0, 4.0, 4.0, 3.0, 4.0, 4.0, 4.0, 3.0, 4.0, 3.0, 3.0, 4.0, 3.0, 3.0, 3.0, 3.0, 4.0, 4.0, 1.0, 3.0, 4.0, 4.0, 4.0, 4.0, 4.0, 3.0, 4.0, 3.0, 3.0, 3.0, 3.0, 4.0, 4.0, 4.0, 2.0, 4.0, 3.0, 3.0, 4.0, 3.0, 4.0, 4.0, 2.0, 4.0, 4.0, 4.0, 4.0, 3.0, 4.0, 2.0, 2.0, 3.0, 4.0, 2.0, 4.0, 4.0, 4.0, 4.0, 4.0, 2.0, 4.0, 3.0, 4.0, 3.0, 4.0, 4.0, 3.0, 3.0, 3.0, 3.0, 4.0, 4.0, 3.0, 3.0, 3.0, 4.0, 4.0, 4.0, 2.0, 4.0, 3.0, 4.0, 4.0, 3.0, 2.0, 4.0, 4.0, 3.0, 4.0, 4.0, 3.0, 3.0, 4.0, 3.0, 4.0, 3.0, 3.0, 4.0, 4.0, 3.0, 4.0, 3.0, 4.0, 3.0, 4.0, 4.0, 4.0, 2.0], "test_losses": [0.00012010912178084254, 0.8344557285308838, 1.5319634675979614, 1.398310899734497, 0.0071163540706038475, 0.12094619870185852, 0.25622910261154175, 0.8655038475990295, 1.6925591230392456, 7.157537038438022e-05, 0.17569822072982788, 0.4742339849472046, 0.03061993047595024, 0.003569206455722451, 0.016340846195816994, 2.9067468643188477, 0.34741953015327454, 2.0468883514404297, 0.1550646275281906, 0.020058687776327133, 0.9088143706321716, 0.141680046916008, 1.302635908126831, 0.004851606208831072, 0.46122297644615173, 0.16104015707969666, 0.0004049154231324792, 0.9503108263015747, 1.691239356994629, 0.002086768625304103, 2.747831344604492, 0.0008519615512341261, 0.8354255557060242, 0.00010068531992146745, 0.0011338338954374194, 0.5019091963768005, 0.07309509813785553, 0.057594314217567444, 0.004476218018680811, 0.0013882764615118504, 0.0024326618295162916, 0.0785515233874321, 0.7978466153144836, 0.1823609471321106, 0.7721608877182007, 3.0696332942170557e-06, 0.004293777048587799, 0.04579448699951172, 1.151615858078003, 0.1104574203491211, 0.710632860660553, 2.4374616146087646, 0.0024715024046599865, 0.5028108358383179, 1.6787443161010742, 0.001176418736577034, 0.007692329119890928, 0.14905035495758057, 0.7312651872634888, 0.14123229682445526, 0.02268863469362259, 0.12003658711910248, 0.4128856956958771, 0.0001907487603602931, 1.047545313835144, 0.7410610318183899, 0.1431153267621994, 1.7770707607269287, 1.1487661600112915, 0.8911116123199463, 1.4764859676361084, 0.00021878522238694131, 0.09761753678321838, 1.4378511905670166, 1.1522315740585327, 0.02878406271338463, 0.00308807659894228, 0.0005752000724896789, 0.004580775275826454, 0.03816855698823929, 0.46055442094802856, 0.024162529036402702, 0.4251493215560913, 0.5112571120262146, 0.3212631046772003, 1.8019741773605347, 0.014606853947043419, 0.001261624856851995, 0.06803517043590546, 1.3755329847335815, 0.004842277150601149, 0.35363999009132385, 0.6650073528289795, 0.0032934281043708324, 1.0353258848190308, 0.15784581005573273, 0.39816048741340637, 2.240126132965088, 0.00904658529907465, 1.4603094768972369e-06, 0.23126795887947083, 0.00015917839482426643, 0.7449615597724915, 0.5034621953964233, 1.418971061706543, 0.9000687599182129, 0.5520226955413818, 0.20152390003204346, 1.2401553392410278, 0.0005093874060548842, 0.0010591184254735708, 0.2513185441493988, 0.08648752421140671, 0.025720449164509773, 0.9890738725662231, 0.037777528166770935, 1.8911936283111572, 0.006929302122443914, 0.5921568274497986, 0.11206929385662079, 0.002971433103084564, 1.3554668426513672, 0.5224686861038208, 0.26085805892944336, 1.9833078384399414, 0.20727509260177612, 0.0008803071104921401, 2.595294713973999, 0.606720507144928, 0.8886789679527283, 0.005865966901183128, 0.00045200862223282456, 2.3542776034446433e-05, 0.9757695198059082, 0.04377724602818489, 2.1055808067321777, 4.1511513700243086e-05, 0.00038055115146562457, 1.0360642671585083, 2.1354048252105713, 0.017146451398730278, 0.3309285342693329, 0.25290927290916443, 0.002404601313173771, 0.023524098098278046, 0.9559921026229858, 0.4408770501613617, 0.1919153332710266, 0.50887531042099, 0.004640099126845598, 0.23911930620670319, 0.7856510281562805, 1.7344700609100983e-05, 0.006715244613587856, 1.0865744352340698, 0.012446650303900242, 0.35666143894195557, 0.5184472799301147, 0.6371272802352905, 0.12579022347927094, 9.214023157255724e-05, 0.001232193666510284, 0.46529993414878845], "test_loss": 0.5161581810784489, "test_batch_lens": [4, 4, 4, 4, 4, 4, 4, 4, 4, 4, 4, 4, 4, 4, 4, 4, 4, 4, 4, 4, 4, 4, 4, 4, 4, 4, 4, 4, 4, 4, 4, 4, 4, 4, 4, 4, 4, 4, 4, 4, 4, 4, 4, 4, 4, 4, 4, 4, 4, 4, 4, 4, 4, 4, 4, 4, 4, 4, 4, 4, 4, 4, 4, 4, 4, 4, 4, 4, 4, 4, 4, 4, 4, 4, 4, 4, 4, 4, 4, 4, 4, 4, 4, 4, 4, 4, 4, 4, 4, 4, 4, 4, 4, 4, 4, 4, 4, 4, 4, 4, 4, 4, 4, 4, 4, 4, 4, 4, 4, 4, 4, 4, 4, 4, 4, 4, 4, 4, 4, 4, 4, 4, 4, 4, 4, 4, 4, 4, 4, 4, 4, 4, 4, 4, 4, 4, 4, 4, 4, 4, 4, 4, 4, 4, 4, 4, 4, 4, 4, 4, 4, 4, 4, 4, 4, 4, 4, 4, 4, 4, 4, 4, 3], "test_accuracy": 0.8602150537634409}