{"val_acc": [0.5099846390168971, 0.6036866359447005, 0.6866359447004609, 0.706605222734255, 0.7188940092165899, 0.7373271889400922, 0.7311827956989247, 0.7480798771121352, 0.7588325652841782, 0.7665130568356375], "val_loss": [1.4347516734358723, 1.1961800761383736, 0.9684903860160726, 0.8647539707849179, 0.8318298882547698, 0.800676740266017, 0.7709922976191927, 0.7582122817338427, 0.7368128273716094, 0.7179694966773039], "train_loss": [1.9216676331335187, 1.2860362667440453, 1.0526842156586786, 0.9270337733547127, 0.8249429371903396, 0.751624801395383, 0.7055904686438765, 0.6495578901503772, 0.6019374285518647, 0.568576956569513], "test_correct_in_batch": [3.0, 3.0, 3.0, 0.0, 3.0, 2.0, 1.0, 3.0, 1.0, 4.0, 3.0, 4.0, 2.0, 3.0, 4.0, 2.0, 2.0, 1.0, 2.0, 3.0, 2.0, 4.0, 2.0, 3.0, 4.0, 3.0, 2.0, 3.0, 2.0, 4.0, 2.0, 3.0, 3.0, 4.0, 3.0, 3.0, 3.0, 3.0, 4.0, 4.0, 3.0, 3.0, 2.0, 4.0, 3.0, 4.0, 3.0, 2.0, 3.0, 4.0, 2.0, 0.0, 2.0, 4.0, 3.0, 4.0, 3.0, 3.0, 4.0, 2.0, 4.0, 4.0, 4.0, 4.0, 3.0, 2.0, 4.0, 3.0, 3.0, 2.0, 2.0, 4.0, 3.0, 4.0, 4.0, 4.0, 4.0, 4.0, 3.0, 2.0, 4.0, 3.0, 4.0, 3.0, 2.0, 3.0, 2.0, 3.0, 2.0, 3.0, 3.0, 3.0, 3.0, 4.0, 4.0, 3.0, 3.0, 2.0, 4.0, 2.0, 1.0, 4.0, 4.0, 3.0, 2.0, 2.0, 1.0, 3.0, 4.0, 3.0, 3.0, 3.0, 4.0, 3.0, 2.0, 4.0, 1.0, 3.0, 4.0, 2.0, 2.0, 2.0, 3.0, 4.0, 3.0, 4.0, 1.0, 2.0, 4.0, 3.0, 2.0, 2.0, 4.0, 1.0, 3.0, 2.0, 3.0, 3.0, 3.0, 2.0, 4.0, 2.0, 2.0, 3.0, 4.0, 3.0, 1.0, 3.0, 3.0, 4.0, 3.0, 2.0, 4.0, 4.0, 1.0, 3.0, 4.0, 3.0, 2.0, 4.0, 4.0, 4.0, 3.0], "test_losses": [0.34953853487968445, 1.097123622894287, 0.6295984387397766, 3.1302571296691895, 0.6350381374359131, 1.4146497249603271, 2.4149234294891357, 0.4589720368385315, 1.2865114212036133, 0.05719682574272156, 0.6152322292327881, 0.030483372509479523, 1.635245680809021, 0.3620799779891968, 0.07964529097080231, 1.280542254447937, 1.0299603939056396, 1.601587176322937, 1.0498160123825073, 1.0122151374816895, 1.2284250259399414, 0.2632327675819397, 1.6966537237167358, 0.47293490171432495, 0.21521331369876862, 0.3040282428264618, 0.7179577350616455, 1.165800929069519, 1.259577751159668, 0.4057719111442566, 1.2753746509552002, 0.3049894869327545, 0.4897293746471405, 0.06432195752859116, 0.9934977889060974, 0.4909057021141052, 0.3606792092323303, 0.41760310530662537, 0.13696642220020294, 0.047016967087984085, 0.5338955521583557, 0.7043799757957458, 1.2430782318115234, 0.15659937262535095, 0.42483776807785034, 0.17063669860363007, 0.8727338910102844, 1.3163022994995117, 0.5412407517433167, 0.3391120731830597, 0.744300365447998, 2.5557286739349365, 1.0560669898986816, 0.09569501131772995, 0.4022149443626404, 0.25852277874946594, 0.5671520233154297, 0.2851700484752655, 0.16001442074775696, 0.8356196284294128, 0.1739136278629303, 0.08175668865442276, 0.18064312636852264, 0.11009272187948227, 0.6922460198402405, 1.1666994094848633, 0.3757288455963135, 0.6529670357704163, 0.636130690574646, 0.8627479076385498, 1.111594557762146, 0.05587628483772278, 0.45351555943489075, 0.5108891129493713, 0.10279214382171631, 0.19194155931472778, 0.03346991539001465, 0.15943528711795807, 0.8623872995376587, 0.7581366300582886, 0.205746591091156, 0.4397859275341034, 0.30075603723526, 0.6902919411659241, 0.7699167132377625, 0.8426274061203003, 0.533116340637207, 0.4025784432888031, 1.5609993934631348, 0.6414645910263062, 1.907585620880127, 0.6410704851150513, 1.089219093322754, 0.2166731059551239, 0.1227426677942276, 0.43000316619873047, 0.615888237953186, 2.2651631832122803, 0.07761096209287643, 0.7865631580352783, 2.4755501747131348, 0.1540866494178772, 0.3389471173286438, 0.32535693049430847, 1.1931113004684448, 2.0303962230682373, 1.1089223623275757, 0.47833967208862305, 0.1770714670419693, 0.6026796698570251, 0.550932765007019, 1.020646095275879, 0.11268410086631775, 0.9503689408302307, 1.025967001914978, 0.036188866943120956, 1.9552022218704224, 0.2741867005825043, 0.10469987988471985, 0.9607070088386536, 1.4587719440460205, 1.4522006511688232, 0.7055755853652954, 0.126848965883255, 0.8623679876327515, 0.214185893535614, 2.012376308441162, 2.1653761863708496, 0.2545550465583801, 0.9714531898498535, 1.631888747215271, 1.4461520910263062, 0.21090498566627502, 1.9648174047470093, 0.4738970100879669, 0.7348884344100952, 0.4541718065738678, 0.7521010637283325, 0.9426958560943604, 1.9439697265625, 0.2054152935743332, 2.4684512615203857, 2.7274463176727295, 0.35764726996421814, 0.09130284190177917, 0.906265139579773, 1.6611442565917969, 0.552437961101532, 0.713469922542572, 0.017218809574842453, 0.5753316879272461, 1.0735633373260498, 0.1451224386692047, 0.18683965504169464, 1.9747728109359741, 0.47595471143722534, 0.4300311207771301, 0.7110112905502319, 1.1963632106781006, 0.07772159576416016, 0.03637408837676048, 0.23814445734024048, 0.22077523171901703], "test_loss": 0.7555546964878684, "test_batch_lens": [4, 4, 4, 4, 4, 4, 4, 4, 4, 4, 4, 4, 4, 4, 4, 4, 4, 4, 4, 4, 4, 4, 4, 4, 4, 4, 4, 4, 4, 4, 4, 4, 4, 4, 4, 4, 4, 4, 4, 4, 4, 4, 4, 4, 4, 4, 4, 4, 4, 4, 4, 4, 4, 4, 4, 4, 4, 4, 4, 4, 4, 4, 4, 4, 4, 4, 4, 4, 4, 4, 4, 4, 4, 4, 4, 4, 4, 4, 4, 4, 4, 4, 4, 4, 4, 4, 4, 4, 4, 4, 4, 4, 4, 4, 4, 4, 4, 4, 4, 4, 4, 4, 4, 4, 4, 4, 4, 4, 4, 4, 4, 4, 4, 4, 4, 4, 4, 4, 4, 4, 4, 4, 4, 4, 4, 4, 4, 4, 4, 4, 4, 4, 4, 4, 4, 4, 4, 4, 4, 4, 4, 4, 4, 4, 4, 4, 4, 4, 4, 4, 4, 4, 4, 4, 4, 4, 4, 4, 4, 4, 4, 4, 3], "test_accuracy": 0.728110599078341, "predictions": [7, 4, 9, 10, 7, 1, 8, 5, 0, 2, 4, 7, 8, 4, 8, 8, 9, 6, 4, 3, 8, 10, 0, 10, 8, 8, 4, 8, 6, 8, 2, 8, 3, 8, 6, 1, 10, 5, 5, 0, 10, 3, 2, 2, 7, 8, 4, 3, 3, 0, 2, 4, 3, 4, 6, 0, 1, 9, 1, 10, 10, 6, 8, 8, 5, 6, 8, 8, 5, 8, 1, 1, 5, 1, 1, 8, 6, 8, 2, 2, 3, 1, 1, 0, 5, 5, 1, 8, 7, 5, 9, 10, 10, 7, 0, 5, 1, 8, 2, 7, 5, 8, 10, 6, 2, 8, 1, 9, 10, 4, 7, 6, 0, 0, 7, 8, 0, 8, 0, 0, 4, 0, 7, 8, 5, 0, 7, 9, 6, 7, 4, 5, 10, 10, 7, 9, 4, 3, 9, 0, 10, 3, 2, 9, 9, 7, 4, 7, 2, 10, 8, 4, 10, 10, 1, 0, 10, 5, 4, 7, 4, 9, 10, 4, 2, 0, 10, 5, 0, 0, 8, 0, 10, 7, 6, 8, 8, 8, 1, 2, 6, 3, 5, 3, 9, 3, 6, 8, 3, 2, 7, 6, 0, 9, 9, 4, 1, 3, 5, 9, 4, 1, 6, 0, 5, 9, 9, 5, 3, 9, 9, 2, 2, 5, 4, 5, 3, 10, 8, 4, 7, 3, 0, 6, 7, 9, 5, 7, 8, 0, 1, 6, 3, 7, 7, 2, 10, 9, 1, 10, 9, 4, 3, 3, 1, 7, 8, 5, 2, 4, 10, 1, 1, 2, 3, 10, 10, 9, 5, 3, 0, 10, 7, 2, 5, 1, 8, 1, 8, 7, 9, 10, 3, 5, 6, 2, 7, 9, 4, 7, 2, 8, 5, 10, 2, 4, 2, 5, 5, 3, 8, 8, 8, 6, 0, 1, 2, 7, 3, 2, 4, 10, 8, 6, 6, 0, 2, 7, 10, 1, 7, 6, 4, 2, 5, 2, 1, 9, 9, 3, 2, 6, 7, 9, 1, 2, 8, 5, 2, 9, 4, 1, 3, 8, 4, 7, 1, 10, 4, 2, 5, 0, 9, 10, 8, 0, 8, 7, 3, 6, 8, 6, 0, 9, 5, 3, 0, 3, 7, 7, 4, 2, 6, 10, 8, 9, 10, 5, 6, 9, 4, 0, 5, 0, 9, 10, 5, 0, 3, 7, 3, 8, 8, 2, 2, 2, 4, 9, 3, 7, 3, 2, 9, 4, 0, 0, 5, 6, 4, 4, 8, 4, 8, 9, 1, 10, 10, 5, 5, 7, 3, 3, 5, 10, 4, 7, 2, 3, 8, 8, 0, 5, 5, 3, 6, 0, 3, 7, 8, 4, 7, 3, 8, 0, 3, 2, 2, 3, 9, 10, 10, 4, 10, 8, 6, 5, 0, 8, 8, 2, 1, 9, 9, 5, 5, 9, 6, 2, 5, 7, 9, 10, 1, 8, 0, 6, 0, 6, 2, 4, 10, 3, 1, 2, 8, 2, 4, 3, 2, 8, 4, 4, 0, 7, 6, 4, 8, 0, 2, 6, 6, 9, 3, 7, 2, 4, 2, 0, 1, 3, 9, 6, 3, 4, 7, 1, 3, 8, 3, 8, 7, 10, 4, 10, 2, 5, 5, 7, 5, 8, 5, 5, 6, 4, 5, 4, 4, 8, 9, 7, 7, 2, 0, 6, 5, 0, 2, 7, 1, 8, 5, 1, 8, 5, 2, 0, 1, 7, 6, 4, 6, 9, 0, 10, 8, 0, 2, 3, 7, 3, 2, 7, 9, 6, 2, 8, 5, 0, 8, 2, 6, 6, 2, 10, 4, 7, 9, 6, 8, 6, 6, 8, 7, 9, 7, 9, 10, 4, 3, 3, 7, 5, 1, 7, 5, 8, 0, 7, 8, 0, 7, 4, 8, 5, 8, 8, 2, 6, 1, 5, 3, 0, 1, 4, 7, 1, 5, 8, 2, 6, 10, 7, 3, 0, 3, 9, 1, 4, 3, 8, 7, 8, 4, 9, 10, 0, 2, 3, 7, 8, 6, 8, 1, 7, 4, 0, 2, 0, 8, 6, 7],