{"val_acc": [0.2964669738863287, 0.3794162826420891, 0.4162826420890937, 0.47465437788018433, 0.5360983102918587, 0.5314900153609831, 0.5698924731182796, 0.5499231950844854, 0.6098310291858678, 0.5852534562211982], "val_loss": [2.0178146296483606, 1.7453874451982463, 1.6108976832928101, 1.4824306998698988, 1.383165009182655, 1.3976953654932829, 1.2749521711304144, 1.3176980402114933, 1.1511080745447633, 1.1501578530011], "train_loss": [2.1936184340982265, 1.8830716392518785, 1.6886276147690038, 1.5374776508766903, 1.440570058685542, 1.3762638051552343, 1.3053113900068427, 1.268618938790826, 1.1992300814515904, 1.1665783231285873], "test_correct_in_batch": [3.0, 1.0, 2.0, 1.0, 1.0, 3.0, 2.0, 1.0, 3.0, 3.0, 3.0, 3.0, 2.0, 2.0, 4.0, 3.0, 2.0, 1.0, 0.0, 1.0, 1.0, 3.0, 2.0, 3.0, 3.0, 4.0, 1.0, 3.0, 2.0, 2.0, 1.0, 2.0, 4.0, 3.0, 2.0, 2.0, 3.0, 3.0, 0.0, 4.0, 2.0, 3.0, 3.0, 2.0, 3.0, 3.0, 2.0, 2.0, 1.0, 2.0, 2.0, 1.0, 1.0, 2.0, 2.0, 4.0, 4.0, 4.0, 3.0, 2.0, 3.0, 3.0, 3.0, 3.0, 2.0, 2.0, 3.0, 2.0, 2.0, 3.0, 0.0, 2.0, 0.0, 2.0, 3.0, 3.0, 2.0, 4.0, 2.0, 2.0, 1.0, 2.0, 4.0, 2.0, 1.0, 2.0, 2.0, 2.0, 3.0, 1.0, 3.0, 3.0, 1.0, 3.0, 4.0, 0.0, 2.0, 2.0, 3.0, 1.0, 2.0, 3.0, 2.0, 3.0, 1.0, 3.0, 0.0, 2.0, 3.0, 3.0, 3.0, 3.0, 3.0, 3.0, 3.0, 3.0, 1.0, 2.0, 3.0, 3.0, 2.0, 3.0, 2.0, 2.0, 3.0, 1.0, 2.0, 3.0, 2.0, 2.0, 3.0, 4.0, 2.0, 3.0, 1.0, 2.0, 3.0, 2.0, 3.0, 3.0, 2.0, 1.0, 1.0, 2.0, 3.0, 3.0, 2.0, 2.0, 2.0, 3.0, 2.0, 2.0, 4.0, 2.0, 3.0, 1.0, 2.0, 0.0, 3.0, 2.0, 4.0, 2.0, 2.0], "test_losses": [0.5838619470596313, 1.662697672843933, 1.6099603176116943, 2.303513526916504, 1.1438581943511963, 0.761988639831543, 1.501357078552246, 1.9549689292907715, 1.2187774181365967, 0.6043491363525391, 0.7542454600334167, 0.38308852910995483, 2.2597334384918213, 0.8579614162445068, 0.5305808186531067, 1.3878371715545654, 1.441792368888855, 2.11405611038208, 2.3301825523376465, 1.9544284343719482, 2.4418556690216064, 1.0808664560317993, 1.6193344593048096, 0.50443434715271, 1.2085734605789185, 0.16734251379966736, 2.038412570953369, 0.9541780948638916, 0.920210063457489, 1.57338285446167, 2.447131395339966, 1.208775281906128, 0.22356361150741577, 0.6359845399856567, 1.014987587928772, 1.186070442199707, 0.8492510914802551, 1.3514552116394043, 2.9869909286499023, 0.16381055116653442, 1.96268892288208, 1.1491684913635254, 0.9151618480682373, 0.9160556197166443, 0.7275820970535278, 0.8345465660095215, 0.8293865919113159, 0.8517035841941833, 2.3947536945343018, 1.684220790863037, 1.771531343460083, 3.5635666847229004, 2.8971736431121826, 1.3478089570999146, 1.7032856941223145, 0.22459478676319122, 0.6109352707862854, 0.3403981924057007, 0.5503557920455933, 1.4729807376861572, 0.6041324734687805, 0.5418376922607422, 0.721612811088562, 0.4847739040851593, 1.6529181003570557, 1.2401621341705322, 0.7331210374832153, 1.162630558013916, 1.2020214796066284, 1.1101489067077637, 2.9961297512054443, 0.8726477026939392, 2.796560287475586, 1.404314398765564, 1.250439167022705, 1.0770562887191772, 1.3328027725219727, 0.11520271003246307, 1.3740137815475464, 1.8782141208648682, 2.153576374053955, 1.4155433177947998, 0.546667218208313, 1.5386173725128174, 2.8819127082824707, 1.7118215560913086, 0.9645630121231079, 0.7499704957008362, 0.6351808309555054, 2.2201216220855713, 1.2406327724456787, 1.3303650617599487, 2.370431423187256, 0.895136296749115, 0.5319944620132446, 2.116649627685547, 1.2406803369522095, 1.6885929107666016, 0.855829119682312, 1.657895803451538, 1.0560957193374634, 0.5729281902313232, 1.4347915649414062, 0.7027024030685425, 1.9716262817382812, 0.9241069555282593, 2.172367572784424, 1.2895028591156006, 0.8224068284034729, 0.9952139258384705, 1.1235746145248413, 0.8727355003356934, 1.4066433906555176, 1.2481930255889893, 1.1150778532028198, 0.5419082641601562, 2.3797309398651123, 0.7177554368972778, 0.9342412948608398, 0.7172747850418091, 0.9822831749916077, 0.9101273417472839, 1.26321542263031, 0.7370750904083252, 1.724959135055542, 1.420858383178711, 2.3960514068603516, 0.7791095972061157, 1.1463907957077026, 0.9546722173690796, 0.8838194012641907, 0.4294281601905823, 1.1678454875946045, 1.2035467624664307, 3.0303449630737305, 1.3105156421661377, 0.7642358541488647, 1.1891533136367798, 0.990511417388916, 1.5697321891784668, 1.6031298637390137, 2.657047986984253, 3.5834784507751465, 1.6915206909179688, 0.9741649627685547, 1.0976284742355347, 1.4737086296081543, 1.8253450393676758, 1.244554877281189, 0.8346109390258789, 1.4538620710372925, 1.5765620470046997, 0.5273041725158691, 2.162005662918091, 0.7344991564750671, 1.2965035438537598, 0.8984217047691345, 1.4145607948303223, 0.8430712819099426, 0.961980402469635, 0.5364474058151245, 1.1476699113845825, 0.9186155796051025], "test_loss": 1.2962583976289246, "test_batch_lens": [4, 4, 4, 4, 4, 4, 4, 4, 4, 4, 4, 4, 4, 4, 4, 4, 4, 4, 4, 4, 4, 4, 4, 4, 4, 4, 4, 4, 4, 4, 4, 4, 4, 4, 4, 4, 4, 4, 4, 4, 4, 4, 4, 4, 4, 4, 4, 4, 4, 4, 4, 4, 4, 4, 4, 4, 4, 4, 4, 4, 4, 4, 4, 4, 4, 4, 4, 4, 4, 4, 4, 4, 4, 4, 4, 4, 4, 4, 4, 4, 4, 4, 4, 4, 4, 4, 4, 4, 4, 4, 4, 4, 4, 4, 4, 4, 4, 4, 4, 4, 4, 4, 4, 4, 4, 4, 4, 4, 4, 4, 4, 4, 4, 4, 4, 4, 4, 4, 4, 4, 4, 4, 4, 4, 4, 4, 4, 4, 4, 4, 4, 4, 4, 4, 4, 4, 4, 4, 4, 4, 4, 4, 4, 4, 4, 4, 4, 4, 4, 4, 4, 4, 4, 4, 4, 4, 4, 4, 4, 4, 4, 4, 3], "test_accuracy": 0.5714285714285714, "predictions": [7, 4, 0, 10, 0, 3, 8, 5, 1, 3, 4, 7, 3, 4, 3, 8, 5, 6, 9, 2, 8, 10, 0, 4, 6, 1, 5, 6, 2, 10, 2, 3, 1, 3, 6, 3, 10, 5, 0, 0, 10, 3, 4, 10, 7, 10, 4, 3, 3, 6, 2, 4, 6, 4, 6, 0, 1, 9, 1, 10, 10, 6, 4, 6, 5, 9, 6, 5, 5, 1, 4, 3, 9, 1, 8, 5, 6, 2, 4, 9, 9, 1, 1, 0, 5, 5, 1, 0, 0, 9, 9, 6, 10, 7, 0, 5, 5, 8, 2, 7, 5, 1, 10, 6, 2, 1, 3, 6, 10, 4, 7, 2, 1, 3, 7, 8, 0, 2, 5, 0, 4, 9, 0, 3, 5, 9, 8, 9, 6, 7, 4, 0, 10, 10, 4, 9, 4, 3, 9, 1, 2, 3, 9, 9, 9, 7, 4, 7, 2, 10, 0, 4, 6, 2, 2, 5, 10, 5, 4, 7, 4, 9, 10, 9, 2, 9, 10, 5, 8, 0, 9, 3, 2, 7, 6, 6, 5, 8, 1, 2, 6, 9, 5, 3, 9, 1, 4, 10, 3, 2, 5, 9, 1, 6, 9, 9, 0, 1, 5, 9, 9, 1, 6, 9, 9, 5, 3, 8, 9, 9, 1, 9, 9, 5, 10, 5, 9, 10, 9, 4, 7, 3, 0, 6, 7, 0, 5, 7, 1, 0, 1, 6, 1, 7, 7, 2, 10, 5, 0, 10, 9, 9, 3, 3, 1, 7, 6, 5, 6, 4, 10, 1, 3, 2, 3, 10, 9, 4, 5, 3, 3, 9, 7, 3, 5, 3, 8, 1, 9, 7, 9, 10, 1, 5, 6, 2, 7, 9, 9, 7, 4, 1, 5, 3, 2, 5, 2, 0, 4, 1, 6, 3, 9, 1, 0, 1, 2, 1, 3, 2, 4, 10, 0, 6, 2, 5, 2, 7, 10, 1, 7, 6, 9, 6, 4, 2, 9, 9, 9, 3, 2, 9, 9, 7, 1, 2, 7, 5, 2, 9, 4, 1, 3, 3, 4, 7, 1, 10, 4, 4, 5, 3, 1, 10, 5, 1, 6, 7, 1, 6, 5, 6, 9, 9, 5, 1, 1, 3, 9, 4, 4, 2, 6, 10, 2, 9, 8, 5, 2, 9, 4, 9, 5, 0, 1, 10, 5, 0, 3, 7, 1, 9, 1, 4, 8, 2, 4, 9, 3, 7, 5, 10, 7, 4, 0, 0, 9, 6, 4, 4, 8, 9, 6, 9, 1, 10, 10, 9, 9, 7, 9, 3, 5, 10, 4, 7, 2, 1, 8, 2, 0, 5, 4, 9, 6, 1, 3, 7, 7, 4, 7, 3, 8, 3, 3, 2, 2, 3, 0, 10, 10, 9, 10, 6, 6, 5, 0, 5, 3, 2, 1, 9, 9, 5, 5, 9, 2, 3, 5, 7, 9, 10, 1, 6, 0, 6, 8, 4, 6, 4, 10, 3, 1, 2, 8, 6, 4, 0, 2, 5, 5, 0, 0, 7, 6, 9, 1, 0, 9, 2, 6, 9, 1, 4, 2, 4, 6, 0, 1, 3, 1, 6, 9, 9, 7, 3, 1, 5, 1, 1, 7, 10, 2, 10, 4, 5, 0, 7, 4, 1, 4, 5, 9, 4, 5, 4, 9, 5, 9, 7, 0, 10, 0, 2, 5, 3, 4, 6, 1, 6, 9, 1, 5, 5, 2, 0, 7, 7, 5, 9, 6, 5, 0, 10, 8, 9, 9, 1, 7, 3, 2, 1, 9, 2, 2, 6, 9, 3, 9, 2, 2, 6, 10, 10, 4, 7, 9, 6, 2, 6, 6, 9, 7, 9, 7, 9, 4, 5, 3, 9, 7, 9, 0, 7, 5, 9, 0, 7, 6, 0, 7, 9, 6, 5, 4, 6, 4, 6, 1, 5, 3, 0, 1, 10, 9, 1, 9, 5, 6, 6, 2, 7, 3, 3, 1, 9, 0, 4, 1, 6, 0, 6, 9, 5, 4, 0, 2, 3, 9, 6, 6, 8, 1, 7, 9, 0, 2, 8, 6, 6, 7],