{"val_acc": [0.6344086021505376, 0.7465437788018433, 0.7849462365591398, 0.8003072196620584, 0.8187403993855606, 0.8325652841781874, 0.82642089093702, 0.8463901689708141, 0.8509984639016898, 0.847926267281106], "val_loss": [0.9956963744722992, 0.7318461147119846, 0.6523363706341551, 0.5643199389811857, 0.5194046082620744, 0.4812571684847032, 0.4783367693732761, 0.4386889445838273, 0.4198393722041939, 0.437854190512726], "train_loss": [1.5941636638581291, 0.8544509265715137, 0.6963644035338767, 0.6205621378400553, 0.5551445598802716, 0.5067512043326532, 0.48058186848529727, 0.44411093927731704, 0.4281566683064119, 0.41449031722532437], "test_correct_in_batch": [4.0, 4.0, 3.0, 2.0, 4.0, 4.0, 1.0, 2.0, 3.0, 4.0, 4.0, 4.0, 3.0, 4.0, 4.0, 3.0, 3.0, 3.0, 3.0, 3.0, 3.0, 3.0, 2.0, 4.0, 3.0, 4.0, 4.0, 3.0, 3.0, 4.0, 1.0, 3.0, 4.0, 4.0, 4.0, 4.0, 4.0, 4.0, 4.0, 3.0, 3.0, 4.0, 4.0, 3.0, 3.0, 4.0, 4.0, 4.0, 4.0, 4.0, 3.0, 2.0, 4.0, 4.0, 3.0, 4.0, 4.0, 4.0, 3.0, 3.0, 4.0, 4.0, 3.0, 4.0, 4.0, 3.0, 4.0, 3.0, 3.0, 3.0, 2.0, 3.0, 4.0, 4.0, 4.0, 4.0, 4.0, 4.0, 4.0, 4.0, 3.0, 4.0, 4.0, 2.0, 4.0, 3.0, 4.0, 3.0, 4.0, 3.0, 3.0, 3.0, 1.0, 4.0, 4.0, 4.0, 3.0, 3.0, 2.0, 4.0, 3.0, 4.0, 4.0, 2.0, 4.0, 4.0, 4.0, 3.0, 4.0, 3.0, 4.0, 3.0, 4.0, 4.0, 4.0, 3.0, 3.0, 4.0, 4.0, 4.0, 4.0, 3.0, 4.0, 3.0, 3.0, 4.0, 2.0, 3.0, 4.0, 3.0, 4.0, 4.0, 4.0, 4.0, 3.0, 1.0, 4.0, 3.0, 4.0, 2.0, 4.0, 3.0, 4.0, 4.0, 4.0, 3.0, 4.0, 3.0, 3.0, 4.0, 4.0, 4.0, 4.0, 4.0, 3.0, 3.0, 4.0, 4.0, 4.0, 4.0, 4.0, 4.0, 3.0], "test_losses": [0.015831543132662773, 0.0630379468202591, 0.356067031621933, 2.370145797729492, 0.03552716597914696, 0.04747014120221138, 1.9883955717086792, 2.672882080078125, 0.6242859959602356, 0.0076383682899177074, 0.14254459738731384, 0.20685367286205292, 1.5282673835754395, 0.0546293705701828, 0.19871075451374054, 1.1874297857284546, 0.5607250928878784, 0.589039146900177, 0.5945332050323486, 0.452783465385437, 0.5636733174324036, 0.29814523458480835, 0.9810578227043152, 0.07082652300596237, 0.4890839457511902, 0.024847911670804024, 0.08847279101610184, 0.5978466868400574, 0.37022802233695984, 0.012938670814037323, 2.364576578140259, 0.6276291608810425, 0.022892111912369728, 0.017926424741744995, 0.09817500412464142, 0.09294978529214859, 0.03434222564101219, 0.02091290056705475, 0.018761780112981796, 0.3851216435432434, 0.6293779015541077, 0.10440428555011749, 0.7377219200134277, 0.8513765931129456, 0.39479339122772217, 0.16722355782985687, 0.20354369282722473, 0.2469058483839035, 0.32452601194381714, 0.1737256795167923, 0.6179507970809937, 2.0943124294281006, 0.09793828427791595, 0.17863067984580994, 0.6781206130981445, 0.015290570445358753, 0.02109590359032154, 0.12269195169210434, 0.20198750495910645, 1.3065077066421509, 0.0241654422134161, 0.15098460018634796, 0.2757112681865692, 0.022245856001973152, 0.07128295302391052, 0.2966107428073883, 0.2354503571987152, 0.7087728381156921, 0.739559531211853, 0.6532701253890991, 1.1661694049835205, 0.31850290298461914, 0.21825668215751648, 0.2981804311275482, 0.0332636795938015, 0.06952396780252457, 0.04344569519162178, 0.0054894108325243, 0.11070451885461807, 0.058154307305812836, 0.811636745929718, 0.18677937984466553, 0.0461631715297699, 1.2185676097869873, 0.05581475421786308, 1.3485386371612549, 0.07704045623540878, 1.0885093212127686, 0.061330173164606094, 0.6200527548789978, 0.6058698892593384, 0.3444472849369049, 2.349296808242798, 0.028698720037937164, 0.022834831848740578, 0.07031366974115372, 0.5650632381439209, 1.2103967666625977, 1.8136112689971924, 0.055124036967754364, 0.6501377820968628, 0.2884144186973572, 0.022811369970440865, 1.257346749305725, 0.08341732621192932, 0.4220074415206909, 0.06224408000707626, 0.513875424861908, 0.2629113793373108, 0.460536390542984, 0.13856101036071777, 0.5858591198921204, 0.06065024062991142, 0.007805250585079193, 0.19192509353160858, 0.28842785954475403, 0.8198709487915039, 0.03777136281132698, 0.1293269544839859, 0.25107285380363464, 0.027349792420864105, 0.6672240495681763, 0.1324607878923416, 0.39097121357917786, 0.9677464962005615, 0.33502307534217834, 1.9655474424362183, 1.2688875198364258, 0.031717173755168915, 0.32133156061172485, 0.24914446473121643, 0.01557156816124916, 0.0798080787062645, 0.2669442892074585, 0.5395868420600891, 1.7180895805358887, 0.02307788096368313, 1.0518813133239746, 0.21456782519817352, 1.3100327253341675, 0.003660360351204872, 0.613245964050293, 0.30705612897872925, 0.05492090806365013, 0.03903939202427864, 0.5635929703712463, 0.2657521963119507, 0.6852293610572815, 0.5246991515159607, 0.13695909082889557, 0.025761572644114494, 0.25560298562049866, 0.01789274998009205, 0.0958898738026619, 0.5110688805580139, 0.6090751886367798, 0.059787653386592865, 0.2813631296157837, 0.22184671461582184, 0.18503054976463318, 0.0132334865629673, 0.0973614826798439, 0.0401049368083477], "test_loss": 0.4407685747272992, "test_batch_lens": [4, 4, 4, 4, 4, 4, 4, 4, 4, 4, 4, 4, 4, 4, 4, 4, 4, 4, 4, 4, 4, 4, 4, 4, 4, 4, 4, 4, 4, 4, 4, 4, 4, 4, 4, 4, 4, 4, 4, 4, 4, 4, 4, 4, 4, 4, 4, 4, 4, 4, 4, 4, 4, 4, 4, 4, 4, 4, 4, 4, 4, 4, 4, 4, 4, 4, 4, 4, 4, 4, 4, 4, 4, 4, 4, 4, 4, 4, 4, 4, 4, 4, 4, 4, 4, 4, 4, 4, 4, 4, 4, 4, 4, 4, 4, 4, 4, 4, 4, 4, 4, 4, 4, 4, 4, 4, 4, 4, 4, 4, 4, 4, 4, 4, 4, 4, 4, 4, 4, 4, 4, 4, 4, 4, 4, 4, 4, 4, 4, 4, 4, 4, 4, 4, 4, 4, 4, 4, 4, 4, 4, 4, 4, 4, 4, 4, 4, 4, 4, 4, 4, 4, 4, 4, 4, 4, 4, 4, 4, 4, 4, 4, 3], "test_accuracy": 0.8663594470046083, "predictions": [7, 4, 1, 10, 7, 1, 8, 8, 0, 2, 4, 7, 1, 9, 8, 8, 9, 6, 4, 9, 8, 10, 1, 4, 8, 3, 9, 6, 6, 8, 7, 0, 1, 1, 6, 3, 10, 5, 5, 0, 10, 3, 2, 10, 7, 8, 4, 3, 3, 8, 2, 4, 3, 4, 6, 1, 1, 9, 1, 10, 10, 6, 9, 6, 5, 1, 8, 5, 8, 1, 3, 3, 8, 3, 1, 8, 8, 8, 9, 2, 3, 1, 1, 1, 5, 5, 1, 0, 8, 9, 9, 10, 10, 7, 1, 5, 1, 6, 2, 7, 5, 1, 10, 6, 10, 8, 3, 9, 10, 4, 7, 9, 0, 3, 7, 8, 0, 8, 0, 0, 9, 0, 7, 8, 5, 1, 7, 2, 6, 7, 4, 0, 10, 10, 7, 9, 4, 1, 9, 0, 10, 3, 3, 9, 4, 7, 4, 7, 2, 10, 2, 4, 10, 10, 1, 0, 10, 5, 8, 7, 4, 9, 10, 4, 2, 3, 10, 5, 8, 0, 9, 0, 8, 7, 6, 8, 8, 8, 1, 2, 6, 3, 5, 3, 9, 3, 4, 8, 3, 2, 0, 2, 0, 9, 9, 8, 1, 3, 5, 9, 4, 1, 6, 1, 4, 0, 9, 8, 3, 9, 5, 6, 2, 5, 4, 5, 2, 10, 7, 4, 7, 3, 0, 6, 7, 0, 5, 7, 1, 0, 1, 6, 1, 7, 7, 2, 10, 9, 3, 10, 9, 4, 3, 3, 1, 7, 8, 5, 2, 4, 10, 3, 1, 2, 3, 10, 6, 9, 5, 3, 3, 10, 7, 9, 5, 1, 8, 1, 1, 7, 3, 10, 3, 5, 1, 2, 7, 9, 9, 7, 7, 8, 5, 10, 2, 4, 6, 5, 5, 3, 8, 0, 8, 6, 0, 1, 2, 7, 3, 2, 4, 10, 8, 6, 6, 0, 2, 7, 10, 1, 7, 6, 9, 2, 5, 2, 0, 9, 4, 3, 2, 6, 7, 7, 1, 8, 8, 5, 2, 9, 4, 1, 3, 1, 4, 7, 1, 2, 7, 2, 5, 0, 4, 10, 5, 0, 5, 7, 3, 6, 9, 6, 4, 9, 5, 1, 8, 3, 9, 7, 4, 9, 6, 10, 8, 9, 2, 5, 2, 9, 4, 1, 5, 0, 9, 10, 5, 0, 3, 7, 3, 1, 8, 2, 10, 4, 4, 9, 3, 7, 5, 9, 7, 9, 0, 0, 5, 6, 9, 9, 7, 7, 8, 9, 1, 10, 10, 5, 5, 7, 3, 3, 9, 10, 4, 7, 2, 3, 1, 1, 0, 5, 4, 1, 2, 0, 1, 8, 8, 9, 8, 3, 8, 0, 3, 2, 2, 3, 7, 8, 10, 4, 10, 6, 6, 5, 0, 2, 8, 2, 1, 9, 9, 5, 9, 9, 1, 3, 5, 7, 9, 10, 3, 8, 1, 6, 3, 1, 2, 4, 10, 1, 1, 2, 8, 2, 4, 8, 2, 5, 9, 9, 0, 7, 6, 9, 1, 0, 2, 8, 6, 9, 3, 7, 10, 4, 2, 0, 1, 3, 9, 6, 3, 4, 2, 1, 3, 5, 0, 7, 7, 10, 4, 10, 2, 5, 5, 7, 5, 3, 4, 5, 0, 4, 5, 4, 9, 5, 9, 7, 7, 2, 0, 2, 4, 3, 2, 8, 1, 8, 5, 1, 6, 0, 2, 0, 9, 7, 5, 9, 6, 9, 0, 10, 8, 8, 2, 3, 7, 3, 2, 7, 9, 6, 7, 6, 9, 0, 8, 2, 10, 5, 2, 10, 8, 7, 9, 6, 8, 6, 6, 9, 7, 9, 7, 8, 4, 9, 3, 3, 7, 1, 1, 7, 4, 4, 0, 7, 8, 0, 7, 4, 5, 5, 4, 8, 6, 6, 1, 5, 3, 0, 1, 4, 7, 1, 9, 7, 6, 6, 10, 7, 3, 0, 3, 9, 1, 4, 3, 10, 7, 8, 9, 9, 4, 0, 2, 3, 7, 8, 6, 8, 1, 7, 4, 0, 2, 0, 8, 6, 7],