{"val_acc": [0.06144393241167435, 0.07987711213517665, 0.09831029185867896, 0.10445468509984639, 0.09216589861751152, 0.08602150537634409, 0.0706605222734255, 0.0706605222734255, 0.0967741935483871, 0.0967741935483871], "val_loss": [2.3990584078010606, 2.3981398790160573, 2.39822093840757, 2.3982984551622826, 2.399193953882697, 2.3971075528969794, 2.398864923079321, 2.3994547545544207, 2.396606126445934, 2.3986631712299182], "train_loss": [2.3994782508546746, 2.3985818731432222, 2.3985244598915836, 2.398524999502924, 2.3984721716182076, 2.3983438198798033, 2.3985133783794557, 2.3985020661558303, 2.398443413643955, 2.398360696539502], "test_correct_in_batch": [1.0, 0.0, 0.0, 0.0, 0.0, 1.0, 0.0, 0.0, 0.0, 1.0, 2.0, 0.0, 0.0, 0.0, 1.0, 1.0, 0.0, 0.0, 0.0, 0.0, 0.0, 0.0, 1.0, 1.0, 0.0, 1.0, 1.0, 1.0, 0.0, 0.0, 0.0, 0.0, 0.0, 2.0, 0.0, 1.0, 0.0, 1.0, 2.0, 1.0, 1.0, 1.0, 0.0, 1.0, 0.0, 0.0, 0.0, 0.0, 0.0, 0.0, 0.0, 0.0, 0.0, 0.0, 1.0, 0.0, 0.0, 0.0, 0.0, 2.0, 0.0, 0.0, 1.0, 1.0, 0.0, 1.0, 0.0, 1.0, 0.0, 0.0, 1.0, 0.0, 0.0, 0.0, 0.0, 1.0, 0.0, 1.0, 0.0, 0.0, 0.0, 0.0, 0.0, 0.0, 0.0, 1.0, 0.0, 0.0, 0.0, 0.0, 1.0, 0.0, 0.0, 1.0, 0.0, 0.0, 0.0, 0.0, 0.0, 0.0, 0.0, 2.0, 0.0, 1.0, 0.0, 0.0, 0.0, 0.0, 0.0, 1.0, 2.0, 0.0, 0.0, 0.0, 0.0, 1.0, 0.0, 1.0, 0.0, 0.0, 0.0, 0.0, 0.0, 0.0, 0.0, 0.0, 0.0, 1.0, 1.0, 0.0, 0.0, 0.0, 0.0, 0.0, 0.0, 0.0, 0.0, 0.0, 1.0, 0.0, 0.0, 0.0, 1.0, 1.0, 0.0, 0.0, 0.0, 0.0, 0.0, 0.0, 0.0, 0.0, 0.0, 0.0, 0.0, 1.0, 0.0, 1.0, 0.0, 0.0, 0.0, 0.0, 0.0], "test_losses": [2.3956589698791504, 2.3955371379852295, 2.406038761138916, 2.395672082901001, 2.4105992317199707, 2.3857109546661377, 2.4040772914886475, 2.397538900375366, 2.401777982711792, 2.3964529037475586, 2.364513397216797, 2.401630163192749, 2.395883560180664, 2.406947135925293, 2.3845558166503906, 2.3988425731658936, 2.4100470542907715, 2.3903396129608154, 2.3903396129608154, 2.397726535797119, 2.39107608795166, 2.4045703411102295, 2.3910436630249023, 2.3957791328430176, 2.396235942840576, 2.3970820903778076, 2.3772644996643066, 2.3956589698791504, 2.408655881881714, 2.397010564804077, 2.412144660949707, 2.409228801727295, 2.4172897338867188, 2.377227306365967, 2.404305934906006, 2.3780009746551514, 2.4202117919921875, 2.3830947875976562, 2.372237205505371, 2.4011356830596924, 2.3858985900878906, 2.3832526206970215, 2.396066904067993, 2.3935258388519287, 2.391433000564575, 2.403789758682251, 2.395883560180664, 2.388854503631592, 2.39512300491333, 2.400017499923706, 2.4008541107177734, 2.401052713394165, 2.407254695892334, 2.410625457763672, 2.3823959827423096, 2.408655881881714, 2.416106700897217, 2.405999183654785, 2.4029064178466797, 2.373185157775879, 2.396620035171509, 2.4050276279449463, 2.3864097595214844, 2.3777756690979004, 2.407254695892334, 2.3870248794555664, 2.3990936279296875, 2.3830113410949707, 2.393199920654297, 2.4064087867736816, 2.383577823638916, 2.4018337726593018, 2.3969476222991943, 2.4019851684570312, 2.3936572074890137, 2.3929481506347656, 2.4086179733276367, 2.3975396156311035, 2.396664619445801, 2.401028633117676, 2.4076740741729736, 2.3950798511505127, 2.399859666824341, 2.404907464981079, 2.3969345092773438, 2.3969101905822754, 2.4156494140625, 2.414184093475342, 2.408651351928711, 2.402207612991333, 2.4023184776306152, 2.3952672481536865, 2.4172897338867188, 2.3911638259887695, 2.406895399093628, 2.387024402618408, 2.4052162170410156, 2.4006621837615967, 2.4054372310638428, 2.410719394683838, 2.4169232845306396, 2.376582622528076, 2.402486801147461, 2.3959665298461914, 2.391038179397583, 2.409595251083374, 2.391433000564575, 2.3916823863983154, 2.388155460357666, 2.3837099075317383, 2.383699655532837, 2.411663293838501, 2.390489101409912, 2.403669595718384, 2.405764102935791, 2.380542039871216, 2.3975768089294434, 2.3864097595214844, 2.38698673248291, 2.401134967803955, 2.4050707817077637, 2.4028713703155518, 2.39772629737854, 2.4023289680480957, 2.392207145690918, 2.407134532928467, 2.403789758682251, 2.3914337158203125, 2.3918864727020264, 2.414518117904663, 2.414951801300049, 2.414128065109253, 2.4063711166381836, 2.3975260257720947, 2.390489339828491, 2.3897905349731445, 2.4015681743621826, 2.412479877471924, 2.377471923828125, 2.405643939971924, 2.4076743125915527, 2.400869607925415, 2.3825159072875977, 2.3829734325408936, 2.408278703689575, 2.4163458347320557, 2.405094861984253, 2.4023666381835938, 2.414397954940796, 2.401813507080078, 2.419874668121338, 2.413447856903076, 2.400961399078369, 2.408921241760254, 2.417649030685425, 2.3914337158203125, 2.399897336959839, 2.3830111026763916, 2.4044933319091797, 2.392958402633667, 2.4067881107330322, 2.4019346237182617, 2.4098405838012695], "test_loss": 2.39859597668326, "test_batch_lens": [4, 4, 4, 4, 4, 4, 4, 4, 4, 4, 4, 4, 4, 4, 4, 4, 4, 4, 4, 4, 4, 4, 4, 4, 4, 4, 4, 4, 4, 4, 4, 4, 4, 4, 4, 4, 4, 4, 4, 4, 4, 4, 4, 4, 4, 4, 4, 4, 4, 4, 4, 4, 4, 4, 4, 4, 4, 4, 4, 4, 4, 4, 4, 4, 4, 4, 4, 4, 4, 4, 4, 4, 4, 4, 4, 4, 4, 4, 4, 4, 4, 4, 4, 4, 4, 4, 4, 4, 4, 4, 4, 4, 4, 4, 4, 4, 4, 4, 4, 4, 4, 4, 4, 4, 4, 4, 4, 4, 4, 4, 4, 4, 4, 4, 4, 4, 4, 4, 4, 4, 4, 4, 4, 4, 4, 4, 4, 4, 4, 4, 4, 4, 4, 4, 4, 4, 4, 4, 4, 4, 4, 4, 4, 4, 4, 4, 4, 4, 4, 4, 4, 4, 4, 4, 4, 4, 4, 4, 4, 4, 4, 4, 3], "test_accuracy": 0.07680491551459294, "predictions": [10, 10, 10, 10, 10, 10, 10, 10, 10, 10, 10, 10, 10, 10, 10, 10, 10, 10, 10, 10, 10, 10, 10, 10, 10, 10, 10, 10, 10, 10, 10, 10, 10, 10, 10, 10, 10, 10, 10, 10, 10, 10, 10, 10, 10, 10, 10, 10, 10, 10, 10, 10, 10, 10, 10, 10, 10, 10, 10, 10, 10, 10, 10, 10, 10, 10, 10, 10, 10, 10, 10, 10, 10, 10, 10, 10, 10, 10, 10, 10, 10, 10, 10, 10, 10, 10, 10, 10, 10, 10, 10, 10, 10, 10, 10, 10, 10, 10, 10, 10, 10, 10, 10, 10, 10, 10, 10, 10, 10, 10, 10, 10, 10, 10, 10, 10, 10, 10, 10, 10, 10, 10, 10, 10, 10, 10, 10, 10, 10, 10, 10, 10, 10, 10, 10, 10, 10, 10, 10, 10, 10, 10, 10, 10, 10, 10, 10, 10, 10, 10, 10, 10, 10, 10, 10, 10, 10, 10, 10, 10, 10, 10, 10, 10, 10, 10, 10, 10, 10, 10, 10, 10, 10, 10, 10, 10, 10, 10, 10, 10, 10, 10, 10, 10, 10, 10, 10, 10, 10, 10, 10, 10, 10, 10, 10, 10, 10, 10, 10, 10, 10, 10, 10, 10, 10, 10, 10, 10, 10, 10, 10, 10, 10, 10, 10, 10, 10, 10, 10, 10, 10, 10, 10, 10, 10, 10, 10, 10, 10, 10, 10, 10, 10, 10, 10, 10, 10, 10, 10, 10, 10, 10, 10, 10, 10, 10, 10, 10, 10, 10, 10, 10, 10, 10, 10, 10, 10, 10, 10, 10, 10, 10, 10, 10, 10, 10, 10, 10, 10, 10, 10, 10, 10, 10, 10, 10, 10, 10, 10, 10, 10, 10, 10, 10, 10, 10, 10, 10, 10, 10, 10, 10, 10, 10, 10, 10, 10, 10, 10, 10, 10, 10, 10, 10, 10, 10, 10, 10, 10, 10, 10, 10, 10, 10, 10, 10, 10, 10, 10, 10, 10, 10, 10, 10, 10, 10, 10, 10, 10, 10, 10, 10, 10, 10, 10, 10, 10, 10, 10, 10, 10, 10, 10, 10, 10, 10, 10, 10, 10, 10, 10, 10, 10, 10, 10, 10, 10, 10, 10, 10, 10, 10, 10, 10, 10, 10, 10, 10, 10, 10, 10, 10, 10, 10, 10, 10, 10, 10, 10, 10, 10, 10, 10, 10, 10, 10, 10, 10, 10, 10, 10, 10, 10, 10, 10, 10, 10, 10, 10, 10, 10, 10, 10, 10, 10, 10, 10, 10, 10, 10, 10, 10, 10, 10, 10, 10, 10, 10, 10, 10, 10, 10, 10, 10, 10, 10, 10, 10, 10, 10, 10, 10, 10, 10, 10, 10, 10, 10, 10, 10, 10, 10, 10, 10, 10, 10, 10, 10, 10, 10, 10, 10, 10, 10, 10, 10, 10, 10, 10, 10, 10, 10, 10, 10, 10, 10, 10, 10, 10, 10, 10, 10, 10, 10, 10, 10, 10, 10, 10, 10, 10, 10, 10, 10, 10, 10, 10, 10, 10, 10, 10, 10, 10, 10, 10, 10, 10, 10, 10, 10, 10, 10, 10, 10, 10, 10, 10, 10, 10, 10, 10, 10, 10, 10, 10, 10, 10, 10, 10, 10, 10, 10, 10, 10, 10, 10, 10, 10, 10, 10, 10, 10, 10, 10, 10, 10, 10, 10, 10, 10, 10, 10, 10, 10, 10, 10, 10, 10, 10, 10, 10, 10, 10, 10, 10, 10, 10, 10, 10, 10, 10, 10, 10, 10, 10, 10, 10, 10, 10, 10, 10, 10, 10, 10, 10, 10, 10, 10, 10, 10, 10, 10, 10, 10, 10, 10, 10, 10, 10, 10, 10, 10, 10, 10, 10, 10, 10, 10, 10, 10, 10, 10, 10, 10, 10, 10, 10, 10, 10, 10, 10, 10, 10, 10, 10, 10, 10, 10, 10, 10, 10, 10, 10, 10, 10, 10, 10, 10, 10, 10, 10, 10, 10, 10, 10, 10, 10, 10, 10, 10, 10, 10, 10, 10, 10, 10, 10, 10, 10, 10, 10],