{"val_acc": [0.8310291858678955, 0.8817204301075269, 0.8725038402457758, 0.8648233486943164, 0.8771121351766513, 0.8786482334869432, 0.8325652841781874, 0.890937019969278, 0.880184331797235, 0.8878648233486943], "val_loss": [0.5140442770700102, 0.36880295331935553, 0.36785054731752687, 0.39550820602842557, 0.40674594239717854, 0.37240369249204175, 0.5715041372789701, 0.3894151645698092, 0.38526000178423875, 0.39208339952101445], "train_loss": [0.8740336694114536, 0.47105695551864324, 0.3577538974466461, 0.303351906379596, 0.26212097822185176, 0.2336938236376293, 0.21181482545247812, 0.19513755684381667, 0.17584632961285115, 0.16818764589808344], "test_correct_in_batch": [4.0, 3.0, 4.0, 3.0, 4.0, 4.0, 3.0, 4.0, 2.0, 4.0, 3.0, 4.0, 3.0, 4.0, 4.0, 3.0, 3.0, 3.0, 3.0, 4.0, 3.0, 4.0, 3.0, 4.0, 4.0, 4.0, 4.0, 4.0, 3.0, 4.0, 1.0, 4.0, 3.0, 4.0, 4.0, 3.0, 4.0, 4.0, 4.0, 4.0, 4.0, 4.0, 3.0, 4.0, 3.0, 4.0, 4.0, 3.0, 3.0, 4.0, 4.0, 1.0, 4.0, 3.0, 3.0, 4.0, 4.0, 4.0, 3.0, 4.0, 4.0, 3.0, 4.0, 4.0, 3.0, 3.0, 4.0, 2.0, 3.0, 3.0, 2.0, 4.0, 3.0, 3.0, 3.0, 4.0, 4.0, 4.0, 4.0, 4.0, 4.0, 4.0, 4.0, 3.0, 4.0, 4.0, 3.0, 4.0, 4.0, 3.0, 4.0, 4.0, 3.0, 4.0, 4.0, 4.0, 2.0, 2.0, 4.0, 4.0, 2.0, 4.0, 3.0, 4.0, 3.0, 3.0, 3.0, 4.0, 3.0, 4.0, 4.0, 3.0, 3.0, 3.0, 4.0, 2.0, 3.0, 4.0, 3.0, 4.0, 4.0, 1.0, 4.0, 3.0, 2.0, 4.0, 4.0, 3.0, 4.0, 4.0, 4.0, 4.0, 4.0, 3.0, 4.0, 3.0, 4.0, 3.0, 3.0, 2.0, 4.0, 3.0, 3.0, 4.0, 4.0, 2.0, 3.0, 4.0, 3.0, 4.0, 4.0, 3.0, 4.0, 4.0, 4.0, 4.0, 4.0, 3.0, 3.0, 4.0, 4.0, 4.0, 3.0], "test_losses": [0.005976560525596142, 1.8182363510131836, 0.15679164230823517, 0.6514453887939453, 0.003782080952078104, 0.030165767297148705, 1.537227749824524, 0.48171061277389526, 1.895904302597046, 0.0009932088432833552, 0.30705657601356506, 0.154423788189888, 0.5056090950965881, 0.007375944871455431, 0.1534886360168457, 3.1464879512786865, 0.8752889037132263, 0.4904371500015259, 1.2867714166641235, 0.14720465242862701, 1.8226441144943237, 0.003914511762559414, 0.2155594378709793, 0.00014203545288182795, 0.022153135389089584, 0.0011265786597505212, 0.014800872653722763, 0.2804623246192932, 0.6648223996162415, 0.02685507945716381, 1.4261486530303955, 0.008439658209681511, 0.5544977784156799, 0.0003568727115634829, 0.039328962564468384, 0.8808795809745789, 0.1135353222489357, 0.0364728681743145, 0.00820621196180582, 0.00015643893857486546, 0.04246636852622032, 0.00015116884605959058, 0.8471007347106934, 0.005125366151332855, 0.6781551837921143, 0.00193898961879313, 0.013004548847675323, 0.4942142367362976, 1.5955069065093994, 0.09926129132509232, 0.038661420345306396, 4.764578819274902, 0.014384576119482517, 0.3279512822628021, 0.3073134422302246, 0.004201085306704044, 0.0025883112102746964, 0.1007385328412056, 0.4325600862503052, 0.024705547839403152, 0.0032111485488712788, 0.6622607111930847, 0.10362939536571503, 0.00011304898362141103, 0.32130610942840576, 0.9835581183433533, 0.026920029893517494, 2.1562976837158203, 1.2247811555862427, 0.9288484454154968, 0.9954068660736084, 0.000711096334271133, 0.36045703291893005, 0.3143213987350464, 0.8464495539665222, 0.006861844565719366, 0.002738008741289377, 0.0067849960178136826, 0.023578785359859467, 0.06785013526678085, 0.20509518682956696, 0.012273456901311874, 0.01264998223632574, 1.0616505146026611, 0.06534325331449509, 0.09571552276611328, 0.6122056841850281, 0.003616347908973694, 0.09414676576852798, 0.7745898962020874, 0.0005510783521458507, 0.2080298513174057, 0.6994558572769165, 0.0015196496387943625, 0.05257061496376991, 0.01000456977635622, 1.3061933517456055, 2.066330671310425, 0.0036488929763436317, 4.359710874268785e-05, 1.1370282173156738, 0.016722433269023895, 0.9233707189559937, 0.28650349378585815, 0.53798907995224, 0.3311613202095032, 0.5316850543022156, 0.10635007172822952, 0.3446349501609802, 0.0001236919197253883, 7.420725978590781e-06, 0.5859710574150085, 0.2458895593881607, 0.4112926423549652, 0.010659176856279373, 2.1901681423187256, 1.0342518091201782, 0.007883993908762932, 0.4906611740589142, 0.17112970352172852, 0.00400144886225462, 1.3829634189605713, 0.11276878416538239, 0.6782512664794922, 2.5646345615386963, 0.012942261062562466, 0.0018413003999739885, 0.2764071226119995, 0.022635888308286667, 0.06907601654529572, 0.035598043352365494, 0.0036415529903024435, 6.055171979824081e-05, 0.8579991459846497, 0.04373086243867874, 0.7390018701553345, 5.7930701586883515e-05, 0.4027159512042999, 1.3179848194122314, 2.4214999675750732, 0.014269283972680569, 0.38968387246131897, 0.2209789752960205, 0.006884891539812088, 0.03190964087843895, 1.0900038480758667, 0.44878315925598145, 0.1931464970111847, 0.599644124507904, 0.004258322063833475, 0.004065636545419693, 0.41718271374702454, 0.0004487335099838674, 0.004492044448852539, 0.26449909806251526, 0.0004136160423513502, 0.10783205181360245, 1.1483354568481445, 0.9686470031738281, 0.00749132689088583, 0.0025970428250730038, 0.12666931748390198, 0.002573104575276375], "test_loss": 0.44330868135924056, "test_batch_lens": [4, 4, 4, 4, 4, 4, 4, 4, 4, 4, 4, 4, 4, 4, 4, 4, 4, 4, 4, 4, 4, 4, 4, 4, 4, 4, 4, 4, 4, 4, 4, 4, 4, 4, 4, 4, 4, 4, 4, 4, 4, 4, 4, 4, 4, 4, 4, 4, 4, 4, 4, 4, 4, 4, 4, 4, 4, 4, 4, 4, 4, 4, 4, 4, 4, 4, 4, 4, 4, 4, 4, 4, 4, 4, 4, 4, 4, 4, 4, 4, 4, 4, 4, 4, 4, 4, 4, 4, 4, 4, 4, 4, 4, 4, 4, 4, 4, 4, 4, 4, 4, 4, 4, 4, 4, 4, 4, 4, 4, 4, 4, 4, 4, 4, 4, 4, 4, 4, 4, 4, 4, 4, 4, 4, 4, 4, 4, 4, 4, 4, 4, 4, 4, 4, 4, 4, 4, 4, 4, 4, 4, 4, 4, 4, 4, 4, 4, 4, 4, 4, 4, 4, 4, 4, 4, 4, 4, 4, 4, 4, 4, 4, 3], "test_accuracy": 0.869431643625192}