{"val_acc": [0.5145929339477726, 0.7019969278033794, 0.7634408602150538, 0.7926267281105991, 0.8248847926267281, 0.8448540706605223, 0.8494623655913979, 0.858678955453149, 0.8632872503840245, 0.8617511520737328], "val_loss": [1.307793634115187, 0.8643599280093345, 0.6757359209876119, 0.6210600810805392, 0.5167785901062053, 0.4810058006122594, 0.4843763760119631, 0.39404858890749467, 0.37549452479368794, 0.4142971993688254], "train_loss": [1.7511811531744192, 1.0858990394355132, 0.8111092281103025, 0.6777239829029076, 0.5824104622622079, 0.5200442350541972, 0.4738578899556058, 0.4414070148205343, 0.42041030111949756, 0.3991675387725564], "test_correct_in_batch": [4.0, 4.0, 2.0, 2.0, 4.0, 4.0, 2.0, 3.0, 3.0, 4.0, 4.0, 3.0, 2.0, 4.0, 4.0, 3.0, 2.0, 2.0, 3.0, 4.0, 3.0, 4.0, 2.0, 4.0, 4.0, 4.0, 4.0, 2.0, 3.0, 4.0, 2.0, 4.0, 4.0, 4.0, 4.0, 3.0, 3.0, 4.0, 3.0, 4.0, 4.0, 4.0, 2.0, 4.0, 4.0, 4.0, 4.0, 4.0, 4.0, 4.0, 3.0, 2.0, 3.0, 4.0, 4.0, 4.0, 4.0, 4.0, 4.0, 3.0, 4.0, 4.0, 3.0, 4.0, 3.0, 1.0, 4.0, 4.0, 2.0, 3.0, 1.0, 4.0, 1.0, 3.0, 3.0, 3.0, 4.0, 4.0, 4.0, 3.0, 4.0, 4.0, 3.0, 2.0, 3.0, 3.0, 3.0, 3.0, 4.0, 2.0, 4.0, 3.0, 1.0, 4.0, 4.0, 3.0, 4.0, 3.0, 4.0, 4.0, 3.0, 4.0, 4.0, 3.0, 4.0, 1.0, 4.0, 4.0, 3.0, 3.0, 4.0, 3.0, 4.0, 4.0, 3.0, 4.0, 2.0, 4.0, 4.0, 2.0, 4.0, 3.0, 4.0, 4.0, 3.0, 3.0, 3.0, 2.0, 4.0, 3.0, 4.0, 3.0, 4.0, 3.0, 3.0, 3.0, 4.0, 3.0, 3.0, 2.0, 4.0, 2.0, 3.0, 4.0, 4.0, 3.0, 3.0, 2.0, 4.0, 4.0, 4.0, 4.0, 4.0, 3.0, 4.0, 4.0, 4.0, 4.0, 3.0, 2.0, 4.0, 4.0, 3.0], "test_losses": [0.004711088724434376, 0.15928445756435394, 1.2569540739059448, 0.8007280230522156, 0.026354165747761726, 0.013352490961551666, 2.016237497329712, 0.9225399494171143, 0.7101492285728455, 0.035672448575496674, 0.09584047645330429, 0.7254767417907715, 1.7629241943359375, 0.022676615044474602, 0.1713152378797531, 0.8497905135154724, 0.8609331846237183, 1.0041015148162842, 0.7331055402755737, 0.25726446509361267, 1.0056853294372559, 0.09590518474578857, 1.1022751331329346, 0.04115944355726242, 0.2543303966522217, 0.015072589740157127, 0.029298944398760796, 0.8178716897964478, 1.3933793306350708, 0.2534428834915161, 2.548478603363037, 0.039352528750896454, 0.010736706666648388, 0.0077880066819489, 0.042004622519016266, 0.4477376341819763, 0.3435875177383423, 0.19716638326644897, 0.620826005935669, 0.1552990972995758, 0.2333238124847412, 0.23349910974502563, 1.3541505336761475, 0.13989359140396118, 0.2840259075164795, 0.05105169117450714, 0.17213626205921173, 0.10714136064052582, 0.2097691297531128, 0.5347235798835754, 0.9263742566108704, 1.5321290493011475, 0.9769648313522339, 0.05527663975954056, 0.1495039165019989, 0.09510523080825806, 0.08473269641399384, 0.01887766644358635, 0.14251315593719482, 0.8104422092437744, 0.03218463063240051, 0.08243090659379959, 0.6026852130889893, 0.12370669096708298, 1.0583076477050781, 1.6460554599761963, 0.017563052475452423, 0.28181853890419006, 0.9641029834747314, 0.6751051545143127, 1.3161731958389282, 0.049171824008226395, 1.136564016342163, 0.4807792603969574, 0.7689495086669922, 0.3464415967464447, 0.124666228890419, 0.009733033366501331, 0.06214088946580887, 0.4407605230808258, 0.0897350162267685, 0.31703436374664307, 0.4704737365245819, 0.9931457042694092, 0.37963995337486267, 0.7379850149154663, 1.002368450164795, 0.4639124870300293, 0.10482419282197952, 1.0008225440979004, 0.4064870774745941, 1.0991889238357544, 1.858593463897705, 0.42906057834625244, 0.3288618326187134, 0.917420506477356, 0.28758978843688965, 2.054922580718994, 0.17568941414356232, 0.06472361087799072, 1.6553268432617188, 0.11315523833036423, 0.05233065038919449, 0.8525368571281433, 0.040201082825660706, 1.0127745866775513, 0.04149097576737404, 0.2561783194541931, 0.26573646068573, 0.5895663499832153, 0.03081861138343811, 0.37733444571495056, 0.1275082230567932, 0.15456601977348328, 0.3654611110687256, 0.004361635074019432, 1.4686498641967773, 0.022319890558719635, 0.11794617027044296, 0.9405064582824707, 0.1598435491323471, 0.7155349254608154, 0.021656975150108337, 0.42613309621810913, 0.6709842085838318, 0.38764694333076477, 0.307047575712204, 0.7932582497596741, 0.23023156821727753, 0.5211518406867981, 0.44223010540008545, 0.38952136039733887, 0.0950944721698761, 0.5780950784683228, 1.2000552415847778, 0.5393261313438416, 0.020192261785268784, 0.39019575715065, 0.5499685406684875, 1.8109562397003174, 0.019678469747304916, 1.1925747394561768, 0.8815248608589172, 0.05796423181891441, 0.05226931720972061, 0.6041285395622253, 0.8173862099647522, 1.5382088422775269, 0.2272498905658722, 0.08502203226089478, 0.22084292769432068, 0.2537861466407776, 0.04068533331155777, 0.3686245083808899, 0.24308514595031738, 0.029752092435956, 0.059907615184783936, 0.2957603335380554, 0.3610093593597412, 1.026214838027954, 0.04263892024755478, 0.14263297617435455, 0.009774623438715935], "test_loss": 0.4949256443829944, "test_batch_lens": [4, 4, 4, 4, 4, 4, 4, 4, 4, 4, 4, 4, 4, 4, 4, 4, 4, 4, 4, 4, 4, 4, 4, 4, 4, 4, 4, 4, 4, 4, 4, 4, 4, 4, 4, 4, 4, 4, 4, 4, 4, 4, 4, 4, 4, 4, 4, 4, 4, 4, 4, 4, 4, 4, 4, 4, 4, 4, 4, 4, 4, 4, 4, 4, 4, 4, 4, 4, 4, 4, 4, 4, 4, 4, 4, 4, 4, 4, 4, 4, 4, 4, 4, 4, 4, 4, 4, 4, 4, 4, 4, 4, 4, 4, 4, 4, 4, 4, 4, 4, 4, 4, 4, 4, 4, 4, 4, 4, 4, 4, 4, 4, 4, 4, 4, 4, 4, 4, 4, 4, 4, 4, 4, 4, 4, 4, 4, 4, 4, 4, 4, 4, 4, 4, 4, 4, 4, 4, 4, 4, 4, 4, 4, 4, 4, 4, 4, 4, 4, 4, 4, 4, 4, 4, 4, 4, 4, 4, 4, 4, 4, 4, 3], "test_accuracy": 0.8356374807987711, "predictions": [7, 4, 1, 10, 7, 1, 8, 8, 1, 2, 4, 7, 1, 9, 8, 8, 9, 6, 4, 9, 8, 10, 1, 4, 6, 1, 9, 6, 6, 8, 2, 0, 1, 1, 6, 3, 10, 5, 5, 0, 10, 3, 2, 10, 7, 8, 8, 3, 8, 8, 8, 4, 3, 4, 6, 1, 1, 9, 1, 10, 10, 6, 2, 6, 5, 1, 8, 8, 8, 0, 2, 1, 8, 3, 1, 8, 6, 8, 9, 2, 3, 1, 1, 1, 5, 5, 1, 8, 7, 9, 9, 10, 10, 7, 1, 5, 1, 8, 2, 7, 5, 1, 10, 6, 10, 8, 3, 9, 10, 9, 7, 9, 0, 3, 7, 5, 0, 8, 0, 0, 4, 3, 5, 6, 5, 1, 7, 9, 6, 7, 4, 0, 10, 10, 7, 9, 4, 1, 9, 0, 10, 3, 1, 9, 4, 7, 9, 7, 2, 10, 2, 4, 8, 10, 1, 0, 10, 5, 4, 7, 8, 9, 10, 4, 2, 3, 10, 5, 5, 0, 9, 7, 10, 7, 6, 8, 0, 8, 1, 2, 6, 3, 5, 3, 9, 3, 4, 8, 3, 2, 0, 2, 0, 9, 9, 8, 1, 3, 5, 9, 9, 1, 6, 1, 4, 0, 9, 8, 3, 9, 5, 8, 2, 5, 4, 5, 2, 10, 8, 4, 7, 3, 0, 6, 7, 0, 5, 7, 1, 0, 1, 6, 3, 7, 7, 2, 2, 4, 3, 10, 9, 4, 3, 3, 1, 7, 8, 5, 2, 4, 2, 1, 1, 2, 3, 10, 6, 9, 5, 1, 1, 2, 7, 8, 5, 1, 8, 1, 8, 7, 3, 10, 3, 8, 0, 2, 7, 9, 9, 7, 2, 1, 5, 10, 2, 4, 2, 5, 5, 2, 5, 8, 8, 2, 0, 1, 2, 9, 3, 2, 4, 10, 0, 6, 6, 0, 2, 7, 10, 1, 7, 6, 9, 2, 5, 2, 0, 4, 4, 3, 2, 6, 7, 9, 1, 8, 8, 5, 2, 4, 4, 1, 3, 1, 4, 7, 1, 2, 1, 2, 5, 0, 8, 10, 5, 0, 8, 7, 3, 6, 9, 6, 4, 9, 5, 1, 1, 3, 9, 7, 4, 4, 6, 10, 8, 9, 10, 5, 2, 9, 5, 0, 5, 0, 9, 10, 5, 0, 3, 7, 3, 1, 8, 4, 2, 4, 4, 9, 3, 7, 8, 9, 9, 4, 0, 0, 5, 6, 9, 9, 7, 7, 2, 9, 1, 10, 10, 5, 5, 7, 3, 3, 5, 10, 9, 8, 2, 3, 1, 1, 3, 8, 4, 0, 2, 0, 1, 8, 8, 4, 8, 3, 8, 0, 1, 2, 2, 3, 8, 10, 10, 4, 10, 6, 6, 5, 0, 8, 8, 2, 1, 9, 9, 5, 9, 9, 1, 3, 5, 8, 9, 10, 1, 8, 0, 6, 3, 4, 2, 4, 10, 1, 1, 2, 8, 2, 2, 8, 2, 8, 9, 9, 0, 7, 6, 9, 0, 0, 2, 8, 6, 9, 3, 7, 2, 4, 10, 0, 1, 3, 1, 6, 3, 4, 2, 3, 3, 5, 1, 8, 7, 10, 4, 10, 2, 5, 9, 7, 5, 1, 4, 5, 0, 4, 5, 4, 4, 5, 9, 7, 7, 2, 0, 2, 9, 3, 2, 2, 1, 8, 9, 1, 8, 0, 2, 0, 9, 7, 6, 4, 6, 9, 0, 10, 8, 3, 3, 0, 7, 3, 2, 7, 9, 6, 8, 2, 9, 0, 8, 2, 1, 5, 2, 10, 8, 7, 9, 6, 8, 6, 6, 9, 7, 9, 7, 9, 4, 9, 2, 3, 7, 8, 1, 7, 5, 4, 0, 7, 8, 0, 7, 4, 5, 5, 4, 8, 6, 6, 1, 5, 3, 0, 1, 4, 8, 1, 9, 4, 6, 6, 10, 7, 1, 0, 3, 9, 1, 4, 3, 10, 7, 8, 9, 9, 4, 8, 2, 3, 8, 6, 6, 8, 1, 7, 4, 0, 2, 0, 8, 6, 7],