{"val_acc": [0.12749615975422426, 0.09216589861751152, 0.08602150537634409, 0.0706605222734255, 0.08602150537634409, 0.0967741935483871, 0.08602150537634409, 0.0967741935483871, 0.0967741935483871, 0.0706605222734255], "val_loss": [2.4233386523884497, 2.398309254207494, 2.4579735913891003, 2.438853575408093, 2.407852147985821, 2.41056085656757, 2.4119276342216445, 2.417147854354484, 2.4230502456243785, 2.4374157519428277], "train_loss": [2.4359823243961363, 2.42762050199763, 2.427183030956836, 2.426019959791192, 2.423839640497911, 2.426617588001903, 2.4239340222515775, 2.424087775722736, 2.42251073662869, 2.4248479974468324], "test_correct_in_batch": [0.0, 0.0, 0.0, 0.0, 1.0, 0.0, 2.0, 1.0, 1.0, 0.0, 0.0, 0.0, 0.0, 1.0, 0.0, 2.0, 0.0, 0.0, 0.0, 1.0, 0.0, 0.0, 0.0, 0.0, 0.0, 1.0, 0.0, 0.0, 1.0, 0.0, 1.0, 0.0, 1.0, 0.0, 0.0, 0.0, 0.0, 0.0, 0.0, 0.0, 0.0, 0.0, 0.0, 1.0, 0.0, 1.0, 0.0, 0.0, 0.0, 0.0, 1.0, 0.0, 1.0, 0.0, 0.0, 1.0, 0.0, 1.0, 0.0, 0.0, 0.0, 0.0, 0.0, 0.0, 1.0, 0.0, 0.0, 0.0, 0.0, 0.0, 1.0, 0.0, 0.0, 1.0, 0.0, 1.0, 1.0, 1.0, 0.0, 0.0, 1.0, 0.0, 0.0, 0.0, 0.0, 0.0, 0.0, 2.0, 0.0, 0.0, 1.0, 0.0, 1.0, 0.0, 0.0, 0.0, 0.0, 0.0, 0.0, 1.0, 1.0, 0.0, 0.0, 0.0, 0.0, 0.0, 0.0, 0.0, 0.0, 0.0, 1.0, 1.0, 0.0, 0.0, 0.0, 0.0, 1.0, 0.0, 0.0, 0.0, 0.0, 1.0, 1.0, 0.0, 0.0, 1.0, 1.0, 0.0, 0.0, 0.0, 0.0, 0.0, 0.0, 0.0, 0.0, 0.0, 0.0, 2.0, 0.0, 0.0, 1.0, 0.0, 0.0, 0.0, 2.0, 1.0, 0.0, 0.0, 0.0, 0.0, 0.0, 2.0, 0.0, 0.0, 2.0, 0.0, 0.0, 0.0, 0.0, 0.0, 1.0, 0.0, 1.0], "test_losses": [2.403904914855957, 2.401129961013794, 2.5452072620391846, 2.328615665435791, 2.2319610118865967, 2.4194607734680176, 2.287055730819702, 2.324079751968384, 2.1805224418640137, 2.616614580154419, 2.4639267921447754, 2.4716267585754395, 2.396827220916748, 2.286329507827759, 2.22296142578125, 2.1836860179901123, 2.6333529949188232, 2.290346622467041, 2.2903456687927246, 2.324416160583496, 2.2547049522399902, 2.500669002532959, 2.4577317237854004, 2.4304447174072266, 2.4186835289001465, 2.3358383178710938, 2.368696928024292, 2.403904676437378, 2.383944511413574, 2.621175765991211, 2.3971126079559326, 2.352766990661621, 2.4350476264953613, 2.376110792160034, 2.379716634750366, 2.3330459594726562, 2.507171630859375, 2.545259714126587, 2.4292633533477783, 2.536588191986084, 2.4197990894317627, 2.518596649169922, 2.4928884506225586, 2.368983268737793, 2.472172260284424, 2.367910861968994, 2.3968286514282227, 2.544769763946533, 2.364603281021118, 2.332674264907837, 2.2158331871032715, 2.502633571624756, 2.3132035732269287, 2.6243655681610107, 2.5277063846588135, 2.383944034576416, 2.5561888217926025, 2.253765821456909, 2.458169937133789, 2.4618258476257324, 2.361180305480957, 2.4431209564208984, 2.437013626098633, 2.385913610458374, 2.3132057189941406, 2.3528027534484863, 2.367983818054199, 2.443498373031616, 2.548827648162842, 2.3502633571624756, 2.3845391273498535, 2.59993052482605, 2.5516533851623535, 2.3444581031799316, 2.4912803173065186, 2.3999924659729004, 2.4371471405029297, 2.2782905101776123, 2.494117259979248, 2.434760332107544, 2.3088598251342773, 2.4586782455444336, 2.3593392372131348, 2.41658353805542, 2.436237096786499, 2.5590670108795166, 2.613736629486084, 2.2668614387512207, 2.3837761878967285, 2.4406166076660156, 2.4154458045959473, 2.459015369415283, 2.4350452423095703, 2.484269857406616, 2.5360963344573975, 2.3985915184020996, 2.465479850769043, 2.275465488433838, 2.50834059715271, 2.2584991455078125, 2.275749683380127, 2.433321952819824, 2.462523937225342, 2.4307808876037598, 2.3078997135162354, 2.5120646953582764, 2.472172737121582, 2.487183094024658, 2.527215003967285, 2.4610490798950195, 2.387314558029175, 2.386786699295044, 2.3438832759857178, 2.278306007385254, 2.407473564147949, 2.3136541843414307, 2.2708780765533447, 2.4370148181915283, 2.451793670654297, 2.5823755264282227, 2.3490450382232666, 2.362349033355713, 2.324415683746338, 2.4891772270202637, 2.3833236694335938, 2.2866673469543457, 2.3679113388061523, 2.4263837337493896, 2.569697380065918, 2.485111713409424, 2.618208169937134, 2.5164599418640137, 2.4034643173217773, 2.5426695346832275, 2.343886375427246, 2.3263320922851562, 2.4569530487060547, 2.1063475608825684, 2.532632827758789, 2.380934476852417, 2.3088603019714355, 2.439401149749756, 2.554246187210083, 2.4966979026794434, 2.1967012882232666, 2.3067588806152344, 2.416919708251953, 2.435976505279541, 2.458573818206787, 2.5676865577697754, 2.5912575721740723, 2.3025095462799072, 2.4609627723693848, 2.3258912563323975, 2.2121567726135254, 2.4263839721679688, 2.3061375617980957, 2.4434943199157715, 2.3800554275512695, 2.473726749420166, 2.290968656539917, 2.6162517070770264, 2.339754343032837], "test_loss": 2.411655712712762, "test_batch_lens": [4, 4, 4, 4, 4, 4, 4, 4, 4, 4, 4, 4, 4, 4, 4, 4, 4, 4, 4, 4, 4, 4, 4, 4, 4, 4, 4, 4, 4, 4, 4, 4, 4, 4, 4, 4, 4, 4, 4, 4, 4, 4, 4, 4, 4, 4, 4, 4, 4, 4, 4, 4, 4, 4, 4, 4, 4, 4, 4, 4, 4, 4, 4, 4, 4, 4, 4, 4, 4, 4, 4, 4, 4, 4, 4, 4, 4, 4, 4, 4, 4, 4, 4, 4, 4, 4, 4, 4, 4, 4, 4, 4, 4, 4, 4, 4, 4, 4, 4, 4, 4, 4, 4, 4, 4, 4, 4, 4, 4, 4, 4, 4, 4, 4, 4, 4, 4, 4, 4, 4, 4, 4, 4, 4, 4, 4, 4, 4, 4, 4, 4, 4, 4, 4, 4, 4, 4, 4, 4, 4, 4, 4, 4, 4, 4, 4, 4, 4, 4, 4, 4, 4, 4, 4, 4, 4, 4, 4, 4, 4, 4, 4, 3], "test_accuracy": 0.07834101382488479, "predictions": [6, 6, 6, 6, 6, 6, 6, 6, 6, 6, 6, 6, 6, 6, 6, 6, 6, 6, 6, 6, 6, 6, 6, 6, 6, 6, 6, 6, 6, 6, 6, 6, 6, 6, 6, 6, 6, 6, 6, 6, 6, 6, 6, 6, 6, 6, 6, 6, 6, 6, 6, 6, 6, 6, 6, 6, 6, 6, 6, 6, 6, 6, 6, 6, 6, 6, 6, 6, 6, 6, 6, 6, 6, 6, 6, 6, 6, 6, 6, 6, 6, 6, 6, 6, 6, 6, 6, 6, 6, 6, 6, 6, 6, 6, 6, 6, 6, 6, 6, 6, 6, 6, 6, 6, 6, 6, 6, 6, 6, 6, 6, 6, 6, 6, 6, 6, 6, 6, 6, 6, 6, 6, 6, 6, 6, 6, 6, 6, 6, 6, 6, 6, 6, 6, 6, 6, 6, 6, 6, 6, 6, 6, 6, 6, 6, 6, 6, 6, 6, 6, 6, 6, 6, 6, 6, 6, 6, 6, 6, 6, 6, 6, 6, 6, 6, 6, 6, 6, 6, 6, 6, 6, 6, 6, 6, 6, 6, 6, 6, 6, 6, 6, 6, 6, 6, 6, 6, 6, 6, 6, 6, 6, 6, 6, 6, 6, 6, 6, 6, 6, 6, 6, 6, 6, 6, 6, 6, 6, 6, 6, 6, 6, 6, 6, 6, 6, 6, 6, 6, 6, 6, 6, 6, 6, 6, 6, 6, 6, 6, 6, 6, 6, 6, 6, 6, 6, 6, 6, 6, 6, 6, 6, 6, 6, 6, 6, 6, 6, 6, 6, 6, 6, 6, 6, 6, 6, 6, 6, 6, 6, 6, 6, 6, 6, 6, 6, 6, 6, 6, 6, 6, 6, 6, 6, 6, 6, 6, 6, 6, 6, 6, 6, 6, 6, 6, 6, 6, 6, 6, 6, 6, 6, 6, 6, 6, 6, 6, 6, 6, 6, 6, 6, 6, 6, 6, 6, 6, 6, 6, 6, 6, 6, 6, 6, 6, 6, 6, 6, 6, 6, 6, 6, 6, 6, 6, 6, 6, 6, 6, 6, 6, 6, 6, 6, 6, 6, 6, 6, 6, 6, 6, 6, 6, 6, 6, 6, 6, 6, 6, 6, 6, 6, 6, 6, 6, 6, 6, 6, 6, 6, 6, 6, 6, 6, 6, 6, 6, 6, 6, 6, 6, 6, 6, 6, 6, 6, 6, 6, 6, 6, 6, 6, 6, 6, 6, 6, 6, 6, 6, 6, 6, 6, 6, 6, 6, 6, 6, 6, 6, 6, 6, 6, 6, 6, 6, 6, 6, 6, 6, 6, 6, 6, 6, 6, 6, 6, 6, 6, 6, 6, 6, 6, 6, 6, 6, 6, 6, 6, 6, 6, 6, 6, 6, 6, 6, 6, 6, 6, 6, 6, 6, 6, 6, 6, 6, 6, 6, 6, 6, 6, 6, 6, 6, 6, 6, 6, 6, 6, 6, 6, 6, 6, 6, 6, 6, 6, 6, 6, 6, 6, 6, 6, 6, 6, 6, 6, 6, 6, 6, 6, 6, 6, 6, 6, 6, 6, 6, 6, 6, 6, 6, 6, 6, 6, 6, 6, 6, 6, 6, 6, 6, 6, 6, 6, 6, 6, 6, 6, 6, 6, 6, 6, 6, 6, 6, 6, 6, 6, 6, 6, 6, 6, 6, 6, 6, 6, 6, 6, 6, 6, 6, 6, 6, 6, 6, 6, 6, 6, 6, 6, 6, 6, 6, 6, 6, 6, 6, 6, 6, 6, 6, 6, 6, 6, 6, 6, 6, 6, 6, 6, 6, 6, 6, 6, 6, 6, 6, 6, 6, 6, 6, 6, 6, 6, 6, 6, 6, 6, 6, 6, 6, 6, 6, 6, 6, 6, 6, 6, 6, 6, 6, 6, 6, 6, 6, 6, 6, 6, 6, 6, 6, 6, 6, 6, 6, 6, 6, 6, 6, 6, 6, 6, 6, 6, 6, 6, 6, 6, 6, 6, 6, 6, 6, 6, 6, 6, 6, 6, 6, 6, 6, 6, 6, 6, 6, 6, 6, 6, 6, 6, 6, 6, 6, 6, 6, 6, 6, 6, 6, 6, 6],