{"val_acc": [0.6605222734254992, 0.7465437788018433, 0.794162826420891, 0.837173579109063, 0.8248847926267281, 0.8325652841781874, 0.8494623655913979, 0.8433179723502304, 0.8294930875576036, 0.8448540706605223], "val_loss": [0.9823284573350216, 0.7311728298149865, 0.6125299814957097, 0.500101633818443, 0.5069671260947191, 0.5093115197946003, 0.45051116873710156, 0.43893938865284066, 0.47953608130144837, 0.44288252511110293], "train_loss": [1.462876510638542, 0.8208426528375313, 0.6650229516825886, 0.579247642252759, 0.5323186265496421, 0.4878533749701971, 0.4555890654905106, 0.44109069247775723, 0.42115914930670745, 0.4128237784345933], "test_correct_in_batch": [4.0, 4.0, 3.0, 2.0, 4.0, 4.0, 3.0, 3.0, 3.0, 4.0, 4.0, 4.0, 2.0, 4.0, 3.0, 4.0, 3.0, 2.0, 3.0, 3.0, 4.0, 4.0, 3.0, 4.0, 4.0, 4.0, 4.0, 3.0, 4.0, 4.0, 1.0, 4.0, 3.0, 4.0, 3.0, 4.0, 4.0, 3.0, 4.0, 3.0, 3.0, 4.0, 3.0, 4.0, 4.0, 4.0, 3.0, 4.0, 4.0, 3.0, 3.0, 1.0, 4.0, 4.0, 3.0, 4.0, 3.0, 3.0, 4.0, 3.0, 4.0, 4.0, 3.0, 4.0, 4.0, 3.0, 4.0, 3.0, 3.0, 3.0, 3.0, 4.0, 3.0, 2.0, 3.0, 4.0, 4.0, 4.0, 4.0, 4.0, 4.0, 3.0, 4.0, 3.0, 4.0, 3.0, 3.0, 3.0, 4.0, 3.0, 3.0, 3.0, 2.0, 4.0, 3.0, 4.0, 4.0, 2.0, 3.0, 4.0, 2.0, 3.0, 3.0, 4.0, 3.0, 3.0, 3.0, 4.0, 4.0, 4.0, 4.0, 3.0, 4.0, 4.0, 4.0, 4.0, 2.0, 4.0, 4.0, 4.0, 4.0, 3.0, 4.0, 3.0, 3.0, 3.0, 4.0, 2.0, 4.0, 4.0, 4.0, 4.0, 4.0, 3.0, 3.0, 2.0, 4.0, 3.0, 4.0, 2.0, 4.0, 3.0, 3.0, 4.0, 3.0, 3.0, 3.0, 4.0, 4.0, 4.0, 3.0, 4.0, 3.0, 3.0, 4.0, 4.0, 4.0, 4.0, 4.0, 4.0, 4.0, 4.0, 2.0], "test_losses": [0.0829349011182785, 0.189511239528656, 0.8643728494644165, 0.6209845542907715, 0.011650126427412033, 0.02398591674864292, 0.718538224697113, 0.5012339353561401, 1.2654601335525513, 0.0897059291601181, 0.07072685658931732, 0.10720767825841904, 1.6024041175842285, 0.05226663500070572, 0.25035467743873596, 0.26018983125686646, 0.6497188210487366, 1.0123189687728882, 0.9245677590370178, 0.737094521522522, 0.2039259374141693, 0.1304846853017807, 0.43381574749946594, 0.04911838844418526, 0.14633892476558685, 0.14533646404743195, 0.07982774078845978, 0.4995630085468292, 0.25150367617607117, 0.02344437502324581, 1.756136417388916, 0.23122917115688324, 0.2737025022506714, 0.10047634690999985, 0.3321916460990906, 0.3417917788028717, 0.14725622534751892, 0.35864323377609253, 0.13629813492298126, 0.5760060548782349, 0.4644337594509125, 0.1724892556667328, 0.6125162243843079, 0.020804647356271744, 0.2572577893733978, 0.12931999564170837, 0.3977806866168976, 0.15754052996635437, 0.4763357937335968, 0.9183223843574524, 0.7650376558303833, 1.71799898147583, 0.11092390865087509, 0.05541066452860832, 0.8113336563110352, 0.09384449571371078, 0.29611262679100037, 0.5199154615402222, 0.02679329365491867, 0.7105423212051392, 0.06307489424943924, 0.17782628536224365, 0.5240791440010071, 0.04159797728061676, 0.1596807837486267, 0.6318985819816589, 0.16541077196598053, 0.6925795674324036, 0.7298954129219055, 0.6089779138565063, 1.0035274028778076, 0.012130476534366608, 0.3799700438976288, 1.4539977312088013, 0.40103277564048767, 0.10451430827379227, 0.05124049261212349, 0.0038055742625147104, 0.40266406536102295, 0.06654774397611618, 0.23900392651557922, 0.7651364803314209, 0.12150415778160095, 0.7954400777816772, 0.4405178725719452, 0.6884910464286804, 0.35576871037483215, 1.1391749382019043, 0.098875492811203, 0.4957290589809418, 0.5287735462188721, 0.930732250213623, 0.9557581543922424, 0.04418080300092697, 0.2923029363155365, 0.14153636991977692, 0.5514626502990723, 1.4218580722808838, 0.4612511992454529, 0.03996679559350014, 1.7074429988861084, 0.3419974148273468, 0.3863173723220825, 0.3409080505371094, 0.5933578014373779, 0.39527660608291626, 0.6025728583335876, 0.4431268572807312, 0.06255172193050385, 0.19135336577892303, 0.03199394792318344, 0.8347377777099609, 0.10791634768247604, 0.023973383009433746, 0.3863409161567688, 0.02168293111026287, 2.008324146270752, 0.026814913377165794, 0.08325158804655075, 0.2607342004776001, 0.019491273909807205, 0.8246538043022156, 0.21110789477825165, 0.5946939587593079, 1.2712572813034058, 0.2589099705219269, 0.10244133323431015, 1.1371663808822632, 0.06065864488482475, 0.3861749768257141, 0.5227230787277222, 0.05897251516580582, 0.08230986446142197, 1.4354045391082764, 0.5242260694503784, 1.5440354347229004, 0.006178075447678566, 0.5250315070152283, 0.4128585457801819, 1.737055778503418, 0.0361735075712204, 0.7123439908027649, 0.6873540878295898, 0.11370378732681274, 0.43823036551475525, 0.6302510499954224, 0.4579816460609436, 0.3302520513534546, 0.28701871633529663, 0.015061045065522194, 0.46440017223358154, 0.04302820563316345, 0.9663436412811279, 0.2706722319126129, 0.19072310626506805, 0.02778494544327259, 0.21768853068351746, 0.09170736372470856, 0.32076725363731384, 0.5153601169586182, 0.04132872447371483, 0.14786303043365479, 0.6174711585044861], "test_loss": 0.4376594086586172, "test_batch_lens": [4, 4, 4, 4, 4, 4, 4, 4, 4, 4, 4, 4, 4, 4, 4, 4, 4, 4, 4, 4, 4, 4, 4, 4, 4, 4, 4, 4, 4, 4, 4, 4, 4, 4, 4, 4, 4, 4, 4, 4, 4, 4, 4, 4, 4, 4, 4, 4, 4, 4, 4, 4, 4, 4, 4, 4, 4, 4, 4, 4, 4, 4, 4, 4, 4, 4, 4, 4, 4, 4, 4, 4, 4, 4, 4, 4, 4, 4, 4, 4, 4, 4, 4, 4, 4, 4, 4, 4, 4, 4, 4, 4, 4, 4, 4, 4, 4, 4, 4, 4, 4, 4, 4, 4, 4, 4, 4, 4, 4, 4, 4, 4, 4, 4, 4, 4, 4, 4, 4, 4, 4, 4, 4, 4, 4, 4, 4, 4, 4, 4, 4, 4, 4, 4, 4, 4, 4, 4, 4, 4, 4, 4, 4, 4, 4, 4, 4, 4, 4, 4, 4, 4, 4, 4, 4, 4, 4, 4, 4, 4, 4, 4, 3], "test_accuracy": 0.8602150537634409, "predictions": [7, 4, 1, 10, 7, 1, 8, 8, 0, 3, 4, 7, 1, 9, 8, 8, 9, 6, 4, 9, 8, 10, 1, 4, 6, 8, 4, 6, 6, 6, 2, 1, 1, 3, 6, 3, 10, 5, 5, 0, 10, 3, 2, 10, 7, 8, 4, 3, 8, 8, 2, 4, 3, 4, 6, 1, 0, 9, 1, 10, 10, 6, 1, 6, 5, 9, 8, 5, 6, 0, 3, 1, 0, 3, 1, 8, 6, 8, 9, 10, 3, 1, 3, 1, 5, 5, 1, 8, 7, 4, 9, 10, 10, 7, 1, 5, 1, 8, 2, 7, 5, 1, 10, 6, 10, 8, 3, 9, 10, 4, 7, 9, 0, 3, 7, 6, 0, 8, 0, 0, 4, 3, 9, 2, 5, 1, 7, 9, 6, 7, 4, 8, 10, 10, 7, 9, 4, 1, 9, 1, 10, 3, 3, 9, 4, 7, 4, 7, 6, 10, 2, 4, 10, 10, 1, 0, 10, 4, 4, 7, 8, 9, 2, 4, 2, 3, 10, 5, 5, 0, 9, 0, 10, 7, 6, 8, 0, 8, 1, 2, 6, 3, 5, 3, 9, 2, 4, 8, 3, 2, 0, 2, 0, 9, 9, 8, 8, 3, 5, 9, 9, 1, 6, 1, 4, 1, 9, 0, 3, 9, 5, 6, 2, 5, 4, 5, 8, 10, 8, 4, 7, 3, 0, 6, 7, 1, 5, 7, 8, 0, 1, 6, 3, 7, 7, 2, 10, 9, 3, 10, 9, 4, 3, 3, 1, 7, 8, 5, 2, 4, 10, 3, 1, 2, 3, 10, 6, 9, 5, 3, 3, 10, 7, 0, 5, 1, 8, 1, 0, 7, 3, 10, 3, 5, 6, 2, 7, 1, 9, 7, 3, 8, 8, 10, 2, 4, 2, 5, 5, 3, 8, 8, 2, 6, 8, 1, 2, 2, 3, 2, 4, 10, 8, 6, 6, 0, 2, 7, 10, 1, 7, 6, 9, 2, 5, 2, 0, 9, 4, 3, 2, 6, 7, 9, 1, 2, 8, 5, 2, 9, 4, 1, 1, 3, 4, 7, 1, 2, 7, 2, 5, 0, 0, 10, 5, 1, 5, 7, 3, 6, 9, 6, 4, 9, 5, 1, 8, 3, 2, 7, 4, 9, 6, 10, 8, 9, 10, 5, 6, 9, 4, 1, 5, 0, 9, 10, 5, 0, 0, 7, 3, 1, 8, 2, 2, 4, 4, 9, 3, 7, 5, 1, 9, 5, 0, 0, 5, 6, 9, 9, 7, 7, 10, 2, 1, 10, 8, 5, 5, 1, 3, 3, 5, 10, 9, 7, 2, 3, 1, 3, 0, 5, 5, 1, 6, 0, 1, 8, 8, 4, 8, 3, 8, 0, 3, 2, 2, 3, 7, 10, 10, 4, 10, 6, 6, 5, 0, 8, 8, 2, 1, 9, 9, 5, 9, 9, 1, 3, 5, 7, 9, 10, 1, 8, 0, 6, 3, 5, 2, 4, 10, 1, 1, 2, 8, 2, 4, 8, 2, 5, 9, 9, 0, 7, 6, 9, 1, 0, 2, 8, 6, 9, 0, 7, 2, 4, 10, 0, 1, 3, 9, 6, 3, 9, 6, 3, 3, 5, 1, 7, 7, 10, 4, 10, 2, 5, 5, 7, 5, 1, 4, 5, 0, 4, 5, 4, 9, 5, 9, 7, 7, 2, 0, 2, 5, 3, 2, 2, 1, 8, 9, 1, 6, 0, 2, 0, 9, 7, 6, 2, 6, 9, 0, 10, 8, 8, 10, 1, 7, 2, 2, 7, 9, 6, 8, 8, 9, 0, 8, 2, 8, 5, 2, 10, 8, 7, 1, 6, 8, 6, 6, 9, 7, 9, 7, 3, 4, 9, 3, 3, 7, 4, 1, 7, 5, 4, 0, 7, 8, 0, 9, 4, 5, 5, 4, 8, 6, 6, 1, 9, 3, 0, 1, 8, 7, 1, 9, 4, 6, 6, 10, 7, 1, 0, 3, 9, 1, 4, 3, 10, 7, 8, 9, 9, 4, 0, 2, 3, 7, 8, 6, 8, 1, 7, 4, 0, 2, 0, 0, 6, 7],