{"val_acc": [0.09216589861751152, 0.10445468509984639, 0.10445468509984639, 0.0967741935483871, 0.0967741935483871, 0.0967741935483871, 0.0706605222734255, 0.10445468509984639, 0.06144393241167435, 0.07987711213517665], "val_loss": [2.4007274841238386, 2.3975609153326305, 2.400115236914231, 2.398178403362906, 2.3989464505318483, 2.3977161170514814, 2.399565981940989, 2.398396389616048, 2.401550670342943, 2.3986165260244734], "train_loss": [2.399268263431017, 2.3987229277325772, 2.3984554428188756, 2.398540429466276, 2.398542301555009, 2.3984403111581294, 2.3985276858448614, 2.398383531621301, 2.3982351299863613, 2.3983611468642985], "test_correct_in_batch": [0.0, 2.0, 1.0, 0.0, 0.0, 1.0, 2.0, 1.0, 0.0, 0.0, 0.0, 1.0, 1.0, 0.0, 0.0, 0.0, 1.0, 1.0, 1.0, 1.0, 0.0, 1.0, 0.0, 0.0, 1.0, 0.0, 1.0, 0.0, 0.0, 1.0, 1.0, 0.0, 0.0, 0.0, 0.0, 0.0, 0.0, 0.0, 0.0, 0.0, 1.0, 0.0, 1.0, 1.0, 1.0, 0.0, 1.0, 0.0, 1.0, 0.0, 1.0, 1.0, 0.0, 0.0, 1.0, 0.0, 0.0, 0.0, 0.0, 0.0, 0.0, 1.0, 0.0, 0.0, 0.0, 0.0, 1.0, 1.0, 0.0, 0.0, 2.0, 0.0, 1.0, 1.0, 0.0, 1.0, 0.0, 0.0, 0.0, 0.0, 0.0, 2.0, 0.0, 1.0, 0.0, 0.0, 0.0, 0.0, 0.0, 1.0, 0.0, 2.0, 0.0, 0.0, 0.0, 1.0, 0.0, 0.0, 0.0, 0.0, 0.0, 0.0, 0.0, 0.0, 0.0, 0.0, 1.0, 2.0, 1.0, 0.0, 0.0, 0.0, 1.0, 0.0, 0.0, 1.0, 1.0, 0.0, 1.0, 1.0, 0.0, 0.0, 1.0, 0.0, 0.0, 0.0, 0.0, 0.0, 0.0, 0.0, 0.0, 0.0, 0.0, 0.0, 1.0, 2.0, 0.0, 0.0, 2.0, 0.0, 0.0, 1.0, 1.0, 1.0, 1.0, 0.0, 1.0, 0.0, 0.0, 1.0, 0.0, 1.0, 0.0, 0.0, 0.0, 0.0, 0.0, 1.0, 0.0, 1.0, 1.0, 0.0, 1.0], "test_losses": [2.4112157821655273, 2.3935129642486572, 2.3966352939605713, 2.411994457244873, 2.4031949043273926, 2.4070119857788086, 2.379070281982422, 2.393651247024536, 2.406017780303955, 2.3975439071655273, 2.3930795192718506, 2.3925609588623047, 2.3967273235321045, 2.408250093460083, 2.421454429626465, 2.402845621109009, 2.3855557441711426, 2.411104679107666, 2.411104679107666, 2.3853464126586914, 2.416224956512451, 2.397923469543457, 2.4079020023345947, 2.4049203395843506, 2.394637107849121, 2.4039347171783447, 2.3932251930236816, 2.4112157821655273, 2.394371509552002, 2.400218963623047, 2.3906586170196533, 2.4061901569366455, 2.399853229522705, 2.3994088172912598, 2.4174766540527344, 2.398345708847046, 2.4022467136383057, 2.392585039138794, 2.4127047061920166, 2.398847818374634, 2.398707151412964, 2.3902862071990967, 2.3993940353393555, 2.3871564865112305, 2.399628162384033, 2.3904004096984863, 2.3967270851135254, 2.389197826385498, 2.398569345474243, 2.407106876373291, 2.4092020988464355, 2.3989596366882324, 2.3936500549316406, 2.392975091934204, 2.391461133956909, 2.394371509552002, 2.3945438861846924, 2.4183969497680664, 2.387286424636841, 2.402557849884033, 2.4018476009368896, 2.397819995880127, 2.4081358909606934, 2.402653932571411, 2.3936500549316406, 2.405733823776245, 2.4102911949157715, 2.389058828353882, 2.384310007095337, 2.3945324420928955, 2.3829526901245117, 2.389791965484619, 2.391256809234619, 2.401721954345703, 2.384206533432007, 2.393555164337158, 2.3903748989105225, 2.4038312435150146, 2.387559652328491, 2.4059221744537354, 2.38955020904541, 2.3936164379119873, 2.4094057083129883, 2.4041154384613037, 2.395761013031006, 2.397440195083618, 2.3946471214294434, 2.3947932720184326, 2.4125888347625732, 2.386162281036377, 2.4041574001312256, 2.3853116035461426, 2.399853229522705, 2.401606559753418, 2.395460367202759, 2.3955535888671875, 2.4033331871032715, 2.3986988067626953, 2.409996509552002, 2.396899700164795, 2.392629861831665, 2.4078168869018555, 2.391386032104492, 2.396615505218506, 2.412228584289551, 2.4134135246276855, 2.399628162384033, 2.388357400894165, 2.388073682785034, 2.3901827335357666, 2.400655508041382, 2.3977243900299072, 2.398803234100342, 2.4020516872406006, 2.402940511703491, 2.4047794342041016, 2.3976478576660156, 2.4081358909606934, 2.391557216644287, 2.3886680603027344, 2.402773141860962, 2.3945412635803223, 2.3853464126586914, 2.3936851024627686, 2.408745050430298, 2.3999452590942383, 2.3904004096984863, 2.4098081588745117, 2.395768165588379, 2.402127265930176, 2.407341241836548, 2.400221109390259, 2.390535831451416, 2.3986761569976807, 2.398803234100342, 2.397679328918457, 2.3955271244049072, 2.395810604095459, 2.388929605484009, 2.409235715866089, 2.38955020904541, 2.3944029808044434, 2.3851659297943115, 2.3850624561309814, 2.3874404430389404, 2.3990285396575928, 2.395810604095459, 2.397681474685669, 2.4084224700927734, 2.3952279090881348, 2.396054744720459, 2.3896729946136475, 2.4079318046569824, 2.420790195465088, 2.398042917251587, 2.4098081588745117, 2.4134020805358887, 2.389059066772461, 2.4091715812683105, 2.383082389831543, 2.396730899810791, 2.4027504920959473, 2.3825299739837646], "test_loss": 2.3985001397279144, "test_batch_lens": [4, 4, 4, 4, 4, 4, 4, 4, 4, 4, 4, 4, 4, 4, 4, 4, 4, 4, 4, 4, 4, 4, 4, 4, 4, 4, 4, 4, 4, 4, 4, 4, 4, 4, 4, 4, 4, 4, 4, 4, 4, 4, 4, 4, 4, 4, 4, 4, 4, 4, 4, 4, 4, 4, 4, 4, 4, 4, 4, 4, 4, 4, 4, 4, 4, 4, 4, 4, 4, 4, 4, 4, 4, 4, 4, 4, 4, 4, 4, 4, 4, 4, 4, 4, 4, 4, 4, 4, 4, 4, 4, 4, 4, 4, 4, 4, 4, 4, 4, 4, 4, 4, 4, 4, 4, 4, 4, 4, 4, 4, 4, 4, 4, 4, 4, 4, 4, 4, 4, 4, 4, 4, 4, 4, 4, 4, 4, 4, 4, 4, 4, 4, 4, 4, 4, 4, 4, 4, 4, 4, 4, 4, 4, 4, 4, 4, 4, 4, 4, 4, 4, 4, 4, 4, 4, 4, 4, 4, 4, 4, 4, 4, 3], "test_accuracy": 0.10445468509984639, "predictions": [8, 8, 8, 8, 8, 8, 8, 8, 8, 8, 8, 8, 8, 8, 8, 8, 8, 8, 8, 8, 8, 8, 8, 8, 8, 8, 8, 8, 8, 8, 8, 8, 8, 8, 8, 8, 8, 8, 8, 8, 8, 8, 8, 8, 8, 8, 8, 8, 8, 8, 8, 8, 8, 8, 8, 8, 8, 8, 8, 8, 8, 8, 8, 8, 8, 8, 8, 8, 8, 8, 8, 8, 8, 8, 8, 8, 8, 8, 8, 8, 8, 8, 8, 8, 8, 8, 8, 8, 8, 8, 8, 8, 8, 8, 8, 8, 8, 8, 8, 8, 8, 8, 8, 8, 8, 8, 8, 8, 8, 8, 8, 8, 8, 8, 8, 8, 8, 8, 8, 8, 8, 8, 8, 8, 8, 8, 8, 8, 8, 8, 8, 8, 8, 8, 8, 8, 8, 8, 8, 8, 8, 8, 8, 8, 8, 8, 8, 8, 8, 8, 8, 8, 8, 8, 8, 8, 8, 8, 8, 8, 8, 8, 8, 8, 8, 8, 8, 8, 8, 8, 8, 8, 8, 8, 8, 8, 8, 8, 8, 8, 8, 8, 8, 8, 8, 8, 8, 8, 8, 8, 8, 8, 8, 8, 8, 8, 8, 8, 8, 8, 8, 8, 8, 8, 8, 8, 8, 8, 8, 8, 8, 8, 8, 8, 8, 8, 8, 8, 8, 8, 8, 8, 8, 8, 8, 8, 8, 8, 8, 8, 8, 8, 8, 8, 8, 8, 8, 8, 8, 8, 8, 8, 8, 8, 8, 8, 8, 8, 8, 8, 8, 8, 8, 8, 8, 8, 8, 8, 8, 8, 8, 8, 8, 8, 8, 8, 8, 8, 8, 8, 8, 8, 8, 8, 8, 8, 8, 8, 8, 8, 8, 8, 8, 8, 8, 8, 8, 8, 8, 8, 8, 8, 8, 8, 8, 8, 8, 8, 8, 8, 8, 8, 8, 8, 8, 8, 8, 8, 8, 8, 8, 8, 8, 8, 8, 8, 8, 8, 8, 8, 8, 8, 8, 8, 8, 8, 8, 8, 8, 8, 8, 8, 8, 8, 8, 8, 8, 8, 8, 8, 8, 8, 8, 8, 8, 8, 8, 8, 8, 8, 8, 8, 8, 8, 8, 8, 8, 8, 8, 8, 8, 8, 8, 8, 8, 8, 8, 8, 8, 8, 8, 8, 8, 8, 8, 8, 8, 8, 8, 8, 8, 8, 8, 8, 8, 8, 8, 8, 8, 8, 8, 8, 8, 8, 8, 8, 8, 8, 8, 8, 8, 8, 8, 8, 8, 8, 8, 8, 8, 8, 8, 8, 8, 8, 8, 8, 8, 8, 8, 8, 8, 8, 8, 8, 8, 8, 8, 8, 8, 8, 8, 8, 8, 8, 8, 8, 8, 8, 8, 8, 8, 8, 8, 8, 8, 8, 8, 8, 8, 8, 8, 8, 8, 8, 8, 8, 8, 8, 8, 8, 8, 8, 8, 8, 8, 8, 8, 8, 8, 8, 8, 8, 8, 8, 8, 8, 8, 8, 8, 8, 8, 8, 8, 8, 8, 8, 8, 8, 8, 8, 8, 8, 8, 8, 8, 8, 8, 8, 8, 8, 8, 8, 8, 8, 8, 8, 8, 8, 8, 8, 8, 8, 8, 8, 8, 8, 8, 8, 8, 8, 8, 8, 8, 8, 8, 8, 8, 8, 8, 8, 8, 8, 8, 8, 8, 8, 8, 8, 8, 8, 8, 8, 8, 8, 8, 8, 8, 8, 8, 8, 8, 8, 8, 8, 8, 8, 8, 8, 8, 8, 8, 8, 8, 8, 8, 8, 8, 8, 8, 8, 8, 8, 8, 8, 8, 8, 8, 8, 8, 8, 8, 8, 8, 8, 8, 8, 8, 8, 8, 8, 8, 8, 8, 8, 8, 8, 8, 8, 8, 8, 8, 8, 8, 8, 8, 8, 8, 8, 8, 8, 8, 8, 8, 8, 8, 8, 8, 8, 8, 8, 8, 8, 8, 8, 8, 8, 8, 8, 8, 8, 8, 8, 8, 8, 8, 8, 8, 8, 8, 8, 8, 8, 8, 8, 8, 8, 8, 8, 8, 8, 8],