{"val_acc": [0.7603686635944701, 0.8571428571428571, 0.9001536098310292, 0.9416282642089093, 0.9201228878648233, 0.9416282642089093, 0.9354838709677419, 0.9247311827956989, 0.9416282642089093, 0.9447004608294931], "val_loss": [0.715272721908758, 0.4483412707044509, 0.2923681101253959, 0.20003168092810544, 0.268715247043951, 0.20533810882055156, 0.22748474035362704, 0.25749505785771176, 0.20000414841068473, 0.17353524189590444], "train_loss": [1.3894141282928716, 0.48912475479302003, 0.32864192259162806, 0.2633632000661044, 0.217193632302406, 0.1858853724068795, 0.15788980194038313, 0.13519847338706936, 0.11748771817843623, 0.10516209544052346], "test_correct_in_batch": [4.0, 4.0, 4.0, 2.0, 4.0, 4.0, 4.0, 4.0, 3.0, 4.0, 4.0, 4.0, 2.0, 4.0, 4.0, 3.0, 3.0, 4.0, 3.0, 4.0, 4.0, 4.0, 4.0, 4.0, 4.0, 4.0, 4.0, 3.0, 3.0, 4.0, 4.0, 4.0, 4.0, 4.0, 4.0, 4.0, 4.0, 4.0, 4.0, 3.0, 4.0, 4.0, 3.0, 4.0, 4.0, 4.0, 4.0, 3.0, 4.0, 3.0, 3.0, 1.0, 4.0, 4.0, 4.0, 4.0, 4.0, 4.0, 4.0, 4.0, 4.0, 4.0, 4.0, 4.0, 3.0, 4.0, 4.0, 3.0, 4.0, 3.0, 3.0, 4.0, 4.0, 4.0, 4.0, 4.0, 4.0, 4.0, 4.0, 4.0, 4.0, 4.0, 4.0, 4.0, 4.0, 3.0, 4.0, 4.0, 4.0, 3.0, 4.0, 4.0, 3.0, 4.0, 4.0, 4.0, 4.0, 2.0, 4.0, 4.0, 3.0, 4.0, 4.0, 2.0, 4.0, 4.0, 4.0, 4.0, 4.0, 4.0, 4.0, 3.0, 4.0, 4.0, 3.0, 4.0, 3.0, 4.0, 4.0, 3.0, 4.0, 3.0, 4.0, 4.0, 3.0, 4.0, 4.0, 3.0, 4.0, 4.0, 4.0, 4.0, 4.0, 3.0, 4.0, 4.0, 4.0, 4.0, 4.0, 4.0, 4.0, 4.0, 2.0, 4.0, 4.0, 4.0, 3.0, 4.0, 3.0, 4.0, 3.0, 4.0, 4.0, 4.0, 4.0, 4.0, 4.0, 4.0, 3.0, 4.0, 4.0, 3.0, 3.0], "test_losses": [0.00016472766583319753, 0.002006906783208251, 0.17417998611927032, 3.0012505054473877, 3.1708405003882945e-05, 4.947172328684246e-06, 0.11812804639339447, 0.1493845134973526, 1.101668119430542, 0.004285706672817469, 0.0031268014572560787, 0.00016486069944221526, 2.161649227142334, 0.008098183199763298, 1.937144588737283e-06, 3.346672296524048, 0.9102513790130615, 0.003131644334644079, 1.7621066570281982, 9.270916052628309e-05, 0.05626453831791878, 9.298256372858305e-06, 0.19267745316028595, 0.0007774700643494725, 0.01541612483561039, 3.278254325778107e-07, 0.00025492225540801883, 0.9084143042564392, 0.4022826850414276, 0.0053464858792722225, 0.13054931163787842, 0.000439575407654047, 0.01988392136991024, 1.4901138456480112e-06, 1.2814840374630876e-05, 0.00030674898880533874, 8.268798410426825e-05, 0.0003315549693070352, 0.00015331203758250922, 0.3494361639022827, 0.0005144718452356756, 3.877043127431534e-05, 0.9790310859680176, 0.0007441040361300111, 0.03896818682551384, 0.00015429945779033005, 0.002060852712020278, 0.3311379551887512, 0.004755464848130941, 1.5347615480422974, 1.063008427619934, 3.725731611251831, 0.09672439098358154, 0.00847238302230835, 0.0027913402300328016, 8.030472963582724e-05, 0.010074558667838573, 0.003809974528849125, 0.0032059652730822563, 0.009846721775829792, 0.049578797072172165, 0.017967693507671356, 0.0004898599581792951, 3.090316749876365e-05, 0.6074223518371582, 0.08936319500207901, 0.0003159463230986148, 0.376720130443573, 0.039988722652196884, 0.7858479022979736, 1.2947838306427002, 2.425858110655099e-05, 0.0009061723831109703, 0.08160802721977234, 3.0843806598568335e-05, 0.0015742001123726368, 0.000371520291082561, 0.00010914212907664478, 0.0024751764722168446, 0.054256588220596313, 0.008136199787259102, 0.00032513809856027365, 0.00014048600860405713, 0.0011472719488665462, 0.0030155901331454515, 2.2755520343780518, 0.0004180148825980723, 0.00015077317948453128, 0.01838742196559906, 0.961951494216919, 0.000108941356302239, 0.00020082241098862141, 2.224825859069824, 0.0002431847242405638, 0.0002931392809841782, 0.001571489847265184, 0.153535395860672, 2.566915273666382, 0.0037725812289863825, 0.00025462720077484846, 0.32791608572006226, 0.0005817210767418146, 0.0001743193279253319, 0.5009363889694214, 0.00016535562463104725, 0.00023808392870705575, 4.919973071082495e-05, 7.661739800823852e-05, 0.0011753748403862119, 1.7463786207372323e-05, 1.0132587703992613e-05, 0.39480188488960266, 9.651957225287333e-05, 0.0006459639989770949, 0.46349361538887024, 0.002857957733795047, 0.8409944176673889, 2.8042695703334175e-05, 0.0004795874119736254, 0.46183839440345764, 0.00010408312664367259, 0.7493440508842468, 0.12102560698986053, 0.09155945479869843, 0.4692842662334442, 0.00564277870580554, 0.008772335946559906, 0.5465048551559448, 0.0009649507701396942, 0.007045896723866463, 0.0030288028065115213, 0.007344735786318779, 6.318040504993405e-06, 0.3557102382183075, 0.00016562161908950657, 0.022766780108213425, 0.004657798446714878, 0.00529271736741066, 0.00027652402059175074, 0.29460394382476807, 9.298183613282163e-06, 0.08738010376691818, 1.2343168258666992, 6.109438800194766e-06, 4.9080077587859705e-05, 0.4206271171569824, 0.893764078617096, 0.09684193134307861, 0.315161794424057, 0.0006139311590231955, 0.6695012450218201, 0.008551349863409996, 0.00017430767184123397, 0.0004273885570000857, 0.008310841396450996, 0.003029789309948683, 0.027209218591451645, 0.2804112732410431, 1.374224066734314, 0.0036641389597207308, 4.925964822177775e-05, 0.5254918932914734, 0.0002349581482121721], "test_loss": 0.2816594746014357, "test_batch_lens": [4, 4, 4, 4, 4, 4, 4, 4, 4, 4, 4, 4, 4, 4, 4, 4, 4, 4, 4, 4, 4, 4, 4, 4, 4, 4, 4, 4, 4, 4, 4, 4, 4, 4, 4, 4, 4, 4, 4, 4, 4, 4, 4, 4, 4, 4, 4, 4, 4, 4, 4, 4, 4, 4, 4, 4, 4, 4, 4, 4, 4, 4, 4, 4, 4, 4, 4, 4, 4, 4, 4, 4, 4, 4, 4, 4, 4, 4, 4, 4, 4, 4, 4, 4, 4, 4, 4, 4, 4, 4, 4, 4, 4, 4, 4, 4, 4, 4, 4, 4, 4, 4, 4, 4, 4, 4, 4, 4, 4, 4, 4, 4, 4, 4, 4, 4, 4, 4, 4, 4, 4, 4, 4, 4, 4, 4, 4, 4, 4, 4, 4, 4, 4, 4, 4, 4, 4, 4, 4, 4, 4, 4, 4, 4, 4, 4, 4, 4, 4, 4, 4, 4, 4, 4, 4, 4, 4, 4, 4, 4, 4, 4, 3], "test_accuracy": 0.9308755760368663, "predictions": [7, 4, 1, 10, 7, 1, 8, 8, 0, 8, 4, 7, 1, 9, 8, 1, 9, 6, 4, 9, 8, 10, 1, 4, 6, 8, 8, 6, 6, 8, 2, 1, 1, 1, 6, 3, 10, 5, 5, 0, 10, 3, 2, 10, 7, 8, 4, 3, 8, 8, 8, 4, 3, 4, 6, 1, 1, 9, 1, 10, 10, 6, 2, 6, 5, 4, 8, 5, 8, 1, 3, 1, 6, 3, 1, 8, 6, 8, 9, 2, 3, 1, 3, 1, 5, 5, 1, 8, 0, 4, 9, 10, 10, 7, 1, 5, 1, 8, 2, 7, 5, 1, 10, 6, 10, 8, 3, 9, 10, 4, 7, 8, 0, 3, 7, 8, 0, 8, 0, 0, 4, 8, 7, 6, 5, 1, 7, 9, 6, 7, 4, 0, 10, 10, 7, 9, 4, 1, 9, 0, 10, 3, 3, 9, 4, 7, 4, 7, 2, 10, 2, 4, 10, 10, 1, 0, 10, 8, 4, 7, 8, 9, 10, 4, 2, 3, 10, 5, 8, 0, 8, 0, 10, 7, 6, 8, 0, 8, 1, 2, 6, 3, 5, 3, 9, 3, 4, 8, 8, 2, 0, 2, 0, 9, 9, 8, 8, 3, 5, 9, 4, 1, 6, 1, 4, 4, 9, 9, 3, 9, 5, 6, 2, 5, 4, 5, 2, 10, 8, 4, 7, 3, 0, 6, 7, 0, 5, 7, 1, 0, 1, 6, 3, 7, 7, 2, 10, 4, 3, 10, 9, 4, 3, 3, 1, 7, 8, 5, 2, 4, 10, 1, 1, 2, 3, 10, 6, 9, 5, 1, 3, 10, 7, 1, 5, 1, 8, 1, 1, 7, 3, 10, 3, 5, 2, 2, 7, 2, 9, 7, 3, 8, 8, 10, 2, 4, 2, 5, 5, 3, 8, 0, 8, 6, 0, 1, 2, 7, 3, 2, 4, 10, 8, 6, 6, 0, 2, 7, 10, 1, 7, 6, 9, 2, 5, 2, 0, 9, 4, 3, 2, 6, 7, 9, 1, 8, 8, 5, 2, 9, 4, 1, 1, 8, 4, 7, 1, 2, 7, 2, 5, 0, 9, 10, 5, 0, 5, 7, 3, 6, 4, 6, 4, 9, 5, 1, 8, 3, 9, 7, 4, 4, 6, 10, 8, 9, 8, 5, 6, 9, 4, 0, 5, 0, 9, 10, 5, 0, 3, 7, 3, 1, 8, 2, 2, 4, 4, 9, 3, 7, 5, 8, 9, 4, 0, 0, 5, 6, 9, 9, 7, 7, 8, 9, 1, 10, 10, 5, 5, 7, 3, 3, 5, 10, 4, 8, 2, 3, 1, 1, 0, 5, 4, 1, 2, 0, 1, 8, 8, 4, 8, 3, 8, 0, 3, 2, 2, 3, 7, 10, 10, 4, 10, 6, 6, 5, 0, 6, 8, 2, 1, 9, 9, 5, 9, 9, 1, 3, 5, 8, 9, 10, 1, 8, 1, 6, 3, 4, 2, 4, 10, 1, 1, 2, 8, 2, 4, 8, 2, 8, 9, 9, 0, 7, 6, 9, 8, 0, 2, 8, 6, 9, 3, 7, 2, 4, 8, 0, 1, 3, 9, 6, 3, 4, 6, 3, 3, 5, 1, 1, 7, 10, 4, 10, 2, 5, 5, 7, 5, 1, 4, 5, 0, 4, 5, 4, 9, 5, 9, 7, 7, 2, 1, 2, 4, 3, 2, 9, 1, 8, 9, 1, 8, 8, 2, 0, 9, 7, 6, 9, 6, 9, 0, 10, 8, 8, 4, 1, 7, 3, 2, 7, 9, 6, 7, 8, 9, 0, 8, 2, 1, 8, 2, 10, 8, 7, 9, 6, 8, 6, 6, 4, 7, 9, 7, 1, 4, 9, 3, 3, 7, 4, 1, 7, 8, 4, 0, 7, 8, 0, 7, 4, 5, 6, 4, 8, 6, 6, 1, 5, 3, 0, 1, 4, 7, 1, 9, 4, 6, 6, 10, 7, 1, 0, 3, 9, 1, 4, 3, 10, 7, 8, 9, 9, 4, 1, 2, 3, 7, 8, 6, 8, 1, 7, 4, 8, 2, 0, 8, 6, 7],