{"val_acc": [0.49923195084485406, 0.6221198156682027, 0.6774193548387096, 0.7035330261136713, 0.7557603686635944, 0.7465437788018433, 0.7327188940092166, 0.7649769585253456, 0.7926267281105991, 0.7972350230414746], "val_loss": [1.4592417536154847, 1.111194535998479, 0.9591335729907261, 0.8674094121377527, 0.7570876051654662, 0.7819616677456656, 0.7964319352609065, 0.709674855502768, 0.6956212831078314, 0.6217319724961339], "train_loss": [1.8953881864933468, 1.2254036995066722, 0.9779623261834576, 0.8397389692271675, 0.7537670740552147, 0.6737515579189031, 0.6208268992028332, 0.5837371897075297, 0.5380173422312188, 0.5059094917613307], "test_correct_in_batch": [4.0, 3.0, 2.0, 3.0, 4.0, 4.0, 1.0, 3.0, 2.0, 4.0, 3.0, 4.0, 2.0, 3.0, 4.0, 3.0, 2.0, 2.0, 1.0, 4.0, 2.0, 3.0, 2.0, 4.0, 3.0, 4.0, 4.0, 3.0, 3.0, 3.0, 4.0, 4.0, 4.0, 4.0, 3.0, 4.0, 4.0, 3.0, 3.0, 3.0, 3.0, 2.0, 3.0, 3.0, 3.0, 4.0, 3.0, 3.0, 3.0, 3.0, 3.0, 1.0, 3.0, 3.0, 4.0, 3.0, 4.0, 4.0, 3.0, 2.0, 4.0, 3.0, 4.0, 3.0, 3.0, 3.0, 3.0, 3.0, 3.0, 3.0, 1.0, 3.0, 3.0, 4.0, 4.0, 3.0, 4.0, 4.0, 3.0, 3.0, 4.0, 2.0, 3.0, 1.0, 3.0, 3.0, 2.0, 3.0, 3.0, 2.0, 3.0, 4.0, 1.0, 4.0, 4.0, 4.0, 4.0, 2.0, 3.0, 3.0, 2.0, 3.0, 4.0, 3.0, 2.0, 3.0, 2.0, 3.0, 4.0, 4.0, 4.0, 3.0, 3.0, 2.0, 3.0, 4.0, 3.0, 4.0, 4.0, 2.0, 3.0, 4.0, 2.0, 4.0, 3.0, 1.0, 2.0, 2.0, 4.0, 4.0, 3.0, 3.0, 4.0, 2.0, 4.0, 1.0, 4.0, 3.0, 2.0, 3.0, 4.0, 2.0, 3.0, 4.0, 3.0, 2.0, 2.0, 3.0, 3.0, 3.0, 3.0, 4.0, 4.0, 4.0, 3.0, 4.0, 3.0, 3.0, 4.0, 4.0, 4.0, 3.0, 3.0], "test_losses": [0.12290896475315094, 0.5584339499473572, 1.127597689628601, 0.7756863832473755, 0.05719189718365669, 0.042325541377067566, 2.37414288520813, 0.721013605594635, 1.0957227945327759, 0.07201316952705383, 0.3876705467700958, 0.028614841401576996, 1.848828911781311, 0.5734217166900635, 0.25947993993759155, 0.6745739579200745, 1.1750203371047974, 1.0153565406799316, 1.3784300088882446, 0.20343191921710968, 0.5812498331069946, 1.2710680961608887, 1.042959451675415, 0.06914982199668884, 0.46098262071609497, 0.17256474494934082, 0.29496264457702637, 0.8234854340553284, 0.9031072854995728, 0.694547176361084, 0.5585786700248718, 0.06920304149389267, 0.1267186403274536, 0.2224600613117218, 0.5946446061134338, 0.08178532123565674, 0.0627593845129013, 1.5067592859268188, 0.2791544795036316, 0.29167109727859497, 0.6294010877609253, 1.094888687133789, 1.019484281539917, 0.3184910714626312, 0.5779455304145813, 0.1117807999253273, 0.5080722570419312, 1.2199738025665283, 0.5768550038337708, 0.508793294429779, 0.7941761016845703, 2.4998202323913574, 0.7340827584266663, 0.2040099799633026, 0.15539999306201935, 0.19803258776664734, 0.45818352699279785, 0.05423424020409584, 0.2707144021987915, 1.8706908226013184, 0.31261470913887024, 0.6389294266700745, 0.06944163888692856, 0.598089873790741, 0.8766807913780212, 1.0920785665512085, 0.2889322340488434, 0.620901346206665, 0.6855183839797974, 1.4501017332077026, 1.6538257598876953, 0.4071086049079895, 0.6311838030815125, 0.11553627252578735, 0.054613035172224045, 1.226739764213562, 0.17649081349372864, 0.05511462315917015, 0.8446875810623169, 1.0149813890457153, 0.12160268425941467, 1.4706578254699707, 0.40015339851379395, 2.0275771617889404, 0.9270212054252625, 0.43805673718452454, 1.1109460592269897, 0.5339602828025818, 0.5842012166976929, 1.1994558572769165, 1.2749419212341309, 0.37960928678512573, 2.2251768112182617, 0.14654406905174255, 0.06936149299144745, 0.1830047070980072, 0.05358772724866867, 2.674152374267578, 0.6279501914978027, 1.2292470932006836, 1.3276222944259644, 0.5387599468231201, 0.39582300186157227, 0.4632485508918762, 0.8238834738731384, 1.294083595275879, 1.4190171957015991, 0.5167078971862793, 0.09034894406795502, 0.2105148732662201, 0.06005684286355972, 1.2290730476379395, 0.3326030373573303, 0.7572802305221558, 0.35836297273635864, 0.0404789112508297, 0.648840069770813, 0.08569471538066864, 0.18747222423553467, 1.7869629859924316, 0.8611949682235718, 0.7458109855651855, 0.6931138038635254, 0.22870662808418274, 1.6811184883117676, 1.0346832275390625, 1.3541505336761475, 1.7281428575515747, 0.24654650688171387, 0.09131015092134476, 0.8323156833648682, 0.9897640347480774, 0.05957643687725067, 1.0846298933029175, 0.2246774137020111, 1.7053437232971191, 0.12103724479675293, 0.7637960910797119, 1.5430352687835693, 0.9234139919281006, 0.11069275438785553, 1.6251863241195679, 1.655717134475708, 0.030328355729579926, 0.2775890529155731, 1.1500754356384277, 1.2602356672286987, 0.5019597411155701, 0.9036799073219299, 0.4221790134906769, 0.6549726128578186, 0.07027129828929901, 0.18703605234622955, 0.06041519343852997, 0.4744042158126831, 0.22215300798416138, 0.5876198410987854, 1.0444799661636353, 0.1412382572889328, 0.08818154036998749, 0.009930347092449665, 1.1804693937301636, 0.2631797790527344], "test_loss": 0.6828017414038989, "test_batch_lens": [4, 4, 4, 4, 4, 4, 4, 4, 4, 4, 4, 4, 4, 4, 4, 4, 4, 4, 4, 4, 4, 4, 4, 4, 4, 4, 4, 4, 4, 4, 4, 4, 4, 4, 4, 4, 4, 4, 4, 4, 4, 4, 4, 4, 4, 4, 4, 4, 4, 4, 4, 4, 4, 4, 4, 4, 4, 4, 4, 4, 4, 4, 4, 4, 4, 4, 4, 4, 4, 4, 4, 4, 4, 4, 4, 4, 4, 4, 4, 4, 4, 4, 4, 4, 4, 4, 4, 4, 4, 4, 4, 4, 4, 4, 4, 4, 4, 4, 4, 4, 4, 4, 4, 4, 4, 4, 4, 4, 4, 4, 4, 4, 4, 4, 4, 4, 4, 4, 4, 4, 4, 4, 4, 4, 4, 4, 4, 4, 4, 4, 4, 4, 4, 4, 4, 4, 4, 4, 4, 4, 4, 4, 4, 4, 4, 4, 4, 4, 4, 4, 4, 4, 4, 4, 4, 4, 4, 4, 4, 4, 4, 4, 3], "test_accuracy": 0.7711213517665131, "predictions": [7, 4, 1, 10, 7, 1, 8, 0, 1, 3, 4, 7, 1, 9, 3, 8, 9, 6, 4, 9, 8, 10, 1, 4, 8, 1, 9, 6, 6, 8, 2, 0, 3, 3, 6, 3, 10, 5, 5, 0, 10, 3, 6, 10, 7, 8, 4, 3, 3, 1, 2, 4, 1, 4, 6, 1, 1, 9, 1, 10, 10, 6, 9, 6, 5, 7, 8, 8, 8, 8, 3, 3, 5, 1, 1, 5, 6, 8, 9, 2, 1, 1, 1, 1, 5, 5, 1, 0, 8, 4, 9, 2, 10, 7, 1, 5, 8, 8, 2, 7, 5, 1, 10, 6, 10, 8, 3, 9, 10, 4, 7, 7, 0, 3, 7, 8, 0, 10, 0, 0, 4, 8, 7, 6, 5, 1, 7, 9, 6, 7, 4, 0, 10, 10, 7, 9, 4, 3, 9, 0, 10, 3, 3, 9, 4, 7, 4, 7, 2, 10, 8, 4, 10, 10, 3, 0, 10, 8, 4, 7, 8, 1, 10, 4, 10, 8, 10, 5, 8, 0, 9, 8, 10, 7, 6, 6, 1, 8, 1, 2, 6, 3, 5, 3, 9, 3, 8, 8, 3, 2, 0, 6, 0, 9, 9, 5, 3, 3, 5, 9, 7, 1, 6, 1, 4, 1, 3, 5, 3, 9, 5, 2, 6, 5, 4, 5, 2, 10, 8, 4, 7, 1, 0, 6, 7, 0, 5, 7, 1, 0, 1, 6, 0, 7, 7, 2, 10, 5, 1, 10, 9, 4, 3, 3, 1, 7, 1, 5, 2, 4, 10, 1, 3, 2, 3, 10, 8, 9, 5, 3, 3, 10, 7, 0, 0, 1, 8, 1, 7, 7, 3, 10, 3, 5, 7, 2, 7, 8, 9, 7, 9, 3, 5, 10, 2, 4, 6, 5, 8, 3, 8, 0, 8, 6, 0, 1, 2, 7, 3, 2, 4, 10, 3, 6, 6, 0, 2, 7, 10, 1, 7, 6, 9, 6, 5, 2, 0, 9, 4, 1, 2, 6, 7, 9, 1, 2, 8, 8, 2, 4, 4, 1, 3, 3, 8, 7, 1, 10, 7, 2, 5, 0, 9, 10, 0, 1, 5, 7, 3, 6, 8, 6, 4, 9, 5, 3, 0, 3, 9, 7, 4, 2, 6, 10, 8, 9, 8, 5, 9, 9, 4, 9, 5, 0, 9, 10, 5, 0, 3, 7, 3, 1, 8, 2, 2, 4, 4, 9, 3, 7, 0, 2, 9, 9, 0, 0, 5, 6, 9, 1, 7, 9, 8, 9, 1, 10, 10, 8, 5, 7, 3, 3, 5, 10, 4, 7, 2, 3, 5, 3, 0, 5, 5, 1, 6, 0, 3, 8, 8, 6, 8, 3, 8, 0, 3, 2, 2, 3, 7, 10, 10, 4, 10, 6, 6, 5, 0, 6, 8, 2, 3, 9, 5, 5, 5, 9, 0, 3, 5, 7, 9, 10, 1, 8, 0, 6, 3, 8, 2, 4, 10, 1, 1, 2, 8, 2, 4, 3, 2, 8, 4, 9, 0, 7, 6, 9, 2, 0, 9, 6, 6, 9, 3, 7, 2, 4, 2, 0, 1, 3, 8, 2, 3, 9, 9, 3, 1, 5, 3, 7, 7, 10, 4, 10, 2, 5, 5, 7, 5, 1, 4, 5, 3, 4, 5, 4, 4, 5, 9, 7, 7, 2, 0, 6, 1, 3, 2, 9, 1, 8, 5, 1, 5, 5, 2, 0, 9, 7, 6, 4, 6, 9, 0, 10, 10, 0, 3, 1, 7, 3, 2, 7, 9, 6, 2, 3, 9, 0, 8, 2, 10, 6, 2, 10, 8, 7, 3, 6, 8, 6, 6, 9, 7, 4, 7, 9, 4, 4, 3, 3, 7, 5, 1, 7, 5, 9, 0, 0, 8, 0, 7, 4, 8, 5, 4, 8, 6, 6, 1, 5, 3, 0, 1, 4, 7, 1, 9, 7, 6, 6, 10, 7, 1, 0, 3, 7, 1, 4, 3, 1, 7, 8, 9, 9, 4, 0, 2, 3, 7, 8, 6, 8, 1, 7, 4, 8, 2, 0, 8, 6, 7],