{"val_acc": [0.08602150537634409, 0.06144393241167435, 0.08602150537634409, 0.0967741935483871, 0.0967741935483871, 0.0967741935483871, 0.0706605222734255, 0.12749615975422426, 0.10445468509984639, 0.10445468509984639], "val_loss": [2.3968443124572194, 2.3977966718147137, 2.3974334579303953, 2.397213739851501, 2.3991008331439247, 2.397884156806337, 2.398182452090679, 2.3971751745493135, 2.3984211544317704, 2.39738274790758], "train_loss": [2.399190798972638, 2.3987821782754737, 2.3986843898181904, 2.3985556070612306, 2.398572528229327, 2.3985073188019044, 2.3985531340513204, 2.3983373438115456, 2.3984969576707234, 2.39842010338202], "test_correct_in_batch": [0.0, 0.0, 1.0, 1.0, 0.0, 0.0, 0.0, 0.0, 0.0, 1.0, 0.0, 0.0, 0.0, 0.0, 0.0, 0.0, 0.0, 0.0, 0.0, 0.0, 0.0, 0.0, 1.0, 0.0, 0.0, 0.0, 0.0, 0.0, 1.0, 3.0, 0.0, 0.0, 1.0, 0.0, 1.0, 0.0, 0.0, 0.0, 1.0, 0.0, 0.0, 0.0, 2.0, 0.0, 1.0, 0.0, 0.0, 1.0, 1.0, 0.0, 0.0, 0.0, 0.0, 0.0, 0.0, 1.0, 1.0, 1.0, 0.0, 0.0, 0.0, 0.0, 0.0, 0.0, 0.0, 0.0, 0.0, 0.0, 0.0, 0.0, 0.0, 0.0, 1.0, 1.0, 0.0, 0.0, 1.0, 0.0, 0.0, 1.0, 0.0, 0.0, 0.0, 0.0, 0.0, 1.0, 1.0, 0.0, 0.0, 0.0, 0.0, 0.0, 1.0, 1.0, 1.0, 0.0, 0.0, 0.0, 2.0, 0.0, 0.0, 0.0, 0.0, 0.0, 0.0, 1.0, 1.0, 0.0, 1.0, 0.0, 0.0, 1.0, 0.0, 0.0, 0.0, 0.0, 0.0, 0.0, 0.0, 0.0, 1.0, 1.0, 0.0, 0.0, 1.0, 0.0, 0.0, 1.0, 0.0, 0.0, 1.0, 0.0, 0.0, 1.0, 0.0, 0.0, 1.0, 0.0, 1.0, 0.0, 0.0, 1.0, 0.0, 0.0, 0.0, 0.0, 0.0, 0.0, 0.0, 2.0, 0.0, 0.0, 1.0, 0.0, 0.0, 1.0, 0.0, 0.0, 1.0, 0.0, 0.0, 2.0, 0.0], "test_losses": [2.3945279121398926, 2.388821601867676, 2.389249563217163, 2.401923179626465, 2.4105234146118164, 2.384488821029663, 2.3883962631225586, 2.392974376678467, 2.407755136489868, 2.3868565559387207, 2.401979923248291, 2.3996598720550537, 2.4023613929748535, 2.397487163543701, 2.396796464920044, 2.393669605255127, 2.387070655822754, 2.3912274837493896, 2.3912277221679688, 2.403675079345703, 2.401632785797119, 2.3856678009033203, 2.3951847553253174, 2.3954977989196777, 2.397186517715454, 2.3912854194641113, 2.4031219482421875, 2.3945279121398926, 2.403008460998535, 2.376727819442749, 2.3950815200805664, 2.4050049781799316, 2.395076274871826, 2.405989170074463, 2.393990993499756, 2.413527011871338, 2.401766538619995, 2.399178981781006, 2.385244369506836, 2.395930767059326, 2.3951897621154785, 2.402189016342163, 2.3894734382629395, 2.3958420753479004, 2.3871426582336426, 2.406822443008423, 2.4023613929748535, 2.4038729667663574, 2.40221905708313, 2.4053711891174316, 2.3866491317749023, 2.3920936584472656, 2.4091577529907227, 2.394465923309326, 2.3908140659332275, 2.4030086994171143, 2.4002585411071777, 2.386644124984741, 2.41559100151062, 2.396087646484375, 2.412766695022583, 2.3922643661499023, 2.3928537368774414, 2.4007863998413086, 2.4091579914093018, 2.4024600982666016, 2.3842649459838867, 2.400420665740967, 2.407320737838745, 2.419966697692871, 2.385802984237671, 2.399388313293457, 2.3905856609344482, 2.3846044540405273, 2.413917064666748, 2.3882758617401123, 2.400968551635742, 2.3978819847106934, 2.409656047821045, 2.4023563861846924, 2.4137139320373535, 2.382225275039673, 2.4023609161376953, 2.391294479370117, 2.4055516719818115, 2.3934531211853027, 2.393662214279175, 2.4012742042541504, 2.3974387645721436, 2.4072258472442627, 2.3907485008239746, 2.3929262161254883, 2.395076274871826, 2.3961544036865234, 2.4006245136260986, 2.397552728652954, 2.4027938842773438, 2.422668218612671, 2.391946315765381, 2.4114933013916016, 2.4153881072998047, 2.3886921405792236, 2.4110348224639893, 2.406198501586914, 2.399592399597168, 2.384693145751953, 2.3871426582336426, 2.389620780944824, 2.395508050918579, 2.408785343170166, 2.3915092945098877, 2.3987479209899902, 2.399888038635254, 2.418407440185547, 2.4026694297790527, 2.39475679397583, 2.3950142860412598, 2.3928537368774414, 2.395512580871582, 2.3910233974456787, 2.4122581481933594, 2.403670310974121, 2.403675079345703, 2.408024787902832, 2.399587869644165, 2.4081881046295166, 2.406822443008423, 2.392050266265869, 2.394256830215454, 2.39570689201355, 2.3851261138916016, 2.398841381072998, 2.417926549911499, 2.3979806900024414, 2.399888038635254, 2.3915233612060547, 2.4078824520111084, 2.413877487182617, 2.3799712657928467, 2.4016995429992676, 2.4137141704559326, 2.39951753616333, 2.3917837142944336, 2.3983802795410156, 2.401136875152588, 2.4078221321105957, 2.4019951820373535, 2.410064935684204, 2.3947370052337646, 2.3867719173431396, 2.3961400985717773, 2.390869140625, 2.392625331878662, 2.393334150314331, 2.4036097526550293, 2.392050266265869, 2.4044010639190674, 2.4004201889038086, 2.404691696166992, 2.4055519104003906, 2.394648313522339, 2.387570858001709, 2.3978970050811768], "test_loss": 2.39847958892401, "test_batch_lens": [4, 4, 4, 4, 4, 4, 4, 4, 4, 4, 4, 4, 4, 4, 4, 4, 4, 4, 4, 4, 4, 4, 4, 4, 4, 4, 4, 4, 4, 4, 4, 4, 4, 4, 4, 4, 4, 4, 4, 4, 4, 4, 4, 4, 4, 4, 4, 4, 4, 4, 4, 4, 4, 4, 4, 4, 4, 4, 4, 4, 4, 4, 4, 4, 4, 4, 4, 4, 4, 4, 4, 4, 4, 4, 4, 4, 4, 4, 4, 4, 4, 4, 4, 4, 4, 4, 4, 4, 4, 4, 4, 4, 4, 4, 4, 4, 4, 4, 4, 4, 4, 4, 4, 4, 4, 4, 4, 4, 4, 4, 4, 4, 4, 4, 4, 4, 4, 4, 4, 4, 4, 4, 4, 4, 4, 4, 4, 4, 4, 4, 4, 4, 4, 4, 4, 4, 4, 4, 4, 4, 4, 4, 4, 4, 4, 4, 4, 4, 4, 4, 4, 4, 4, 4, 4, 4, 4, 4, 4, 4, 4, 4, 3], "test_accuracy": 0.07680491551459294, "predictions": [0, 0, 0, 0, 0, 0, 0, 0, 0, 0, 0, 0, 0, 0, 0, 0, 0, 0, 0, 0, 0, 0, 0, 0, 0, 0, 0, 0, 0, 0, 0, 0, 0, 0, 0, 0, 0, 0, 0, 0, 0, 0, 0, 0, 0, 0, 0, 0, 0, 0, 0, 0, 0, 0, 0, 0, 0, 0, 0, 0, 0, 0, 0, 0, 0, 0, 0, 0, 0, 0, 0, 0, 0, 0, 0, 0, 0, 0, 0, 0, 0, 0, 0, 0, 0, 0, 0, 0, 0, 0, 0, 0, 0, 0, 0, 0, 0, 0, 0, 0, 0, 0, 0, 0, 0, 0, 0, 0, 0, 0, 0, 0, 0, 0, 0, 0, 0, 0, 0, 0, 0, 0, 0, 0, 0, 0, 0, 0, 0, 0, 0, 0, 0, 0, 0, 0, 0, 0, 0, 0, 0, 0, 0, 0, 0, 0, 0, 0, 0, 0, 0, 0, 0, 0, 0, 0, 0, 0, 0, 0, 0, 0, 0, 0, 0, 0, 0, 0, 0, 0, 0, 0, 0, 0, 0, 0, 0, 0, 0, 0, 0, 0, 0, 0, 0, 0, 0, 0, 0, 0, 0, 0, 0, 0, 0, 0, 0, 0, 0, 0, 0, 0, 0, 0, 0, 0, 0, 0, 0, 0, 0, 0, 0, 0, 0, 0, 0, 0, 0, 0, 0, 0, 0, 0, 0, 0, 0, 0, 0, 0, 0, 0, 0, 0, 0, 0, 0, 0, 0, 0, 0, 0, 0, 0, 0, 0, 0, 0, 0, 0, 0, 0, 0, 0, 0, 0, 0, 0, 0, 0, 0, 0, 0, 0, 0, 0, 0, 0, 0, 0, 0, 0, 0, 0, 0, 0, 0, 0, 0, 0, 0, 0, 0, 0, 0, 0, 0, 0, 0, 0, 0, 0, 0, 0, 0, 0, 0, 0, 0, 0, 0, 0, 0, 0, 0, 0, 0, 0, 0, 0, 0, 0, 0, 0, 0, 0, 0, 0, 0, 0, 0, 0, 0, 0, 0, 0, 0, 0, 0, 0, 0, 0, 0, 0, 0, 0, 0, 0, 0, 0, 0, 0, 0, 0, 0, 0, 0, 0, 0, 0, 0, 0, 0, 0, 0, 0, 0, 0, 0, 0, 0, 0, 0, 0, 0, 0, 0, 0, 0, 0, 0, 0, 0, 0, 0, 0, 0, 0, 0, 0, 0, 0, 0, 0, 0, 0, 0, 0, 0, 0, 0, 0, 0, 0, 0, 0, 0, 0, 0, 0, 0, 0, 0, 0, 0, 0, 0, 0, 0, 0, 0, 0, 0, 0, 0, 0, 0, 0, 0, 0, 0, 0, 0, 0, 0, 0, 0, 0, 0, 0, 0, 0, 0, 0, 0, 0, 0, 0, 0, 0, 0, 0, 0, 0, 0, 0, 0, 0, 0, 0, 0, 0, 0, 0, 0, 0, 0, 0, 0, 0, 0, 0, 0, 0, 0, 0, 0, 0, 0, 0, 0, 0, 0, 0, 0, 0, 0, 0, 0, 0, 0, 0, 0, 0, 0, 0, 0, 0, 0, 0, 0, 0, 0, 0, 0, 0, 0, 0, 0, 0, 0, 0, 0, 0, 0, 0, 0, 0, 0, 0, 0, 0, 0, 0, 0, 0, 0, 0, 0, 0, 0, 0, 0, 0, 0, 0, 0, 0, 0, 0, 0, 0, 0, 0, 0, 0, 0, 0, 0, 0, 0, 0, 0, 0, 0, 0, 0, 0, 0, 0, 0, 0, 0, 0, 0, 0, 0, 0, 0, 0, 0, 0, 0, 0, 0, 0, 0, 0, 0, 0, 0, 0, 0, 0, 0, 0, 0, 0, 0, 0, 0, 0, 0, 0, 0, 0, 0, 0, 0, 0, 0, 0, 0, 0, 0, 0, 0, 0, 0, 0, 0, 0, 0, 0, 0, 0, 0, 0, 0, 0, 0, 0, 0, 0, 0, 0, 0, 0, 0, 0, 0, 0, 0, 0, 0, 0, 0, 0, 0, 0, 0, 0, 0, 0, 0, 0, 0, 0, 0, 0, 0, 0, 0, 0, 0, 0, 0, 0, 0, 0, 0],