{"val_acc": [0.4116743471582181, 0.7649769585253456, 0.8740399385560675, 0.9201228878648233, 0.9354838709677419, 0.9431643625192012, 0.9585253456221198, 0.9508448540706606, 0.9431643625192012, 0.9493087557603687], "val_loss": [2.038154107661335, 1.1153867105764845, 0.6558344930044713, 0.408972110667843, 0.3021633036297523, 0.24971103149414794, 0.2008755066506336, 0.19995995613237832, 0.21734087368004892, 0.18110445977125797], "train_loss": [2.27822321750668, 1.5482482614878674, 0.8909215267253303, 0.5649012281505669, 0.3876734174449609, 0.2917154952076885, 0.22910732958217142, 0.18712450796324312, 0.27186225131798325, 0.1581704194698298], "test_correct_in_batch": [4.0, 3.0, 3.0, 3.0, 4.0, 4.0, 3.0, 3.0, 3.0, 4.0, 4.0, 4.0, 4.0, 4.0, 4.0, 3.0, 3.0, 3.0, 3.0, 4.0, 4.0, 4.0, 3.0, 4.0, 4.0, 4.0, 4.0, 3.0, 4.0, 4.0, 4.0, 4.0, 4.0, 4.0, 4.0, 4.0, 4.0, 4.0, 4.0, 4.0, 4.0, 4.0, 3.0, 4.0, 4.0, 4.0, 4.0, 4.0, 3.0, 2.0, 4.0, 1.0, 4.0, 4.0, 4.0, 4.0, 4.0, 4.0, 4.0, 3.0, 4.0, 4.0, 3.0, 4.0, 3.0, 4.0, 4.0, 3.0, 3.0, 3.0, 2.0, 4.0, 4.0, 2.0, 4.0, 3.0, 4.0, 4.0, 4.0, 4.0, 4.0, 4.0, 3.0, 4.0, 4.0, 3.0, 4.0, 3.0, 4.0, 4.0, 3.0, 4.0, 2.0, 4.0, 4.0, 4.0, 4.0, 2.0, 3.0, 4.0, 3.0, 4.0, 4.0, 4.0, 4.0, 4.0, 4.0, 4.0, 4.0, 4.0, 4.0, 4.0, 4.0, 4.0, 4.0, 4.0, 3.0, 4.0, 3.0, 4.0, 4.0, 3.0, 3.0, 4.0, 3.0, 4.0, 4.0, 4.0, 4.0, 4.0, 4.0, 4.0, 4.0, 4.0, 4.0, 4.0, 4.0, 4.0, 4.0, 4.0, 4.0, 3.0, 3.0, 4.0, 4.0, 4.0, 3.0, 4.0, 2.0, 4.0, 4.0, 3.0, 4.0, 4.0, 3.0, 4.0, 4.0, 2.0, 4.0, 4.0, 4.0, 4.0, 3.0], "test_losses": [0.033988624811172485, 0.31333738565444946, 0.5534623861312866, 0.28586703538894653, 0.018401028588414192, 0.021874576807022095, 0.4632495641708374, 0.39336851239204407, 0.5499565005302429, 0.03552239015698433, 0.025343894958496094, 0.0505254901945591, 0.3121347725391388, 0.03375382348895073, 0.01838388852775097, 1.002905249595642, 0.5897080302238464, 0.4640966057777405, 1.337167501449585, 0.1022094190120697, 0.05158853903412819, 0.1045040488243103, 0.46693864464759827, 0.06841778755187988, 0.06717842072248459, 0.017939627170562744, 0.14298683404922485, 0.6024766564369202, 0.09634087234735489, 0.14202600717544556, 0.3541620969772339, 0.04012767970561981, 0.031841032207012177, 0.015433939173817635, 0.022106677293777466, 0.054684482514858246, 0.01721561700105667, 0.027209391817450523, 0.032292693853378296, 0.13164545595645905, 0.05765911936759949, 0.02784079872071743, 0.5617762207984924, 0.10635575652122498, 0.05651494860649109, 0.02622073143720627, 0.06291838735342026, 0.15135520696640015, 0.27077630162239075, 1.470457911491394, 0.1549614518880844, 2.7492456436157227, 0.042156387120485306, 0.08206863701343536, 0.0687735304236412, 0.020348627120256424, 0.03905567154288292, 0.022720426321029663, 0.03722451999783516, 0.9002562761306763, 0.0279112346470356, 0.03675548732280731, 0.44348472356796265, 0.01890231855213642, 0.32950225472450256, 0.096636563539505, 0.05245059356093407, 1.34116792678833, 0.6403142809867859, 0.5831457376480103, 1.289215326309204, 0.015253481455147266, 0.03488343209028244, 1.0487924814224243, 0.03431493788957596, 0.6509630084037781, 0.0321575365960598, 0.023756999522447586, 0.20628802478313446, 0.12033738195896149, 0.20253466069698334, 0.1547461599111557, 0.44351375102996826, 0.02228240668773651, 0.0688660740852356, 0.6297149062156677, 0.11383077502250671, 0.6323855519294739, 0.100114606320858, 0.30280423164367676, 0.5176212787628174, 0.17036256194114685, 1.919129729270935, 0.036025434732437134, 0.044733546674251556, 0.035133056342601776, 0.023114385083317757, 2.358212947845459, 0.25729337334632874, 0.02085278183221817, 0.7773506045341492, 0.01721857115626335, 0.04255091771483421, 0.03662758320569992, 0.02424762398004532, 0.047394994646310806, 0.04755663871765137, 0.03787325322628021, 0.03829147294163704, 0.02063704840838909, 0.023226391524076462, 0.1025422140955925, 0.046385157853364944, 0.027444615960121155, 0.045405756682157516, 0.04091422259807587, 0.4277060031890869, 0.023401271551847458, 0.349569171667099, 0.18523237109184265, 0.03414040803909302, 0.6095514893531799, 0.4829241633415222, 0.045333798974752426, 0.9025609493255615, 0.06151990592479706, 0.06567495316267014, 0.02466844581067562, 0.056441932916641235, 0.08652707934379578, 0.01854516565799713, 0.06318016350269318, 0.027577806264162064, 0.19498339295387268, 0.04373268038034439, 0.15314918756484985, 0.0714699849486351, 0.026663828641176224, 0.14184428751468658, 0.1550404280424118, 0.027815470471978188, 0.2983134388923645, 0.6579615473747253, 0.057572998106479645, 0.06806188076734543, 0.5223067998886108, 0.43397489190101624, 0.09533914178609848, 1.1469383239746094, 0.03646131232380867, 0.03185359388589859, 0.5999128222465515, 0.02117212861776352, 0.04291951656341553, 0.3956766426563263, 0.03716256469488144, 0.02956794574856758, 1.0367631912231445, 0.09518080204725266, 0.044901683926582336, 0.01904209703207016, 0.029751982539892197, 0.07748104631900787], "test_loss": 0.26082088005803294, "test_batch_lens": [4, 4, 4, 4, 4, 4, 4, 4, 4, 4, 4, 4, 4, 4, 4, 4, 4, 4, 4, 4, 4, 4, 4, 4, 4, 4, 4, 4, 4, 4, 4, 4, 4, 4, 4, 4, 4, 4, 4, 4, 4, 4, 4, 4, 4, 4, 4, 4, 4, 4, 4, 4, 4, 4, 4, 4, 4, 4, 4, 4, 4, 4, 4, 4, 4, 4, 4, 4, 4, 4, 4, 4, 4, 4, 4, 4, 4, 4, 4, 4, 4, 4, 4, 4, 4, 4, 4, 4, 4, 4, 4, 4, 4, 4, 4, 4, 4, 4, 4, 4, 4, 4, 4, 4, 4, 4, 4, 4, 4, 4, 4, 4, 4, 4, 4, 4, 4, 4, 4, 4, 4, 4, 4, 4, 4, 4, 4, 4, 4, 4, 4, 4, 4, 4, 4, 4, 4, 4, 4, 4, 4, 4, 4, 4, 4, 4, 4, 4, 4, 4, 4, 4, 4, 4, 4, 4, 4, 4, 4, 4, 4, 4, 3], "test_accuracy": 0.9170506912442397, "predictions": [7, 4, 1, 10, 7, 1, 8, 2, 0, 2, 4, 7, 1, 9, 8, 0, 9, 6, 4, 9, 8, 10, 1, 4, 6, 6, 8, 6, 6, 8, 8, 1, 1, 2, 6, 3, 10, 5, 5, 0, 10, 3, 2, 10, 7, 8, 4, 3, 3, 8, 9, 4, 3, 4, 6, 1, 1, 9, 1, 10, 10, 6, 2, 6, 5, 9, 8, 5, 8, 3, 3, 1, 8, 3, 1, 8, 6, 8, 9, 2, 3, 1, 3, 1, 5, 5, 1, 8, 0, 9, 9, 10, 10, 7, 1, 5, 1, 8, 2, 7, 5, 1, 10, 6, 10, 8, 3, 9, 10, 4, 7, 8, 0, 3, 7, 6, 0, 8, 0, 0, 4, 8, 7, 6, 5, 1, 7, 9, 6, 7, 4, 0, 10, 10, 7, 9, 4, 1, 9, 0, 10, 3, 3, 9, 4, 7, 4, 7, 2, 10, 2, 4, 10, 10, 1, 0, 10, 5, 4, 7, 8, 9, 10, 4, 2, 3, 10, 5, 8, 0, 8, 0, 10, 7, 6, 8, 0, 8, 1, 2, 6, 3, 5, 3, 9, 3, 4, 8, 3, 2, 0, 2, 0, 9, 9, 5, 3, 2, 5, 9, 8, 1, 6, 1, 4, 9, 9, 9, 3, 9, 5, 6, 2, 5, 4, 5, 2, 10, 8, 4, 7, 3, 0, 6, 7, 0, 5, 7, 1, 0, 1, 6, 3, 7, 7, 2, 10, 9, 3, 10, 9, 4, 3, 3, 1, 7, 8, 5, 2, 4, 10, 3, 1, 2, 3, 10, 6, 9, 9, 3, 3, 10, 7, 1, 5, 1, 8, 1, 3, 7, 3, 10, 3, 5, 1, 2, 7, 6, 9, 7, 3, 8, 5, 10, 2, 4, 2, 5, 5, 3, 8, 0, 2, 6, 3, 1, 2, 7, 3, 2, 4, 10, 3, 6, 6, 0, 2, 7, 10, 1, 7, 6, 9, 2, 5, 2, 0, 9, 4, 3, 2, 6, 7, 9, 1, 8, 8, 5, 2, 9, 4, 8, 1, 8, 4, 7, 1, 2, 7, 2, 5, 0, 4, 10, 5, 0, 5, 7, 3, 6, 9, 6, 4, 9, 5, 1, 8, 3, 7, 7, 4, 9, 6, 10, 8, 9, 8, 5, 2, 9, 4, 0, 5, 0, 9, 10, 5, 0, 3, 7, 3, 1, 8, 2, 2, 4, 4, 9, 3, 7, 5, 8, 7, 4, 0, 0, 5, 6, 9, 9, 7, 7, 3, 9, 1, 10, 10, 5, 5, 7, 3, 3, 5, 10, 9, 7, 2, 3, 1, 1, 0, 5, 4, 1, 2, 0, 1, 8, 8, 4, 8, 3, 8, 0, 3, 2, 2, 3, 7, 10, 10, 4, 10, 6, 6, 5, 0, 9, 8, 2, 1, 9, 9, 5, 9, 9, 1, 3, 5, 7, 9, 10, 1, 8, 1, 6, 3, 4, 2, 4, 10, 1, 1, 2, 10, 2, 4, 8, 2, 5, 9, 9, 0, 7, 6, 9, 8, 0, 2, 2, 6, 9, 3, 7, 2, 4, 9, 0, 1, 3, 9, 6, 3, 4, 6, 3, 3, 5, 0, 1, 7, 10, 4, 10, 2, 5, 5, 7, 5, 1, 4, 5, 0, 4, 5, 4, 9, 5, 9, 7, 7, 2, 0, 2, 4, 3, 2, 9, 1, 8, 9, 1, 8, 8, 2, 0, 9, 7, 6, 9, 6, 9, 0, 10, 8, 8, 4, 1, 7, 3, 2, 7, 9, 6, 8, 8, 9, 0, 8, 2, 8, 5, 2, 10, 8, 7, 9, 6, 8, 6, 6, 4, 7, 9, 7, 9, 4, 9, 3, 3, 7, 4, 1, 9, 4, 4, 0, 7, 8, 0, 7, 4, 5, 5, 4, 6, 6, 6, 1, 5, 3, 0, 1, 4, 7, 1, 9, 4, 6, 2, 10, 7, 1, 0, 3, 9, 1, 4, 3, 2, 7, 0, 9, 9, 4, 0, 2, 3, 7, 8, 6, 8, 1, 7, 4, 0, 2, 0, 8, 6, 7],