{"val_acc": [0.6513056835637481, 0.8294930875576036, 0.8955453149001537, 0.9247311827956989, 0.9370199692780338, 0.9216589861751152, 0.9216589861751152, 0.9139784946236559, 0.9477726574500768, 0.9293394777265745], "val_loss": [1.0371149887039435, 0.511817775395316, 0.33418927597313364, 0.2683990456305296, 0.2322926121929759, 0.2638257203224122, 0.23928175489474898, 0.2806749211858635, 0.21147094648643533, 0.2555990102807406], "train_loss": [1.6752525995299883, 0.6652690026221497, 0.39300241456945295, 0.3001555534959367, 0.24292922621950083, 0.2025731976609195, 0.17404529504949479, 0.14833795888849916, 0.12772767793971762, 0.11019930265695589], "test_correct_in_batch": [4.0, 4.0, 2.0, 3.0, 4.0, 4.0, 3.0, 2.0, 3.0, 4.0, 4.0, 4.0, 3.0, 4.0, 4.0, 3.0, 3.0, 4.0, 3.0, 3.0, 4.0, 4.0, 3.0, 4.0, 4.0, 4.0, 4.0, 3.0, 4.0, 4.0, 4.0, 4.0, 4.0, 4.0, 4.0, 4.0, 4.0, 4.0, 4.0, 4.0, 4.0, 4.0, 3.0, 4.0, 4.0, 4.0, 4.0, 3.0, 4.0, 4.0, 3.0, 1.0, 4.0, 4.0, 3.0, 4.0, 4.0, 4.0, 4.0, 4.0, 4.0, 4.0, 3.0, 4.0, 2.0, 4.0, 4.0, 3.0, 4.0, 3.0, 2.0, 4.0, 4.0, 4.0, 4.0, 4.0, 4.0, 4.0, 3.0, 4.0, 3.0, 4.0, 4.0, 4.0, 4.0, 3.0, 4.0, 4.0, 4.0, 3.0, 4.0, 4.0, 2.0, 4.0, 3.0, 4.0, 4.0, 2.0, 4.0, 4.0, 3.0, 4.0, 4.0, 3.0, 4.0, 4.0, 4.0, 4.0, 4.0, 4.0, 4.0, 3.0, 4.0, 4.0, 4.0, 4.0, 2.0, 4.0, 4.0, 3.0, 4.0, 3.0, 3.0, 3.0, 3.0, 3.0, 4.0, 3.0, 4.0, 3.0, 4.0, 3.0, 4.0, 4.0, 4.0, 4.0, 4.0, 3.0, 4.0, 4.0, 4.0, 3.0, 3.0, 4.0, 4.0, 3.0, 3.0, 4.0, 4.0, 4.0, 4.0, 4.0, 4.0, 4.0, 3.0, 4.0, 4.0, 3.0, 4.0, 4.0, 4.0, 4.0, 3.0], "test_losses": [0.11884643882513046, 0.011434292420744896, 1.7552436590194702, 0.3669665455818176, 0.0028227558359503746, 0.000504546333104372, 0.9247807860374451, 0.4663705825805664, 0.9095574021339417, 0.0008620094158686697, 0.0004127566353417933, 0.0003898941504303366, 0.47000032663345337, 0.00010605539864627644, 0.0014422379899770021, 3.0275959968566895, 0.44565215706825256, 0.002226340351626277, 2.1469693183898926, 0.25754570960998535, 0.03140277415513992, 0.0008055032230913639, 0.585200846195221, 8.106138920993544e-06, 0.0004700422578025609, 0.00030767344287596643, 0.0036602073814719915, 0.9673936367034912, 0.0991840660572052, 0.07341576367616653, 0.06477849930524826, 0.00026127195451408625, 0.0012304550036787987, 5.6947406847029924e-05, 0.0010461657075211406, 0.002233962994068861, 0.018172968178987503, 0.024288302287459373, 0.0016444195061922073, 0.04385296255350113, 0.03247992321848869, 2.977178337459918e-05, 0.9719999432563782, 7.551314774900675e-05, 0.003272934351116419, 0.0007097979541867971, 0.004762555472552776, 0.21024589240550995, 0.06852360814809799, 0.04290887340903282, 1.0714147090911865, 3.531418800354004, 0.006557373329997063, 0.04951772838830948, 0.3266250491142273, 0.0007387440418824553, 0.06946421414613724, 0.0002827030257321894, 0.0015433232765644789, 0.0010234829969704151, 0.013648860156536102, 0.0006682525272481143, 0.35482853651046753, 1.3321311598701868e-05, 0.961139440536499, 0.11115504056215286, 6.49661451461725e-05, 0.7394372224807739, 0.25161537528038025, 0.6902453899383545, 2.489122152328491, 0.0002954372903332114, 0.08622840791940689, 0.023472391068935394, 5.006771971238777e-06, 0.0005189123912714422, 0.05330313742160797, 0.0005232588737271726, 0.6368846297264099, 0.0888376235961914, 0.6383245587348938, 0.007093166932463646, 0.005718284286558628, 0.0001836589362937957, 0.18499737977981567, 2.0179343223571777, 0.000883189495652914, 0.0007403436466120183, 0.0058112982660532, 1.0399771928787231, 0.00011392145097488537, 0.0018769989255815744, 2.242854356765747, 0.0022077499888837337, 0.21367473900318146, 0.00015396715025417507, 0.07497747242450714, 2.3934102058410645, 0.006719978526234627, 0.04231724888086319, 0.5158977508544922, 0.11320385336875916, 0.00014058324450161308, 1.7052536010742188, 0.0005291645065881312, 0.024151669815182686, 0.0005002772086299956, 0.0004959171637892723, 0.05613313242793083, 0.00012563008931465447, 7.884886872489005e-05, 0.8152595162391663, 0.0005626595229841769, 0.12953460216522217, 0.021789373829960823, 0.0011246073991060257, 2.6017792224884033, 0.0002673259295988828, 0.00017091023619286716, 0.7588674426078796, 0.12155555188655853, 0.7933326959609985, 0.7715070843696594, 0.8273439407348633, 0.8766258955001831, 0.4109192192554474, 0.07119719684123993, 0.8910214304924011, 0.015406104736030102, 0.824055552482605, 0.057250749319791794, 0.3685147762298584, 0.0012665372341871262, 0.11002370715141296, 0.07985959947109222, 0.025430429726839066, 0.0007544007967226207, 0.7081157565116882, 0.001988999079912901, 0.2595478594303131, 0.0011356035247445107, 0.890295684337616, 0.8974749445915222, 7.428758544847369e-05, 0.0037739910185337067, 0.4673280417919159, 0.6393529772758484, 0.0005512231728062034, 0.160247802734375, 0.000430112995672971, 0.0020122872665524483, 0.0004147416038904339, 0.002203946001827717, 0.03946712240576744, 1.287908673286438, 0.0035204177256673574, 0.010330514051020145, 0.33617451786994934, 0.02464407868683338, 0.0039876243099570274, 5.6201843108283356e-05, 0.0012721437960863113, 0.0027201585471630096], "test_loss": 0.32724955457726057, "test_batch_lens": [4, 4, 4, 4, 4, 4, 4, 4, 4, 4, 4, 4, 4, 4, 4, 4, 4, 4, 4, 4, 4, 4, 4, 4, 4, 4, 4, 4, 4, 4, 4, 4, 4, 4, 4, 4, 4, 4, 4, 4, 4, 4, 4, 4, 4, 4, 4, 4, 4, 4, 4, 4, 4, 4, 4, 4, 4, 4, 4, 4, 4, 4, 4, 4, 4, 4, 4, 4, 4, 4, 4, 4, 4, 4, 4, 4, 4, 4, 4, 4, 4, 4, 4, 4, 4, 4, 4, 4, 4, 4, 4, 4, 4, 4, 4, 4, 4, 4, 4, 4, 4, 4, 4, 4, 4, 4, 4, 4, 4, 4, 4, 4, 4, 4, 4, 4, 4, 4, 4, 4, 4, 4, 4, 4, 4, 4, 4, 4, 4, 4, 4, 4, 4, 4, 4, 4, 4, 4, 4, 4, 4, 4, 4, 4, 4, 4, 4, 4, 4, 4, 4, 4, 4, 4, 4, 4, 4, 4, 4, 4, 4, 4, 3], "test_accuracy": 0.9109062980030722, "predictions": [7, 4, 1, 10, 7, 1, 8, 8, 1, 9, 4, 7, 1, 9, 3, 1, 9, 6, 4, 9, 8, 10, 1, 4, 6, 3, 8, 6, 6, 8, 8, 8, 1, 1, 6, 3, 10, 5, 5, 0, 10, 3, 2, 10, 7, 8, 4, 3, 3, 8, 8, 4, 3, 4, 6, 1, 1, 9, 1, 10, 10, 6, 2, 6, 5, 1, 8, 5, 8, 1, 3, 1, 5, 3, 1, 8, 6, 8, 9, 4, 3, 1, 3, 1, 5, 5, 1, 8, 0, 5, 9, 10, 10, 7, 1, 5, 1, 8, 2, 7, 5, 1, 10, 6, 10, 8, 3, 9, 10, 4, 7, 5, 0, 3, 7, 6, 0, 8, 0, 0, 4, 8, 7, 6, 5, 1, 7, 9, 6, 7, 4, 0, 10, 10, 7, 9, 4, 1, 9, 0, 10, 3, 3, 9, 4, 7, 4, 7, 2, 10, 2, 4, 10, 10, 1, 0, 10, 5, 4, 7, 8, 9, 10, 4, 2, 3, 10, 5, 8, 0, 5, 0, 10, 7, 6, 8, 0, 8, 1, 2, 6, 3, 5, 3, 9, 3, 4, 8, 1, 2, 0, 2, 0, 9, 9, 8, 1, 3, 5, 9, 4, 1, 6, 1, 4, 1, 9, 9, 3, 9, 5, 6, 2, 5, 4, 5, 6, 10, 8, 4, 7, 3, 0, 6, 7, 0, 5, 7, 1, 0, 1, 6, 3, 7, 7, 2, 10, 4, 3, 10, 9, 4, 3, 3, 1, 7, 8, 5, 2, 4, 10, 3, 1, 2, 3, 10, 6, 2, 9, 3, 3, 10, 7, 1, 5, 1, 8, 1, 1, 7, 3, 10, 3, 5, 2, 2, 7, 2, 9, 7, 9, 8, 3, 10, 2, 4, 2, 5, 5, 3, 8, 0, 8, 6, 0, 1, 2, 7, 3, 2, 4, 10, 8, 6, 6, 0, 2, 7, 10, 1, 7, 6, 4, 2, 5, 2, 0, 9, 4, 3, 6, 6, 7, 9, 1, 8, 8, 5, 2, 9, 4, 1, 1, 8, 4, 7, 1, 2, 7, 2, 5, 0, 4, 10, 5, 0, 5, 7, 3, 6, 4, 6, 4, 9, 5, 1, 8, 3, 7, 4, 4, 4, 6, 10, 8, 9, 8, 5, 3, 9, 4, 0, 5, 0, 9, 10, 5, 1, 3, 7, 3, 1, 8, 2, 2, 4, 4, 9, 3, 7, 5, 2, 9, 4, 0, 0, 5, 6, 9, 9, 7, 7, 4, 9, 1, 10, 10, 5, 5, 7, 3, 3, 5, 10, 4, 7, 2, 3, 1, 1, 0, 5, 4, 1, 2, 0, 1, 8, 8, 4, 8, 3, 8, 0, 3, 2, 2, 3, 7, 10, 10, 4, 10, 6, 6, 5, 0, 4, 8, 2, 1, 9, 9, 5, 9, 9, 1, 3, 5, 7, 9, 10, 1, 8, 3, 6, 3, 4, 2, 4, 10, 1, 1, 2, 8, 2, 4, 8, 2, 8, 9, 9, 0, 7, 6, 9, 9, 0, 2, 3, 6, 9, 3, 9, 2, 4, 10, 0, 1, 3, 5, 6, 3, 4, 6, 3, 3, 5, 3, 1, 7, 10, 4, 10, 2, 5, 5, 7, 5, 3, 4, 5, 0, 4, 5, 4, 4, 5, 9, 7, 7, 2, 0, 2, 4, 3, 2, 9, 1, 8, 9, 1, 8, 8, 2, 0, 9, 7, 6, 4, 6, 9, 0, 10, 8, 8, 4, 1, 7, 3, 2, 7, 9, 6, 2, 8, 9, 0, 8, 2, 7, 5, 2, 10, 8, 7, 9, 6, 8, 6, 6, 9, 7, 9, 7, 4, 4, 9, 3, 3, 7, 4, 1, 7, 5, 4, 0, 7, 8, 0, 7, 4, 5, 5, 4, 8, 6, 6, 1, 5, 3, 0, 1, 4, 7, 1, 9, 4, 6, 2, 10, 7, 1, 0, 3, 9, 1, 4, 3, 2, 7, 8, 9, 9, 4, 0, 2, 3, 7, 8, 6, 8, 1, 7, 4, 0, 2, 0, 8, 6, 7],