{"val_acc": [0.7142857142857143, 0.8556067588325653, 0.8924731182795699, 0.9324116743471582, 0.9416282642089093, 0.9447004608294931, 0.9477726574500768, 0.9385560675883257, 0.9493087557603687, 0.9385560675883257], "val_loss": [0.9158630298873398, 0.5254388236000769, 0.3435900843662261, 0.22929206584470255, 0.18226587350337062, 0.17195621466089506, 0.16956061709877904, 0.1903308730525503, 0.17890505907907825, 0.2357003490917145], "train_loss": [1.6232081951685786, 0.6461331408306943, 0.3500830070503991, 0.24056734253049675, 0.18359393376745614, 0.14428985928150964, 0.11156043221715725, 0.10172857428977837, 0.07998435861753352, 0.06522590172256437], "test_correct_in_batch": [4.0, 4.0, 3.0, 4.0, 4.0, 4.0, 4.0, 3.0, 3.0, 4.0, 4.0, 4.0, 3.0, 4.0, 4.0, 3.0, 3.0, 3.0, 3.0, 4.0, 2.0, 4.0, 4.0, 4.0, 4.0, 4.0, 3.0, 3.0, 4.0, 4.0, 4.0, 4.0, 4.0, 4.0, 4.0, 4.0, 4.0, 4.0, 4.0, 4.0, 4.0, 3.0, 3.0, 4.0, 4.0, 4.0, 4.0, 4.0, 4.0, 3.0, 3.0, 2.0, 4.0, 4.0, 3.0, 4.0, 4.0, 4.0, 3.0, 3.0, 4.0, 4.0, 4.0, 4.0, 4.0, 4.0, 4.0, 3.0, 3.0, 3.0, 3.0, 4.0, 4.0, 4.0, 4.0, 4.0, 4.0, 4.0, 3.0, 4.0, 4.0, 4.0, 4.0, 4.0, 4.0, 4.0, 4.0, 4.0, 4.0, 4.0, 4.0, 4.0, 3.0, 4.0, 4.0, 4.0, 4.0, 2.0, 4.0, 4.0, 4.0, 4.0, 4.0, 3.0, 4.0, 4.0, 4.0, 4.0, 4.0, 4.0, 4.0, 3.0, 4.0, 4.0, 4.0, 4.0, 4.0, 4.0, 4.0, 4.0, 4.0, 4.0, 4.0, 4.0, 3.0, 3.0, 4.0, 3.0, 4.0, 2.0, 4.0, 4.0, 4.0, 4.0, 4.0, 4.0, 4.0, 3.0, 4.0, 3.0, 4.0, 4.0, 3.0, 4.0, 4.0, 2.0, 4.0, 4.0, 4.0, 4.0, 4.0, 4.0, 3.0, 4.0, 4.0, 4.0, 4.0, 3.0, 3.0, 4.0, 4.0, 4.0, 3.0], "test_losses": [0.0016590291634202003, 0.0013064064551144838, 0.8750455379486084, 0.05973062664270401, 7.444187212968245e-05, 0.001492208568379283, 0.1536557376384735, 0.4786827564239502, 1.0371131896972656, 0.00020933637279085815, 0.00034974701702594757, 0.0006164577789604664, 0.5773270130157471, 0.0009907846106216311, 0.0026734978891909122, 2.813947916030884, 0.5718350410461426, 0.38477227091789246, 1.1312519311904907, 0.040324971079826355, 1.5706818103790283, 0.0018403975991532207, 0.08897311240434647, 0.0005993981030769646, 0.004359592217952013, 0.0010756759438663721, 0.6087104082107544, 0.982038676738739, 0.059310391545295715, 0.0022974214516580105, 0.0390104278922081, 0.0004938661004416645, 0.0019634892232716084, 8.850884478306398e-05, 0.030018050223588943, 0.00017440947704017162, 0.0015288109425455332, 0.06605864316225052, 0.00042683325591497123, 0.00038732372922822833, 0.007512855809181929, 0.797146201133728, 0.4808737337589264, 0.005425408016890287, 0.0007537165656685829, 0.003198988502845168, 0.0016577157657593489, 0.14422650635242462, 0.001912362058646977, 1.0551644563674927, 1.3507757186889648, 4.137079238891602, 0.0029442557133734226, 0.001407391275279224, 0.7541750073432922, 7.035990711301565e-05, 0.007246395107358694, 0.0002626629429869354, 0.4394923746585846, 1.7125780582427979, 0.0010845288634300232, 0.0009089219965972006, 0.026032397523522377, 0.002455671550706029, 0.004563822411000729, 0.0028165921103209257, 0.010345366783440113, 0.935345470905304, 0.7160740494728088, 0.8538958430290222, 2.03373384475708, 0.003948918543756008, 0.029709545895457268, 0.1393030434846878, 0.0008662501350045204, 0.0010890507837757468, 0.001724184607155621, 8.776236063567922e-05, 0.7220954298973083, 0.005860471166670322, 0.00505538284778595, 0.0008685124921612442, 0.0007994791376404464, 0.0021342604886740446, 0.09738022089004517, 0.13807624578475952, 0.0005249952082522213, 0.1952945590019226, 0.0009946351638063788, 0.17151817679405212, 0.018195567652583122, 0.004333356395363808, 2.0243782997131348, 0.005131731741130352, 0.005102889612317085, 0.0005097732064314187, 0.003967896569520235, 3.3676652908325195, 0.00062165706185624, 0.00021897505212109536, 0.2062794268131256, 0.023869602009654045, 0.0025191791355609894, 0.5625282526016235, 0.0003543276689015329, 0.0009134329156950116, 0.0003749143797904253, 0.0015385393053293228, 0.003332901280373335, 0.00017652790120337158, 0.00012352122575975955, 1.1111129522323608, 0.0010050471173599362, 0.00618137838318944, 0.00425424100831151, 0.007391626015305519, 0.10273944586515427, 0.0017124493606388569, 0.0068283299915492535, 0.09810154139995575, 0.009386490099132061, 0.4543963074684143, 0.0005486480076797307, 0.0016424446366727352, 1.1717233657836914, 0.33319205045700073, 0.041907764971256256, 0.2749699354171753, 0.03270979970693588, 2.022538661956787, 0.13319902122020721, 0.010310259647667408, 0.0012905426556244493, 0.07200783491134644, 0.0007417784072458744, 0.0011611244408413768, 0.00014071418263483793, 0.6036802530288696, 0.030414562672376633, 0.3439573049545288, 0.00013843046326655895, 0.003815461415797472, 0.45093005895614624, 0.0036566515918821096, 0.0006182572687976062, 0.626257598400116, 0.18531744182109833, 0.03635905310511589, 0.16588030755519867, 0.00019806480850093067, 0.0018132210243493319, 0.032508619129657745, 0.24406693875789642, 0.000633364834357053, 0.010984272696077824, 0.027610277757048607, 0.0010143759427592158, 0.31751033663749695, 2.065993547439575, 0.00033894384978339076, 0.0004677798133343458, 0.0006100055179558694, 0.0003749649040400982], "test_loss": 0.2815341540046541, "test_batch_lens": [4, 4, 4, 4, 4, 4, 4, 4, 4, 4, 4, 4, 4, 4, 4, 4, 4, 4, 4, 4, 4, 4, 4, 4, 4, 4, 4, 4, 4, 4, 4, 4, 4, 4, 4, 4, 4, 4, 4, 4, 4, 4, 4, 4, 4, 4, 4, 4, 4, 4, 4, 4, 4, 4, 4, 4, 4, 4, 4, 4, 4, 4, 4, 4, 4, 4, 4, 4, 4, 4, 4, 4, 4, 4, 4, 4, 4, 4, 4, 4, 4, 4, 4, 4, 4, 4, 4, 4, 4, 4, 4, 4, 4, 4, 4, 4, 4, 4, 4, 4, 4, 4, 4, 4, 4, 4, 4, 4, 4, 4, 4, 4, 4, 4, 4, 4, 4, 4, 4, 4, 4, 4, 4, 4, 4, 4, 4, 4, 4, 4, 4, 4, 4, 4, 4, 4, 4, 4, 4, 4, 4, 4, 4, 4, 4, 4, 4, 4, 4, 4, 4, 4, 4, 4, 4, 4, 4, 4, 4, 4, 4, 4, 3], "test_accuracy": 0.9324116743471582, "predictions": [7, 4, 1, 10, 7, 1, 8, 8, 0, 10, 4, 7, 1, 9, 3, 0, 9, 6, 4, 9, 8, 10, 1, 4, 6, 8, 8, 6, 6, 8, 2, 3, 1, 1, 6, 3, 10, 5, 5, 0, 10, 3, 2, 10, 7, 8, 4, 3, 3, 8, 2, 4, 3, 4, 6, 1, 1, 9, 1, 10, 10, 6, 2, 6, 5, 9, 8, 5, 8, 3, 3, 1, 8, 3, 1, 8, 6, 8, 9, 2, 1, 1, 1, 1, 5, 5, 1, 8, 0, 4, 9, 10, 10, 7, 1, 5, 1, 8, 2, 7, 5, 1, 10, 6, 10, 7, 3, 9, 10, 4, 7, 6, 0, 3, 7, 6, 0, 8, 0, 0, 4, 8, 7, 6, 5, 1, 7, 9, 6, 7, 4, 0, 10, 10, 7, 9, 4, 1, 9, 0, 10, 3, 3, 9, 4, 7, 4, 7, 2, 10, 2, 4, 10, 10, 1, 0, 10, 5, 4, 7, 8, 9, 10, 4, 2, 0, 10, 5, 8, 0, 6, 0, 10, 7, 6, 8, 0, 8, 1, 2, 6, 3, 5, 3, 9, 3, 4, 8, 3, 2, 0, 2, 0, 9, 9, 8, 1, 8, 5, 9, 4, 1, 6, 1, 4, 5, 9, 8, 3, 9, 5, 6, 2, 5, 4, 5, 2, 10, 5, 4, 7, 3, 0, 6, 7, 0, 5, 7, 1, 0, 1, 6, 3, 7, 9, 2, 10, 9, 3, 10, 9, 4, 3, 3, 1, 7, 8, 5, 2, 4, 10, 1, 1, 2, 3, 10, 6, 9, 5, 3, 3, 10, 7, 1, 5, 1, 8, 1, 1, 7, 3, 10, 3, 5, 3, 2, 7, 9, 9, 7, 3, 8, 8, 10, 2, 4, 2, 5, 5, 3, 8, 0, 8, 6, 0, 1, 2, 7, 3, 2, 4, 10, 8, 6, 6, 0, 2, 7, 10, 1, 7, 6, 4, 2, 5, 2, 0, 9, 4, 3, 2, 6, 7, 9, 1, 8, 8, 5, 2, 9, 4, 1, 1, 8, 4, 7, 1, 2, 7, 2, 5, 0, 7, 10, 5, 0, 5, 7, 3, 6, 4, 6, 4, 9, 5, 1, 8, 3, 7, 7, 4, 4, 6, 10, 8, 9, 8, 5, 6, 9, 4, 0, 5, 0, 9, 10, 5, 0, 3, 7, 3, 1, 8, 2, 2, 4, 4, 9, 3, 7, 5, 6, 9, 4, 0, 0, 5, 6, 9, 9, 7, 7, 6, 9, 1, 10, 10, 5, 5, 7, 3, 3, 5, 10, 4, 7, 2, 3, 1, 1, 0, 5, 4, 1, 2, 0, 1, 8, 8, 4, 8, 3, 8, 0, 3, 2, 2, 3, 7, 10, 10, 4, 10, 6, 6, 5, 0, 6, 8, 2, 1, 9, 9, 5, 9, 9, 1, 3, 5, 7, 9, 10, 1, 8, 1, 6, 3, 8, 2, 4, 10, 1, 1, 2, 8, 2, 4, 8, 2, 5, 9, 9, 0, 7, 6, 9, 2, 0, 2, 8, 6, 9, 3, 7, 2, 4, 2, 0, 1, 3, 4, 6, 3, 4, 6, 3, 3, 5, 1, 1, 7, 10, 4, 10, 2, 5, 5, 7, 4, 3, 4, 5, 0, 4, 5, 4, 9, 5, 9, 7, 7, 2, 0, 2, 4, 3, 2, 9, 1, 8, 9, 1, 8, 8, 2, 0, 9, 7, 6, 7, 6, 9, 0, 10, 8, 8, 9, 1, 7, 3, 2, 7, 9, 6, 7, 8, 9, 0, 8, 2, 2, 5, 2, 10, 8, 7, 9, 6, 8, 6, 6, 9, 7, 4, 7, 8, 4, 9, 3, 3, 7, 4, 1, 7, 5, 4, 0, 7, 8, 0, 7, 4, 5, 5, 4, 8, 6, 6, 1, 5, 0, 0, 1, 4, 7, 1, 9, 4, 6, 6, 10, 7, 1, 0, 3, 9, 1, 4, 3, 2, 7, 8, 9, 9, 4, 1, 2, 3, 7, 8, 6, 8, 1, 7, 4, 0, 2, 0, 8, 6, 7],