{"val_acc": [0.09062980030721966, 0.1966205837173579, 0.32872503840245776, 0.423963133640553, 0.5038402457757296, 0.5360983102918587, 0.5668202764976958, 0.5944700460829493, 0.5913978494623656, 0.6159754224270353], "val_loss": [2.36278556022176, 2.2965007793683947, 2.2364871911475994, 2.172122329290659, 2.1012199853826887, 2.028120644984801, 1.9392467686003703, 1.8577269615571192, 1.7799053791841846, 1.7045239648935986], "train_loss": [2.3881302954635384, 2.3375185629229795, 2.2649442351883673, 2.20217019208745, 2.1362104781979947, 2.0638393346146193, 1.9856378563737107, 1.9052870583029426, 1.825929908330864, 1.748370085853896], "test_correct_in_batch": [2.0, 2.0, 3.0, 1.0, 4.0, 2.0, 2.0, 2.0, 2.0, 2.0, 2.0, 1.0, 1.0, 3.0, 2.0, 3.0, 0.0, 1.0, 2.0, 2.0, 1.0, 1.0, 2.0, 3.0, 1.0, 2.0, 3.0, 3.0, 3.0, 3.0, 2.0, 2.0, 4.0, 4.0, 3.0, 3.0, 3.0, 4.0, 3.0, 3.0, 2.0, 2.0, 1.0, 3.0, 1.0, 3.0, 2.0, 2.0, 3.0, 1.0, 1.0, 1.0, 2.0, 2.0, 2.0, 3.0, 3.0, 4.0, 4.0, 4.0, 2.0, 1.0, 1.0, 2.0, 2.0, 3.0, 1.0, 3.0, 2.0, 3.0, 1.0, 3.0, 2.0, 1.0, 2.0, 3.0, 3.0, 3.0, 2.0, 3.0, 4.0, 1.0, 2.0, 2.0, 1.0, 3.0, 1.0, 3.0, 2.0, 0.0, 3.0, 1.0, 1.0, 2.0, 3.0, 2.0, 4.0, 2.0, 4.0, 3.0, 0.0, 2.0, 2.0, 2.0, 3.0, 1.0, 1.0, 2.0, 2.0, 4.0, 4.0, 2.0, 2.0, 2.0, 2.0, 2.0, 1.0, 2.0, 2.0, 2.0, 2.0, 1.0, 2.0, 4.0, 4.0, 4.0, 3.0, 3.0, 2.0, 3.0, 3.0, 2.0, 4.0, 0.0, 1.0, 1.0, 4.0, 4.0, 1.0, 2.0, 4.0, 2.0, 2.0, 2.0, 3.0, 2.0, 3.0, 3.0, 1.0, 2.0, 1.0, 2.0, 1.0, 3.0, 1.0, 2.0, 3.0, 1.0, 2.0, 2.0, 2.0, 3.0, 2.0], "test_losses": [1.681560754776001, 2.064148187637329, 1.6676249504089355, 2.152287244796753, 1.5641955137252808, 1.7334107160568237, 1.664252519607544, 1.9388935565948486, 1.8112962245941162, 1.4991044998168945, 1.6665441989898682, 1.822293758392334, 2.1290647983551025, 1.613671898841858, 1.683776617050171, 1.390307903289795, 2.2055413722991943, 1.9693381786346436, 2.131107807159424, 2.13317608833313, 1.8794360160827637, 1.9352301359176636, 1.874607801437378, 1.5995659828186035, 1.976305365562439, 1.4172425270080566, 1.7270467281341553, 1.6715106964111328, 1.6475048065185547, 1.8223936557769775, 2.1663711071014404, 1.7768393754959106, 1.4304726123809814, 1.289750099182129, 1.6995477676391602, 1.9526610374450684, 1.4188182353973389, 1.4534262418746948, 1.5322840213775635, 1.5274786949157715, 1.8340888023376465, 1.5419089794158936, 2.124037504196167, 1.4661858081817627, 1.9010262489318848, 1.5565886497497559, 1.9053878784179688, 2.180720329284668, 1.8257637023925781, 1.8630152940750122, 1.7520557641983032, 2.1305456161499023, 1.7431219816207886, 2.066751718521118, 1.7284854650497437, 1.4611605405807495, 1.4525072574615479, 1.5442607402801514, 1.5070879459381104, 1.4236197471618652, 1.730922818183899, 1.881490707397461, 1.7373079061508179, 1.5895990133285522, 1.7103277444839478, 1.6856014728546143, 1.9505207538604736, 1.8536126613616943, 1.783090591430664, 1.7251123189926147, 2.358553171157837, 1.775343656539917, 1.9597407579421997, 1.936689019203186, 1.7199656963348389, 1.5162105560302734, 1.4651844501495361, 1.3245707750320435, 1.797290563583374, 1.8077620267868042, 1.4502257108688354, 2.2070870399475098, 1.7458446025848389, 1.8671363592147827, 2.0508477687835693, 1.782770037651062, 1.8244391679763794, 1.5006554126739502, 1.7506389617919922, 2.481062650680542, 1.5249128341674805, 2.002246856689453, 2.546868085861206, 1.569736361503601, 1.5793904066085815, 1.895499587059021, 1.6997759342193604, 1.965863823890686, 1.62446129322052, 1.5387930870056152, 2.3056540489196777, 1.4279208183288574, 1.9765653610229492, 1.6283197402954102, 1.830460548400879, 1.9456534385681152, 1.8557476997375488, 1.9405137300491333, 1.8811450004577637, 1.4691871404647827, 1.1744205951690674, 1.7469546794891357, 1.8133074045181274, 1.7359693050384521, 1.7931450605392456, 1.7912828922271729, 1.8728615045547485, 1.4743565320968628, 1.7942330837249756, 2.0384230613708496, 1.6203795671463013, 1.6921783685684204, 1.7788352966308594, 1.6954212188720703, 1.7993264198303223, 1.4909247159957886, 1.7851438522338867, 1.5179386138916016, 1.5219717025756836, 1.61326265335083, 1.794510841369629, 1.6874732971191406, 1.5264904499053955, 1.9793076515197754, 2.191462516784668, 2.038752317428589, 1.4604519605636597, 1.4603934288024902, 2.047971248626709, 1.8740473985671997, 1.542237639427185, 1.8876296281814575, 2.161667585372925, 1.606990098953247, 1.6410577297210693, 1.7464301586151123, 1.7691289186477661, 1.7765181064605713, 1.869769811630249, 1.7880589962005615, 2.077859878540039, 1.866863489151001, 1.75680410861969, 1.7143373489379883, 1.8028361797332764, 1.7654536962509155, 1.7336324453353882, 1.9884135723114014, 1.9226717948913574, 2.101837635040283, 1.5555485486984253, 1.6984481811523438, 1.5602854490280151], "test_loss": 1.770873671660394, "test_batch_lens": [4, 4, 4, 4, 4, 4, 4, 4, 4, 4, 4, 4, 4, 4, 4, 4, 4, 4, 4, 4, 4, 4, 4, 4, 4, 4, 4, 4, 4, 4, 4, 4, 4, 4, 4, 4, 4, 4, 4, 4, 4, 4, 4, 4, 4, 4, 4, 4, 4, 4, 4, 4, 4, 4, 4, 4, 4, 4, 4, 4, 4, 4, 4, 4, 4, 4, 4, 4, 4, 4, 4, 4, 4, 4, 4, 4, 4, 4, 4, 4, 4, 4, 4, 4, 4, 4, 4, 4, 4, 4, 4, 4, 4, 4, 4, 4, 4, 4, 4, 4, 4, 4, 4, 4, 4, 4, 4, 4, 4, 4, 4, 4, 4, 4, 4, 4, 4, 4, 4, 4, 4, 4, 4, 4, 4, 4, 4, 4, 4, 4, 4, 4, 4, 4, 4, 4, 4, 4, 4, 4, 4, 4, 4, 4, 4, 4, 4, 4, 4, 4, 4, 4, 4, 4, 4, 4, 4, 4, 4, 4, 4, 4, 3], "test_accuracy": 0.5591397849462365, "predictions": [7, 4, 9, 2, 7, 1, 10, 5, 0, 0, 4, 7, 5, 5, 6, 0, 9, 6, 4, 9, 6, 10, 3, 4, 6, 6, 4, 6, 6, 10, 2, 0, 9, 2, 6, 3, 10, 4, 9, 0, 10, 4, 1, 10, 7, 7, 5, 0, 0, 6, 0, 4, 3, 4, 6, 3, 3, 9, 9, 10, 10, 6, 0, 6, 4, 0, 10, 4, 6, 3, 3, 9, 7, 3, 1, 6, 6, 5, 9, 9, 0, 1, 1, 3, 5, 9, 3, 0, 3, 3, 9, 10, 10, 7, 3, 5, 3, 6, 0, 7, 4, 3, 10, 6, 10, 7, 3, 9, 10, 4, 7, 10, 0, 9, 7, 6, 0, 10, 0, 0, 4, 0, 3, 6, 5, 9, 10, 9, 6, 7, 4, 0, 10, 10, 7, 9, 4, 3, 9, 0, 10, 3, 2, 9, 4, 7, 5, 7, 2, 10, 2, 4, 10, 10, 9, 0, 10, 4, 4, 7, 7, 9, 2, 4, 10, 9, 10, 5, 0, 0, 10, 3, 10, 7, 6, 10, 3, 6, 9, 2, 6, 1, 5, 3, 5, 3, 4, 10, 3, 4, 0, 6, 0, 9, 9, 4, 3, 0, 4, 9, 9, 3, 6, 3, 4, 0, 9, 0, 9, 9, 9, 6, 9, 4, 4, 5, 0, 10, 5, 4, 7, 9, 0, 6, 7, 0, 4, 7, 1, 0, 1, 6, 3, 7, 7, 2, 10, 4, 3, 10, 9, 5, 0, 3, 9, 7, 6, 4, 10, 0, 10, 5, 9, 2, 0, 10, 6, 9, 4, 9, 3, 10, 7, 0, 4, 3, 0, 1, 3, 7, 3, 10, 3, 4, 0, 2, 7, 10, 9, 7, 0, 0, 5, 10, 0, 4, 2, 5, 4, 3, 6, 0, 4, 6, 2, 9, 0, 7, 9, 2, 4, 10, 0, 6, 6, 0, 10, 7, 10, 3, 7, 6, 4, 2, 4, 2, 0, 9, 4, 0, 2, 6, 7, 9, 1, 2, 7, 0, 10, 9, 4, 5, 3, 6, 4, 7, 9, 0, 0, 2, 5, 0, 4, 10, 4, 3, 9, 7, 3, 6, 5, 6, 5, 9, 5, 9, 1, 0, 0, 4, 4, 2, 6, 10, 7, 9, 10, 4, 4, 9, 4, 9, 4, 0, 5, 10, 5, 0, 0, 7, 3, 3, 6, 2, 2, 4, 4, 9, 3, 7, 5, 10, 9, 4, 0, 0, 4, 6, 9, 9, 2, 4, 10, 0, 3, 10, 10, 4, 4, 4, 3, 3, 4, 10, 9, 2, 2, 3, 0, 1, 3, 4, 4, 3, 10, 0, 3, 10, 7, 4, 7, 3, 7, 0, 1, 2, 2, 3, 7, 10, 10, 4, 10, 6, 6, 4, 0, 10, 7, 2, 3, 9, 5, 4, 9, 9, 9, 0, 5, 7, 9, 10, 3, 10, 0, 6, 0, 4, 10, 4, 10, 3, 9, 2, 6, 2, 4, 0, 2, 0, 5, 5, 0, 7, 6, 4, 10, 3, 2, 2, 6, 5, 3, 7, 2, 4, 3, 0, 1, 3, 9, 6, 3, 4, 6, 3, 3, 4, 0, 0, 7, 10, 4, 10, 0, 4, 5, 7, 5, 3, 4, 5, 7, 4, 4, 4, 5, 5, 9, 7, 7, 2, 3, 10, 5, 0, 2, 2, 3, 6, 5, 1, 5, 4, 2, 0, 9, 7, 6, 9, 6, 9, 2, 10, 10, 4, 0, 9, 7, 3, 2, 7, 9, 6, 10, 0, 9, 0, 6, 2, 1, 5, 10, 10, 7, 7, 9, 6, 10, 6, 6, 7, 7, 5, 7, 0, 4, 9, 3, 0, 7, 4, 3, 2, 5, 5, 0, 7, 6, 2, 4, 4, 0, 4, 4, 6, 4, 6, 9, 4, 0, 0, 3, 4, 7, 1, 4, 5, 6, 0, 10, 7, 9, 5, 3, 9, 3, 4, 9, 10, 0, 0, 9, 5, 4, 3, 2, 3, 4, 6, 6, 10, 9, 7, 4, 3, 2, 0, 2, 6, 7],