{"val_acc": [0.0706605222734255, 0.0967741935483871, 0.08602150537634409, 0.0706605222734255, 0.10445468509984639, 0.0967741935483871, 0.06144393241167435, 0.10445468509984639, 0.08602150537634409, 0.08602150537634409], "val_loss": [2.4004633850846555, 2.398757140329279, 2.399698899567493, 2.3991921650120087, 2.3988089254297362, 2.3978044079856637, 2.3979014121681637, 2.3975735442038695, 2.3975394722874177, 2.399033479163983], "train_loss": [2.3994041162795736, 2.3987541239963357, 2.3985666534676002, 2.3984663601701586, 2.398617938471588, 2.3986078386490193, 2.3985152449961604, 2.3984371222373797, 2.398381345661657, 2.3984326067351556], "test_correct_in_batch": [0.0, 0.0, 0.0, 0.0, 0.0, 0.0, 0.0, 1.0, 0.0, 0.0, 1.0, 0.0, 0.0, 0.0, 0.0, 0.0, 0.0, 0.0, 0.0, 1.0, 0.0, 0.0, 0.0, 0.0, 1.0, 0.0, 0.0, 0.0, 0.0, 0.0, 0.0, 0.0, 0.0, 0.0, 0.0, 0.0, 0.0, 2.0, 0.0, 0.0, 0.0, 1.0, 0.0, 0.0, 1.0, 0.0, 0.0, 2.0, 0.0, 0.0, 0.0, 0.0, 0.0, 1.0, 1.0, 0.0, 0.0, 0.0, 1.0, 0.0, 0.0, 0.0, 1.0, 1.0, 0.0, 0.0, 0.0, 0.0, 2.0, 0.0, 0.0, 2.0, 0.0, 0.0, 2.0, 0.0, 1.0, 0.0, 2.0, 0.0, 1.0, 0.0, 1.0, 0.0, 2.0, 0.0, 0.0, 0.0, 0.0, 0.0, 0.0, 0.0, 0.0, 0.0, 0.0, 1.0, 1.0, 0.0, 0.0, 0.0, 0.0, 0.0, 0.0, 0.0, 1.0, 0.0, 1.0, 0.0, 1.0, 1.0, 0.0, 0.0, 1.0, 0.0, 0.0, 0.0, 0.0, 1.0, 2.0, 1.0, 0.0, 1.0, 1.0, 1.0, 0.0, 0.0, 0.0, 0.0, 1.0, 0.0, 0.0, 0.0, 1.0, 1.0, 1.0, 0.0, 1.0, 0.0, 0.0, 0.0, 1.0, 0.0, 1.0, 1.0, 0.0, 0.0, 0.0, 0.0, 0.0, 0.0, 0.0, 0.0, 0.0, 0.0, 0.0, 0.0, 0.0, 0.0, 0.0, 1.0, 0.0, 1.0, 0.0], "test_losses": [2.410337448120117, 2.400486469268799, 2.4203550815582275, 2.386253595352173, 2.4122581481933594, 2.4080867767333984, 2.4033143520355225, 2.380736827850342, 2.3843088150024414, 2.4012632369995117, 2.3892886638641357, 2.4135804176330566, 2.409379005432129, 2.3955318927764893, 2.384639024734497, 2.3916680812835693, 2.3982391357421875, 2.377608299255371, 2.377608060836792, 2.3910107612609863, 2.3692049980163574, 2.3900883197784424, 2.4167323112487793, 2.39699125289917, 2.3865606784820557, 2.391167640686035, 2.4006853103637695, 2.410337448120117, 2.399106502532959, 2.4055755138397217, 2.418410301208496, 2.3944621086120605, 2.4167819023132324, 2.4119174480438232, 2.4039289951324463, 2.392282247543335, 2.433506488800049, 2.3924593925476074, 2.3977646827697754, 2.4184882640838623, 2.418360710144043, 2.384636402130127, 2.4052531719207764, 2.4097166061401367, 2.3826816082000732, 2.386007308959961, 2.409379005432129, 2.372576951980591, 2.404930591583252, 2.383808135986328, 2.3824381828308105, 2.4206020832061768, 2.3924598693847656, 2.3976593017578125, 2.4063854217529297, 2.399106502532959, 2.409259557723999, 2.380809783935547, 2.3926327228546143, 2.412487030029297, 2.4009759426116943, 2.3964128494262695, 2.394160747528076, 2.3764853477478027, 2.3924598693847656, 2.3926620483398438, 2.3819375038146973, 2.4048867225646973, 2.370131731033325, 2.4046080112457275, 2.407466173171997, 2.3878068923950195, 2.396355390548706, 2.3930344581604004, 2.3764560222625732, 2.416738271713257, 2.3935837745666504, 2.397491931915283, 2.376584053039551, 2.4077506065368652, 2.393261194229126, 2.394162178039551, 2.3916313648223877, 2.4097588062286377, 2.3726344108581543, 2.407587766647339, 2.402935266494751, 2.4041833877563477, 2.4014837741851807, 2.4065587520599365, 2.4260106086730957, 2.4044361114501953, 2.4167819023132324, 2.403386354446411, 2.398606061935425, 2.3759067058563232, 2.41312837600708, 2.4004065990448, 2.414525270462036, 2.398912191390991, 2.409437894821167, 2.3953194618225098, 2.391831159591675, 2.4072651863098145, 2.3636820316314697, 2.401806116104126, 2.3826816082000732, 2.411329746246338, 2.386503219604492, 2.390960693359375, 2.4173169136047363, 2.3992345333099365, 2.382359266281128, 2.4005346298217773, 2.388009548187256, 2.3968636989593506, 2.3862597942352295, 2.394160747528076, 2.3703839778900146, 2.401732921600342, 2.4071812629699707, 2.3893821239471436, 2.3910107612609863, 2.3996543884277344, 2.3798012733459473, 2.405805826187134, 2.386007308959961, 2.3994367122650146, 2.4023118019104004, 2.392338991165161, 2.4233031272888184, 2.409634590148926, 2.39908504486084, 2.395775318145752, 2.382359027862549, 2.396285057067871, 2.3952059745788574, 2.3994126319885254, 2.4094107151031494, 2.401355743408203, 2.393261194229126, 2.4091320037841797, 2.3930392265319824, 2.3993637561798096, 2.4013633728027344, 2.416459560394287, 2.4200327396392822, 2.405177354812622, 2.4056849479675293, 2.409454345703125, 2.4138360023498535, 2.4125864505767822, 2.3841307163238525, 2.397534132003784, 2.4106357097625732, 2.3994367122650146, 2.3971543312072754, 2.4048867225646973, 2.414202928543091, 2.3903820514678955, 2.396913528442383, 2.402549982070923, 2.4086971282958984], "test_loss": 2.398565816001658, "test_batch_lens": [4, 4, 4, 4, 4, 4, 4, 4, 4, 4, 4, 4, 4, 4, 4, 4, 4, 4, 4, 4, 4, 4, 4, 4, 4, 4, 4, 4, 4, 4, 4, 4, 4, 4, 4, 4, 4, 4, 4, 4, 4, 4, 4, 4, 4, 4, 4, 4, 4, 4, 4, 4, 4, 4, 4, 4, 4, 4, 4, 4, 4, 4, 4, 4, 4, 4, 4, 4, 4, 4, 4, 4, 4, 4, 4, 4, 4, 4, 4, 4, 4, 4, 4, 4, 4, 4, 4, 4, 4, 4, 4, 4, 4, 4, 4, 4, 4, 4, 4, 4, 4, 4, 4, 4, 4, 4, 4, 4, 4, 4, 4, 4, 4, 4, 4, 4, 4, 4, 4, 4, 4, 4, 4, 4, 4, 4, 4, 4, 4, 4, 4, 4, 4, 4, 4, 4, 4, 4, 4, 4, 4, 4, 4, 4, 4, 4, 4, 4, 4, 4, 4, 4, 4, 4, 4, 4, 4, 4, 4, 4, 4, 4, 3], "test_accuracy": 0.07987711213517665, "predictions": [2, 2, 2, 2, 2, 2, 2, 2, 2, 2, 2, 2, 2, 2, 2, 2, 2, 2, 2, 2, 2, 2, 2, 2, 2, 2, 2, 2, 2, 2, 2, 2, 2, 2, 2, 2, 2, 2, 2, 2, 2, 2, 2, 2, 2, 2, 2, 2, 2, 2, 2, 2, 2, 2, 2, 2, 2, 2, 2, 2, 2, 2, 2, 2, 2, 2, 2, 2, 2, 2, 2, 2, 2, 2, 2, 2, 2, 2, 2, 2, 2, 2, 2, 2, 2, 2, 2, 2, 2, 2, 2, 2, 2, 2, 2, 2, 2, 2, 2, 2, 2, 2, 2, 2, 2, 2, 2, 2, 2, 2, 2, 2, 2, 2, 2, 2, 2, 2, 2, 2, 2, 2, 2, 2, 2, 2, 2, 2, 2, 2, 2, 2, 2, 2, 2, 2, 2, 2, 2, 2, 2, 2, 2, 2, 2, 2, 2, 2, 2, 2, 2, 2, 2, 2, 2, 2, 2, 2, 2, 2, 2, 2, 2, 2, 2, 2, 2, 2, 2, 2, 2, 2, 2, 2, 2, 2, 2, 2, 2, 2, 2, 2, 2, 2, 2, 2, 2, 2, 2, 2, 2, 2, 2, 2, 2, 2, 2, 2, 2, 2, 2, 2, 2, 2, 2, 2, 2, 2, 2, 2, 2, 2, 2, 2, 2, 2, 2, 2, 2, 2, 2, 2, 2, 2, 2, 2, 2, 2, 2, 2, 2, 2, 2, 2, 2, 2, 2, 2, 2, 2, 2, 2, 2, 2, 2, 2, 2, 2, 2, 2, 2, 2, 2, 2, 2, 2, 2, 2, 2, 2, 2, 2, 2, 2, 2, 2, 2, 2, 2, 2, 2, 2, 2, 2, 2, 2, 2, 2, 2, 2, 2, 2, 2, 2, 2, 2, 2, 2, 2, 2, 2, 2, 2, 2, 2, 2, 2, 2, 2, 2, 2, 2, 2, 2, 2, 2, 2, 2, 2, 2, 2, 2, 2, 2, 2, 2, 2, 2, 2, 2, 2, 2, 2, 2, 2, 2, 2, 2, 2, 2, 2, 2, 2, 2, 2, 2, 2, 2, 2, 2, 2, 2, 2, 2, 2, 2, 2, 2, 2, 2, 2, 2, 2, 2, 2, 2, 2, 2, 2, 2, 2, 2, 2, 2, 2, 2, 2, 2, 2, 2, 2, 2, 2, 2, 2, 2, 2, 2, 2, 2, 2, 2, 2, 2, 2, 2, 2, 2, 2, 2, 2, 2, 2, 2, 2, 2, 2, 2, 2, 2, 2, 2, 2, 2, 2, 2, 2, 2, 2, 2, 2, 2, 2, 2, 2, 2, 2, 2, 2, 2, 2, 2, 2, 2, 2, 2, 2, 2, 2, 2, 2, 2, 2, 2, 2, 2, 2, 2, 2, 2, 2, 2, 2, 2, 2, 2, 2, 2, 2, 2, 2, 2, 2, 2, 2, 2, 2, 2, 2, 2, 2, 2, 2, 2, 2, 2, 2, 2, 2, 2, 2, 2, 2, 2, 2, 2, 2, 2, 2, 2, 2, 2, 2, 2, 2, 2, 2, 2, 2, 2, 2, 2, 2, 2, 2, 2, 2, 2, 2, 2, 2, 2, 2, 2, 2, 2, 2, 2, 2, 2, 2, 2, 2, 2, 2, 2, 2, 2, 2, 2, 2, 2, 2, 2, 2, 2, 2, 2, 2, 2, 2, 2, 2, 2, 2, 2, 2, 2, 2, 2, 2, 2, 2, 2, 2, 2, 2, 2, 2, 2, 2, 2, 2, 2, 2, 2, 2, 2, 2, 2, 2, 2, 2, 2, 2, 2, 2, 2, 2, 2, 2, 2, 2, 2, 2, 2, 2, 2, 2, 2, 2, 2, 2, 2, 2, 2, 2, 2, 2, 2, 2, 2, 2, 2, 2, 2, 2, 2, 2, 2, 2, 2, 2, 2, 2, 2, 2, 2, 2, 2, 2, 2, 2, 2, 2, 2, 2, 2, 2, 2, 2, 2, 2, 2, 2, 2, 2, 2, 2, 2, 2, 2, 2, 2, 2, 2, 2, 2, 2, 2, 2, 2, 2, 2, 2, 2, 2, 2, 2, 2, 2],