{"val_acc": [0.4254992319508449, 0.6113671274961597, 0.6328725038402457, 0.6559139784946236, 0.6620583717357911, 0.7004608294930875, 0.7327188940092166, 0.7235023041474654, 0.7572964669738863, 0.7235023041474654], "val_loss": [1.6455819559243559, 1.175151381664481, 1.1119027944521669, 1.0533445093529357, 1.0040050359339985, 0.858923544455891, 0.8342757226407893, 0.7947257984532443, 0.7665733149320892, 0.8150284024543969], "train_loss": [2.0407358603782293, 1.43635332596303, 1.1864783928377507, 1.0543098903449437, 0.952723785643578, 0.8663265370362377, 0.8019132190073128, 0.7588276860829674, 0.713448524927249, 0.6726551332575885], "test_correct_in_batch": [4.0, 2.0, 3.0, 2.0, 3.0, 4.0, 2.0, 1.0, 3.0, 4.0, 4.0, 3.0, 3.0, 4.0, 3.0, 3.0, 2.0, 3.0, 2.0, 2.0, 2.0, 2.0, 2.0, 4.0, 4.0, 4.0, 1.0, 3.0, 3.0, 3.0, 1.0, 3.0, 4.0, 3.0, 2.0, 4.0, 4.0, 3.0, 3.0, 4.0, 4.0, 2.0, 3.0, 4.0, 2.0, 4.0, 3.0, 4.0, 3.0, 2.0, 3.0, 1.0, 2.0, 3.0, 4.0, 3.0, 3.0, 4.0, 3.0, 3.0, 4.0, 4.0, 4.0, 4.0, 3.0, 1.0, 3.0, 2.0, 3.0, 3.0, 1.0, 4.0, 4.0, 4.0, 4.0, 3.0, 3.0, 4.0, 3.0, 3.0, 3.0, 3.0, 4.0, 3.0, 2.0, 3.0, 2.0, 3.0, 3.0, 1.0, 3.0, 2.0, 1.0, 3.0, 4.0, 1.0, 4.0, 2.0, 3.0, 2.0, 2.0, 3.0, 1.0, 3.0, 2.0, 3.0, 1.0, 3.0, 3.0, 3.0, 4.0, 2.0, 4.0, 2.0, 3.0, 4.0, 1.0, 4.0, 4.0, 2.0, 2.0, 2.0, 4.0, 3.0, 3.0, 2.0, 1.0, 1.0, 4.0, 3.0, 2.0, 3.0, 3.0, 3.0, 3.0, 1.0, 4.0, 4.0, 2.0, 2.0, 3.0, 2.0, 2.0, 3.0, 4.0, 2.0, 3.0, 3.0, 1.0, 4.0, 4.0, 3.0, 4.0, 4.0, 3.0, 2.0, 2.0, 1.0, 2.0, 4.0, 4.0, 2.0, 2.0], "test_losses": [0.06858212500810623, 1.558581829071045, 1.0877914428710938, 1.2096593379974365, 0.2654927670955658, 0.06895808130502701, 1.5743513107299805, 0.973932147026062, 0.6088554263114929, 0.017181040719151497, 0.08140970766544342, 0.778688907623291, 0.7606673836708069, 0.13984262943267822, 0.5753980875015259, 0.5934385657310486, 1.5095417499542236, 0.843411922454834, 1.9652788639068604, 1.118467926979065, 1.0591425895690918, 1.5132882595062256, 1.1700174808502197, 0.06200835108757019, 0.17461593449115753, 0.24862845242023468, 1.0800150632858276, 0.5886625647544861, 0.9660770893096924, 1.074507474899292, 2.0106801986694336, 0.46880391240119934, 0.010241154581308365, 0.6985363960266113, 1.2299906015396118, 0.20830588042736053, 0.2284150868654251, 0.6443923115730286, 0.5949852466583252, 0.14456301927566528, 0.4668995141983032, 1.3112432956695557, 1.0445091724395752, 0.15466970205307007, 1.5468294620513916, 0.03970131278038025, 0.8878323435783386, 0.5559430122375488, 0.7498133182525635, 1.4358570575714111, 1.0472403764724731, 2.5832180976867676, 1.261333703994751, 1.0694990158081055, 0.26987946033477783, 0.30865177512168884, 0.6370466947555542, 0.2752726078033447, 0.5678847432136536, 0.5940290093421936, 0.49979519844055176, 0.15413156151771545, 0.28476738929748535, 0.06257610768079758, 1.079700231552124, 1.287977695465088, 0.3276946246623993, 1.775956153869629, 0.8823882341384888, 0.9017570614814758, 2.5327091217041016, 0.241342231631279, 0.4311944246292114, 0.4368738532066345, 0.13519971072673798, 0.46360713243484497, 0.7131674289703369, 0.09356795996427536, 0.691595196723938, 0.6211760640144348, 0.37638717889785767, 1.6444284915924072, 0.35253649950027466, 0.7489570379257202, 0.8293601870536804, 1.1367422342300415, 1.3693960905075073, 0.37594136595726013, 0.756732165813446, 1.4505646228790283, 0.40606769919395447, 1.2466261386871338, 1.3558696508407593, 1.0350106954574585, 0.31644296646118164, 2.296905040740967, 0.11320806294679642, 1.2911077737808228, 0.3636540174484253, 0.7273778319358826, 1.6029961109161377, 0.53690105676651, 1.113499641418457, 0.6698098182678223, 1.88397216796875, 1.0141102075576782, 1.3164968490600586, 0.7531334757804871, 1.0076011419296265, 1.3761073350906372, 0.23702512681484222, 0.769758403301239, 0.40118807554244995, 0.9642677307128906, 0.31613340973854065, 0.27655914425849915, 2.7794697284698486, 0.08102172613143921, 0.23946791887283325, 1.7364184856414795, 1.523023009300232, 0.8497451543807983, 0.22590535879135132, 0.4976484179496765, 0.8776975870132446, 1.0542815923690796, 1.5457470417022705, 2.077037811279297, 0.04731812700629234, 0.45945775508880615, 0.9584827423095703, 0.7722817063331604, 0.6934618949890137, 1.1804304122924805, 0.6755515933036804, 1.6003665924072266, 0.12562479078769684, 0.28433117270469666, 2.3063876628875732, 1.0046204328536987, 0.7216088175773621, 1.8549435138702393, 1.9892809391021729, 1.0203579664230347, 0.19928093254566193, 1.121025800704956, 0.9684019684791565, 1.2040066719055176, 1.8341073989868164, 0.08141327649354935, 0.2662198543548584, 0.5105225443840027, 0.06955402344465256, 0.10338392853736877, 0.684185802936554, 0.8728673458099365, 1.168267011642456, 1.1451079845428467, 1.4789453744888306, 0.32609063386917114, 0.04365804046392441, 0.7640503644943237, 1.2984343767166138], "test_loss": 0.835302503756676, "test_batch_lens": [4, 4, 4, 4, 4, 4, 4, 4, 4, 4, 4, 4, 4, 4, 4, 4, 4, 4, 4, 4, 4, 4, 4, 4, 4, 4, 4, 4, 4, 4, 4, 4, 4, 4, 4, 4, 4, 4, 4, 4, 4, 4, 4, 4, 4, 4, 4, 4, 4, 4, 4, 4, 4, 4, 4, 4, 4, 4, 4, 4, 4, 4, 4, 4, 4, 4, 4, 4, 4, 4, 4, 4, 4, 4, 4, 4, 4, 4, 4, 4, 4, 4, 4, 4, 4, 4, 4, 4, 4, 4, 4, 4, 4, 4, 4, 4, 4, 4, 4, 4, 4, 4, 4, 4, 4, 4, 4, 4, 4, 4, 4, 4, 4, 4, 4, 4, 4, 4, 4, 4, 4, 4, 4, 4, 4, 4, 4, 4, 4, 4, 4, 4, 4, 4, 4, 4, 4, 4, 4, 4, 4, 4, 4, 4, 4, 4, 4, 4, 4, 4, 4, 4, 4, 4, 4, 4, 4, 4, 4, 4, 4, 4, 3], "test_accuracy": 0.7096774193548387, "predictions": [7, 4, 1, 10, 1, 1, 8, 5, 0, 3, 4, 7, 1, 9, 8, 8, 5, 6, 4, 9, 8, 10, 1, 4, 6, 1, 5, 6, 6, 6, 9, 0, 1, 3, 6, 3, 10, 5, 5, 0, 10, 3, 2, 10, 7, 8, 2, 3, 2, 8, 9, 4, 3, 4, 6, 1, 0, 9, 1, 10, 10, 6, 8, 6, 5, 0, 8, 8, 8, 1, 3, 3, 5, 3, 1, 2, 6, 2, 4, 2, 1, 1, 3, 0, 5, 5, 0, 3, 8, 5, 9, 10, 10, 7, 1, 5, 1, 8, 2, 7, 5, 1, 10, 6, 2, 1, 1, 9, 10, 4, 7, 9, 0, 3, 7, 8, 0, 10, 0, 0, 4, 3, 9, 8, 5, 1, 7, 2, 6, 7, 4, 0, 10, 10, 9, 9, 4, 3, 9, 1, 10, 3, 3, 9, 4, 7, 4, 7, 2, 10, 9, 4, 10, 10, 3, 0, 10, 5, 4, 7, 8, 9, 10, 4, 10, 7, 10, 5, 8, 0, 9, 8, 10, 7, 6, 8, 0, 6, 9, 2, 6, 3, 5, 3, 9, 3, 2, 8, 3, 2, 0, 2, 0, 9, 9, 5, 0, 5, 5, 9, 9, 1, 6, 1, 4, 0, 3, 5, 3, 0, 5, 9, 6, 5, 4, 5, 2, 10, 8, 4, 7, 1, 0, 6, 7, 4, 5, 7, 1, 0, 1, 6, 1, 7, 7, 2, 10, 7, 3, 10, 9, 4, 3, 3, 1, 7, 8, 5, 2, 4, 10, 1, 1, 2, 3, 10, 9, 9, 5, 3, 0, 9, 7, 0, 0, 1, 8, 1, 1, 7, 9, 10, 3, 5, 9, 2, 7, 9, 9, 7, 9, 8, 3, 0, 2, 4, 2, 5, 5, 3, 8, 0, 8, 6, 0, 1, 2, 7, 3, 2, 4, 10, 0, 6, 6, 0, 2, 8, 10, 1, 7, 6, 4, 2, 5, 2, 0, 9, 9, 3, 2, 6, 7, 7, 1, 2, 8, 5, 2, 9, 4, 1, 3, 8, 4, 7, 1, 3, 9, 2, 5, 0, 9, 10, 4, 1, 5, 7, 3, 6, 8, 6, 8, 9, 5, 1, 9, 3, 9, 9, 4, 2, 6, 10, 4, 9, 10, 5, 2, 9, 4, 5, 5, 0, 1, 10, 5, 0, 3, 7, 3, 8, 10, 4, 2, 4, 4, 9, 3, 0, 8, 9, 4, 4, 0, 0, 5, 6, 7, 1, 7, 4, 8, 9, 1, 10, 8, 5, 4, 9, 0, 3, 5, 10, 4, 7, 2, 3, 0, 3, 0, 5, 5, 1, 6, 0, 3, 7, 7, 4, 8, 3, 8, 0, 1, 2, 2, 3, 9, 10, 10, 4, 10, 6, 6, 4, 0, 6, 8, 2, 1, 9, 9, 5, 5, 2, 0, 3, 5, 7, 9, 10, 1, 8, 0, 6, 0, 9, 2, 4, 10, 1, 1, 2, 8, 2, 4, 3, 2, 8, 4, 4, 0, 7, 6, 9, 10, 1, 2, 8, 6, 9, 3, 9, 2, 4, 1, 0, 1, 3, 4, 6, 2, 4, 9, 1, 1, 5, 1, 7, 7, 2, 4, 10, 2, 5, 5, 9, 5, 1, 9, 5, 9, 4, 5, 4, 4, 5, 9, 7, 3, 2, 0, 6, 4, 3, 2, 9, 1, 6, 1, 1, 5, 5, 2, 0, 9, 7, 6, 9, 6, 9, 0, 10, 7, 0, 2, 9, 7, 3, 2, 7, 9, 2, 2, 6, 9, 0, 8, 2, 3, 6, 2, 10, 2, 7, 9, 6, 8, 6, 6, 9, 7, 4, 7, 9, 4, 9, 3, 3, 7, 5, 0, 7, 9, 8, 0, 7, 8, 0, 7, 4, 5, 5, 4, 6, 6, 6, 1, 5, 3, 0, 1, 4, 7, 1, 9, 7, 6, 6, 2, 7, 3, 0, 1, 4, 1, 4, 1, 1, 7, 2, 9, 4, 4, 9, 2, 3, 7, 8, 6, 8, 1, 7, 9, 5, 2, 0, 3, 6, 7],