{"val_acc": [0.5253456221198156, 0.6221198156682027, 0.6543778801843319, 0.6897081413210445, 0.7035330261136713, 0.6682027649769585, 0.7050691244239631, 0.717357910906298, 0.7219662058371735, 0.7235023041474654], "val_loss": [1.4011707887327745, 1.1667208604834562, 1.0270935574923556, 0.941233633623167, 0.9093023930659141, 0.948775987272248, 0.9028347745720594, 0.8928762114395393, 0.8152332043195246, 0.8151075027745925], "train_loss": [1.9125620806103514, 1.3022795556429536, 1.0969838316452842, 0.9799856239157883, 0.8914523036250038, 0.8401989988816795, 0.8037218591655934, 0.7492436500896459, 0.7168113712092833, 0.6870956689814632], "test_correct_in_batch": [4.0, 2.0, 2.0, 1.0, 3.0, 4.0, 2.0, 2.0, 2.0, 4.0, 4.0, 3.0, 1.0, 2.0, 3.0, 2.0, 2.0, 2.0, 2.0, 3.0, 1.0, 3.0, 2.0, 3.0, 4.0, 3.0, 4.0, 3.0, 3.0, 2.0, 1.0, 3.0, 4.0, 3.0, 2.0, 2.0, 3.0, 3.0, 1.0, 3.0, 2.0, 3.0, 4.0, 2.0, 3.0, 4.0, 2.0, 3.0, 0.0, 2.0, 2.0, 0.0, 2.0, 2.0, 3.0, 3.0, 3.0, 3.0, 2.0, 3.0, 3.0, 3.0, 3.0, 4.0, 2.0, 2.0, 2.0, 2.0, 2.0, 3.0, 2.0, 3.0, 2.0, 4.0, 4.0, 3.0, 2.0, 4.0, 3.0, 3.0, 2.0, 1.0, 3.0, 2.0, 2.0, 2.0, 2.0, 2.0, 3.0, 2.0, 2.0, 2.0, 2.0, 3.0, 4.0, 2.0, 4.0, 1.0, 3.0, 4.0, 1.0, 3.0, 3.0, 3.0, 3.0, 3.0, 2.0, 3.0, 3.0, 3.0, 3.0, 3.0, 4.0, 4.0, 2.0, 3.0, 2.0, 4.0, 4.0, 2.0, 3.0, 2.0, 4.0, 4.0, 3.0, 3.0, 3.0, 2.0, 4.0, 4.0, 2.0, 2.0, 4.0, 3.0, 2.0, 2.0, 3.0, 3.0, 3.0, 3.0, 3.0, 1.0, 1.0, 2.0, 3.0, 2.0, 1.0, 3.0, 2.0, 3.0, 2.0, 2.0, 3.0, 3.0, 1.0, 2.0, 4.0, 2.0, 3.0, 2.0, 4.0, 3.0, 2.0], "test_losses": [0.20837487280368805, 1.2606960535049438, 1.3347209692001343, 3.3007864952087402, 0.31202974915504456, 0.24548828601837158, 1.6896623373031616, 1.8815875053405762, 1.2751957178115845, 0.11027973145246506, 0.1679573655128479, 0.5362396240234375, 1.8264267444610596, 0.9637438058853149, 0.45878636837005615, 1.4301948547363281, 1.6771808862686157, 1.8568559885025024, 2.0757997035980225, 0.8311291337013245, 1.613023281097412, 1.1616358757019043, 1.431605339050293, 0.3248724937438965, 0.2532820999622345, 0.2962513267993927, 0.2778564393520355, 0.8075725436210632, 0.4919528067111969, 1.313948154449463, 2.3551652431488037, 0.5070789456367493, 0.04419310763478279, 0.4980928897857666, 0.610385537147522, 0.6368282437324524, 0.7665146589279175, 1.3192013502120972, 1.3402481079101562, 0.7266433835029602, 1.4150086641311646, 0.6809916496276855, 0.7454503774642944, 0.7382791638374329, 0.4992929697036743, 0.2296963930130005, 1.9419620037078857, 0.779070258140564, 2.5615782737731934, 1.1721854209899902, 1.416351318359375, 3.126267194747925, 1.975425124168396, 1.7648671865463257, 0.717348039150238, 0.5717743635177612, 0.5904005765914917, 0.3837583065032959, 1.5337382555007935, 0.9860007762908936, 0.7876465320587158, 0.9394752383232117, 0.569247305393219, 0.2692679762840271, 1.033828854560852, 1.476255178451538, 1.0142595767974854, 1.3862594366073608, 1.4045673608779907, 0.7068440914154053, 2.5448927879333496, 0.6813022494316101, 1.0544519424438477, 0.3951183557510376, 0.27981922030448914, 0.8568167686462402, 1.0333139896392822, 0.03918429836630821, 0.9429675340652466, 0.458537757396698, 1.0324609279632568, 2.885161876678467, 0.6995702385902405, 1.1737831830978394, 1.4563552141189575, 1.716598391532898, 0.5928674340248108, 1.2227903604507446, 0.9813069105148315, 1.475782871246338, 1.2006510496139526, 0.7106701135635376, 1.2921779155731201, 1.771718978881836, 0.16419965028762817, 2.1142630577087402, 0.11058145016431808, 3.0821146965026855, 0.4932761490345001, 0.4434709846973419, 1.401216745376587, 0.5888800621032715, 0.3998974561691284, 1.138614296913147, 0.7272919416427612, 0.7819366455078125, 0.5637395977973938, 0.39941567182540894, 0.5657901763916016, 0.7987828254699707, 0.49552759528160095, 0.9912264347076416, 0.3548192083835602, 0.3019740581512451, 0.6434249877929688, 0.5904671549797058, 0.874306321144104, 0.2110067456960678, 0.06649962067604065, 0.9398180246353149, 1.3866244554519653, 1.43516206741333, 0.40478914976119995, 0.3042551875114441, 0.4605337381362915, 0.8680434823036194, 1.0489236116409302, 1.0808535814285278, 0.422187864780426, 0.13070611655712128, 0.8709880113601685, 0.9408344626426697, 0.08604602515697479, 1.3382365703582764, 1.1889724731445312, 2.9834041595458984, 0.3404376804828644, 0.8215501308441162, 1.153833270072937, 1.0055149793624878, 0.8541948199272156, 3.1831040382385254, 3.636849880218506, 1.0902847051620483, 0.6071566343307495, 2.016448497772217, 1.1668344736099243, 0.627813458442688, 1.4821157455444336, 0.8975616693496704, 1.10055410861969, 1.6158232688903809, 0.7876710891723633, 0.3354155123233795, 1.3650304079055786, 0.7953112125396729, 0.4873373806476593, 1.437488079071045, 0.8433111906051636, 2.398327350616455, 0.1023106575012207, 1.4882419109344482, 0.9773699641227722], "test_loss": 1.0242078582201999, "test_batch_lens": [4, 4, 4, 4, 4, 4, 4, 4, 4, 4, 4, 4, 4, 4, 4, 4, 4, 4, 4, 4, 4, 4, 4, 4, 4, 4, 4, 4, 4, 4, 4, 4, 4, 4, 4, 4, 4, 4, 4, 4, 4, 4, 4, 4, 4, 4, 4, 4, 4, 4, 4, 4, 4, 4, 4, 4, 4, 4, 4, 4, 4, 4, 4, 4, 4, 4, 4, 4, 4, 4, 4, 4, 4, 4, 4, 4, 4, 4, 4, 4, 4, 4, 4, 4, 4, 4, 4, 4, 4, 4, 4, 4, 4, 4, 4, 4, 4, 4, 4, 4, 4, 4, 4, 4, 4, 4, 4, 4, 4, 4, 4, 4, 4, 4, 4, 4, 4, 4, 4, 4, 4, 4, 4, 4, 4, 4, 4, 4, 4, 4, 4, 4, 4, 4, 4, 4, 4, 4, 4, 4, 4, 4, 4, 4, 4, 4, 4, 4, 4, 4, 4, 4, 4, 4, 4, 4, 4, 4, 4, 4, 4, 4, 3], "test_accuracy": 0.6543778801843319, "predictions": [7, 4, 1, 10, 7, 3, 8, 5, 10, 3, 4, 7, 1, 4, 6, 8, 4, 6, 4, 9, 8, 10, 1, 4, 6, 3, 9, 6, 6, 6, 2, 3, 3, 3, 6, 3, 10, 5, 5, 0, 10, 3, 2, 10, 7, 8, 4, 1, 2, 6, 2, 4, 1, 9, 6, 1, 9, 9, 1, 10, 6, 6, 7, 6, 5, 9, 8, 8, 5, 8, 3, 1, 5, 3, 5, 8, 6, 8, 2, 2, 3, 0, 1, 0, 5, 5, 1, 0, 8, 9, 9, 10, 10, 7, 0, 5, 1, 8, 2, 7, 5, 0, 10, 6, 10, 8, 3, 9, 10, 4, 7, 2, 8, 3, 7, 6, 0, 10, 0, 5, 4, 0, 1, 8, 5, 1, 7, 6, 6, 7, 4, 0, 10, 10, 9, 9, 4, 3, 9, 1, 2, 3, 0, 9, 9, 7, 4, 7, 2, 10, 0, 4, 2, 2, 3, 0, 8, 5, 4, 7, 8, 9, 0, 8, 2, 1, 10, 5, 8, 0, 9, 0, 2, 7, 2, 8, 8, 8, 1, 2, 6, 3, 5, 3, 9, 1, 6, 8, 3, 2, 7, 2, 9, 5, 4, 4, 1, 1, 4, 9, 4, 1, 6, 0, 3, 9, 3, 5, 1, 9, 9, 6, 5, 4, 4, 5, 2, 2, 8, 4, 7, 4, 0, 6, 7, 8, 5, 7, 1, 5, 1, 6, 1, 8, 7, 2, 10, 4, 1, 10, 9, 4, 0, 3, 1, 7, 6, 5, 2, 4, 10, 0, 1, 2, 3, 10, 6, 9, 8, 0, 8, 10, 7, 8, 5, 9, 8, 8, 1, 7, 9, 10, 0, 5, 5, 2, 7, 9, 9, 7, 9, 8, 6, 10, 2, 4, 3, 5, 5, 10, 8, 8, 8, 6, 0, 1, 2, 7, 3, 2, 4, 10, 0, 6, 2, 0, 2, 8, 10, 1, 7, 6, 4, 2, 5, 2, 0, 9, 4, 2, 6, 6, 7, 7, 8, 2, 8, 8, 2, 4, 4, 1, 3, 1, 4, 7, 1, 10, 9, 2, 5, 3, 9, 10, 5, 1, 5, 8, 3, 6, 9, 8, 8, 9, 5, 1, 8, 3, 9, 9, 9, 2, 6, 10, 8, 4, 10, 5, 6, 9, 4, 9, 5, 0, 1, 10, 5, 0, 3, 7, 3, 6, 8, 4, 2, 4, 4, 9, 3, 9, 0, 2, 9, 4, 8, 0, 5, 6, 9, 9, 8, 7, 8, 0, 1, 10, 8, 5, 5, 7, 0, 3, 5, 10, 4, 7, 2, 3, 0, 1, 0, 5, 5, 1, 2, 0, 3, 7, 7, 4, 8, 3, 8, 0, 1, 2, 2, 3, 9, 10, 10, 9, 10, 6, 6, 5, 0, 2, 8, 2, 1, 9, 9, 5, 9, 9, 0, 0, 5, 7, 4, 10, 1, 8, 3, 6, 3, 4, 2, 4, 10, 1, 1, 2, 8, 2, 4, 3, 2, 8, 4, 9, 0, 7, 6, 6, 0, 0, 2, 8, 6, 9, 3, 7, 2, 4, 8, 0, 1, 3, 9, 6, 6, 4, 6, 3, 1, 5, 1, 8, 7, 10, 4, 10, 2, 5, 5, 7, 5, 1, 5, 5, 3, 4, 5, 4, 4, 0, 9, 7, 7, 2, 0, 2, 4, 7, 10, 9, 1, 6, 6, 1, 8, 5, 2, 0, 1, 7, 6, 0, 6, 9, 0, 10, 8, 0, 8, 1, 7, 3, 2, 7, 9, 2, 4, 8, 5, 1, 7, 2, 3, 6, 10, 10, 4, 7, 9, 8, 8, 6, 6, 2, 7, 4, 7, 4, 10, 4, 3, 3, 7, 5, 1, 7, 4, 9, 5, 7, 8, 0, 7, 9, 8, 5, 4, 6, 9, 6, 1, 5, 0, 0, 1, 8, 7, 1, 4, 0, 6, 5, 4, 7, 3, 0, 3, 9, 1, 4, 9, 1, 7, 8, 9, 4, 4, 0, 2, 3, 4, 6, 6, 8, 1, 7, 4, 7, 2, 0, 6, 6, 7],