{"val_acc": [0.5683563748079877, 0.804915514592934, 0.8832565284178188, 0.8955453149001537, 0.8955453149001537, 0.9278033794162827, 0.9109062980030722, 0.9093701996927803, 0.9354838709677419, 0.9247311827956989], "val_loss": [1.2483777192655516, 0.5212058302592143, 0.36843232153572053, 0.32293547877795103, 0.3128773748297364, 0.23746814080926468, 0.26323619894464745, 0.2695082328123993, 0.23338850447266324, 0.24669504766965566], "train_loss": [1.8686439430042174, 0.8454424699003963, 0.4418447456479565, 0.31791783886644726, 0.2532851763307757, 0.21046527381173052, 0.17612337885695545, 0.14606142215343265, 0.13011186047621784, 0.10827728678857713], "test_correct_in_batch": [4.0, 4.0, 3.0, 4.0, 4.0, 4.0, 3.0, 2.0, 3.0, 4.0, 4.0, 4.0, 4.0, 4.0, 4.0, 3.0, 3.0, 3.0, 3.0, 4.0, 4.0, 4.0, 3.0, 4.0, 4.0, 4.0, 4.0, 3.0, 4.0, 4.0, 2.0, 4.0, 4.0, 4.0, 4.0, 4.0, 4.0, 4.0, 4.0, 2.0, 4.0, 4.0, 3.0, 4.0, 4.0, 4.0, 4.0, 4.0, 4.0, 4.0, 3.0, 1.0, 4.0, 4.0, 3.0, 4.0, 4.0, 4.0, 4.0, 3.0, 4.0, 4.0, 4.0, 4.0, 4.0, 4.0, 4.0, 2.0, 4.0, 3.0, 3.0, 4.0, 3.0, 3.0, 4.0, 4.0, 4.0, 4.0, 4.0, 4.0, 4.0, 4.0, 4.0, 4.0, 2.0, 3.0, 4.0, 4.0, 3.0, 3.0, 4.0, 4.0, 2.0, 4.0, 4.0, 4.0, 4.0, 2.0, 4.0, 4.0, 3.0, 4.0, 4.0, 3.0, 4.0, 3.0, 4.0, 4.0, 4.0, 4.0, 4.0, 3.0, 4.0, 4.0, 4.0, 4.0, 3.0, 4.0, 4.0, 4.0, 4.0, 4.0, 3.0, 4.0, 3.0, 3.0, 4.0, 4.0, 4.0, 4.0, 3.0, 4.0, 4.0, 4.0, 4.0, 4.0, 4.0, 4.0, 4.0, 4.0, 4.0, 3.0, 2.0, 4.0, 4.0, 3.0, 3.0, 4.0, 4.0, 4.0, 4.0, 3.0, 4.0, 4.0, 3.0, 4.0, 4.0, 4.0, 4.0, 4.0, 4.0, 4.0, 3.0], "test_losses": [0.08159348368644714, 0.006140383891761303, 1.5070515871047974, 0.09347303211688995, 0.0012307838769629598, 0.0015737703070044518, 0.5223817229270935, 0.6873915791511536, 1.225858449935913, 0.00046000321162864566, 0.0008519659168086946, 0.004116903059184551, 0.19498522579669952, 0.0017856503836810589, 0.0007428447715938091, 1.7340795993804932, 0.7719824910163879, 1.397231936454773, 2.4148266315460205, 0.05704423040151596, 0.32840201258659363, 0.1646600067615509, 0.5122215747833252, 0.008049450814723969, 0.004723213147372007, 7.836820441298187e-05, 0.0004513799212872982, 0.916295051574707, 0.0022425688803195953, 0.0036846576258540154, 1.6007792949676514, 0.008137945085763931, 0.007820351980626583, 6.616050086449832e-06, 0.00034431583480909467, 0.005960260517895222, 0.005333871114999056, 0.000976059352979064, 0.0002297199098393321, 0.5699252486228943, 0.006625420413911343, 0.0010527665726840496, 0.9143097996711731, 0.00040041623287834227, 0.0020353023428469896, 0.0007239967817440629, 0.03052203357219696, 0.010600456967949867, 0.014728588983416557, 0.01022861897945404, 1.9923632144927979, 3.375623941421509, 0.004000287968665361, 0.09863311052322388, 0.444409042596817, 4.970812369720079e-05, 0.00010286110045854002, 0.001576832146383822, 0.014181635342538357, 0.19434764981269836, 0.12933193147182465, 0.026066571474075317, 0.1340557336807251, 0.0019777934066951275, 0.1944676786661148, 0.12369903922080994, 0.07293418794870377, 2.1960649490356445, 0.16673360764980316, 1.0004286766052246, 2.304750919342041, 0.0005228270310908556, 0.6139161586761475, 0.412332683801651, 0.00023965358559507877, 0.05896297097206116, 6.93721158313565e-05, 0.00011298634490231052, 0.004109382163733244, 0.015336601994931698, 0.013741015456616879, 0.00037656771019101143, 0.0011467445874586701, 0.0011401394149288535, 0.5513002276420593, 1.5281867980957031, 0.0048314351588487625, 0.003511375980451703, 0.17899715900421143, 0.6559545397758484, 0.03682927414774895, 0.00037485433858819306, 1.8340842723846436, 0.00048702085041441023, 0.00042323581874370575, 0.008826813660562038, 0.00819245632737875, 1.1223459243774414, 0.002654913580045104, 0.006942683830857277, 0.3732413649559021, 0.0010380488820374012, 4.246706157573499e-05, 0.5758784413337708, 0.0037531827110797167, 0.9303674101829529, 0.0543057881295681, 0.0015164014184847474, 0.004338651429861784, 0.000449794257292524, 0.017852790653705597, 0.6973442435264587, 0.0010113834869116545, 0.0029205703176558018, 0.09268642961978912, 0.10293883085250854, 0.7739192843437195, 0.02019122801721096, 0.0006729030865244567, 0.008573777973651886, 0.003480606945231557, 0.30498483777046204, 1.605323076248169, 0.0069520422257483006, 1.4317277669906616, 0.1870141327381134, 0.011533159762620926, 0.011425942182540894, 0.1432061344385147, 0.12994931638240814, 0.25495874881744385, 0.0013886098749935627, 0.00023928334121592343, 0.05135881155729294, 0.015175815671682358, 0.15162575244903564, 0.0003064964257646352, 0.018340405076742172, 0.02843254618346691, 0.13544951379299164, 0.0019554055761545897, 0.3060452342033386, 1.277597188949585, 0.0025022414047271013, 0.0015916858101263642, 0.3831636905670166, 0.8811532855033875, 0.004283473361283541, 0.018885599449276924, 0.0009629641426727176, 0.007922208867967129, 0.2713194787502289, 0.00435684435069561, 0.10395214706659317, 0.7896731495857239, 0.055423807352781296, 0.0017027311259880662, 0.03193993121385574, 0.015970347449183464, 0.0008240048191510141, 0.00010735628166003153, 0.016731442883610725, 0.007937599904835224], "test_loss": 0.29276085223182513, "test_batch_lens": [4, 4, 4, 4, 4, 4, 4, 4, 4, 4, 4, 4, 4, 4, 4, 4, 4, 4, 4, 4, 4, 4, 4, 4, 4, 4, 4, 4, 4, 4, 4, 4, 4, 4, 4, 4, 4, 4, 4, 4, 4, 4, 4, 4, 4, 4, 4, 4, 4, 4, 4, 4, 4, 4, 4, 4, 4, 4, 4, 4, 4, 4, 4, 4, 4, 4, 4, 4, 4, 4, 4, 4, 4, 4, 4, 4, 4, 4, 4, 4, 4, 4, 4, 4, 4, 4, 4, 4, 4, 4, 4, 4, 4, 4, 4, 4, 4, 4, 4, 4, 4, 4, 4, 4, 4, 4, 4, 4, 4, 4, 4, 4, 4, 4, 4, 4, 4, 4, 4, 4, 4, 4, 4, 4, 4, 4, 4, 4, 4, 4, 4, 4, 4, 4, 4, 4, 4, 4, 4, 4, 4, 4, 4, 4, 4, 4, 4, 4, 4, 4, 4, 4, 4, 4, 4, 4, 4, 4, 4, 4, 4, 4, 3], "test_accuracy": 0.9185867895545314, "predictions": [7, 4, 1, 10, 7, 1, 8, 8, 0, 2, 4, 7, 1, 9, 3, 0, 9, 6, 4, 9, 8, 10, 1, 4, 6, 3, 8, 6, 6, 8, 8, 0, 1, 1, 6, 3, 10, 5, 5, 0, 10, 3, 2, 10, 7, 8, 4, 3, 3, 8, 9, 4, 3, 4, 6, 1, 1, 9, 1, 10, 10, 6, 2, 6, 5, 10, 8, 5, 8, 0, 3, 1, 5, 3, 1, 8, 6, 8, 9, 2, 3, 1, 3, 1, 5, 5, 1, 8, 0, 9, 9, 10, 10, 7, 1, 5, 1, 8, 2, 7, 5, 1, 10, 6, 10, 8, 3, 9, 10, 4, 7, 10, 0, 3, 7, 6, 0, 8, 0, 0, 9, 3, 7, 6, 5, 1, 7, 9, 6, 7, 4, 0, 10, 10, 7, 9, 4, 1, 9, 0, 10, 3, 3, 9, 4, 7, 4, 7, 2, 10, 2, 4, 10, 10, 1, 0, 10, 4, 9, 7, 8, 9, 10, 4, 2, 3, 10, 5, 8, 0, 10, 0, 10, 7, 6, 8, 0, 8, 1, 2, 6, 3, 5, 3, 9, 3, 4, 8, 3, 2, 0, 2, 0, 9, 9, 8, 1, 3, 5, 9, 4, 1, 6, 1, 4, 9, 9, 6, 3, 9, 5, 6, 2, 5, 4, 5, 10, 10, 8, 4, 7, 3, 0, 6, 7, 0, 5, 7, 1, 0, 1, 6, 3, 7, 7, 2, 10, 9, 3, 10, 9, 4, 3, 3, 1, 7, 8, 5, 2, 4, 10, 1, 1, 2, 3, 10, 6, 9, 5, 3, 3, 10, 7, 1, 5, 1, 8, 1, 3, 7, 9, 10, 3, 5, 2, 2, 7, 10, 9, 7, 4, 8, 8, 10, 2, 4, 2, 5, 5, 3, 4, 0, 8, 6, 3, 1, 2, 7, 3, 2, 4, 10, 8, 6, 6, 0, 2, 7, 10, 1, 7, 6, 9, 2, 5, 2, 0, 9, 4, 3, 2, 6, 7, 9, 1, 8, 8, 5, 2, 9, 4, 1, 1, 8, 4, 7, 3, 2, 3, 2, 5, 0, 9, 10, 5, 0, 5, 7, 3, 6, 4, 6, 9, 9, 5, 1, 9, 3, 7, 7, 4, 4, 6, 10, 8, 9, 8, 5, 3, 9, 4, 0, 5, 0, 9, 10, 5, 0, 3, 7, 3, 1, 8, 2, 2, 4, 4, 9, 3, 7, 5, 10, 9, 4, 0, 0, 5, 6, 9, 9, 7, 7, 4, 9, 1, 10, 10, 5, 5, 7, 3, 3, 5, 10, 4, 7, 2, 3, 1, 1, 0, 5, 4, 0, 2, 0, 1, 8, 8, 4, 8, 3, 8, 0, 3, 2, 2, 3, 7, 10, 10, 4, 10, 6, 6, 5, 0, 4, 8, 2, 1, 9, 9, 5, 9, 9, 1, 3, 5, 7, 9, 10, 1, 8, 1, 6, 3, 4, 2, 4, 10, 1, 1, 2, 8, 2, 4, 8, 2, 5, 9, 9, 0, 7, 6, 9, 2, 0, 2, 3, 6, 9, 3, 7, 2, 4, 10, 0, 1, 3, 9, 6, 3, 9, 6, 3, 3, 5, 0, 1, 7, 10, 4, 10, 2, 5, 5, 7, 5, 1, 9, 5, 0, 4, 5, 4, 9, 5, 9, 7, 7, 2, 0, 2, 4, 3, 2, 9, 1, 8, 9, 1, 8, 8, 2, 0, 9, 7, 6, 9, 6, 9, 0, 10, 8, 8, 4, 1, 7, 3, 2, 7, 9, 6, 4, 8, 9, 0, 7, 2, 2, 5, 2, 10, 8, 7, 9, 6, 8, 6, 6, 10, 7, 9, 7, 4, 4, 9, 3, 3, 7, 4, 1, 7, 5, 4, 0, 7, 8, 0, 7, 4, 5, 5, 4, 6, 6, 6, 1, 5, 3, 0, 1, 4, 7, 1, 9, 4, 6, 2, 10, 7, 1, 0, 3, 9, 1, 4, 3, 10, 7, 8, 9, 9, 4, 0, 2, 3, 7, 8, 6, 8, 1, 7, 4, 0, 2, 0, 8, 6, 7],