{"val_acc": [0.3932411674347158, 0.5606758832565284, 0.5867895545314901, 0.6436251920122887, 0.6789554531490015, 0.7112135176651305, 0.6897081413210445, 0.7219662058371735, 0.7112135176651305, 0.7342549923195084], "val_loss": [1.723159986588121, 1.2938467429185205, 1.180699946873027, 1.09106079872949, 0.9518559803397744, 0.888500057355118, 0.9268541273438126, 0.8609683465932502, 0.8677720625204909, 0.8346956509616843], "train_loss": [2.0998298559336046, 1.4996443939831332, 1.2230104575807017, 1.0642034533298592, 0.9657592123557386, 0.8962960280601434, 0.8269882206035095, 0.7779813657773811, 0.729847123037695, 0.7004191313074104], "test_correct_in_batch": [4.0, 3.0, 2.0, 3.0, 3.0, 3.0, 2.0, 2.0, 4.0, 4.0, 2.0, 4.0, 2.0, 3.0, 3.0, 3.0, 2.0, 3.0, 3.0, 2.0, 0.0, 1.0, 4.0, 3.0, 4.0, 3.0, 4.0, 2.0, 2.0, 3.0, 3.0, 2.0, 3.0, 4.0, 2.0, 3.0, 4.0, 4.0, 3.0, 4.0, 4.0, 3.0, 3.0, 4.0, 3.0, 3.0, 2.0, 3.0, 3.0, 3.0, 3.0, 1.0, 3.0, 1.0, 3.0, 4.0, 3.0, 3.0, 4.0, 4.0, 3.0, 4.0, 2.0, 4.0, 3.0, 2.0, 3.0, 2.0, 3.0, 3.0, 3.0, 3.0, 4.0, 4.0, 4.0, 3.0, 3.0, 4.0, 2.0, 4.0, 4.0, 2.0, 4.0, 3.0, 2.0, 3.0, 3.0, 3.0, 3.0, 1.0, 3.0, 3.0, 3.0, 3.0, 4.0, 3.0, 4.0, 2.0, 1.0, 3.0, 2.0, 2.0, 4.0, 2.0, 2.0, 3.0, 2.0, 2.0, 4.0, 3.0, 3.0, 3.0, 4.0, 3.0, 3.0, 4.0, 1.0, 4.0, 4.0, 2.0, 3.0, 3.0, 3.0, 4.0, 3.0, 3.0, 1.0, 2.0, 3.0, 4.0, 2.0, 4.0, 4.0, 4.0, 2.0, 2.0, 4.0, 3.0, 3.0, 2.0, 3.0, 1.0, 3.0, 2.0, 4.0, 2.0, 2.0, 3.0, 3.0, 4.0, 3.0, 3.0, 4.0, 4.0, 2.0, 3.0, 3.0, 3.0, 2.0, 3.0, 4.0, 3.0, 3.0], "test_losses": [0.049300551414489746, 0.6964318752288818, 1.0294190645217896, 1.6757415533065796, 1.2543418407440186, 0.6292784214019775, 1.4458422660827637, 0.9174571633338928, 0.6229227781295776, 0.0561182014644146, 0.8863590359687805, 0.07210138440132141, 1.4261270761489868, 0.42275840044021606, 0.8527967929840088, 0.7459572553634644, 1.649381160736084, 0.8810216188430786, 1.2401249408721924, 0.9349063038825989, 1.061379313468933, 1.0428180694580078, 0.23370712995529175, 1.0822029113769531, 0.313728928565979, 0.6184276938438416, 0.12665557861328125, 1.1226146221160889, 0.9759684801101685, 0.6023057699203491, 0.992150068283081, 1.0073354244232178, 0.5597487688064575, 0.23932866752147675, 1.2496395111083984, 0.6028721332550049, 0.24175067245960236, 0.30932489037513733, 0.8699318170547485, 0.2568751573562622, 0.6831788420677185, 0.8494529724121094, 0.7677832245826721, 0.1280176192522049, 0.6707276105880737, 0.5203630328178406, 0.8899601101875305, 0.9340667128562927, 0.7896546721458435, 1.1712177991867065, 0.7337713241577148, 2.9545698165893555, 0.8703140020370483, 2.0150699615478516, 0.7757747769355774, 0.25443926453590393, 0.481540709733963, 0.5595359802246094, 0.2631547749042511, 0.2662872076034546, 0.9095786213874817, 0.21789278090000153, 1.0035998821258545, 0.18606720864772797, 0.8663396239280701, 1.2469499111175537, 0.3863522708415985, 0.833071768283844, 0.7384029626846313, 0.8669610023498535, 1.0405714511871338, 0.3370320796966553, 0.7091514468193054, 0.3724374771118164, 0.047211553901433945, 0.8491531610488892, 1.1480202674865723, 0.08441358804702759, 1.4045519828796387, 0.7162716388702393, 0.13008028268814087, 1.7022805213928223, 0.22000770270824432, 0.7420096397399902, 1.321000337600708, 0.744495689868927, 0.8009892702102661, 0.38185715675354004, 0.8266403675079346, 1.6191635131835938, 0.7319843769073486, 0.656562328338623, 1.5930722951889038, 0.745272696018219, 0.03724430128931999, 0.6663559079170227, 0.365866482257843, 1.8078076839447021, 1.9597164392471313, 0.5372025370597839, 1.03203547000885, 0.8847517371177673, 0.5443277359008789, 1.7876529693603516, 1.7480881214141846, 0.9079986810684204, 1.146875023841858, 1.3513152599334717, 0.16074207425117493, 0.584568977355957, 0.925083577632904, 0.9434176087379456, 0.5968968272209167, 1.1834242343902588, 1.2305058240890503, 0.29332205653190613, 1.8890442848205566, 0.19935297966003418, 0.14207600057125092, 0.9513897895812988, 0.7661392688751221, 1.1444590091705322, 0.322844535112381, 0.2095935195684433, 0.9395674467086792, 0.7166184186935425, 1.780489206314087, 1.1260740756988525, 0.6280921101570129, 0.19096656143665314, 1.160109281539917, 0.1812191605567932, 0.1202964261174202, 0.4022575616836548, 0.7818278074264526, 1.1234076023101807, 0.08871851116418839, 0.42118707299232483, 0.49326062202453613, 1.8595561981201172, 0.46313828229904175, 1.6245354413986206, 1.1968098878860474, 0.853193998336792, 0.3992796540260315, 1.3077871799468994, 1.0955289602279663, 0.799341082572937, 1.2617485523223877, 0.14998288452625275, 0.7615199685096741, 0.3712545335292816, 0.33826446533203125, 0.18317417800426483, 1.2143300771713257, 0.6715563535690308, 0.7276796102523804, 0.4109730124473572, 0.7779220342636108, 0.27646586298942566, 0.04358804598450661, 0.8957706689834595, 0.33414486050605774], "test_loss": 0.7867927431968823, "test_batch_lens": [4, 4, 4, 4, 4, 4, 4, 4, 4, 4, 4, 4, 4, 4, 4, 4, 4, 4, 4, 4, 4, 4, 4, 4, 4, 4, 4, 4, 4, 4, 4, 4, 4, 4, 4, 4, 4, 4, 4, 4, 4, 4, 4, 4, 4, 4, 4, 4, 4, 4, 4, 4, 4, 4, 4, 4, 4, 4, 4, 4, 4, 4, 4, 4, 4, 4, 4, 4, 4, 4, 4, 4, 4, 4, 4, 4, 4, 4, 4, 4, 4, 4, 4, 4, 4, 4, 4, 4, 4, 4, 4, 4, 4, 4, 4, 4, 4, 4, 4, 4, 4, 4, 4, 4, 4, 4, 4, 4, 4, 4, 4, 4, 4, 4, 4, 4, 4, 4, 4, 4, 4, 4, 4, 4, 4, 4, 4, 4, 4, 4, 4, 4, 4, 4, 4, 4, 4, 4, 4, 4, 4, 4, 4, 4, 4, 4, 4, 4, 4, 4, 4, 4, 4, 4, 4, 4, 4, 4, 4, 4, 4, 4, 3], "test_accuracy": 0.7342549923195084, "predictions": [7, 4, 1, 10, 7, 1, 8, 5, 1, 0, 4, 7, 1, 9, 6, 0, 9, 6, 4, 3, 8, 10, 0, 4, 8, 8, 9, 6, 2, 8, 2, 0, 1, 9, 6, 3, 10, 5, 5, 0, 10, 3, 7, 2, 7, 8, 4, 3, 2, 8, 2, 4, 3, 4, 6, 0, 8, 9, 1, 10, 10, 6, 9, 6, 5, 7, 8, 8, 8, 1, 3, 3, 0, 3, 1, 8, 6, 2, 2, 2, 1, 0, 1, 0, 5, 0, 0, 3, 0, 4, 9, 10, 10, 7, 0, 5, 1, 8, 2, 7, 5, 0, 10, 6, 10, 8, 3, 9, 2, 4, 7, 7, 0, 0, 7, 8, 0, 10, 0, 0, 4, 8, 7, 8, 5, 0, 7, 2, 6, 7, 4, 7, 10, 10, 7, 9, 4, 3, 9, 1, 10, 3, 8, 9, 4, 7, 4, 7, 2, 10, 2, 4, 2, 10, 1, 0, 10, 5, 4, 7, 8, 9, 10, 4, 2, 9, 10, 5, 8, 0, 7, 0, 10, 7, 6, 8, 8, 8, 1, 2, 6, 1, 5, 3, 9, 1, 6, 8, 3, 2, 7, 2, 0, 9, 9, 5, 1, 8, 5, 9, 9, 1, 6, 1, 4, 5, 0, 5, 1, 9, 5, 6, 6, 5, 2, 3, 2, 10, 0, 4, 7, 3, 0, 6, 7, 2, 5, 7, 0, 0, 1, 6, 3, 7, 7, 2, 10, 4, 3, 10, 9, 7, 3, 3, 1, 7, 8, 5, 6, 5, 10, 1, 1, 2, 3, 10, 3, 9, 5, 3, 3, 7, 7, 0, 5, 3, 8, 1, 9, 7, 9, 10, 3, 5, 9, 2, 7, 9, 9, 7, 6, 8, 0, 10, 2, 4, 6, 5, 5, 3, 8, 0, 8, 6, 0, 1, 2, 7, 3, 2, 4, 10, 0, 6, 3, 0, 2, 7, 10, 1, 7, 6, 4, 6, 5, 2, 0, 9, 4, 3, 2, 6, 7, 9, 1, 2, 8, 8, 2, 9, 4, 1, 3, 8, 4, 7, 1, 10, 3, 2, 5, 0, 9, 10, 5, 0, 8, 7, 3, 6, 5, 6, 9, 9, 5, 1, 1, 0, 9, 7, 4, 2, 6, 10, 8, 9, 2, 5, 6, 9, 4, 0, 5, 0, 1, 10, 5, 0, 3, 7, 3, 2, 8, 2, 2, 4, 4, 9, 3, 7, 5, 2, 7, 9, 8, 0, 5, 6, 9, 1, 7, 7, 8, 8, 3, 10, 8, 5, 5, 7, 3, 3, 5, 10, 4, 5, 2, 3, 0, 2, 0, 5, 5, 1, 6, 0, 3, 8, 8, 6, 7, 3, 8, 0, 3, 2, 2, 3, 7, 8, 10, 9, 10, 6, 6, 5, 0, 8, 8, 2, 1, 9, 9, 5, 9, 2, 0, 3, 5, 7, 9, 10, 1, 8, 0, 6, 0, 6, 2, 4, 10, 1, 1, 2, 8, 2, 2, 8, 2, 8, 4, 9, 0, 7, 6, 9, 7, 0, 9, 8, 6, 9, 3, 7, 2, 4, 3, 0, 0, 3, 6, 6, 3, 4, 9, 0, 1, 5, 9, 7, 7, 10, 6, 10, 2, 5, 5, 7, 5, 1, 9, 5, 9, 4, 5, 4, 9, 5, 9, 7, 7, 2, 0, 2, 4, 3, 2, 7, 0, 8, 6, 1, 8, 5, 2, 0, 9, 7, 6, 2, 6, 9, 0, 10, 8, 7, 10, 3, 7, 3, 2, 7, 9, 2, 2, 6, 7, 0, 8, 2, 10, 8, 10, 10, 2, 7, 9, 6, 8, 6, 6, 2, 7, 4, 7, 9, 4, 4, 3, 3, 7, 5, 1, 7, 5, 9, 0, 7, 8, 0, 7, 4, 8, 5, 4, 8, 2, 6, 1, 5, 3, 0, 1, 4, 7, 1, 9, 5, 6, 8, 10, 7, 3, 0, 1, 9, 1, 4, 1, 10, 7, 8, 3, 9, 4, 5, 2, 3, 7, 6, 6, 8, 1, 7, 4, 8, 2, 0, 8, 6, 7],