{"val_acc": [0.4147465437788018, 0.5161290322580645, 0.5606758832565284, 0.6067588325652842, 0.6482334869431644, 0.6574500768049155, 0.674347158218126, 0.6758832565284179, 0.7081413210445469, 0.6866359447004609], "val_loss": [1.7301706711938776, 1.4122050481339905, 1.323952154422099, 1.186848177728843, 1.043304349015827, 0.9979382727318015, 0.981025047965942, 0.9778165703902215, 0.8949755571119807, 0.908145617625099], "train_loss": [2.0701320597268817, 1.5911116446737945, 1.3492535302454327, 1.2000838535917158, 1.1057421789103128, 1.0237550480537814, 0.9616607366786363, 0.927629170417593, 0.901595038331591, 0.8585110698548584], "test_correct_in_batch": [4.0, 2.0, 2.0, 2.0, 3.0, 3.0, 1.0, 2.0, 3.0, 3.0, 3.0, 2.0, 1.0, 3.0, 3.0, 3.0, 3.0, 2.0, 1.0, 1.0, 1.0, 3.0, 2.0, 2.0, 4.0, 4.0, 1.0, 3.0, 2.0, 3.0, 1.0, 3.0, 4.0, 3.0, 1.0, 3.0, 4.0, 3.0, 3.0, 3.0, 3.0, 2.0, 1.0, 4.0, 1.0, 4.0, 3.0, 3.0, 3.0, 0.0, 3.0, 2.0, 2.0, 3.0, 2.0, 4.0, 3.0, 4.0, 4.0, 3.0, 3.0, 3.0, 3.0, 3.0, 3.0, 2.0, 4.0, 3.0, 3.0, 3.0, 1.0, 3.0, 3.0, 2.0, 3.0, 3.0, 3.0, 3.0, 3.0, 3.0, 4.0, 2.0, 3.0, 1.0, 3.0, 3.0, 3.0, 3.0, 2.0, 2.0, 3.0, 2.0, 3.0, 3.0, 4.0, 3.0, 2.0, 2.0, 3.0, 4.0, 2.0, 4.0, 0.0, 2.0, 1.0, 3.0, 1.0, 4.0, 3.0, 3.0, 3.0, 3.0, 3.0, 3.0, 4.0, 2.0, 2.0, 3.0, 4.0, 2.0, 3.0, 1.0, 3.0, 4.0, 2.0, 4.0, 2.0, 2.0, 3.0, 4.0, 3.0, 3.0, 2.0, 2.0, 3.0, 1.0, 3.0, 3.0, 2.0, 2.0, 3.0, 1.0, 2.0, 3.0, 3.0, 2.0, 3.0, 3.0, 3.0, 4.0, 1.0, 3.0, 3.0, 4.0, 3.0, 2.0, 2.0, 2.0, 4.0, 2.0, 4.0, 3.0, 3.0], "test_losses": [0.06719180941581726, 1.2095177173614502, 1.90370774269104, 1.064765453338623, 0.6376591920852661, 0.9226375818252563, 1.878161072731018, 1.2590521574020386, 1.075607419013977, 0.6110391020774841, 0.853240966796875, 0.8306860327720642, 2.0916011333465576, 0.25159621238708496, 0.5329715609550476, 1.0142452716827393, 1.0339457988739014, 1.5945559740066528, 1.5173916816711426, 2.1232974529266357, 1.758696436882019, 0.9953030347824097, 1.471743106842041, 1.1789387464523315, 0.3905481994152069, 0.13453792035579681, 1.4232213497161865, 0.6903665065765381, 1.4984121322631836, 1.7234376668930054, 2.8198113441467285, 1.0429153442382812, 0.06693651527166367, 0.6686322689056396, 2.245265007019043, 0.48484569787979126, 0.261427104473114, 1.8998526334762573, 0.47532492876052856, 0.4795506000518799, 0.7794645428657532, 0.9215201735496521, 1.4665900468826294, 0.4110664129257202, 1.3217802047729492, 0.21631935238838196, 0.786899983882904, 1.0377858877182007, 1.183380365371704, 2.170567512512207, 0.6173797249794006, 3.062077045440674, 1.157860279083252, 1.538596272468567, 1.198560357093811, 0.206867054104805, 0.7095324993133545, 0.36475953459739685, 0.3799206018447876, 1.2423017024993896, 1.0520814657211304, 1.1578341722488403, 0.4807783365249634, 0.6589731574058533, 1.0851269960403442, 1.4804511070251465, 0.5931954383850098, 0.9503368139266968, 1.497544765472412, 0.8943277597427368, 2.7262167930603027, 0.3859562277793884, 1.5400961637496948, 1.4885587692260742, 0.7991748452186584, 1.0280086994171143, 0.7400761246681213, 0.5997328162193298, 0.7578826546669006, 1.3518965244293213, 0.458098828792572, 1.6901195049285889, 0.671857476234436, 1.9526150226593018, 1.7016806602478027, 1.1120558977127075, 0.897979199886322, 1.2242628335952759, 1.2433644533157349, 1.0474519729614258, 1.8642022609710693, 1.049126148223877, 0.9342739582061768, 0.47377726435661316, 0.21373802423477173, 0.5052637457847595, 1.7738245725631714, 1.8523598909378052, 0.676625669002533, 0.3885103762149811, 1.0590757131576538, 0.14654500782489777, 1.869948148727417, 1.0452567338943481, 0.9681688547134399, 0.7770683765411377, 1.4135154485702515, 0.3728349804878235, 0.4031132161617279, 0.5114032626152039, 0.8675625920295715, 0.9557091593742371, 0.5435836315155029, 0.6285854578018188, 0.5340808033943176, 0.8537137508392334, 1.2830045223236084, 0.26619547605514526, 0.33233100175857544, 1.0565237998962402, 0.9300723671913147, 1.966491937637329, 0.8151794672012329, 0.16800911724567413, 1.2666840553283691, 0.4990224838256836, 1.473280668258667, 0.9672340154647827, 0.9885486960411072, 0.44921961426734924, 1.4901026487350464, 0.622258186340332, 1.0569151639938354, 1.656313419342041, 0.7822179198265076, 1.6723241806030273, 0.9091284871101379, 0.40250301361083984, 1.333349347114563, 1.6588064432144165, 0.32459068298339844, 2.4679319858551025, 1.3546456098556519, 0.6761922836303711, 1.0110889673233032, 1.1629177331924438, 1.0204896926879883, 0.8429276347160339, 0.9309467673301697, 0.20220749080181122, 1.9735997915267944, 0.7374409437179565, 0.4236416220664978, 0.3140343725681305, 0.45233285427093506, 0.8856674432754517, 0.8914266228675842, 2.3801558017730713, 0.49557483196258545, 0.5887086391448975, 0.1229400634765625, 0.5702316761016846, 0.4068751335144043], "test_loss": 1.013421807598117, "test_batch_lens": [4, 4, 4, 4, 4, 4, 4, 4, 4, 4, 4, 4, 4, 4, 4, 4, 4, 4, 4, 4, 4, 4, 4, 4, 4, 4, 4, 4, 4, 4, 4, 4, 4, 4, 4, 4, 4, 4, 4, 4, 4, 4, 4, 4, 4, 4, 4, 4, 4, 4, 4, 4, 4, 4, 4, 4, 4, 4, 4, 4, 4, 4, 4, 4, 4, 4, 4, 4, 4, 4, 4, 4, 4, 4, 4, 4, 4, 4, 4, 4, 4, 4, 4, 4, 4, 4, 4, 4, 4, 4, 4, 4, 4, 4, 4, 4, 4, 4, 4, 4, 4, 4, 4, 4, 4, 4, 4, 4, 4, 4, 4, 4, 4, 4, 4, 4, 4, 4, 4, 4, 4, 4, 4, 4, 4, 4, 4, 4, 4, 4, 4, 4, 4, 4, 4, 4, 4, 4, 4, 4, 4, 4, 4, 4, 4, 4, 4, 4, 4, 4, 4, 4, 4, 4, 4, 4, 4, 4, 4, 4, 4, 4, 3], "test_accuracy": 0.6651305683563749, "predictions": [7, 4, 1, 10, 7, 3, 8, 5, 2, 3, 4, 7, 1, 9, 8, 3, 9, 6, 4, 2, 8, 10, 0, 4, 3, 1, 9, 6, 6, 6, 2, 3, 1, 5, 6, 3, 10, 5, 0, 0, 10, 3, 6, 10, 8, 1, 4, 3, 2, 0, 2, 4, 1, 4, 6, 1, 0, 9, 1, 10, 10, 6, 9, 6, 5, 0, 8, 5, 5, 0, 3, 1, 8, 1, 5, 8, 6, 2, 2, 3, 1, 0, 1, 1, 5, 5, 1, 0, 0, 9, 9, 2, 10, 8, 0, 5, 1, 8, 2, 7, 5, 1, 10, 6, 2, 7, 3, 6, 10, 4, 7, 9, 0, 1, 7, 8, 0, 10, 0, 0, 4, 0, 0, 0, 5, 1, 8, 9, 6, 7, 4, 0, 10, 10, 9, 9, 4, 3, 1, 1, 10, 3, 3, 7, 4, 7, 4, 7, 2, 10, 0, 4, 10, 10, 3, 0, 3, 5, 4, 7, 4, 9, 10, 4, 6, 0, 10, 5, 6, 0, 5, 9, 10, 7, 6, 8, 8, 8, 9, 6, 6, 3, 5, 3, 9, 1, 4, 8, 3, 2, 0, 6, 0, 8, 9, 8, 0, 1, 0, 8, 9, 1, 6, 1, 4, 9, 0, 8, 2, 3, 5, 6, 9, 5, 4, 5, 6, 10, 9, 4, 7, 3, 0, 6, 7, 2, 5, 7, 1, 0, 1, 6, 3, 7, 7, 2, 10, 9, 3, 10, 9, 8, 3, 3, 1, 7, 1, 5, 2, 4, 10, 3, 3, 2, 3, 10, 9, 9, 5, 3, 3, 7, 7, 0, 5, 1, 8, 1, 0, 7, 3, 10, 3, 5, 6, 2, 7, 9, 9, 7, 9, 1, 3, 10, 2, 4, 6, 5, 5, 3, 5, 0, 9, 9, 0, 1, 5, 7, 3, 2, 4, 10, 3, 6, 6, 0, 2, 1, 10, 3, 7, 6, 9, 2, 4, 2, 9, 9, 4, 3, 2, 6, 7, 9, 1, 2, 7, 5, 10, 9, 4, 1, 3, 1, 8, 7, 1, 2, 2, 2, 5, 0, 9, 10, 5, 0, 8, 7, 3, 6, 5, 6, 0, 9, 5, 3, 0, 3, 7, 4, 4, 10, 6, 10, 4, 9, 10, 5, 9, 7, 4, 0, 5, 0, 1, 10, 5, 0, 3, 7, 3, 1, 6, 2, 0, 2, 4, 9, 3, 0, 0, 9, 7, 4, 0, 0, 5, 6, 9, 9, 7, 9, 8, 9, 1, 10, 10, 5, 2, 9, 0, 0, 5, 10, 4, 0, 2, 1, 0, 3, 0, 5, 9, 1, 3, 0, 3, 7, 8, 4, 8, 3, 8, 0, 1, 2, 2, 3, 9, 10, 10, 2, 10, 6, 6, 5, 0, 6, 8, 2, 1, 4, 9, 5, 5, 9, 1, 3, 5, 7, 4, 10, 3, 8, 3, 6, 3, 6, 10, 4, 10, 1, 1, 2, 8, 2, 4, 9, 2, 8, 9, 3, 0, 7, 8, 9, 8, 1, 2, 3, 6, 9, 3, 7, 2, 4, 2, 0, 0, 3, 9, 6, 3, 4, 3, 3, 1, 5, 3, 7, 7, 10, 1, 10, 2, 5, 5, 7, 5, 1, 4, 5, 7, 4, 5, 4, 4, 5, 3, 7, 7, 10, 0, 6, 1, 3, 2, 7, 1, 8, 6, 1, 5, 5, 2, 0, 1, 7, 6, 3, 6, 9, 0, 10, 7, 0, 2, 3, 7, 3, 2, 7, 9, 2, 4, 6, 1, 0, 8, 2, 3, 6, 2, 10, 4, 7, 9, 6, 10, 6, 6, 9, 7, 4, 7, 9, 4, 9, 3, 3, 7, 9, 1, 7, 5, 2, 0, 7, 8, 0, 9, 9, 8, 5, 4, 6, 6, 6, 1, 5, 9, 0, 1, 4, 7, 1, 9, 5, 6, 6, 3, 7, 3, 0, 3, 7, 3, 4, 3, 1, 7, 6, 9, 9, 4, 0, 2, 3, 9, 6, 6, 8, 1, 7, 4, 1, 2, 0, 8, 6, 7],