{"val_acc": [0.21505376344086022, 0.4823348694316436, 0.7741935483870968, 0.8095238095238095, 0.858678955453149, 0.8310291858678955, 0.8740399385560675, 0.8648233486943164, 0.869431643625192, 0.9047619047619048], "val_loss": [2.0771770206697147, 1.4373040181910333, 0.6352180996281238, 0.5680323654422936, 0.4380540464746914, 0.49257165886987747, 0.39539015719019294, 0.398624662653568, 0.46164613155194156, 0.3475355086285034], "train_loss": [2.392906019177829, 1.9320802887345008, 1.1241334014799802, 0.6658499296872952, 0.5232619446547699, 0.42649611289498895, 0.42987521837335807, 0.3252676123239108, 0.28266866289472, 0.24345161724567146], "test_correct_in_batch": [3.0, 3.0, 3.0, 3.0, 4.0, 4.0, 2.0, 3.0, 3.0, 3.0, 4.0, 4.0, 3.0, 4.0, 4.0, 3.0, 3.0, 4.0, 3.0, 4.0, 3.0, 4.0, 2.0, 4.0, 4.0, 4.0, 4.0, 3.0, 4.0, 4.0, 3.0, 4.0, 4.0, 4.0, 4.0, 4.0, 4.0, 4.0, 3.0, 2.0, 3.0, 4.0, 2.0, 4.0, 4.0, 3.0, 4.0, 3.0, 2.0, 3.0, 3.0, 0.0, 3.0, 3.0, 4.0, 4.0, 4.0, 4.0, 4.0, 4.0, 3.0, 4.0, 4.0, 4.0, 3.0, 4.0, 4.0, 2.0, 4.0, 3.0, 1.0, 4.0, 3.0, 3.0, 4.0, 4.0, 3.0, 4.0, 3.0, 3.0, 3.0, 4.0, 4.0, 3.0, 3.0, 3.0, 4.0, 4.0, 4.0, 3.0, 4.0, 3.0, 4.0, 3.0, 4.0, 4.0, 4.0, 2.0, 4.0, 4.0, 4.0, 4.0, 4.0, 3.0, 4.0, 3.0, 3.0, 4.0, 4.0, 4.0, 4.0, 3.0, 4.0, 2.0, 4.0, 3.0, 3.0, 4.0, 4.0, 2.0, 3.0, 4.0, 3.0, 4.0, 3.0, 4.0, 4.0, 4.0, 4.0, 3.0, 3.0, 4.0, 4.0, 3.0, 4.0, 3.0, 4.0, 3.0, 4.0, 2.0, 4.0, 3.0, 3.0, 3.0, 4.0, 3.0, 3.0, 3.0, 4.0, 4.0, 3.0, 3.0, 3.0, 2.0, 4.0, 4.0, 4.0, 4.0, 4.0, 4.0, 4.0, 4.0, 3.0], "test_losses": [0.6395331621170044, 0.209317147731781, 0.9305381774902344, 0.6554248929023743, 0.0028104197699576616, 0.03317900002002716, 1.628428339958191, 0.9865182638168335, 1.8163456916809082, 1.1882665157318115, 0.005960907321423292, 0.03643769025802612, 0.7141895890235901, 0.005727630108594894, 0.031202998012304306, 1.2104814052581787, 1.0602866411209106, 0.1889694333076477, 1.2486755847930908, 0.17799577116966248, 0.5519885420799255, 0.14766384661197662, 1.1868866682052612, 0.027165913954377174, 0.12327656149864197, 0.0006097086006775498, 0.022628573700785637, 1.2924391031265259, 0.0012393411016091704, 0.154855877161026, 0.407335102558136, 0.01080550067126751, 0.00522620091214776, 0.008310784585773945, 0.002368680201470852, 0.00038518881774507463, 0.005496867932379246, 0.003910674247890711, 0.43424075841903687, 1.153194785118103, 0.8771690726280212, 0.08326742798089981, 0.8507257699966431, 0.02145797573029995, 0.060075823217630386, 0.3082142174243927, 0.12600360810756683, 0.6985868811607361, 0.9200682640075684, 0.4192355275154114, 1.4499518871307373, 2.865072250366211, 0.6890921592712402, 0.4259023070335388, 0.08608163148164749, 0.0057470486499369144, 0.026784418150782585, 0.016578299924731255, 0.052719853818416595, 0.015582089312374592, 0.1873273104429245, 0.027746116742491722, 0.01585458032786846, 0.09076061844825745, 0.42639216780662537, 0.2703428566455841, 0.008848978206515312, 1.230142593383789, 0.17121173441410065, 0.760874330997467, 2.1599373817443848, 0.0018780481768772006, 0.29267534613609314, 0.5807320475578308, 0.0051692184060812, 0.004667037166655064, 0.20037810504436493, 0.0003355224325787276, 0.2054005265235901, 0.5247714519500732, 0.25513893365859985, 0.07336083799600601, 0.00807694811373949, 0.26501280069351196, 0.5020895600318909, 0.9054439663887024, 0.0019358535064384341, 0.012217365205287933, 0.01002797856926918, 0.3194677233695984, 0.09555541723966599, 0.32424670457839966, 0.26415592432022095, 0.3000609576702118, 0.006956750061362982, 0.037072665989398956, 0.20263247191905975, 1.6529572010040283, 0.024656886234879494, 0.1931285262107849, 0.2852513790130615, 0.024733878672122955, 0.001127734431065619, 1.1183183193206787, 0.03167615085840225, 0.4974088668823242, 0.5669808983802795, 0.003204543376341462, 0.008140821009874344, 0.0006708114524371922, 0.0024818992242217064, 0.3802012801170349, 0.0752505511045456, 1.6359013319015503, 0.1866632103919983, 1.0633773803710938, 0.3405033349990845, 0.017539557069540024, 0.017019568011164665, 0.5714014768600464, 0.49418699741363525, 0.4467815160751343, 0.64423006772995, 0.1638505905866623, 1.0415523052215576, 0.011620515026152134, 0.0864197388291359, 0.22836267948150635, 0.17604568600654602, 0.49518299102783203, 0.5519465804100037, 0.029282815754413605, 0.003799614030867815, 0.4518492817878723, 0.06066874414682388, 0.5478299260139465, 0.0034456970170140266, 1.5973594188690186, 0.2031160295009613, 1.41889488697052, 0.005850217305123806, 0.583373486995697, 1.3583528995513916, 0.31673306226730347, 0.06277088075876236, 0.8288516998291016, 0.6901171207427979, 0.3842693865299225, 0.018169911578297615, 0.07545017451047897, 0.4533221423625946, 0.4145400822162628, 0.3336021304130554, 0.44222891330718994, 0.39671579003334045, 0.16210681200027466, 0.079465851187706, 0.09166459739208221, 0.017075054347515106, 0.023548629134893417, 0.002179411007091403, 0.07780065387487411, 0.05248912796378136], "test_loss": 0.38824069331274397, "test_batch_lens": [4, 4, 4, 4, 4, 4, 4, 4, 4, 4, 4, 4, 4, 4, 4, 4, 4, 4, 4, 4, 4, 4, 4, 4, 4, 4, 4, 4, 4, 4, 4, 4, 4, 4, 4, 4, 4, 4, 4, 4, 4, 4, 4, 4, 4, 4, 4, 4, 4, 4, 4, 4, 4, 4, 4, 4, 4, 4, 4, 4, 4, 4, 4, 4, 4, 4, 4, 4, 4, 4, 4, 4, 4, 4, 4, 4, 4, 4, 4, 4, 4, 4, 4, 4, 4, 4, 4, 4, 4, 4, 4, 4, 4, 4, 4, 4, 4, 4, 4, 4, 4, 4, 4, 4, 4, 4, 4, 4, 4, 4, 4, 4, 4, 4, 4, 4, 4, 4, 4, 4, 4, 4, 4, 4, 4, 4, 4, 4, 4, 4, 4, 4, 4, 4, 4, 4, 4, 4, 4, 4, 4, 4, 4, 4, 4, 4, 4, 4, 4, 4, 4, 4, 4, 4, 4, 4, 4, 4, 4, 4, 4, 4, 3], "test_accuracy": 0.8632872503840245, "predictions": [7, 4, 1, 2, 7, 1, 8, 6, 0, 2, 4, 7, 1, 9, 3, 1, 9, 6, 4, 9, 8, 10, 1, 4, 6, 6, 4, 6, 6, 8, 2, 8, 1, 0, 6, 3, 2, 5, 5, 0, 10, 3, 2, 10, 7, 8, 4, 3, 3, 8, 1, 4, 3, 4, 6, 1, 1, 9, 1, 10, 10, 6, 2, 6, 5, 3, 8, 5, 8, 1, 3, 1, 5, 3, 1, 8, 6, 8, 9, 2, 3, 1, 1, 1, 5, 5, 1, 8, 8, 5, 9, 10, 10, 7, 1, 5, 1, 8, 2, 7, 5, 1, 10, 6, 10, 8, 3, 9, 10, 4, 7, 6, 0, 3, 7, 6, 0, 8, 0, 0, 4, 3, 7, 6, 5, 1, 7, 9, 6, 7, 4, 0, 10, 10, 7, 9, 4, 1, 9, 0, 10, 3, 3, 9, 4, 7, 4, 7, 2, 10, 2, 4, 10, 3, 1, 0, 2, 4, 4, 7, 8, 9, 3, 4, 2, 3, 10, 5, 8, 0, 2, 3, 10, 7, 6, 8, 0, 8, 1, 2, 6, 8, 5, 3, 9, 3, 4, 8, 3, 2, 3, 2, 0, 4, 9, 6, 1, 8, 5, 9, 4, 1, 6, 1, 2, 4, 9, 9, 3, 9, 5, 1, 6, 5, 4, 5, 2, 10, 8, 4, 7, 3, 0, 6, 7, 0, 5, 7, 1, 0, 1, 6, 3, 7, 7, 2, 10, 4, 3, 10, 9, 9, 3, 3, 1, 7, 8, 5, 2, 4, 10, 1, 1, 2, 3, 10, 6, 9, 5, 1, 3, 10, 7, 1, 5, 1, 8, 1, 3, 7, 2, 10, 3, 5, 2, 2, 7, 2, 9, 7, 4, 3, 6, 10, 2, 4, 2, 5, 5, 3, 5, 0, 8, 2, 0, 1, 2, 7, 3, 2, 4, 10, 8, 6, 6, 5, 2, 7, 10, 1, 7, 6, 9, 2, 6, 2, 0, 9, 4, 10, 6, 6, 7, 9, 1, 8, 8, 5, 2, 9, 4, 1, 3, 8, 4, 7, 3, 2, 7, 2, 5, 0, 4, 10, 5, 0, 5, 7, 3, 6, 4, 6, 4, 9, 5, 1, 8, 3, 7, 8, 4, 4, 6, 10, 8, 9, 10, 5, 6, 7, 4, 0, 5, 0, 1, 10, 5, 0, 3, 7, 3, 1, 8, 2, 2, 4, 4, 9, 3, 7, 8, 2, 9, 4, 0, 0, 5, 6, 9, 9, 7, 7, 6, 9, 1, 10, 10, 5, 5, 7, 3, 3, 5, 10, 4, 7, 2, 3, 1, 1, 0, 5, 4, 0, 2, 0, 1, 7, 8, 4, 8, 3, 8, 0, 3, 2, 2, 3, 7, 10, 10, 4, 10, 6, 6, 5, 0, 6, 8, 2, 1, 9, 4, 5, 9, 4, 1, 3, 5, 7, 9, 10, 3, 8, 1, 6, 3, 4, 2, 4, 10, 1, 1, 2, 8, 2, 4, 3, 2, 8, 4, 9, 0, 7, 6, 9, 2, 0, 2, 1, 6, 9, 3, 7, 2, 4, 2, 0, 1, 3, 9, 6, 3, 4, 6, 3, 3, 5, 0, 1, 7, 10, 4, 10, 2, 5, 5, 7, 5, 3, 6, 5, 0, 4, 5, 4, 9, 5, 9, 7, 7, 2, 1, 2, 4, 3, 2, 9, 1, 8, 9, 1, 6, 8, 2, 0, 9, 7, 6, 7, 6, 9, 0, 10, 8, 8, 6, 3, 7, 3, 2, 7, 9, 6, 4, 8, 9, 0, 8, 2, 7, 5, 2, 10, 10, 7, 9, 6, 8, 6, 6, 2, 7, 9, 7, 3, 4, 9, 3, 3, 7, 5, 1, 7, 5, 4, 0, 7, 8, 0, 7, 4, 5, 4, 4, 6, 6, 6, 1, 5, 8, 0, 1, 2, 7, 3, 9, 4, 6, 6, 10, 7, 1, 0, 3, 9, 1, 4, 3, 10, 7, 8, 9, 9, 4, 0, 2, 3, 7, 8, 6, 8, 1, 7, 4, 0, 2, 0, 8, 6, 7],