{"val_acc": [0.49615975422427033, 0.6513056835637481, 0.6728110599078341, 0.7096774193548387, 0.7342549923195084, 0.7342549923195084, 0.7603686635944701, 0.7757296466973886, 0.7956989247311828, 0.7788018433179723], "val_loss": [1.4453633322946133, 1.0467563078173099, 0.9264156694061185, 0.8689552948930146, 0.7352730177251473, 0.7916701169101739, 0.7457785592443007, 0.6477617440813798, 0.6195241872884013, 0.660839262886967], "train_loss": [1.9620525410646612, 1.2499391084634153, 1.0038710843090703, 0.8618400710879798, 0.7507418562260434, 0.6777970294750497, 0.6241501535606455, 0.5857720751900649, 0.5384701070657719, 0.5139140994873491], "test_correct_in_batch": [4.0, 3.0, 3.0, 1.0, 4.0, 3.0, 2.0, 2.0, 2.0, 4.0, 4.0, 4.0, 3.0, 3.0, 4.0, 3.0, 2.0, 2.0, 2.0, 2.0, 2.0, 2.0, 4.0, 4.0, 4.0, 3.0, 4.0, 3.0, 3.0, 2.0, 2.0, 4.0, 4.0, 3.0, 2.0, 3.0, 4.0, 3.0, 3.0, 4.0, 2.0, 3.0, 3.0, 3.0, 4.0, 4.0, 3.0, 3.0, 3.0, 4.0, 4.0, 1.0, 4.0, 3.0, 4.0, 4.0, 3.0, 3.0, 3.0, 3.0, 4.0, 4.0, 3.0, 4.0, 2.0, 1.0, 4.0, 2.0, 2.0, 3.0, 1.0, 4.0, 4.0, 3.0, 4.0, 2.0, 4.0, 3.0, 3.0, 2.0, 4.0, 3.0, 3.0, 3.0, 3.0, 3.0, 3.0, 3.0, 3.0, 2.0, 3.0, 2.0, 2.0, 4.0, 3.0, 3.0, 4.0, 3.0, 2.0, 3.0, 2.0, 4.0, 4.0, 3.0, 2.0, 3.0, 3.0, 4.0, 3.0, 4.0, 3.0, 2.0, 4.0, 4.0, 2.0, 4.0, 2.0, 3.0, 4.0, 3.0, 3.0, 2.0, 3.0, 4.0, 3.0, 4.0, 2.0, 3.0, 2.0, 4.0, 2.0, 3.0, 4.0, 3.0, 2.0, 2.0, 4.0, 3.0, 2.0, 3.0, 3.0, 3.0, 2.0, 3.0, 4.0, 3.0, 3.0, 4.0, 3.0, 3.0, 4.0, 3.0, 4.0, 4.0, 2.0, 1.0, 4.0, 2.0, 4.0, 3.0, 4.0, 3.0, 2.0], "test_losses": [0.013739962130784988, 0.8547742962837219, 0.8865192532539368, 2.312828540802002, 0.04486866667866707, 0.38459745049476624, 1.9024250507354736, 1.3632161617279053, 0.7745713591575623, 0.1546218991279602, 0.294241726398468, 0.13097965717315674, 1.4172723293304443, 0.29961827397346497, 0.06943820416927338, 0.9033899307250977, 1.3457098007202148, 0.892763614654541, 0.9943515658378601, 1.671688437461853, 1.0976871252059937, 0.9240722060203552, 0.4200107455253601, 0.03041442111134529, 0.07192165404558182, 0.2750352621078491, 0.2332889586687088, 0.7616274356842041, 0.36336612701416016, 0.9410830140113831, 0.8592090606689453, 0.05472113937139511, 0.31077200174331665, 0.5196377635002136, 1.5848393440246582, 0.9558147192001343, 0.1593455672264099, 0.8029752969741821, 0.34088408946990967, 0.18340124189853668, 1.2263988256454468, 0.3936636447906494, 0.7802542448043823, 0.3499827980995178, 0.4799562990665436, 0.1067294329404831, 1.012494683265686, 0.8182491064071655, 1.3490031957626343, 0.3186033368110657, 0.249416321516037, 2.627568483352661, 0.5658435821533203, 0.6149797439575195, 0.37369677424430847, 0.22078604996204376, 0.5341466069221497, 0.7359915375709534, 0.7031152248382568, 0.4542149305343628, 0.3995800018310547, 0.032449450343847275, 0.6495422720909119, 0.0890176072716713, 1.3296864032745361, 1.8360514640808105, 0.4239652752876282, 1.681032657623291, 1.6163272857666016, 0.6625878214836121, 1.5546839237213135, 0.037551671266555786, 0.2533680498600006, 1.5884369611740112, 0.09928646683692932, 1.2369900941848755, 0.13639213144779205, 0.8230594992637634, 0.4318270981311798, 0.9099696278572083, 0.20602816343307495, 1.5769786834716797, 0.5806793570518494, 0.7985038757324219, 0.5911574959754944, 0.7301335334777832, 0.3477700352668762, 0.6366685032844543, 0.5955327153205872, 1.0401642322540283, 1.1987106800079346, 1.076920747756958, 1.1836568117141724, 0.16104307770729065, 0.6860357522964478, 0.8279077410697937, 0.08879278600215912, 1.5727527141571045, 1.4900317192077637, 0.5112583041191101, 0.8636523485183716, 0.10241897404193878, 0.6617470383644104, 0.37024497985839844, 1.2154170274734497, 1.5823787450790405, 0.6485929489135742, 0.19347400963306427, 0.4435739517211914, 0.24226313829421997, 0.6879039406776428, 1.8920291662216187, 0.39049071073532104, 0.34713995456695557, 1.4255813360214233, 0.11755465716123581, 1.5975642204284668, 0.40293002128601074, 0.03256966918706894, 1.0023359060287476, 0.8844402432441711, 1.1989755630493164, 0.23897233605384827, 0.09814377874135971, 1.9647784233093262, 0.1784469038248062, 1.5265334844589233, 0.9253765344619751, 0.6368349194526672, 0.1546051800251007, 1.2833622694015503, 0.48810553550720215, 0.021836677566170692, 0.6177224516868591, 0.7152746319770813, 2.1881868839263916, 0.030460575595498085, 0.45931610465049744, 1.2738724946975708, 0.8565696477890015, 0.3707635998725891, 2.401902675628662, 1.4421435594558716, 0.704300045967102, 0.03761763870716095, 0.8454415798187256, 0.7738731503486633, 0.352836012840271, 1.0810697078704834, 1.4726582765579224, 0.2525953948497772, 0.5688551664352417, 0.03912198916077614, 0.22097735106945038, 1.3009380102157593, 1.1584182977676392, 0.2556898295879364, 1.4837212562561035, 0.17811429500579834, 0.3851540684700012, 0.35278162360191345, 0.6066868901252747, 0.5001415610313416], "test_loss": 0.7359314738241441, "test_batch_lens": [4, 4, 4, 4, 4, 4, 4, 4, 4, 4, 4, 4, 4, 4, 4, 4, 4, 4, 4, 4, 4, 4, 4, 4, 4, 4, 4, 4, 4, 4, 4, 4, 4, 4, 4, 4, 4, 4, 4, 4, 4, 4, 4, 4, 4, 4, 4, 4, 4, 4, 4, 4, 4, 4, 4, 4, 4, 4, 4, 4, 4, 4, 4, 4, 4, 4, 4, 4, 4, 4, 4, 4, 4, 4, 4, 4, 4, 4, 4, 4, 4, 4, 4, 4, 4, 4, 4, 4, 4, 4, 4, 4, 4, 4, 4, 4, 4, 4, 4, 4, 4, 4, 4, 4, 4, 4, 4, 4, 4, 4, 4, 4, 4, 4, 4, 4, 4, 4, 4, 4, 4, 4, 4, 4, 4, 4, 4, 4, 4, 4, 4, 4, 4, 4, 4, 4, 4, 4, 4, 4, 4, 4, 4, 4, 4, 4, 4, 4, 4, 4, 4, 4, 4, 4, 4, 4, 4, 4, 4, 4, 4, 4, 3], "test_accuracy": 0.7588325652841782, "predictions": [7, 4, 1, 10, 7, 1, 8, 5, 8, 8, 4, 7, 8, 9, 8, 8, 9, 6, 4, 9, 8, 10, 0, 4, 6, 1, 9, 6, 6, 8, 9, 0, 3, 3, 6, 3, 10, 5, 5, 0, 10, 3, 2, 10, 7, 8, 4, 3, 3, 8, 3, 4, 1, 4, 6, 1, 1, 9, 1, 10, 10, 6, 5, 6, 5, 9, 8, 8, 8, 8, 3, 3, 0, 0, 1, 8, 6, 2, 4, 2, 1, 1, 1, 1, 5, 0, 0, 8, 0, 4, 9, 10, 10, 7, 1, 5, 1, 8, 2, 7, 5, 8, 10, 6, 10, 8, 3, 9, 10, 4, 7, 9, 0, 3, 7, 8, 0, 2, 8, 0, 4, 8, 0, 8, 5, 1, 7, 9, 6, 7, 4, 0, 10, 10, 9, 9, 4, 3, 9, 1, 10, 3, 3, 7, 4, 7, 4, 7, 2, 10, 8, 4, 10, 10, 3, 0, 10, 5, 4, 7, 8, 1, 3, 4, 2, 8, 10, 5, 8, 0, 5, 0, 10, 7, 6, 6, 0, 8, 1, 2, 6, 3, 5, 3, 9, 3, 2, 8, 3, 2, 0, 6, 0, 9, 9, 4, 1, 3, 5, 9, 8, 1, 6, 1, 4, 9, 0, 5, 3, 9, 5, 6, 6, 5, 4, 5, 2, 10, 8, 4, 7, 3, 0, 6, 7, 5, 5, 7, 1, 8, 1, 6, 1, 7, 7, 2, 10, 7, 3, 10, 9, 4, 3, 3, 1, 7, 8, 5, 2, 4, 10, 3, 1, 2, 3, 10, 0, 2, 5, 3, 0, 0, 7, 0, 5, 1, 8, 1, 9, 7, 9, 10, 2, 5, 9, 2, 7, 9, 9, 7, 8, 8, 3, 8, 2, 4, 2, 5, 5, 3, 8, 0, 2, 6, 0, 1, 2, 7, 3, 2, 5, 10, 3, 6, 6, 0, 2, 7, 10, 9, 7, 6, 4, 2, 5, 2, 8, 9, 9, 3, 2, 6, 7, 9, 1, 2, 8, 5, 2, 4, 4, 1, 3, 8, 4, 7, 1, 10, 7, 2, 5, 0, 9, 10, 5, 0, 8, 7, 3, 6, 9, 6, 2, 9, 5, 1, 1, 3, 8, 7, 4, 2, 6, 10, 4, 9, 10, 5, 6, 9, 4, 1, 5, 0, 9, 10, 6, 0, 3, 7, 3, 1, 1, 2, 2, 4, 4, 9, 3, 7, 8, 9, 4, 4, 8, 0, 5, 6, 9, 7, 7, 7, 8, 0, 1, 10, 10, 5, 5, 7, 3, 3, 5, 10, 4, 7, 2, 3, 8, 3, 0, 5, 6, 1, 2, 0, 3, 8, 8, 4, 8, 3, 8, 0, 1, 2, 2, 3, 7, 10, 10, 9, 10, 6, 6, 4, 0, 2, 8, 2, 1, 9, 9, 5, 9, 9, 0, 8, 5, 7, 9, 10, 1, 8, 1, 6, 0, 6, 2, 4, 10, 3, 1, 2, 8, 2, 4, 8, 2, 8, 5, 9, 0, 7, 6, 9, 8, 1, 2, 6, 6, 9, 3, 7, 2, 4, 2, 0, 1, 3, 9, 6, 3, 4, 7, 3, 1, 5, 3, 1, 7, 10, 8, 10, 4, 5, 5, 7, 5, 1, 5, 5, 1, 4, 5, 4, 4, 5, 9, 7, 7, 2, 0, 10, 4, 3, 10, 8, 1, 8, 5, 1, 5, 8, 2, 0, 9, 7, 6, 8, 6, 9, 0, 10, 10, 0, 6, 1, 7, 3, 2, 7, 9, 2, 2, 8, 9, 0, 7, 2, 3, 5, 2, 10, 4, 7, 9, 6, 8, 6, 6, 8, 7, 9, 7, 9, 4, 9, 3, 3, 7, 4, 1, 7, 5, 9, 0, 0, 8, 0, 7, 4, 5, 5, 4, 8, 4, 6, 1, 5, 3, 0, 1, 4, 7, 1, 9, 9, 2, 6, 2, 8, 3, 0, 3, 9, 1, 4, 3, 6, 7, 6, 9, 9, 4, 0, 2, 3, 7, 6, 6, 8, 1, 7, 4, 8, 2, 0, 6, 6, 7],