{"val_acc": [0.7235023041474654, 0.738863287250384, 0.7680491551459293, 0.8325652841781874, 0.8279569892473119, 0.8494623655913979, 0.8602150537634409, 0.8341013824884793, 0.8463901689708141, 0.847926267281106], "val_loss": [0.7862631128700964, 0.7125071905827596, 0.6124972934874654, 0.475278803564471, 0.5058766988875985, 0.4321276066150585, 0.43503463535678166, 0.47029433900239004, 0.4910881542872089, 0.43795328659856797], "train_loss": [1.3076954148673647, 0.7520418517088031, 0.648013774323796, 0.5590088734512499, 0.508704307667568, 0.47893026419552204, 0.4430668848910745, 0.43060777681416523, 0.4073169232121128, 0.4108754023955292], "test_correct_in_batch": [4.0, 3.0, 3.0, 2.0, 4.0, 4.0, 2.0, 3.0, 3.0, 4.0, 3.0, 4.0, 3.0, 4.0, 4.0, 3.0, 3.0, 3.0, 2.0, 4.0, 3.0, 4.0, 4.0, 3.0, 4.0, 4.0, 4.0, 3.0, 3.0, 4.0, 0.0, 4.0, 4.0, 4.0, 4.0, 4.0, 4.0, 4.0, 4.0, 4.0, 3.0, 4.0, 3.0, 4.0, 4.0, 4.0, 4.0, 4.0, 3.0, 3.0, 3.0, 3.0, 4.0, 4.0, 3.0, 4.0, 3.0, 4.0, 3.0, 3.0, 4.0, 4.0, 4.0, 4.0, 3.0, 3.0, 4.0, 4.0, 3.0, 3.0, 3.0, 4.0, 4.0, 3.0, 4.0, 4.0, 4.0, 4.0, 3.0, 4.0, 3.0, 4.0, 4.0, 3.0, 4.0, 3.0, 4.0, 3.0, 4.0, 3.0, 3.0, 3.0, 3.0, 4.0, 4.0, 4.0, 2.0, 2.0, 3.0, 3.0, 1.0, 3.0, 4.0, 4.0, 4.0, 4.0, 4.0, 4.0, 4.0, 4.0, 3.0, 3.0, 4.0, 4.0, 4.0, 4.0, 3.0, 4.0, 4.0, 2.0, 4.0, 3.0, 3.0, 4.0, 2.0, 3.0, 3.0, 2.0, 4.0, 2.0, 4.0, 4.0, 4.0, 3.0, 3.0, 3.0, 3.0, 2.0, 4.0, 2.0, 4.0, 3.0, 4.0, 4.0, 4.0, 3.0, 3.0, 3.0, 3.0, 4.0, 3.0, 4.0, 4.0, 4.0, 3.0, 4.0, 3.0, 3.0, 2.0, 4.0, 4.0, 4.0, 2.0], "test_losses": [0.007572751492261887, 0.31538522243499756, 0.8963099718093872, 1.3139370679855347, 0.06095528602600098, 0.03059300035238266, 1.8718384504318237, 0.7966880798339844, 0.8984410762786865, 0.026110688224434853, 0.5778020620346069, 0.2813557982444763, 1.5864782333374023, 0.0886472538113594, 0.07799587398767471, 0.8007103204727173, 0.7237736582756042, 0.9660927653312683, 1.55329430103302, 0.21643739938735962, 0.6071862578392029, 0.2420600801706314, 0.44146522879600525, 0.39089372754096985, 0.28790223598480225, 0.008309999480843544, 0.02318132296204567, 0.5254532098770142, 0.3481115996837616, 0.35553380846977234, 1.6344069242477417, 0.14285407960414886, 0.09890182316303253, 0.012999702244997025, 0.04633014276623726, 0.2819203734397888, 0.16309350728988647, 0.06547325104475021, 0.11385294049978256, 0.13243430852890015, 1.0783960819244385, 0.023993564769625664, 0.8744744062423706, 0.02162366919219494, 0.2720276713371277, 0.07437524199485779, 0.12453869730234146, 0.0579291507601738, 0.498800665140152, 0.3307616114616394, 1.323313593864441, 1.1981196403503418, 0.05352206155657768, 0.45093297958374023, 0.4362969994544983, 0.0885523110628128, 0.6380013823509216, 0.01744605228304863, 0.7134946584701538, 0.43343237042427063, 0.0895218774676323, 0.01321009173989296, 0.20085959136486053, 0.05177876353263855, 0.5874837040901184, 0.43509361147880554, 0.050358258187770844, 0.5077004432678223, 0.7438387870788574, 0.5158538222312927, 1.226660132408142, 0.07930091768503189, 0.12761026620864868, 1.0170998573303223, 0.0040035792626440525, 0.07184088230133057, 0.014727003872394562, 0.009639279916882515, 0.4731890857219696, 0.2446296662092209, 0.4680061936378479, 0.2668440341949463, 0.04379105567932129, 0.7698011994361877, 0.05834000185132027, 0.885420024394989, 0.22474142909049988, 0.696039617061615, 0.2669476866722107, 0.926467776298523, 0.38001084327697754, 0.6987662315368652, 0.9449341297149658, 0.02803139016032219, 0.2623441219329834, 0.060802895575761795, 0.8734531402587891, 1.925053596496582, 0.4886705279350281, 0.420424222946167, 1.5630518198013306, 0.6064518094062805, 0.1475849151611328, 0.08322249352931976, 0.16591833531856537, 0.0962919145822525, 0.04340215399861336, 0.05505306273698807, 0.013958011753857136, 0.06825350970029831, 0.22190165519714355, 0.6776096224784851, 0.19727621972560883, 0.10788345336914062, 0.08456844091415405, 0.023997075855731964, 0.5809047222137451, 0.013858557678759098, 0.014603909105062485, 1.0857032537460327, 0.06985511630773544, 0.7867472171783447, 0.7226020693778992, 0.16303811967372894, 1.3344675302505493, 0.40032240748405457, 0.27629390358924866, 1.076116681098938, 0.23127049207687378, 0.5872628688812256, 0.4511914551258087, 0.09341216832399368, 0.011457519605755806, 0.9602408409118652, 0.5773875117301941, 0.39401885867118835, 0.5034294128417969, 1.9425982236862183, 0.22877660393714905, 1.0890597105026245, 0.034827958792448044, 0.565425455570221, 0.12604540586471558, 0.06892331689596176, 0.30040261149406433, 0.8131714463233948, 0.6783367395401001, 0.3430066406726837, 1.2665530443191528, 0.012712505646049976, 0.32074978947639465, 0.011578364297747612, 0.2393222451210022, 0.05040832608938217, 0.6354429721832275, 0.00722087174654007, 1.1465067863464355, 0.5929839611053467, 0.6553541421890259, 0.0778573751449585, 0.03669404238462448, 0.17533805966377258, 0.5782180428504944], "test_loss": 0.4378173624828138, "test_batch_lens": [4, 4, 4, 4, 4, 4, 4, 4, 4, 4, 4, 4, 4, 4, 4, 4, 4, 4, 4, 4, 4, 4, 4, 4, 4, 4, 4, 4, 4, 4, 4, 4, 4, 4, 4, 4, 4, 4, 4, 4, 4, 4, 4, 4, 4, 4, 4, 4, 4, 4, 4, 4, 4, 4, 4, 4, 4, 4, 4, 4, 4, 4, 4, 4, 4, 4, 4, 4, 4, 4, 4, 4, 4, 4, 4, 4, 4, 4, 4, 4, 4, 4, 4, 4, 4, 4, 4, 4, 4, 4, 4, 4, 4, 4, 4, 4, 4, 4, 4, 4, 4, 4, 4, 4, 4, 4, 4, 4, 4, 4, 4, 4, 4, 4, 4, 4, 4, 4, 4, 4, 4, 4, 4, 4, 4, 4, 4, 4, 4, 4, 4, 4, 4, 4, 4, 4, 4, 4, 4, 4, 4, 4, 4, 4, 4, 4, 4, 4, 4, 4, 4, 4, 4, 4, 4, 4, 4, 4, 4, 4, 4, 4, 3], "test_accuracy": 0.8571428571428571, "predictions": [7, 4, 1, 10, 7, 1, 2, 8, 0, 2, 4, 7, 1, 9, 8, 8, 9, 6, 4, 9, 8, 10, 1, 4, 6, 3, 9, 6, 6, 8, 1, 1, 1, 1, 6, 3, 10, 5, 5, 0, 10, 2, 2, 10, 7, 8, 4, 3, 3, 8, 0, 4, 3, 4, 6, 1, 1, 9, 1, 10, 10, 6, 9, 6, 5, 1, 8, 5, 8, 0, 3, 1, 9, 3, 8, 8, 6, 8, 9, 2, 3, 1, 8, 1, 5, 5, 1, 8, 0, 4, 9, 10, 10, 7, 0, 5, 1, 8, 2, 7, 5, 1, 10, 6, 10, 8, 3, 9, 10, 4, 7, 0, 0, 3, 7, 8, 0, 8, 0, 0, 9, 3, 8, 8, 5, 1, 7, 9, 6, 7, 4, 0, 10, 10, 7, 9, 4, 1, 9, 0, 10, 3, 3, 9, 4, 7, 4, 7, 2, 10, 2, 4, 10, 10, 1, 0, 10, 5, 4, 7, 9, 9, 10, 4, 2, 3, 10, 5, 8, 0, 0, 0, 10, 7, 6, 8, 0, 8, 1, 2, 6, 3, 5, 3, 9, 3, 4, 8, 3, 2, 0, 2, 0, 7, 9, 8, 8, 3, 5, 9, 9, 1, 6, 1, 4, 3, 9, 8, 3, 9, 5, 6, 2, 5, 4, 5, 2, 10, 1, 4, 7, 3, 0, 6, 7, 1, 5, 7, 1, 0, 1, 6, 1, 7, 7, 2, 10, 9, 3, 10, 9, 4, 3, 3, 1, 7, 8, 5, 2, 4, 10, 1, 1, 2, 3, 10, 6, 8, 5, 3, 3, 10, 7, 0, 5, 1, 8, 1, 8, 7, 3, 10, 3, 5, 1, 2, 7, 1, 9, 7, 0, 8, 8, 10, 2, 4, 2, 5, 5, 3, 8, 0, 8, 6, 3, 1, 2, 7, 3, 2, 4, 10, 8, 6, 6, 0, 2, 7, 10, 1, 7, 6, 4, 2, 5, 2, 0, 9, 4, 3, 2, 6, 7, 7, 1, 8, 8, 5, 2, 9, 4, 1, 3, 8, 4, 7, 1, 2, 7, 2, 5, 0, 4, 10, 5, 0, 5, 7, 3, 6, 9, 6, 4, 9, 5, 1, 8, 3, 9, 7, 4, 9, 6, 10, 8, 9, 10, 5, 8, 7, 4, 0, 5, 0, 9, 10, 5, 0, 3, 7, 3, 1, 8, 2, 2, 8, 4, 5, 3, 7, 8, 0, 7, 4, 0, 0, 5, 6, 7, 9, 7, 1, 10, 8, 1, 10, 10, 4, 5, 7, 3, 3, 5, 10, 9, 7, 2, 3, 1, 1, 0, 5, 4, 1, 2, 0, 1, 8, 8, 4, 8, 3, 8, 0, 3, 2, 2, 3, 7, 10, 10, 4, 10, 8, 6, 5, 0, 8, 8, 2, 1, 9, 9, 5, 9, 9, 1, 3, 5, 7, 9, 10, 1, 8, 1, 6, 3, 1, 2, 4, 10, 1, 1, 2, 8, 2, 4, 1, 2, 8, 9, 9, 0, 7, 6, 9, 8, 0, 2, 3, 6, 9, 3, 7, 2, 4, 8, 0, 8, 3, 4, 6, 3, 4, 8, 3, 3, 5, 1, 7, 7, 10, 4, 10, 2, 5, 5, 7, 8, 3, 4, 5, 0, 4, 5, 4, 9, 5, 9, 7, 7, 2, 0, 2, 5, 3, 2, 2, 1, 8, 9, 1, 8, 0, 2, 0, 1, 7, 6, 8, 6, 1, 0, 10, 8, 8, 8, 1, 7, 2, 2, 7, 9, 6, 9, 8, 9, 0, 8, 2, 10, 5, 2, 10, 8, 7, 9, 6, 8, 6, 6, 0, 7, 9, 7, 9, 4, 9, 3, 3, 7, 9, 1, 7, 5, 2, 0, 7, 8, 0, 8, 4, 5, 5, 4, 8, 6, 6, 1, 5, 3, 0, 1, 4, 7, 1, 9, 8, 6, 6, 10, 7, 1, 0, 3, 7, 1, 4, 3, 8, 7, 8, 9, 9, 8, 8, 2, 3, 7, 8, 6, 8, 1, 7, 4, 0, 2, 0, 3, 6, 7],