{"val_acc": [0.06144393241167435, 0.0706605222734255, 0.08602150537634409, 0.06144393241167435, 0.0706605222734255, 0.0706605222734255, 0.06144393241167435, 0.06144393241167435, 0.0967741935483871, 0.0967741935483871], "val_loss": [2.401454747088848, 2.397888167504153, 2.3989960767008776, 2.401186042036747, 2.3980684514426014, 2.399626470050929, 2.3990308872761172, 2.402056050446867, 2.3992061176183035, 2.399223706473602], "train_loss": [2.3983282609384355, 2.3983778165117764, 2.3984447815739243, 2.3983226660208534, 2.398378427644837, 2.398487441081578, 2.3984108207413466, 2.3982943879280567, 2.3983910868737044, 2.398403911226802], "test_correct_in_batch": [1.0, 0.0, 0.0, 0.0, 0.0, 1.0, 0.0, 0.0, 0.0, 1.0, 2.0, 0.0, 0.0, 0.0, 1.0, 1.0, 0.0, 0.0, 0.0, 0.0, 0.0, 0.0, 1.0, 1.0, 0.0, 1.0, 1.0, 1.0, 0.0, 0.0, 0.0, 0.0, 0.0, 2.0, 0.0, 1.0, 0.0, 1.0, 2.0, 1.0, 1.0, 1.0, 0.0, 1.0, 0.0, 0.0, 0.0, 0.0, 0.0, 0.0, 0.0, 0.0, 0.0, 0.0, 1.0, 0.0, 0.0, 0.0, 0.0, 2.0, 0.0, 0.0, 1.0, 1.0, 0.0, 1.0, 0.0, 1.0, 0.0, 0.0, 1.0, 0.0, 0.0, 0.0, 0.0, 1.0, 0.0, 1.0, 0.0, 0.0, 0.0, 0.0, 0.0, 0.0, 0.0, 1.0, 0.0, 0.0, 0.0, 0.0, 1.0, 0.0, 0.0, 1.0, 0.0, 0.0, 0.0, 0.0, 0.0, 0.0, 0.0, 2.0, 0.0, 1.0, 0.0, 0.0, 0.0, 0.0, 0.0, 1.0, 2.0, 0.0, 0.0, 0.0, 0.0, 1.0, 0.0, 1.0, 0.0, 0.0, 0.0, 0.0, 0.0, 0.0, 0.0, 0.0, 0.0, 1.0, 1.0, 0.0, 0.0, 0.0, 0.0, 0.0, 0.0, 0.0, 0.0, 0.0, 1.0, 0.0, 0.0, 0.0, 1.0, 1.0, 0.0, 0.0, 0.0, 0.0, 0.0, 0.0, 0.0, 0.0, 0.0, 0.0, 0.0, 1.0, 0.0, 1.0, 0.0, 0.0, 0.0, 0.0, 0.0], "test_losses": [2.395538806915283, 2.3887839317321777, 2.4033846855163574, 2.405792713165283, 2.3888988494873047, 2.3898441791534424, 2.3861536979675293, 2.396707534790039, 2.3975000381469727, 2.3980941772460938, 2.3901255130767822, 2.3993091583251953, 2.3933653831481934, 2.406214714050293, 2.3885080814361572, 2.39182186126709, 2.39158034324646, 2.3999063968658447, 2.3999063968658447, 2.3890798091888428, 2.4093449115753174, 2.3936691284179688, 2.395730495452881, 2.3923635482788086, 2.3971807956695557, 2.391890048980713, 2.3831896781921387, 2.395538806915283, 2.409579277038574, 2.416253089904785, 2.395092010498047, 2.393824577331543, 2.4086060523986816, 2.3777356147766113, 2.4048192501068115, 2.3926281929016113, 2.4040305614471436, 2.399259328842163, 2.3931827545166016, 2.3934500217437744, 2.382216453552246, 2.397125720977783, 2.40248966217041, 2.3849165439605713, 2.4050002098083496, 2.4050991535186768, 2.3933653831481934, 2.415457248687744, 2.388726234436035, 2.3975682258605957, 2.3956892490386963, 2.4020800590515137, 2.395411252975464, 2.4031524658203125, 2.3908627033233643, 2.4095795154571533, 2.4059040546417236, 2.409203290939331, 2.404935359954834, 2.3901939392089844, 2.402803897857666, 2.394073724746704, 2.3982410430908203, 2.399214267730713, 2.395411252975464, 2.396512031555176, 2.3957576751708984, 2.3891336917877197, 2.4072327613830566, 2.396289348602295, 2.3792219161987305, 2.406259536743164, 2.4039533138275146, 2.401824951171875, 2.407637596130371, 2.3876872062683105, 2.4085376262664795, 2.3922948837280273, 2.397545099258423, 2.406879425048828, 2.3947744369506836, 2.3883790969848633, 2.3997020721435547, 2.397249221801758, 2.4055774211883545, 2.398499011993408, 2.405499219894409, 2.404057502746582, 2.396595001220703, 2.396538496017456, 2.3961524963378906, 2.380751371383667, 2.4086060523986816, 2.392554998397827, 2.4096479415893555, 2.4009246826171875, 2.4007887840270996, 2.390345335006714, 2.4109549522399902, 2.385723352432251, 2.3920722007751465, 2.3849587440490723, 2.4055724143981934, 2.384735584259033, 2.4083032608032227, 2.410358428955078, 2.4050002098083496, 2.3936147689819336, 2.407060384750366, 2.3975305557250977, 2.385976791381836, 2.399486780166626, 2.3912367820739746, 2.3802525997161865, 2.4035122394561768, 2.381129741668701, 2.397749423980713, 2.3982410430908203, 2.3998830318450928, 2.3978629112243652, 2.394420862197876, 2.4025936126708984, 2.3890798091888428, 2.4077060222625732, 2.415480613708496, 2.3985867500305176, 2.4050991535186768, 2.400587797164917, 2.3961524963378906, 2.3993635177612305, 2.411445379257202, 2.3945064544677734, 2.395247459411621, 2.415525436401367, 2.3912367820739746, 2.382840156555176, 2.403067111968994, 2.385654926300049, 2.387514591217041, 2.4066877365112305, 2.3947744369506836, 2.394670248031616, 2.3876872062683105, 2.388092041015625, 2.385904312133789, 2.3948426246643066, 2.3896212577819824, 2.408747673034668, 2.402539014816284, 2.408433675765991, 2.4004502296447754, 2.3946189880371094, 2.4113316535949707, 2.404627561569214, 2.394369602203369, 2.400587558746338, 2.4007437229156494, 2.3891334533691406, 2.3971915245056152, 2.3992409706115723, 2.394005298614502, 2.4196009635925293, 2.390265464782715], "test_loss": 2.397641152691987, "test_batch_lens": [4, 4, 4, 4, 4, 4, 4, 4, 4, 4, 4, 4, 4, 4, 4, 4, 4, 4, 4, 4, 4, 4, 4, 4, 4, 4, 4, 4, 4, 4, 4, 4, 4, 4, 4, 4, 4, 4, 4, 4, 4, 4, 4, 4, 4, 4, 4, 4, 4, 4, 4, 4, 4, 4, 4, 4, 4, 4, 4, 4, 4, 4, 4, 4, 4, 4, 4, 4, 4, 4, 4, 4, 4, 4, 4, 4, 4, 4, 4, 4, 4, 4, 4, 4, 4, 4, 4, 4, 4, 4, 4, 4, 4, 4, 4, 4, 4, 4, 4, 4, 4, 4, 4, 4, 4, 4, 4, 4, 4, 4, 4, 4, 4, 4, 4, 4, 4, 4, 4, 4, 4, 4, 4, 4, 4, 4, 4, 4, 4, 4, 4, 4, 4, 4, 4, 4, 4, 4, 4, 4, 4, 4, 4, 4, 4, 4, 4, 4, 4, 4, 4, 4, 4, 4, 4, 4, 4, 4, 4, 4, 4, 4, 3], "test_accuracy": 0.07680491551459294, "predictions": [10, 10, 10, 10, 10, 10, 10, 10, 10, 10, 10, 10, 10, 10, 10, 10, 10, 10, 10, 10, 10, 10, 10, 10, 10, 10, 10, 10, 10, 10, 10, 10, 10, 10, 10, 10, 10, 10, 10, 10, 10, 10, 10, 10, 10, 10, 10, 10, 10, 10, 10, 10, 10, 10, 10, 10, 10, 10, 10, 10, 10, 10, 10, 10, 10, 10, 10, 10, 10, 10, 10, 10, 10, 10, 10, 10, 10, 10, 10, 10, 10, 10, 10, 10, 10, 10, 10, 10, 10, 10, 10, 10, 10, 10, 10, 10, 10, 10, 10, 10, 10, 10, 10, 10, 10, 10, 10, 10, 10, 10, 10, 10, 10, 10, 10, 10, 10, 10, 10, 10, 10, 10, 10, 10, 10, 10, 10, 10, 10, 10, 10, 10, 10, 10, 10, 10, 10, 10, 10, 10, 10, 10, 10, 10, 10, 10, 10, 10, 10, 10, 10, 10, 10, 10, 10, 10, 10, 10, 10, 10, 10, 10, 10, 10, 10, 10, 10, 10, 10, 10, 10, 10, 10, 10, 10, 10, 10, 10, 10, 10, 10, 10, 10, 10, 10, 10, 10, 10, 10, 10, 10, 10, 10, 10, 10, 10, 10, 10, 10, 10, 10, 10, 10, 10, 10, 10, 10, 10, 10, 10, 10, 10, 10, 10, 10, 10, 10, 10, 10, 10, 10, 10, 10, 10, 10, 10, 10, 10, 10, 10, 10, 10, 10, 10, 10, 10, 10, 10, 10, 10, 10, 10, 10, 10, 10, 10, 10, 10, 10, 10, 10, 10, 10, 10, 10, 10, 10, 10, 10, 10, 10, 10, 10, 10, 10, 10, 10, 10, 10, 10, 10, 10, 10, 10, 10, 10, 10, 10, 10, 10, 10, 10, 10, 10, 10, 10, 10, 10, 10, 10, 10, 10, 10, 10, 10, 10, 10, 10, 10, 10, 10, 10, 10, 10, 10, 10, 10, 10, 10, 10, 10, 10, 10, 10, 10, 10, 10, 10, 10, 10, 10, 10, 10, 10, 10, 10, 10, 10, 10, 10, 10, 10, 10, 10, 10, 10, 10, 10, 10, 10, 10, 10, 10, 10, 10, 10, 10, 10, 10, 10, 10, 10, 10, 10, 10, 10, 10, 10, 10, 10, 10, 10, 10, 10, 10, 10, 10, 10, 10, 10, 10, 10, 10, 10, 10, 10, 10, 10, 10, 10, 10, 10, 10, 10, 10, 10, 10, 10, 10, 10, 10, 10, 10, 10, 10, 10, 10, 10, 10, 10, 10, 10, 10, 10, 10, 10, 10, 10, 10, 10, 10, 10, 10, 10, 10, 10, 10, 10, 10, 10, 10, 10, 10, 10, 10, 10, 10, 10, 10, 10, 10, 10, 10, 10, 10, 10, 10, 10, 10, 10, 10, 10, 10, 10, 10, 10, 10, 10, 10, 10, 10, 10, 10, 10, 10, 10, 10, 10, 10, 10, 10, 10, 10, 10, 10, 10, 10, 10, 10, 10, 10, 10, 10, 10, 10, 10, 10, 10, 10, 10, 10, 10, 10, 10, 10, 10, 10, 10, 10, 10, 10, 10, 10, 10, 10, 10, 10, 10, 10, 10, 10, 10, 10, 10, 10, 10, 10, 10, 10, 10, 10, 10, 10, 10, 10, 10, 10, 10, 10, 10, 10, 10, 10, 10, 10, 10, 10, 10, 10, 10, 10, 10, 10, 10, 10, 10, 10, 10, 10, 10, 10, 10, 10, 10, 10, 10, 10, 10, 10, 10, 10, 10, 10, 10, 10, 10, 10, 10, 10, 10, 10, 10, 10, 10, 10, 10, 10, 10, 10, 10, 10, 10, 10, 10, 10, 10, 10, 10, 10, 10, 10, 10, 10, 10, 10, 10, 10, 10, 10, 10, 10, 10, 10, 10, 10, 10, 10, 10, 10, 10, 10, 10, 10, 10, 10, 10, 10, 10, 10, 10, 10, 10, 10, 10, 10, 10, 10, 10, 10, 10, 10, 10, 10, 10, 10, 10, 10, 10, 10, 10, 10, 10, 10, 10, 10, 10, 10, 10, 10, 10, 10, 10, 10, 10, 10, 10, 10, 10, 10, 10, 10],