{"val_acc": [0.7511520737327189, 0.8218125960061444, 0.8540706605222734, 0.869431643625192, 0.8448540706605223, 0.8725038402457758, 0.8556067588325653, 0.880184331797235, 0.8970814132104454, 0.8740399385560675], "val_loss": [0.704944912172094, 0.4857822443869971, 0.4022874062455208, 0.38725626092558396, 0.4515131119465665, 0.39132999376641325, 0.4526748847483285, 0.4092970645448255, 0.36392272737054, 0.4516740583777821], "train_loss": [0.9167081837856105, 0.48284847934089137, 0.3703689546140439, 0.3140857762851255, 0.268590220199965, 0.23944345235553785, 0.2154041609768008, 0.19324812428066052, 0.1837438644491491, 0.17269264260579226], "test_correct_in_batch": [4.0, 3.0, 4.0, 3.0, 4.0, 4.0, 2.0, 3.0, 3.0, 4.0, 4.0, 4.0, 2.0, 4.0, 4.0, 3.0, 3.0, 3.0, 4.0, 4.0, 3.0, 4.0, 4.0, 4.0, 3.0, 4.0, 3.0, 3.0, 4.0, 4.0, 3.0, 4.0, 2.0, 4.0, 4.0, 3.0, 3.0, 4.0, 4.0, 4.0, 4.0, 4.0, 3.0, 3.0, 3.0, 4.0, 3.0, 3.0, 3.0, 3.0, 4.0, 1.0, 3.0, 4.0, 3.0, 4.0, 4.0, 4.0, 3.0, 3.0, 4.0, 4.0, 4.0, 4.0, 3.0, 3.0, 4.0, 2.0, 3.0, 3.0, 2.0, 4.0, 4.0, 3.0, 4.0, 3.0, 4.0, 4.0, 4.0, 3.0, 4.0, 4.0, 4.0, 3.0, 4.0, 4.0, 2.0, 4.0, 4.0, 3.0, 4.0, 3.0, 3.0, 4.0, 3.0, 4.0, 4.0, 2.0, 4.0, 4.0, 4.0, 4.0, 3.0, 3.0, 4.0, 4.0, 4.0, 4.0, 3.0, 4.0, 4.0, 4.0, 3.0, 4.0, 3.0, 4.0, 3.0, 4.0, 4.0, 4.0, 4.0, 2.0, 4.0, 4.0, 3.0, 4.0, 4.0, 3.0, 3.0, 4.0, 3.0, 4.0, 4.0, 4.0, 4.0, 4.0, 4.0, 4.0, 3.0, 3.0, 4.0, 3.0, 3.0, 4.0, 3.0, 3.0, 3.0, 4.0, 3.0, 4.0, 4.0, 3.0, 4.0, 4.0, 4.0, 4.0, 4.0, 2.0, 3.0, 4.0, 4.0, 3.0, 3.0], "test_losses": [0.00084379140753299, 0.3414381742477417, 0.033928100019693375, 0.483929306268692, 0.0014718034071847796, 0.008503495715558529, 1.3702889680862427, 0.2598502039909363, 0.7356035709381104, 0.033280715346336365, 0.07479705661535263, 0.11533860117197037, 1.1988930702209473, 0.004301855806261301, 0.0012487584026530385, 2.422011137008667, 0.4561716318130493, 1.5729804039001465, 0.15373273193836212, 0.13346287608146667, 0.6484605669975281, 0.004467321094125509, 0.30846017599105835, 4.848658136324957e-05, 0.7532491683959961, 0.00030839198734611273, 0.37978607416152954, 0.4532776474952698, 0.005237038247287273, 0.0011731418780982494, 1.2612394094467163, 0.00011967586033279076, 0.8029211163520813, 0.0001473469310440123, 0.0005640509189106524, 0.9420850276947021, 0.2648608386516571, 0.17051546275615692, 0.1195351853966713, 0.12942755222320557, 0.14549975097179413, 0.0004131729656364769, 0.7434443235397339, 0.371479332447052, 1.1115400791168213, 0.06566501408815384, 0.23964470624923706, 0.2904989421367645, 0.7648364901542664, 0.2697924077510834, 0.12873557209968567, 3.889547824859619, 0.7080327272415161, 0.18354235589504242, 0.9722676873207092, 0.00036667223321273923, 0.0495109036564827, 0.05018021911382675, 1.3481066226959229, 1.209525465965271, 0.011981816031038761, 0.12495410442352295, 0.01139833778142929, 1.7582899090484716e-05, 1.7494990825653076, 0.3357424736022949, 0.044820383191108704, 2.9978768825531006, 0.9782028794288635, 0.6973886489868164, 1.7470568418502808, 0.02166721038520336, 0.044446997344493866, 0.6200705766677856, 0.06638994067907333, 0.25221383571624756, 0.008976214565336704, 0.013526867143809795, 0.011638780124485493, 1.0449457168579102, 0.018920298665761948, 0.0155944237485528, 0.011014862917363644, 0.3737632930278778, 0.018856914713978767, 0.07895258069038391, 0.9594131708145142, 0.014475055038928986, 0.11950875073671341, 0.37455588579177856, 0.012552857398986816, 0.31208354234695435, 2.4228320121765137, 0.002735425718128681, 0.5583359003067017, 0.03368568792939186, 0.0750228762626648, 1.7685598134994507, 0.003492083167657256, 1.6748566849855706e-05, 0.1535303294658661, 0.0007888549007475376, 0.2725427448749542, 0.5167643427848816, 0.0056519890204072, 0.011900986544787884, 0.17891786992549896, 0.13327081501483917, 0.38516345620155334, 0.003629660699516535, 0.0012672909069806337, 0.012035045772790909, 0.6647131443023682, 0.006454091519117355, 0.4448305368423462, 0.15622520446777344, 0.9284629225730896, 0.00032741622999310493, 0.019898472353816032, 0.18300651013851166, 0.000568702002055943, 1.2494844198226929, 0.12003431469202042, 0.02459191530942917, 1.5226130485534668, 0.18720205128192902, 0.000714548456016928, 0.5769160985946655, 0.7101489305496216, 0.027326198294758797, 0.7480460405349731, 0.03103480115532875, 5.2420069550862536e-05, 0.05591814965009689, 0.10274077951908112, 0.09358222037553787, 5.7988992921309546e-05, 0.0013419489841908216, 0.8984198570251465, 1.0471200942993164, 0.03343610092997551, 0.26257407665252686, 1.048256516456604, 0.000441758573288098, 0.4726763069629669, 0.9413041472434998, 0.45601895451545715, 0.07325032353401184, 0.4681668281555176, 0.03693276643753052, 0.006723104976117611, 0.6625471711158752, 0.024360409006476402, 0.031536754220724106, 0.14242534339427948, 0.0005009003798477352, 0.2627078592777252, 2.347910165786743, 1.5671849250793457, 0.03769654035568237, 0.004874214064329863, 0.27981847524642944, 0.004595233593136072], "test_loss": 0.4097608137848276, "test_batch_lens": [4, 4, 4, 4, 4, 4, 4, 4, 4, 4, 4, 4, 4, 4, 4, 4, 4, 4, 4, 4, 4, 4, 4, 4, 4, 4, 4, 4, 4, 4, 4, 4, 4, 4, 4, 4, 4, 4, 4, 4, 4, 4, 4, 4, 4, 4, 4, 4, 4, 4, 4, 4, 4, 4, 4, 4, 4, 4, 4, 4, 4, 4, 4, 4, 4, 4, 4, 4, 4, 4, 4, 4, 4, 4, 4, 4, 4, 4, 4, 4, 4, 4, 4, 4, 4, 4, 4, 4, 4, 4, 4, 4, 4, 4, 4, 4, 4, 4, 4, 4, 4, 4, 4, 4, 4, 4, 4, 4, 4, 4, 4, 4, 4, 4, 4, 4, 4, 4, 4, 4, 4, 4, 4, 4, 4, 4, 4, 4, 4, 4, 4, 4, 4, 4, 4, 4, 4, 4, 4, 4, 4, 4, 4, 4, 4, 4, 4, 4, 4, 4, 4, 4, 4, 4, 4, 4, 4, 4, 4, 4, 4, 4, 3], "test_accuracy": 0.8786482334869432}