{"val_acc": [0.7496159754224271, 0.7680491551459293, 0.8095238095238095, 0.8279569892473119, 0.804915514592934, 0.8387096774193549, 0.8402457757296466, 0.869431643625192, 0.8341013824884793, 0.837173579109063], "val_loss": [0.7632344524644635, 0.687818494682526, 0.5500595830209507, 0.5208250057177927, 0.5811671267543559, 0.47759409846475154, 0.47856113321770644, 0.40154943023265505, 0.42875873421367394, 0.48275439985713525], "train_loss": [1.310385092227377, 0.7755960140983011, 0.6217804851815922, 0.5517364335349308, 0.5033050449192118, 0.4671556065936349, 0.4416937461139504, 0.4318041603866464, 0.41467082101593694, 0.4000577600884146], "test_correct_in_batch": [4.0, 3.0, 3.0, 2.0, 4.0, 4.0, 3.0, 3.0, 4.0, 4.0, 3.0, 4.0, 2.0, 4.0, 4.0, 3.0, 3.0, 3.0, 1.0, 3.0, 1.0, 3.0, 4.0, 3.0, 3.0, 4.0, 3.0, 4.0, 3.0, 4.0, 1.0, 4.0, 4.0, 4.0, 4.0, 4.0, 3.0, 4.0, 3.0, 3.0, 3.0, 4.0, 3.0, 4.0, 4.0, 4.0, 3.0, 3.0, 4.0, 4.0, 3.0, 1.0, 4.0, 4.0, 4.0, 4.0, 4.0, 4.0, 4.0, 3.0, 3.0, 4.0, 4.0, 4.0, 4.0, 3.0, 4.0, 3.0, 3.0, 3.0, 3.0, 4.0, 3.0, 3.0, 4.0, 4.0, 4.0, 4.0, 4.0, 2.0, 3.0, 4.0, 4.0, 4.0, 4.0, 3.0, 4.0, 3.0, 4.0, 3.0, 3.0, 3.0, 2.0, 3.0, 4.0, 4.0, 4.0, 2.0, 3.0, 4.0, 2.0, 4.0, 3.0, 4.0, 4.0, 3.0, 4.0, 4.0, 3.0, 4.0, 4.0, 3.0, 3.0, 4.0, 3.0, 4.0, 3.0, 4.0, 3.0, 3.0, 4.0, 3.0, 3.0, 4.0, 2.0, 3.0, 3.0, 3.0, 4.0, 4.0, 3.0, 3.0, 4.0, 3.0, 4.0, 3.0, 4.0, 3.0, 4.0, 3.0, 4.0, 4.0, 2.0, 3.0, 4.0, 3.0, 3.0, 3.0, 4.0, 4.0, 3.0, 4.0, 4.0, 4.0, 2.0, 4.0, 4.0, 3.0, 3.0, 3.0, 4.0, 4.0, 3.0], "test_losses": [0.0304892435669899, 0.7183122038841248, 0.564538300037384, 1.816042423248291, 0.13351574540138245, 0.03745533525943756, 1.3013644218444824, 1.227317214012146, 0.33264943957328796, 0.019846225157380104, 0.31179752945899963, 0.09730137884616852, 1.3350595235824585, 0.27692610025405884, 0.010343000292778015, 0.45958080887794495, 0.8310372829437256, 1.3721076250076294, 1.7233809232711792, 1.0724443197250366, 1.9237350225448608, 0.26186200976371765, 0.25654876232147217, 0.2916542887687683, 0.40194016695022583, 0.2084575742483139, 0.22776667773723602, 0.6801989674568176, 0.5105779767036438, 0.07437557727098465, 1.498386025428772, 0.1352001577615738, 0.0935312807559967, 0.014871020801365376, 0.008357511833310127, 0.09941448271274567, 0.6210957765579224, 0.05142705887556076, 0.49744558334350586, 0.5698105096817017, 1.1251249313354492, 0.21440765261650085, 0.8135957717895508, 0.07997195422649384, 0.24905186891555786, 0.12513752281665802, 0.64113450050354, 0.30286848545074463, 0.37769728899002075, 0.14273381233215332, 0.7794632911682129, 2.820651054382324, 0.018702026456594467, 0.4549907445907593, 0.13856583833694458, 0.02397962473332882, 0.1417478621006012, 0.016904151067137718, 0.09217517822980881, 0.36909806728363037, 0.8110384345054626, 0.0865405797958374, 0.07077444344758987, 0.023017913103103638, 0.1664741337299347, 0.6704543828964233, 0.29467231035232544, 0.708290159702301, 0.915578305721283, 0.541208803653717, 0.8808953166007996, 0.2450305074453354, 0.8863614797592163, 0.7317663431167603, 0.07996484637260437, 0.06810825318098068, 0.207118421792984, 0.04720532149076462, 0.1889474093914032, 1.1062324047088623, 0.6850941777229309, 0.09487124532461166, 0.16310498118400574, 0.09263575077056885, 0.2664043605327606, 0.7573143839836121, 0.1845141500234604, 1.0236523151397705, 0.26968273520469666, 1.1654645204544067, 0.39538928866386414, 0.6988517642021179, 0.8388557434082031, 0.511305034160614, 0.16335079073905945, 0.0930415689945221, 0.07073444873094559, 1.6049585342407227, 0.2561723291873932, 0.0326426699757576, 0.8121205568313599, 0.08907150477170944, 0.5375661849975586, 0.10053016245365143, 0.21698097884655, 0.5313570499420166, 0.1885039508342743, 0.16223619878292084, 0.45121926069259644, 0.0616864450275898, 0.06552727520465851, 0.7513208985328674, 0.8291069269180298, 0.11046850681304932, 0.9506767988204956, 0.02802896872162819, 1.1338715553283691, 0.026492469012737274, 0.5459691286087036, 0.495471715927124, 0.09045518189668655, 0.8733341097831726, 0.4762183129787445, 0.18781965970993042, 1.6980541944503784, 0.36689263582229614, 0.6580788493156433, 0.6324991583824158, 0.12516967952251434, 0.04995909333229065, 1.0017603635787964, 0.3674952983856201, 0.09807182848453522, 1.514581561088562, 0.20996695756912231, 0.3730461597442627, 0.04526500031352043, 0.3401263952255249, 0.13432469964027405, 1.0234527587890625, 0.040532246232032776, 0.46173709630966187, 0.7260575890541077, 0.4511546790599823, 0.020199988037347794, 0.7370877861976624, 0.6733775734901428, 0.6434863805770874, 0.07760784775018692, 0.0891178697347641, 0.3513090908527374, 0.09662621468305588, 0.1390002816915512, 0.023901885375380516, 0.7023283839225769, 0.019187916070222855, 0.17567136883735657, 1.0456260442733765, 1.1357598304748535, 0.5794655084609985, 0.015766268596053123, 0.03909086436033249, 0.14687129855155945], "test_loss": 0.46545785346119867, "test_batch_lens": [4, 4, 4, 4, 4, 4, 4, 4, 4, 4, 4, 4, 4, 4, 4, 4, 4, 4, 4, 4, 4, 4, 4, 4, 4, 4, 4, 4, 4, 4, 4, 4, 4, 4, 4, 4, 4, 4, 4, 4, 4, 4, 4, 4, 4, 4, 4, 4, 4, 4, 4, 4, 4, 4, 4, 4, 4, 4, 4, 4, 4, 4, 4, 4, 4, 4, 4, 4, 4, 4, 4, 4, 4, 4, 4, 4, 4, 4, 4, 4, 4, 4, 4, 4, 4, 4, 4, 4, 4, 4, 4, 4, 4, 4, 4, 4, 4, 4, 4, 4, 4, 4, 4, 4, 4, 4, 4, 4, 4, 4, 4, 4, 4, 4, 4, 4, 4, 4, 4, 4, 4, 4, 4, 4, 4, 4, 4, 4, 4, 4, 4, 4, 4, 4, 4, 4, 4, 4, 4, 4, 4, 4, 4, 4, 4, 4, 4, 4, 4, 4, 4, 4, 4, 4, 4, 4, 4, 4, 4, 4, 4, 4, 3], "test_accuracy": 0.8509984639016898, "predictions": [7, 4, 1, 10, 9, 1, 8, 8, 0, 2, 4, 7, 1, 9, 8, 8, 9, 6, 4, 9, 8, 10, 1, 4, 6, 8, 4, 6, 6, 8, 7, 1, 1, 9, 6, 3, 10, 5, 5, 0, 10, 2, 2, 10, 7, 8, 4, 3, 2, 8, 2, 4, 3, 4, 6, 1, 1, 9, 1, 10, 10, 6, 8, 6, 5, 1, 8, 5, 8, 0, 3, 1, 0, 1, 8, 8, 6, 6, 9, 2, 1, 1, 1, 0, 5, 4, 1, 8, 0, 4, 9, 10, 10, 7, 0, 5, 1, 6, 2, 7, 5, 1, 10, 6, 10, 7, 3, 9, 10, 4, 7, 1, 0, 3, 7, 8, 0, 8, 0, 0, 4, 3, 8, 8, 5, 1, 7, 9, 6, 7, 4, 0, 10, 10, 7, 9, 4, 1, 9, 0, 10, 3, 3, 9, 4, 7, 9, 7, 2, 10, 2, 4, 10, 10, 4, 0, 10, 8, 4, 7, 4, 9, 10, 4, 2, 3, 10, 5, 8, 0, 5, 0, 10, 7, 6, 8, 0, 8, 1, 2, 6, 3, 5, 3, 9, 1, 4, 8, 3, 2, 7, 2, 0, 9, 9, 8, 1, 3, 5, 9, 9, 1, 6, 1, 4, 4, 9, 0, 3, 9, 5, 6, 2, 5, 4, 5, 2, 10, 8, 4, 7, 3, 0, 6, 7, 0, 5, 7, 1, 0, 1, 6, 3, 7, 7, 2, 10, 9, 3, 10, 9, 9, 3, 3, 1, 7, 8, 5, 2, 4, 10, 1, 1, 2, 3, 10, 6, 9, 5, 3, 0, 10, 7, 1, 5, 1, 8, 1, 8, 7, 2, 10, 3, 5, 7, 2, 7, 1, 9, 7, 1, 8, 8, 10, 2, 4, 2, 5, 5, 2, 8, 0, 6, 6, 0, 1, 2, 7, 3, 2, 4, 10, 8, 6, 6, 0, 2, 7, 10, 1, 7, 6, 9, 2, 5, 2, 0, 9, 9, 10, 6, 6, 7, 9, 1, 8, 8, 5, 2, 9, 4, 1, 1, 8, 4, 7, 1, 2, 7, 2, 5, 0, 9, 10, 5, 0, 5, 7, 3, 6, 9, 6, 4, 9, 5, 1, 8, 3, 1, 7, 0, 4, 6, 10, 8, 9, 10, 5, 6, 9, 4, 1, 5, 0, 2, 10, 5, 0, 3, 7, 3, 1, 8, 2, 2, 4, 4, 9, 3, 7, 8, 1, 9, 9, 0, 0, 5, 6, 9, 9, 7, 1, 8, 9, 1, 10, 10, 5, 5, 1, 3, 3, 5, 10, 9, 7, 2, 3, 1, 1, 0, 5, 4, 0, 2, 0, 1, 8, 8, 4, 8, 3, 8, 8, 3, 2, 2, 3, 7, 10, 10, 4, 10, 6, 6, 5, 0, 8, 1, 2, 1, 9, 9, 5, 9, 9, 1, 3, 4, 7, 9, 10, 1, 8, 1, 6, 3, 4, 2, 4, 10, 1, 1, 6, 8, 2, 4, 1, 2, 5, 9, 9, 0, 7, 6, 9, 1, 0, 2, 9, 6, 9, 3, 7, 2, 4, 2, 0, 1, 10, 1, 6, 3, 4, 6, 0, 3, 5, 1, 1, 7, 10, 4, 10, 2, 5, 5, 7, 5, 1, 4, 5, 1, 4, 5, 4, 4, 5, 9, 7, 7, 2, 0, 2, 5, 3, 2, 9, 1, 8, 9, 1, 8, 5, 2, 0, 9, 7, 6, 7, 6, 9, 0, 10, 8, 8, 6, 1, 7, 3, 2, 7, 9, 6, 7, 8, 9, 0, 8, 2, 0, 6, 2, 10, 4, 7, 9, 6, 8, 6, 6, 5, 7, 9, 7, 9, 4, 9, 3, 3, 7, 9, 1, 7, 5, 4, 0, 7, 8, 0, 7, 9, 5, 5, 4, 8, 6, 6, 1, 5, 3, 0, 1, 4, 7, 1, 9, 5, 6, 8, 10, 7, 1, 0, 3, 9, 1, 4, 3, 8, 7, 8, 9, 9, 2, 0, 2, 3, 7, 1, 6, 8, 1, 7, 4, 0, 2, 0, 8, 6, 7],